kpi_name,kpi_id,branch,unit,date,year,month,day,numerator,denominator
Tỷ lệ xuất sạch,3,PHO,HUBPHO,2026-08-01,2026,8,1,15883.0,20011.0
Tỷ lệ xuất sạch,3,HYN,HUBTBH,2026-08-01,2026,8,1,21300.0,22483.0
Tỷ lệ xuất sạch,3,NBH,HUBNBH,2026-08-01,2026,8,1,21470.0,21520.0
Tỷ lệ xuất sạch,3,LDG,HUBBTN,2026-08-01,2026,8,1,19405.0,20654.0
Tỷ lệ xuất sạch,3,THA,HUBTHA,2026-08-01,2026,8,1,47272.0,51072.0
Tỷ lệ xuất sạch,3,HNI,HUBTTI,2026-08-01,2026,8,1,57128.0,57450.0
Tỷ lệ xuất sạch,3,DBN,HUBDBN,2026-08-01,2026,8,1,2172.0,2179.0
Tỷ lệ xuất sạch,3,PHO,HUBHBH,2026-08-01,2026,8,1,13322.0,13951.0
Tỷ lệ xuất sạch,3,VLG,HUBTVH,2026-08-01,2026,8,1,12257.0,12257.0
Tỷ lệ xuất sạch,3,TNN,HUBTNN,2026-08-01,2026,8,1,19753.0,20709.0
Tỷ lệ xuất sạch,3,AGG,HUBKGG01,2026-08-01,2026,8,1,20900.0,21254.0
Tỷ lệ xuất sạch,3,DNI,HUBBPC,2026-08-01,2026,8,1,19187.0,19215.0
Tỷ lệ xuất sạch,3,HCM,HUBVTU,2026-08-01,2026,8,1,22112.0,23921.0
Tỷ lệ xuất sạch,3,LDG,HUBLDG01,2026-08-01,2026,8,1,12342.0,12897.0
Tỷ lệ xuất sạch,3,DNG,HUBDNG,2026-08-01,2026,8,1,17912.0,20163.0
Tỷ lệ xuất sạch,3,QTI,HUBQBH,2026-08-01,2026,8,1,10431.0,10700.0
Tỷ lệ xuất sạch,3,HCM,HUBBDG,2026-08-01,2026,8,1,37656.0,37696.0
Tỷ lệ xuất sạch,3,CMU,HUBBLU,2026-08-01,2026,8,1,9870.0,11262.0
Tỷ lệ xuất sạch,3,VLG,HUBBTE,2026-08-01,2026,8,1,18422.0,19200.0
Tỷ lệ xuất sạch,3,HCM,HUBTTO,2026-08-01,2026,8,1,33228.0,34243.0
Tỷ lệ xuất sạch,3,HCM,HUBTAN,2026-08-01,2026,8,1,24033.0,24040.0
Tỷ lệ xuất sạch,3,DTP,HUBTGG,2026-08-01,2026,8,1,23207.0,23283.0
Tỷ lệ xuất sạch,3,GLI,HUBBHD,2026-08-01,2026,8,1,9144.0,9168.0
Tỷ lệ xuất sạch,3,HPG,HUBHPG,2026-08-01,2026,8,1,31947.0,34235.0
Tỷ lệ xuất sạch,3,TQG,HUBTQG,2026-08-01,2026,8,1,5293.0,5340.0
Tỷ lệ xuất sạch,3,BNH,HUBBGG,2026-08-01,2026,8,1,29081.0,36342.0
Tỷ lệ xuất sạch,3,HNI,HUBLBN,2026-08-01,2026,8,1,41906.0,42798.0
Tỷ lệ xuất sạch,3,DLK,HUBPYN,2026-08-01,2026,8,1,8012.0,8042.0
Tỷ lệ xuất sạch,3,TNN,HUBBKN,2026-08-01,2026,8,1,1330.0,1339.0
Tỷ lệ xuất sạch,3,QNH,HUBQNH,2026-08-01,2026,8,1,27709.0,30097.0
Tỷ lệ xuất sạch,3,DNI,HUBDNI,2026-08-01,2026,8,1,78978.0,80635.0
Tỷ lệ xuất sạch,3,LSN,HUBLSN,2026-08-01,2026,8,1,11827.0,11863.0
Tỷ lệ xuất sạch,3,TQG,HUBHGG,2026-08-01,2026,8,1,1127.0,1892.0
Tỷ lệ xuất sạch,3,CTO,HUBSTG,2026-08-01,2026,8,1,13461.0,13973.0
Tỷ lệ xuất sạch,3,PHO,HUBVPC,2026-08-01,2026,8,1,26037.0,28424.0
Tỷ lệ xuất sạch,3,TNH,HUBLAN,2026-08-01,2026,8,1,29502.0,32012.0
Tỷ lệ xuất sạch,3,HPG,HUBHDG,2026-08-01,2026,8,1,24049.0,24477.0
Tỷ lệ xuất sạch,3,QNI,HUBQNI,2026-08-01,2026,8,1,13162.0,13175.0
Tỷ lệ xuất sạch,3,DNG,HUBQNM,2026-08-01,2026,8,1,16423.0,17224.0
Tỷ lệ xuất sạch,3,LDG,HUBDKG,2026-08-01,2026,8,1,10253.0,11274.0
Tỷ lệ xuất sạch,3,DLK,HUBDLK,2026-08-01,2026,8,1,30285.0,33183.0
Tỷ lệ xuất sạch,3,CBG,HUBCBG,2026-08-01,2026,8,1,1464.0,1474.0
Tỷ lệ xuất sạch,3,DTP,HUBDTP,2026-08-01,2026,8,1,21569.0,22219.0
Tỷ lệ xuất sạch,3,HNI,BBSDPG,2026-08-01,2026,8,1,38501.0,38641.0
Tỷ lệ xuất sạch,3,NBH,HUBNDH,2026-08-01,2026,8,1,29302.0,29655.0
Tỷ lệ xuất sạch,3,LCI,HUBLCI01,2026-08-01,2026,8,1,7329.0,8533.0
Tỷ lệ xuất sạch,3,SLA,HUBSLA,2026-08-01,2026,8,1,429.0,429.0
Tỷ lệ xuất sạch,3,LDG,HUBLDG03,2026-08-01,2026,8,1,6773.0,7111.0
Tỷ lệ xuất sạch,3,HUE,HUBHUE,2026-08-01,2026,8,1,19913.0,20008.0
Tỷ lệ xuất sạch,3,HYN,HUBHYN,2026-08-01,2026,8,1,29072.0,29865.0
Tỷ lệ xuất sạch,3,LCU,HUBLCU,2026-08-01,2026,8,1,414.0,429.0
Tỷ lệ xuất sạch,3,QNI,HUBKTM,2026-08-01,2026,8,1,6475.0,6478.0
Tỷ lệ xuất sạch,3,KHA,HUBKHA,2026-08-01,2026,8,1,18914.0,22040.0
Tỷ lệ xuất sạch,3,BNH,HUBBNH,2026-08-01,2026,8,1,29699.0,36448.0
Tỷ lệ xuất sạch,3,CMU,HUBCMU,2026-08-01,2026,8,1,17031.0,18168.0
Tỷ lệ xuất sạch,3,VLG,HUBVLG,2026-08-01,2026,8,1,16056.0,17041.0
Tỷ lệ xuất sạch,3,LCI,HUBYBN,2026-08-01,2026,8,1,7112.0,9876.0
Tỷ lệ xuất sạch,3,HTH,HUBHTH,2026-08-01,2026,8,1,10400.0,10531.0
Tỷ lệ xuất sạch,3,TNH,HUBTNH,2026-08-01,2026,8,1,20650.0,21746.0
Tỷ lệ xuất sạch,3,HNI,HUBYAN,2026-08-01,2026,8,1,37249.0,37949.0
Tỷ lệ xuất sạch,3,GLI,HUBGLI,2026-08-01,2026,8,1,23409.0,24714.0
Tỷ lệ xuất sạch,3,QTI,HUBQTI,2026-08-01,2026,8,1,8693.0,8803.0
Tỷ lệ xuất sạch,3,NBH,HUBHNM,2026-08-01,2026,8,1,16145.0,16417.0
Tỷ lệ xuất sạch,3,KHA,HUBNTN,2026-08-01,2026,8,1,10175.0,10210.0
Tỷ lệ xuất sạch,3,AGG,HUBAGG,2026-08-01,2026,8,1,25788.0,26770.0
Tỷ lệ xuất sạch,3,NAN,HUBNAN,2026-08-01,2026,8,1,35286.0,36484.0
Tỷ lệ xuất sạch,3,HCM,HUBBDG,2026-08-02,2026,8,2,25674.0,25827.0
Tỷ lệ xuất sạch,3,DNI,HUBBPC,2026-08-02,2026,8,2,14590.0,14813.0
Tỷ lệ xuất sạch,3,LCI,HUBLCI01,2026-08-02,2026,8,2,9358.0,9424.0
Tỷ lệ xuất sạch,3,NBH,HUBNDH,2026-08-02,2026,8,2,26125.0,26148.0
Tỷ lệ xuất sạch,3,CMU,HUBCMU,2026-08-02,2026,8,2,12230.0,12872.0
Tỷ lệ xuất sạch,3,SLA,HUBSLA,2026-08-02,2026,8,2,444.0,444.0
Tỷ lệ xuất sạch,3,NBH,HUBNBH,2026-08-02,2026,8,2,17725.0,17749.0
Tỷ lệ xuất sạch,3,TQG,HUBTQG,2026-08-02,2026,8,2,4404.0,4490.0
Tỷ lệ xuất sạch,3,DBN,HUBDBN,2026-08-02,2026,8,2,1198.0,1200.0
Tỷ lệ xuất sạch,3,PHO,HUBPHO,2026-08-02,2026,8,2,16839.0,18893.0
Tỷ lệ xuất sạch,3,HYN,HUBTBH,2026-08-02,2026,8,2,16475.0,18265.0
Tỷ lệ xuất sạch,3,TNH,HUBLAN,2026-08-02,2026,8,2,27367.0,30079.0
Tỷ lệ xuất sạch,3,VLG,HUBBTE,2026-08-02,2026,8,2,14171.0,14883.0
Tỷ lệ xuất sạch,3,GLI,HUBBHD,2026-08-02,2026,8,2,12259.0,12280.0
Tỷ lệ xuất sạch,3,NAN,HUBNAN,2026-08-02,2026,8,2,34260.0,34623.0
Tỷ lệ xuất sạch,3,DNG,HUBQNM,2026-08-02,2026,8,2,10613.0,10903.0
Tỷ lệ xuất sạch,3,TNN,HUBBKN,2026-08-02,2026,8,2,1073.0,1078.0
Tỷ lệ xuất sạch,3,NBH,HUBHNM,2026-08-02,2026,8,2,12246.0,12287.0
Tỷ lệ xuất sạch,3,HNI,HUBLBN,2026-08-02,2026,8,2,25140.0,25583.0
Tỷ lệ xuất sạch,3,HCM,HUBTTO,2026-08-02,2026,8,2,28267.0,29788.0
Tỷ lệ xuất sạch,3,HYN,HUBHYN,2026-08-02,2026,8,2,21260.0,22175.0
Tỷ lệ xuất sạch,3,VLG,HUBTVH,2026-08-02,2026,8,2,7939.0,7940.0
Tỷ lệ xuất sạch,3,CMU,HUBBLU,2026-08-02,2026,8,2,6758.0,6762.0
Tỷ lệ xuất sạch,3,HNI,HUBTTI,2026-08-02,2026,8,2,39205.0,39812.0
Tỷ lệ xuất sạch,3,LDG,HUBDKG,2026-08-02,2026,8,2,6192.0,8348.0
Tỷ lệ xuất sạch,3,GLI,HUBGLI,2026-08-02,2026,8,2,18361.0,19846.0
Tỷ lệ xuất sạch,3,KHA,HUBNTN,2026-08-02,2026,8,2,6007.0,6027.0
Tỷ lệ xuất sạch,3,HTH,HUBHTH,2026-08-02,2026,8,2,7503.0,7552.0
Tỷ lệ xuất sạch,3,QNI,HUBQNI,2026-08-02,2026,8,2,9901.0,10312.0
Tỷ lệ xuất sạch,3,DTP,HUBDTP,2026-08-02,2026,8,2,16537.0,16974.0
Tỷ lệ xuất sạch,3,LDG,HUBBTN,2026-08-02,2026,8,2,16165.0,17373.0
Tỷ lệ xuất sạch,3,TNN,HUBTNN,2026-08-02,2026,8,2,16463.0,17757.0
Tỷ lệ xuất sạch,3,DLK,HUBDLK,2026-08-02,2026,8,2,23001.0,24398.0
Tỷ lệ xuất sạch,3,QNI,HUBKTM,2026-08-02,2026,8,2,6278.0,6282.0
Tỷ lệ xuất sạch,3,AGG,HUBAGG,2026-08-02,2026,8,2,16415.0,19137.0
Tỷ lệ xuất sạch,3,QNH,HUBQNH,2026-08-02,2026,8,2,11479.0,17098.0
Tỷ lệ xuất sạch,3,HNI,BBSDPG,2026-08-02,2026,8,2,27266.0,27318.0
Tỷ lệ xuất sạch,3,LDG,HUBLDG01,2026-08-02,2026,8,2,10396.0,12737.0
Tỷ lệ xuất sạch,3,THA,HUBTHA,2026-08-02,2026,8,2,42249.0,46718.0
Tỷ lệ xuất sạch,3,HPG,HUBHPG,2026-08-02,2026,8,2,28585.0,29176.0
Tỷ lệ xuất sạch,3,TQG,HUBHGG,2026-08-02,2026,8,2,1163.0,1907.0
Tỷ lệ xuất sạch,3,LCU,HUBLCU,2026-08-02,2026,8,2,546.0,564.0
Tỷ lệ xuất sạch,3,DNG,HUBDNG,2026-08-02,2026,8,2,16999.0,17816.0
Tỷ lệ xuất sạch,3,KHA,HUBKHA,2026-08-02,2026,8,2,19898.0,20496.0
Tỷ lệ xuất sạch,3,LDG,HUBLDG03,2026-08-02,2026,8,2,5629.0,6645.0
Tỷ lệ xuất sạch,3,LCI,HUBYBN,2026-08-02,2026,8,2,7683.0,7762.0
Tỷ lệ xuất sạch,3,HNI,HUBYAN,2026-08-02,2026,8,2,20658.0,20661.0
Tỷ lệ xuất sạch,3,BNH,HUBBGG,2026-08-02,2026,8,2,20555.0,28876.0
Tỷ lệ xuất sạch,3,HCM,HUBTAN,2026-08-02,2026,8,2,16477.0,16487.0
Tỷ lệ xuất sạch,3,CTO,HUBSTG,2026-08-02,2026,8,2,12858.0,12871.0
Tỷ lệ xuất sạch,3,TNH,HUBTNH,2026-08-02,2026,8,2,17307.0,17451.0
Tỷ lệ xuất sạch,3,PHO,HUBHBH,2026-08-02,2026,8,2,12502.0,12817.0
Tỷ lệ xuất sạch,3,VLG,HUBVLG,2026-08-02,2026,8,2,11075.0,11140.0
Tỷ lệ xuất sạch,3,BNH,HUBBNH,2026-08-02,2026,8,2,14853.0,19470.0
Tỷ lệ xuất sạch,3,LSN,HUBLSN,2026-08-02,2026,8,2,5215.0,5707.0
Tỷ lệ xuất sạch,3,CTO,HUBCTO,2026-08-02,2026,8,2,0.0,1.0
Tỷ lệ xuất sạch,3,DNI,HUBDNI,2026-08-02,2026,8,2,46907.0,47914.0
Tỷ lệ xuất sạch,3,PHO,HUBVPC,2026-08-02,2026,8,2,14827.0,20177.0
Tỷ lệ xuất sạch,3,QTI,HUBQBH,2026-08-02,2026,8,2,9174.0,9684.0
Tỷ lệ xuất sạch,3,DLK,HUBPYN,2026-08-02,2026,8,2,8205.0,8214.0
Tỷ lệ xuất sạch,3,QTI,HUBQTI,2026-08-02,2026,8,2,6752.0,6926.0
Tỷ lệ xuất sạch,3,DTP,HUBTGG,2026-08-02,2026,8,2,18115.0,18195.0
Tỷ lệ xuất sạch,3,HPG,HUBHDG,2026-08-02,2026,8,2,19645.0,19695.0
Tỷ lệ xuất sạch,3,CBG,HUBCBG,2026-08-02,2026,8,2,1534.0,1570.0
Tỷ lệ xuất sạch,3,AGG,HUBKGG01,2026-08-02,2026,8,2,16525.0,17127.0
Tỷ lệ xuất sạch,3,HUE,HUBHUE,2026-08-02,2026,8,2,16949.0,17153.0
Tỷ lệ xuất sạch,3,HCM,HUBVTU,2026-08-02,2026,8,2,19633.0,19725.0
Tỷ lệ xuất sạch,3,QTI,HUBQTI,2026-08-03,2026,8,3,7654.0,8390.0
Tỷ lệ xuất sạch,3,VLG,HUBVLG,2026-08-03,2026,8,3,13717.0,17314.0
Tỷ lệ xuất sạch,3,DNI,HUBBPC,2026-08-03,2026,8,3,16055.0,17225.0
Tỷ lệ xuất sạch,3,HNI,HUBYAN,2026-08-03,2026,8,3,42547.0,42548.0
Tỷ lệ xuất sạch,3,CMU,HUBCMU,2026-08-03,2026,8,3,15092.0,17859.0
Tỷ lệ xuất sạch,3,DBN,HUBDBN,2026-08-03,2026,8,3,2026.0,2284.0
Tỷ lệ xuất sạch,3,HNI,HUBLBN,2026-08-03,2026,8,3,46306.0,46324.0
Tỷ lệ xuất sạch,3,TNN,HUBTNN,2026-08-03,2026,8,3,13761.0,16003.0
Tỷ lệ xuất sạch,3,LDG,HUBBTN,2026-08-03,2026,8,3,17557.0,19843.0
Tỷ lệ xuất sạch,3,CTO,HUBCTO,2026-08-03,2026,8,3,17.0,17.0
Tỷ lệ xuất sạch,3,LDG,HUBDKG,2026-08-03,2026,8,3,8748.0,9449.0
Tỷ lệ xuất sạch,3,AGG,HUBAGG,2026-08-03,2026,8,3,21811.0,24092.0
Tỷ lệ xuất sạch,3,CMU,HUBBLU,2026-08-03,2026,8,3,10075.0,12904.0
Tỷ lệ xuất sạch,3,BNH,HUBBGG,2026-08-03,2026,8,3,19508.0,23392.0
Tỷ lệ xuất sạch,3,VLG,HUBTVH,2026-08-03,2026,8,3,11516.0,12987.0
Tỷ lệ xuất sạch,3,NAN,HUBNAN,2026-08-03,2026,8,3,29488.0,30820.0
Tỷ lệ xuất sạch,3,SLA,HUBSLA,2026-08-03,2026,8,3,468.0,472.0
Tỷ lệ xuất sạch,3,DTP,HUBTGG,2026-08-03,2026,8,3,19896.0,21897.0
Tỷ lệ xuất sạch,3,TNH,HUBLAN,2026-08-03,2026,8,3,19655.0,20434.0
Tỷ lệ xuất sạch,3,QNH,HUBQNH,2026-08-03,2026,8,3,16953.0,24982.0
Tỷ lệ xuất sạch,3,HYN,HUBHYN,2026-08-03,2026,8,3,26926.0,27691.0
Tỷ lệ xuất sạch,3,GLI,HUBGLI,2026-08-03,2026,8,3,22360.0,23013.0
Tỷ lệ xuất sạch,3,HPG,HUBHPG,2026-08-03,2026,8,3,25885.0,26000.0
Tỷ lệ xuất sạch,3,CBG,HUBCBG,2026-08-03,2026,8,3,1220.0,1220.0
Tỷ lệ xuất sạch,3,HNI,BBSDPG,2026-08-03,2026,8,3,43176.0,43229.0
Tỷ lệ xuất sạch,3,QNI,HUBKTM,2026-08-03,2026,8,3,6643.0,6774.0
Tỷ lệ xuất sạch,3,HYN,HUBTBH,2026-08-03,2026,8,3,18942.0,19454.0
Tỷ lệ xuất sạch,3,HCM,HUBTAN,2026-08-03,2026,8,3,21368.0,21503.0
Tỷ lệ xuất sạch,3,DTP,HUBDTP,2026-08-03,2026,8,3,18769.0,21223.0
Tỷ lệ xuất sạch,3,LSN,HUBLSN,2026-08-03,2026,8,3,6905.0,7182.0
Tỷ lệ xuất sạch,3,DNI,HUBDNI,2026-08-03,2026,8,3,73692.0,75018.0
Tỷ lệ xuất sạch,3,NBH,HUBHNM,2026-08-03,2026,8,3,14892.0,14954.0
Tỷ lệ xuất sạch,3,DLK,HUBDLK,2026-08-03,2026,8,3,26065.0,29530.0
Tỷ lệ xuất sạch,3,TQG,HUBTQG,2026-08-03,2026,8,3,3759.0,4130.0
Tỷ lệ xuất sạch,3,PHO,HUBVPC,2026-08-03,2026,8,3,13946.0,15810.0
Tỷ lệ xuất sạch,3,DLK,HUBPYN,2026-08-03,2026,8,3,8588.0,8596.0
Tỷ lệ xuất sạch,3,HPG,HUBHDG,2026-08-03,2026,8,3,19910.0,20319.0
Tỷ lệ xuất sạch,3,LDG,HUBLDG01,2026-08-03,2026,8,3,8541.0,9837.0
Tỷ lệ xuất sạch,3,CTO,HUBSTG,2026-08-03,2026,8,3,14666.0,14766.0
Tỷ lệ xuất sạch,3,TNN,HUBBKN,2026-08-03,2026,8,3,1594.0,1828.0
Tỷ lệ xuất sạch,3,TNH,HUBTNH,2026-08-03,2026,8,3,19428.0,19830.0
Tỷ lệ xuất sạch,3,DNG,HUBDNG,2026-08-03,2026,8,3,15988.0,16543.0
Tỷ lệ xuất sạch,3,DNG,HUBQNM,2026-08-03,2026,8,3,13714.0,14594.0
Tỷ lệ xuất sạch,3,LCI,HUBYBN,2026-08-03,2026,8,3,6694.0,8418.0
Tỷ lệ xuất sạch,3,TQG,HUBHGG,2026-08-03,2026,8,3,1751.0,1832.0
Tỷ lệ xuất sạch,3,QNI,HUBQNI,2026-08-03,2026,8,3,13663.0,13813.0
Tỷ lệ xuất sạch,3,PHO,HUBPHO,2026-08-03,2026,8,3,16048.0,17471.0
Tỷ lệ xuất sạch,3,GLI,HUBBHD,2026-08-03,2026,8,3,8215.0,8259.0
Tỷ lệ xuất sạch,3,AGG,HUBKGG01,2026-08-03,2026,8,3,17578.0,20683.0
Tỷ lệ xuất sạch,3,KHA,HUBKHA,2026-08-03,2026,8,3,21804.0,23542.0
Tỷ lệ xuất sạch,3,HCM,HUBBDG,2026-08-03,2026,8,3,31663.0,31796.0
Tỷ lệ xuất sạch,3,LCU,HUBLCU,2026-08-03,2026,8,3,742.0,744.0
Tỷ lệ xuất sạch,3,HTH,HUBHTH,2026-08-03,2026,8,3,9091.0,11316.0
Tỷ lệ xuất sạch,3,LCI,HUBLCI01,2026-08-03,2026,8,3,6932.0,6999.0
Tỷ lệ xuất sạch,3,THA,HUBTHA,2026-08-03,2026,8,3,37053.0,39106.0
Tỷ lệ xuất sạch,3,NBH,HUBNBH,2026-08-03,2026,8,3,17702.0,17760.0
Tỷ lệ xuất sạch,3,LDG,HUBLDG03,2026-08-03,2026,8,3,8819.0,10374.0
Tỷ lệ xuất sạch,3,HNI,HUBTTI,2026-08-03,2026,8,3,45395.0,45529.0
Tỷ lệ xuất sạch,3,QTI,HUBQBH,2026-08-03,2026,8,3,9294.0,9993.0
Tỷ lệ xuất sạch,3,PHO,HUBHBH,2026-08-03,2026,8,3,10166.0,10636.0
Tỷ lệ xuất sạch,3,KHA,HUBNTN,2026-08-03,2026,8,3,6059.0,6581.0
Tỷ lệ xuất sạch,3,BNH,HUBBNH,2026-08-03,2026,8,3,30026.0,32219.0
Tỷ lệ xuất sạch,3,VLG,HUBBTE,2026-08-03,2026,8,3,15621.0,20139.0
Tỷ lệ xuất sạch,3,NBH,HUBNDH,2026-08-03,2026,8,3,23896.0,24208.0
Tỷ lệ xuất sạch,3,HCM,HUBVTU,2026-08-03,2026,8,3,18395.0,19351.0
Tỷ lệ xuất sạch,3,HCM,HUBTTO,2026-08-03,2026,8,3,27730.0,28258.0
Tỷ lệ xuất sạch,3,HUE,HUBHUE,2026-08-03,2026,8,3,17935.0,18003.0
Tỷ lệ xuất sạch,3,DNG,HUBDNG,2026-08-04,2026,8,4,14012.0,14069.0
Tỷ lệ xuất sạch,3,TNN,HUBTNN,2026-08-04,2026,8,4,20448.0,22122.0
Tỷ lệ xuất sạch,3,AGG,HUBKGG01,2026-08-04,2026,8,4,18341.0,18625.0
Tỷ lệ xuất sạch,3,DTP,HUBTGG,2026-08-04,2026,8,4,22342.0,22426.0
Tỷ lệ xuất sạch,3,SLA,HUBSLA,2026-08-04,2026,8,4,388.0,389.0
Tỷ lệ xuất sạch,3,AGG,HUBAGG,2026-08-04,2026,8,4,24025.0,24635.0
Tỷ lệ xuất sạch,3,LCU,HUBLCU,2026-08-04,2026,8,4,511.0,565.0
Tỷ lệ xuất sạch,3,HCM,HUBTTO,2026-08-04,2026,8,4,35541.0,39302.0
Tỷ lệ xuất sạch,3,PHO,HUBHBH,2026-08-04,2026,8,4,11652.0,11987.0
Tỷ lệ xuất sạch,3,TNH,HUBTNH,2026-08-04,2026,8,4,23229.0,23342.0
Tỷ lệ xuất sạch,3,CTO,HUBCTO,2026-08-04,2026,8,4,35.0,36.0
Tỷ lệ xuất sạch,3,DBN,HUBDBN,2026-08-04,2026,8,4,1715.0,1720.0
Tỷ lệ xuất sạch,3,NAN,HUBNAN,2026-08-04,2026,8,4,37592.0,37946.0
Tỷ lệ xuất sạch,3,GLI,HUBGLI,2026-08-04,2026,8,4,15273.0,16168.0
Tỷ lệ xuất sạch,3,TQG,HUBTQG,2026-08-04,2026,8,4,5160.0,5223.0
Tỷ lệ xuất sạch,3,QNI,HUBQNI,2026-08-04,2026,8,4,10696.0,10712.0
Tỷ lệ xuất sạch,3,THA,HUBTHA,2026-08-04,2026,8,4,42941.0,45724.0
Tỷ lệ xuất sạch,3,VLG,HUBBTE,2026-08-04,2026,8,4,20280.0,20973.0
Tỷ lệ xuất sạch,3,KHA,HUBKHA,2026-08-04,2026,8,4,19218.0,19642.0
Tỷ lệ xuất sạch,3,NBH,HUBNDH,2026-08-04,2026,8,4,34545.0,34682.0
Tỷ lệ xuất sạch,3,TNN,HUBBKN,2026-08-04,2026,8,4,1881.0,1883.0
Tỷ lệ xuất sạch,3,HNI,HUBLBN,2026-08-04,2026,8,4,45942.0,46619.0
Tỷ lệ xuất sạch,3,HCM,HUBTAN,2026-08-04,2026,8,4,23728.0,23740.0
Tỷ lệ xuất sạch,3,LDG,HUBDKG,2026-08-04,2026,8,4,8428.0,8989.0
Tỷ lệ xuất sạch,3,CMU,HUBCMU,2026-08-04,2026,8,4,14813.0,14834.0
Tỷ lệ xuất sạch,3,HPG,HUBHPG,2026-08-04,2026,8,4,45164.0,46506.0
Tỷ lệ xuất sạch,3,CMU,HUBBLU,2026-08-04,2026,8,4,9583.0,9621.0
Tỷ lệ xuất sạch,3,LSN,HUBLSN,2026-08-04,2026,8,4,8837.0,9078.0
Tỷ lệ xuất sạch,3,HYN,HUBHYN,2026-08-04,2026,8,4,29830.0,29936.0
Tỷ lệ xuất sạch,3,VLG,HUBVLG,2026-08-04,2026,8,4,12914.0,13978.0
Tỷ lệ xuất sạch,3,KHA,HUBNTN,2026-08-04,2026,8,4,8878.0,8892.0
Tỷ lệ xuất sạch,3,QNI,HUBKTM,2026-08-04,2026,8,4,5969.0,5975.0
Tỷ lệ xuất sạch,3,BNH,HUBBGG,2026-08-04,2026,8,4,24962.0,33091.0
Tỷ lệ xuất sạch,3,DLK,HUBDLK,2026-08-04,2026,8,4,22396.0,24600.0
Tỷ lệ xuất sạch,3,NBH,HUBHNM,2026-08-04,2026,8,4,16842.0,17056.0
Tỷ lệ xuất sạch,3,CTO,HUBSTG,2026-08-04,2026,8,4,12422.0,12890.0
Tỷ lệ xuất sạch,3,HCM,HUBBDG,2026-08-04,2026,8,4,31617.0,34072.0
Tỷ lệ xuất sạch,3,DTP,HUBDTP,2026-08-04,2026,8,4,18929.0,19141.0
Tỷ lệ xuất sạch,3,HCM,HUBVTU,2026-08-04,2026,8,4,25223.0,25369.0
Tỷ lệ xuất sạch,3,QNH,HUBQNH,2026-08-04,2026,8,4,25556.0,27589.0
Tỷ lệ xuất sạch,3,HYN,HUBTBH,2026-08-04,2026,8,4,23101.0,23154.0
Tỷ lệ xuất sạch,3,HTH,HUBHTH,2026-08-04,2026,8,4,10100.0,10155.0
Tỷ lệ xuất sạch,3,BNH,HUBBNH,2026-08-04,2026,8,4,40458.0,42889.0
Tỷ lệ xuất sạch,3,TNH,HUBLAN,2026-08-04,2026,8,4,27075.0,27948.0
Tỷ lệ xuất sạch,3,DNG,HUBQNM,2026-08-04,2026,8,4,14060.0,14697.0
Tỷ lệ xuất sạch,3,QTI,HUBQTI,2026-08-04,2026,8,4,6638.0,7519.0
Tỷ lệ xuất sạch,3,LDG,HUBLDG01,2026-08-04,2026,8,4,13714.0,15072.0
Tỷ lệ xuất sạch,3,LDG,HUBLDG03,2026-08-04,2026,8,4,7293.0,7603.0
Tỷ lệ xuất sạch,3,HNI,HUBTTI,2026-08-04,2026,8,4,50316.0,51106.0
Tỷ lệ xuất sạch,3,HPG,HUBHDG,2026-08-04,2026,8,4,30727.0,31014.0
Tỷ lệ xuất sạch,3,VLG,HUBTVH,2026-08-04,2026,8,4,10999.0,11285.0
Tỷ lệ xuất sạch,3,LCI,HUBLCI01,2026-08-04,2026,8,4,6525.0,6683.0
Tỷ lệ xuất sạch,3,DNI,HUBDNI,2026-08-04,2026,8,4,94396.0,94988.0
Tỷ lệ xuất sạch,3,QTI,HUBQBH,2026-08-04,2026,8,4,7538.0,7622.0
Tỷ lệ xuất sạch,3,PHO,HUBPHO,2026-08-04,2026,8,4,16879.0,21045.0
Tỷ lệ xuất sạch,3,HUE,HUBHUE,2026-08-04,2026,8,4,17129.0,17190.0
Tỷ lệ xuất sạch,3,DNI,HUBBPC,2026-08-04,2026,8,4,16498.0,16654.0
Tỷ lệ xuất sạch,3,PHO,HUBVPC,2026-08-04,2026,8,4,19778.0,24438.0
Tỷ lệ xuất sạch,3,HNI,BBSDPG,2026-08-04,2026,8,4,41524.0,41716.0
Tỷ lệ xuất sạch,3,HNI,HUBYAN,2026-08-04,2026,8,4,41857.0,41859.0
Tỷ lệ xuất sạch,3,TQG,HUBHGG,2026-08-04,2026,8,4,1256.0,1750.0
Tỷ lệ xuất sạch,3,NBH,HUBNBH,2026-08-04,2026,8,4,19852.0,20068.0
Tỷ lệ xuất sạch,3,CBG,HUBCBG,2026-08-04,2026,8,4,1416.0,1709.0
Tỷ lệ xuất sạch,3,GLI,HUBBHD,2026-08-04,2026,8,4,7245.0,9757.0
Tỷ lệ xuất sạch,3,LCI,HUBYBN,2026-08-04,2026,8,4,9098.0,9491.0
Tỷ lệ xuất sạch,3,LDG,HUBBTN,2026-08-04,2026,8,4,19996.0,20174.0
Tỷ lệ xuất sạch,3,DLK,HUBPYN,2026-08-04,2026,8,4,7694.0,7704.0
Tỷ lệ xuất sạch,3,GLI,HUBBHD,2026-08-05,2026,8,5,11857.0,11868.0
Tỷ lệ xuất sạch,3,VLG,HUBTVH,2026-08-05,2026,8,5,10837.0,11056.0
Tỷ lệ xuất sạch,3,CBG,HUBCBG,2026-08-05,2026,8,5,1338.0,1540.0
Tỷ lệ xuất sạch,3,CMU,HUBCMU,2026-08-05,2026,8,5,16461.0,16468.0
Tỷ lệ xuất sạch,3,HYN,HUBHYN,2026-08-05,2026,8,5,32064.0,33019.0
Tỷ lệ xuất sạch,3,NBH,HUBHNM,2026-08-05,2026,8,5,15641.0,16054.0
Tỷ lệ xuất sạch,3,CTO,HUBCTO,2026-08-05,2026,8,5,23.0,26.0
Tỷ lệ xuất sạch,3,TQG,HUBTQG,2026-08-05,2026,8,5,4519.0,5433.0
Tỷ lệ xuất sạch,3,LDG,HUBLDG03,2026-08-05,2026,8,5,6550.0,7462.0
Tỷ lệ xuất sạch,3,VLG,HUBVLG,2026-08-05,2026,8,5,12913.0,13923.0
Tỷ lệ xuất sạch,3,QNH,HUBQNH,2026-08-05,2026,8,5,21178.0,29533.0
Tỷ lệ xuất sạch,3,HTH,HUBHTH,2026-08-05,2026,8,5,10460.0,11447.0
Tỷ lệ xuất sạch,3,HNI,HUBYAN,2026-08-05,2026,8,5,39378.0,39388.0
Tỷ lệ xuất sạch,3,NAN,HUBNAN,2026-08-05,2026,8,5,40707.0,41237.0
Tỷ lệ xuất sạch,3,HNI,HUBLBN,2026-08-05,2026,8,5,43345.0,43400.0
Tỷ lệ xuất sạch,3,KHA,HUBNTN,2026-08-05,2026,8,5,6962.0,6977.0
Tỷ lệ xuất sạch,3,PHO,HUBHBH,2026-08-05,2026,8,5,11253.0,11746.0
Tỷ lệ xuất sạch,3,LSN,HUBLSN,2026-08-05,2026,8,5,11077.0,13363.0
Tỷ lệ xuất sạch,3,HCM,HUBTAN,2026-08-05,2026,8,5,26644.0,26654.0
Tỷ lệ xuất sạch,3,DBN,HUBDBN,2026-08-05,2026,8,5,2323.0,2328.0
Tỷ lệ xuất sạch,3,HNI,BBSDPG,2026-08-05,2026,8,5,39833.0,41418.0
Tỷ lệ xuất sạch,3,NBH,HUBNDH,2026-08-05,2026,8,5,29472.0,29719.0
Tỷ lệ xuất sạch,3,TQG,HUBHGG,2026-08-05,2026,8,5,1527.0,2110.0
Tỷ lệ xuất sạch,3,QTI,HUBQTI,2026-08-05,2026,8,5,8415.0,8683.0
Tỷ lệ xuất sạch,3,HCM,HUBBDG,2026-08-05,2026,8,5,37469.0,37679.0
Tỷ lệ xuất sạch,3,AGG,HUBAGG,2026-08-05,2026,8,5,25520.0,25956.0
Tỷ lệ xuất sạch,3,DLK,HUBPYN,2026-08-05,2026,8,5,7541.0,7593.0
Tỷ lệ xuất sạch,3,LCU,HUBLCU,2026-08-05,2026,8,5,698.0,726.0
Tỷ lệ xuất sạch,3,DLK,HUBDLK,2026-08-05,2026,8,5,28337.0,33526.0
Tỷ lệ xuất sạch,3,TNN,HUBBKN,2026-08-05,2026,8,5,1888.0,1897.0
Tỷ lệ xuất sạch,3,QNI,HUBQNI,2026-08-05,2026,8,5,13421.0,13514.0
Tỷ lệ xuất sạch,3,PHO,HUBPHO,2026-08-05,2026,8,5,18085.0,19468.0
Tỷ lệ xuất sạch,3,QTI,HUBQBH,2026-08-05,2026,8,5,10865.0,11218.0
Tỷ lệ xuất sạch,3,DTP,HUBTGG,2026-08-05,2026,8,5,23253.0,23309.0
Tỷ lệ xuất sạch,3,LDG,HUBLDG01,2026-08-05,2026,8,5,13215.0,13386.0
Tỷ lệ xuất sạch,3,HNI,HUBTTI,2026-08-05,2026,8,5,49738.0,50010.0
Tỷ lệ xuất sạch,3,SLA,HUBSLA,2026-08-05,2026,8,5,134.0,477.0
Tỷ lệ xuất sạch,3,AGG,HUBKGG01,2026-08-05,2026,8,5,20499.0,21731.0
Tỷ lệ xuất sạch,3,HCM,HUBTTO,2026-08-05,2026,8,5,34564.0,38253.0
Tỷ lệ xuất sạch,3,CMU,HUBBLU,2026-08-05,2026,8,5,10650.0,10656.0
Tỷ lệ xuất sạch,3,HCM,HUBVTU,2026-08-05,2026,8,5,24031.0,24448.0
Tỷ lệ xuất sạch,3,GLI,HUBGLI,2026-08-05,2026,8,5,21609.0,21794.0
Tỷ lệ xuất sạch,3,DNI,HUBBPC,2026-08-05,2026,8,5,18719.0,18771.0
Tỷ lệ xuất sạch,3,DTP,HUBDTP,2026-08-05,2026,8,5,21989.0,22143.0
Tỷ lệ xuất sạch,3,HUE,HUBHUE,2026-08-05,2026,8,5,19116.0,20300.0
Tỷ lệ xuất sạch,3,HYN,HUBTBH,2026-08-05,2026,8,5,22251.0,23274.0
Tỷ lệ xuất sạch,3,QNI,HUBKTM,2026-08-05,2026,8,5,7134.0,7136.0
Tỷ lệ xuất sạch,3,DNI,HUBDNI,2026-08-05,2026,8,5,87004.0,87903.0
Tỷ lệ xuất sạch,3,LDG,HUBDKG,2026-08-05,2026,8,5,8584.0,9662.0
Tỷ lệ xuất sạch,3,BNH,HUBBNH,2026-08-05,2026,8,5,40591.0,42202.0
Tỷ lệ xuất sạch,3,DNG,HUBQNM,2026-08-05,2026,8,5,15398.0,16907.0
Tỷ lệ xuất sạch,3,THA,HUBTHA,2026-08-05,2026,8,5,40821.0,48376.0
Tỷ lệ xuất sạch,3,HPG,HUBHDG,2026-08-05,2026,8,5,24423.0,24542.0
Tỷ lệ xuất sạch,3,LCI,HUBYBN,2026-08-05,2026,8,5,8055.0,9827.0
Tỷ lệ xuất sạch,3,KHA,HUBKHA,2026-08-05,2026,8,5,23704.0,24913.0
Tỷ lệ xuất sạch,3,LCI,HUBLCI01,2026-08-05,2026,8,5,7129.0,7410.0
Tỷ lệ xuất sạch,3,BNH,HUBBGG,2026-08-05,2026,8,5,26333.0,32804.0
Tỷ lệ xuất sạch,3,NBH,HUBNBH,2026-08-05,2026,8,5,17135.0,17404.0
Tỷ lệ xuất sạch,3,CTO,HUBSTG,2026-08-05,2026,8,5,13421.0,13672.0
Tỷ lệ xuất sạch,3,PHO,HUBVPC,2026-08-05,2026,8,5,18825.0,23004.0
Tỷ lệ xuất sạch,3,LDG,HUBBTN,2026-08-05,2026,8,5,19108.0,19344.0
Tỷ lệ xuất sạch,3,TNH,HUBLAN,2026-08-05,2026,8,5,30257.0,31259.0
Tỷ lệ xuất sạch,3,DNG,HUBDNG,2026-08-05,2026,8,5,20959.0,21921.0
Tỷ lệ xuất sạch,3,HPG,HUBHPG,2026-08-05,2026,8,5,36476.0,37892.0
Tỷ lệ xuất sạch,3,TNH,HUBTNH,2026-08-05,2026,8,5,21643.0,21757.0
Tỷ lệ xuất sạch,3,VLG,HUBBTE,2026-08-05,2026,8,5,19774.0,20718.0
Tỷ lệ xuất sạch,3,TNN,HUBTNN,2026-08-05,2026,8,5,18129.0,19061.0
Tỷ lệ xuất sạch,3,DTP,HUBDTP,2026-08-06,2026,8,6,19864.0,20904.0
Tỷ lệ xuất sạch,3,HNI,HUBLBN,2026-08-06,2026,8,6,50319.0,50826.0
Tỷ lệ xuất sạch,3,DTP,HUBTGG,2026-08-06,2026,8,6,24438.0,24544.0
Tỷ lệ xuất sạch,3,HYN,HUBHYN,2026-08-06,2026,8,6,31451.0,31503.0
Tỷ lệ xuất sạch,3,LDG,HUBLDG01,2026-08-06,2026,8,6,12217.0,14478.0
Tỷ lệ xuất sạch,3,LDG,HUBLDG03,2026-08-06,2026,8,6,8397.0,8686.0
Tỷ lệ xuất sạch,3,SLA,HUBSLA,2026-08-06,2026,8,6,581.0,582.0
Tỷ lệ xuất sạch,3,DNI,HUBDNI,2026-08-06,2026,8,6,88819.0,90157.0
Tỷ lệ xuất sạch,3,LCI,HUBYBN,2026-08-06,2026,8,6,9695.0,10555.0
Tỷ lệ xuất sạch,3,GLI,HUBGLI,2026-08-06,2026,8,6,23089.0,23912.0
Tỷ lệ xuất sạch,3,TNH,HUBTNH,2026-08-06,2026,8,6,22231.0,22390.0
Tỷ lệ xuất sạch,3,VLG,HUBVLG,2026-08-06,2026,8,6,14541.0,15519.0
Tỷ lệ xuất sạch,3,HPG,HUBHDG,2026-08-06,2026,8,6,27245.0,27285.0
Tỷ lệ xuất sạch,3,PHO,HUBVPC,2026-08-06,2026,8,6,18764.0,23292.0
Tỷ lệ xuất sạch,3,HNI,HUBTTI,2026-08-06,2026,8,6,57160.0,57409.0
Tỷ lệ xuất sạch,3,LDG,HUBDKG,2026-08-06,2026,8,6,8855.0,9353.0
Tỷ lệ xuất sạch,3,QNI,HUBKTM,2026-08-06,2026,8,6,7004.0,7006.0
Tỷ lệ xuất sạch,3,HNI,BBSDPG,2026-08-06,2026,8,6,46814.0,50070.0
Tỷ lệ xuất sạch,3,THA,HUBTHA,2026-08-06,2026,8,6,43945.0,49816.0
Tỷ lệ xuất sạch,3,CBG,HUBCBG,2026-08-06,2026,8,6,839.0,1061.0
Tỷ lệ xuất sạch,3,HPG,HUBHPG,2026-08-06,2026,8,6,37784.0,38707.0
Tỷ lệ xuất sạch,3,CMU,HUBBLU,2026-08-06,2026,8,6,9644.0,9646.0
Tỷ lệ xuất sạch,3,CMU,HUBCMU,2026-08-06,2026,8,6,17592.0,17972.0
Tỷ lệ xuất sạch,3,LDG,HUBBTN,2026-08-06,2026,8,6,20506.0,22289.0
Tỷ lệ xuất sạch,3,TNN,HUBBKN,2026-08-06,2026,8,6,2161.0,2169.0
Tỷ lệ xuất sạch,3,DNG,HUBDNG,2026-08-06,2026,8,6,19841.0,21097.0
Tỷ lệ xuất sạch,3,KHA,HUBNTN,2026-08-06,2026,8,6,8789.0,8819.0
Tỷ lệ xuất sạch,3,LSN,HUBLSN,2026-08-06,2026,8,6,8723.0,8734.0
Tỷ lệ xuất sạch,3,DNG,HUBQNM,2026-08-06,2026,8,6,17223.0,17716.0
Tỷ lệ xuất sạch,3,TNH,HUBLAN,2026-08-06,2026,8,6,33211.0,33850.0
Tỷ lệ xuất sạch,3,NBH,HUBNBH,2026-08-06,2026,8,6,23071.0,23212.0
Tỷ lệ xuất sạch,3,HCM,HUBTAN,2026-08-06,2026,8,6,25854.0,25886.0
Tỷ lệ xuất sạch,3,QTI,HUBQTI,2026-08-06,2026,8,6,8367.0,8451.0
Tỷ lệ xuất sạch,3,DLK,HUBPYN,2026-08-06,2026,8,6,10906.0,11408.0
Tỷ lệ xuất sạch,3,HCM,HUBVTU,2026-08-06,2026,8,6,25968.0,26076.0
Tỷ lệ xuất sạch,3,HCM,HUBTTO,2026-08-06,2026,8,6,34570.0,38114.0
Tỷ lệ xuất sạch,3,NAN,HUBNAN,2026-08-06,2026,8,6,38286.0,38758.0
Tỷ lệ xuất sạch,3,QNH,HUBQNH,2026-08-06,2026,8,6,22554.0,25541.0
Tỷ lệ xuất sạch,3,AGG,HUBKGG01,2026-08-06,2026,8,6,19268.0,20082.0
Tỷ lệ xuất sạch,3,QNI,HUBQNI,2026-08-06,2026,8,6,14443.0,14510.0
Tỷ lệ xuất sạch,3,HCM,HUBBDG,2026-08-06,2026,8,6,37578.0,37772.0
Tỷ lệ xuất sạch,3,HNI,HUBYAN,2026-08-06,2026,8,6,40874.0,40881.0
Tỷ lệ xuất sạch,3,KHA,HUBKHA,2026-08-06,2026,8,6,25416.0,26282.0
Tỷ lệ xuất sạch,3,DNI,HUBBPC,2026-08-06,2026,8,6,20848.0,20863.0
Tỷ lệ xuất sạch,3,VLG,HUBBTE,2026-08-06,2026,8,6,20841.0,22610.0
Tỷ lệ xuất sạch,3,HYN,HUBTBH,2026-08-06,2026,8,6,23371.0,23464.0
Tỷ lệ xuất sạch,3,NBH,HUBNDH,2026-08-06,2026,8,6,27894.0,27909.0
Tỷ lệ xuất sạch,3,DBN,HUBDBN,2026-08-06,2026,8,6,2027.0,2032.0
Tỷ lệ xuất sạch,3,TQG,HUBTQG,2026-08-06,2026,8,6,5369.0,5465.0
Tỷ lệ xuất sạch,3,CTO,HUBCTO,2026-08-06,2026,8,6,23.0,23.0
Tỷ lệ xuất sạch,3,HUE,HUBHUE,2026-08-06,2026,8,6,18975.0,20116.0
Tỷ lệ xuất sạch,3,QTI,HUBQBH,2026-08-06,2026,8,6,11623.0,12052.0
Tỷ lệ xuất sạch,3,DLK,HUBDLK,2026-08-06,2026,8,6,30148.0,32172.0
Tỷ lệ xuất sạch,3,LCI,HUBLCI01,2026-08-06,2026,8,6,7700.0,7768.0
Tỷ lệ xuất sạch,3,PHO,HUBHBH,2026-08-06,2026,8,6,11771.0,12305.0
Tỷ lệ xuất sạch,3,BNH,HUBBGG,2026-08-06,2026,8,6,26559.0,33096.0
Tỷ lệ xuất sạch,3,LCU,HUBLCU,2026-08-06,2026,8,6,575.0,596.0
Tỷ lệ xuất sạch,3,TNN,HUBTNN,2026-08-06,2026,8,6,18267.0,20370.0
Tỷ lệ xuất sạch,3,AGG,HUBAGG,2026-08-06,2026,8,6,26877.0,28003.0
Tỷ lệ xuất sạch,3,TQG,HUBHGG,2026-08-06,2026,8,6,1124.0,2024.0
Tỷ lệ xuất sạch,3,VLG,HUBTVH,2026-08-06,2026,8,6,12142.0,12443.0
Tỷ lệ xuất sạch,3,NBH,HUBHNM,2026-08-06,2026,8,6,16741.0,16976.0
Tỷ lệ xuất sạch,3,PHO,HUBPHO,2026-08-06,2026,8,6,18321.0,21592.0
Tỷ lệ xuất sạch,3,BNH,HUBBNH,2026-08-06,2026,8,6,36930.0,45071.0
Tỷ lệ xuất sạch,3,CTO,HUBSTG,2026-08-06,2026,8,6,13209.0,13912.0
Tỷ lệ xuất sạch,3,HTH,HUBHTH,2026-08-06,2026,8,6,10464.0,11220.0
Tỷ lệ xuất sạch,3,GLI,HUBBHD,2026-08-06,2026,8,6,11633.0,11831.0
Tỷ lệ xuất sạch,3,VLG,HUBBTE,2026-08-07,2026,8,7,19058.0,20177.0
Tỷ lệ xuất sạch,3,BNH,HUBBGG,2026-08-07,2026,8,7,25722.0,32701.0
Tỷ lệ xuất sạch,3,TQG,HUBHGG,2026-08-07,2026,8,7,1712.0,1993.0
Tỷ lệ xuất sạch,3,DNI,HUBDNI,2026-08-07,2026,8,7,80486.0,81765.0
Tỷ lệ xuất sạch,3,BNH,HUBBNH,2026-08-07,2026,8,7,39549.0,40370.0
Tỷ lệ xuất sạch,3,DLK,HUBPYN,2026-08-07,2026,8,7,9945.0,9950.0
Tỷ lệ xuất sạch,3,QTI,HUBQBH,2026-08-07,2026,8,7,10731.0,11271.0
Tỷ lệ xuất sạch,3,PHO,HUBHBH,2026-08-07,2026,8,7,10517.0,11642.0
Tỷ lệ xuất sạch,3,TNH,HUBTNH,2026-08-07,2026,8,7,22847.0,22974.0
Tỷ lệ xuất sạch,3,HPG,HUBHPG,2026-08-07,2026,8,7,37198.0,38149.0
Tỷ lệ xuất sạch,3,PHO,HUBPHO,2026-08-07,2026,8,7,18504.0,23872.0
Tỷ lệ xuất sạch,3,DNG,HUBDNG,2026-08-07,2026,8,7,20653.0,21273.0
Tỷ lệ xuất sạch,3,DLK,HUBDLK,2026-08-07,2026,8,7,33085.0,35335.0
Tỷ lệ xuất sạch,3,TNH,HUBLAN,2026-08-07,2026,8,7,27912.0,28584.0
Tỷ lệ xuất sạch,3,HTH,HUBHTH,2026-08-07,2026,8,7,11552.0,11631.0
Tỷ lệ xuất sạch,3,QTI,HUBQTI,2026-08-07,2026,8,7,9098.0,9628.0
Tỷ lệ xuất sạch,3,SLA,HUBSLA,2026-08-07,2026,8,7,474.0,476.0
Tỷ lệ xuất sạch,3,CBG,HUBCBG,2026-08-07,2026,8,7,1155.0,1365.0
Tỷ lệ xuất sạch,3,HNI,BBSDPG,2026-08-07,2026,8,7,52443.0,53844.0
Tỷ lệ xuất sạch,3,DBN,HUBDBN,2026-08-07,2026,8,7,2377.0,2382.0
Tỷ lệ xuất sạch,3,DTP,HUBTGG,2026-08-07,2026,8,7,25843.0,25954.0
Tỷ lệ xuất sạch,3,GLI,HUBGLI,2026-08-07,2026,8,7,25806.0,27396.0
Tỷ lệ xuất sạch,3,LCI,HUBYBN,2026-08-07,2026,8,7,8037.0,10471.0
Tỷ lệ xuất sạch,3,HYN,HUBTBH,2026-08-07,2026,8,7,23513.0,23592.0
Tỷ lệ xuất sạch,3,HYN,HUBHYN,2026-08-07,2026,8,7,30912.0,32539.0
Tỷ lệ xuất sạch,3,TNN,HUBTNN,2026-08-07,2026,8,7,16189.0,20035.0
Tỷ lệ xuất sạch,3,LDG,HUBLDG01,2026-08-07,2026,8,7,14526.0,15640.0
Tỷ lệ xuất sạch,3,QNI,HUBQNI,2026-08-07,2026,8,7,14522.0,14856.0
Tỷ lệ xuất sạch,3,LCI,HUBLCI01,2026-08-07,2026,8,7,7914.0,7981.0
Tỷ lệ xuất sạch,3,TNN,HUBBKN,2026-08-07,2026,8,7,2254.0,2379.0
Tỷ lệ xuất sạch,3,CTO,HUBCTO,2026-08-07,2026,8,7,20.0,21.0
Tỷ lệ xuất sạch,3,QNH,HUBQNH,2026-08-07,2026,8,7,21971.0,26484.0
Tỷ lệ xuất sạch,3,HCM,HUBTTO,2026-08-07,2026,8,7,36992.0,39320.0
Tỷ lệ xuất sạch,3,CMU,HUBCMU,2026-08-07,2026,8,7,16552.0,16565.0
Tỷ lệ xuất sạch,3,PHO,HUBVPC,2026-08-07,2026,8,7,13666.0,21920.0
Tỷ lệ xuất sạch,3,LDG,HUBDKG,2026-08-07,2026,8,7,9797.0,12081.0
Tỷ lệ xuất sạch,3,DTP,HUBDTP,2026-08-07,2026,8,7,24058.0,24136.0
Tỷ lệ xuất sạch,3,NBH,HUBHNM,2026-08-07,2026,8,7,16963.0,17179.0
Tỷ lệ xuất sạch,3,CTO,HUBSTG,2026-08-07,2026,8,7,14351.0,14375.0
Tỷ lệ xuất sạch,3,VLG,HUBTVH,2026-08-07,2026,8,7,11875.0,11916.0
Tỷ lệ xuất sạch,3,KHA,HUBNTN,2026-08-07,2026,8,7,8203.0,8286.0
Tỷ lệ xuất sạch,3,DNI,HUBBPC,2026-08-07,2026,8,7,19055.0,19299.0
Tỷ lệ xuất sạch,3,LSN,HUBLSN,2026-08-07,2026,8,7,9815.0,9828.0
Tỷ lệ xuất sạch,3,DNG,HUBQNM,2026-08-07,2026,8,7,16431.0,17017.0
Tỷ lệ xuất sạch,3,LDG,HUBLDG03,2026-08-07,2026,8,7,7102.0,7591.0
Tỷ lệ xuất sạch,3,AGG,HUBAGG,2026-08-07,2026,8,7,25856.0,27021.0
Tỷ lệ xuất sạch,3,LCU,HUBLCU,2026-08-07,2026,8,7,352.0,550.0
Tỷ lệ xuất sạch,3,TQG,HUBTQG,2026-08-07,2026,8,7,5481.0,5770.0
Tỷ lệ xuất sạch,3,CMU,HUBBLU,2026-08-07,2026,8,7,8533.0,9588.0
Tỷ lệ xuất sạch,3,HNI,HUBTTI,2026-08-07,2026,8,7,55487.0,55867.0
Tỷ lệ xuất sạch,3,HNI,HUBYAN,2026-08-07,2026,8,7,42354.0,42359.0
Tỷ lệ xuất sạch,3,HPG,HUBHDG,2026-08-07,2026,8,7,28885.0,28927.0
Tỷ lệ xuất sạch,3,NAN,HUBNAN,2026-08-07,2026,8,7,38849.0,39376.0
Tỷ lệ xuất sạch,3,HUE,HUBHUE,2026-08-07,2026,8,7,20347.0,20481.0
Tỷ lệ xuất sạch,3,QNI,HUBKTM,2026-08-07,2026,8,7,6591.0,6602.0
Tỷ lệ xuất sạch,3,LDG,HUBBTN,2026-08-07,2026,8,7,22259.0,23711.0
Tỷ lệ xuất sạch,3,NBH,HUBNDH,2026-08-07,2026,8,7,32923.0,32937.0
Tỷ lệ xuất sạch,3,HCM,HUBVTU,2026-08-07,2026,8,7,24164.0,24360.0
Tỷ lệ xuất sạch,3,HNI,HUBLBN,2026-08-07,2026,8,7,46366.0,46555.0
Tỷ lệ xuất sạch,3,VLG,HUBVLG,2026-08-07,2026,8,7,15539.0,15824.0
Tỷ lệ xuất sạch,3,THA,HUBTHA,2026-08-07,2026,8,7,45221.0,50648.0
Tỷ lệ xuất sạch,3,NBH,HUBNBH,2026-08-07,2026,8,7,21467.0,21577.0
Tỷ lệ xuất sạch,3,AGG,HUBKGG01,2026-08-07,2026,8,7,19174.0,20953.0
Tỷ lệ xuất sạch,3,HCM,HUBBDG,2026-08-07,2026,8,7,35400.0,35657.0
Tỷ lệ xuất sạch,3,HCM,HUBTAN,2026-08-07,2026,8,7,21407.0,21471.0
Tỷ lệ xuất sạch,3,GLI,HUBBHD,2026-08-07,2026,8,7,11307.0,11507.0
Tỷ lệ xuất sạch,3,KHA,HUBKHA,2026-08-07,2026,8,7,22982.0,25538.0
Tỷ lệ xuất sạch,3,LCU,HUBLCU,2026-08-10,2026,8,10,619.0,619.0
Tỷ lệ xuất sạch,3,DTP,HUBTGG,2026-08-10,2026,8,10,20954.0,23146.0
Tỷ lệ xuất sạch,3,LDG,HUBBTN,2026-08-10,2026,8,10,17620.0,18330.0
Tỷ lệ xuất sạch,3,QNI,HUBKTM,2026-08-10,2026,8,10,6871.0,6884.0
Tỷ lệ xuất sạch,3,DTP,HUBDTP,2026-08-10,2026,8,10,20930.0,22923.0
Tỷ lệ xuất sạch,3,TQG,HUBHGG,2026-08-10,2026,8,10,1068.0,1458.0
Tỷ lệ xuất sạch,3,VLG,HUBBTE,2026-08-10,2026,8,10,18015.0,21377.0
Tỷ lệ xuất sạch,3,DLK,HUBPYN,2026-08-10,2026,8,10,7407.0,7418.0
Tỷ lệ xuất sạch,3,TNH,HUBLAN,2026-08-10,2026,8,10,24061.0,25007.0
Tỷ lệ xuất sạch,3,TNN,HUBTNN,2026-08-10,2026,8,10,17462.0,18673.0
Tỷ lệ xuất sạch,3,VLG,HUBTVH,2026-08-10,2026,8,10,10118.0,11098.0
Tỷ lệ xuất sạch,3,SLA,HUBSLA,2026-08-10,2026,8,10,455.0,456.0
Tỷ lệ xuất sạch,3,DNG,HUBDNG,2026-08-10,2026,8,10,19435.0,20563.0
Tỷ lệ xuất sạch,3,THA,HUBTHA,2026-08-10,2026,8,10,36684.0,40256.0
Tỷ lệ xuất sạch,3,HPG,HUBHPG,2026-08-10,2026,8,10,28317.0,28830.0
Tỷ lệ xuất sạch,3,KHA,HUBKHA,2026-08-10,2026,8,10,20694.0,21543.0
Tỷ lệ xuất sạch,3,HUE,HUBHUE,2026-08-10,2026,8,10,19099.0,19288.0
Tỷ lệ xuất sạch,3,HCM,HUBVTU,2026-08-10,2026,8,10,18976.0,19280.0
Tỷ lệ xuất sạch,3,PHO,HUBPHO,2026-08-10,2026,8,10,17529.0,20497.0
Tỷ lệ xuất sạch,3,KHA,HUBNTN,2026-08-10,2026,8,10,8059.0,8512.0
Tỷ lệ xuất sạch,3,LDG,HUBLDG03,2026-08-10,2026,8,10,7830.0,8798.0
Tỷ lệ xuất sạch,3,BNH,HUBBNH,2026-08-10,2026,8,10,31468.0,34804.0
Tỷ lệ xuất sạch,3,QTI,HUBQTI,2026-08-10,2026,8,10,8187.0,9086.0
Tỷ lệ xuất sạch,3,CMU,HUBCMU,2026-08-10,2026,8,10,16564.0,19518.0
Tỷ lệ xuất sạch,3,DNI,HUBBPC,2026-08-10,2026,8,10,14728.0,17490.0
Tỷ lệ xuất sạch,3,DLK,HUBDLK,2026-08-10,2026,8,10,28512.0,30545.0
Tỷ lệ xuất sạch,3,HNI,HUBLBN,2026-08-10,2026,8,10,38761.0,38872.0
Tỷ lệ xuất sạch,3,HNI,BBSDPG,2026-08-10,2026,8,10,46986.0,47384.0
Tỷ lệ xuất sạch,3,PHO,HUBVPC,2026-08-10,2026,8,10,15013.0,18418.0
Tỷ lệ xuất sạch,3,HYN,HUBHYN,2026-08-10,2026,8,10,28708.0,29267.0
Tỷ lệ xuất sạch,3,LCI,HUBYBN,2026-08-10,2026,8,10,6151.0,8938.0
Tỷ lệ xuất sạch,3,BNH,HUBBGG,2026-08-10,2026,8,10,18742.0,26084.0
Tỷ lệ xuất sạch,3,CTO,HUBCTO,2026-08-10,2026,8,10,22.0,24.0
Tỷ lệ xuất sạch,3,QNH,HUBQNH,2026-08-10,2026,8,10,16220.0,23884.0
Tỷ lệ xuất sạch,3,HCM,HUBBDG,2026-08-10,2026,8,10,34697.0,34740.0
Tỷ lệ xuất sạch,3,HYN,HUBTBH,2026-08-10,2026,8,10,20159.0,20633.0
Tỷ lệ xuất sạch,3,CBG,HUBCBG,2026-08-10,2026,8,10,1089.0,1305.0
Tỷ lệ xuất sạch,3,LCI,HUBLCI01,2026-08-10,2026,8,10,5947.0,6038.0
Tỷ lệ xuất sạch,3,TNH,HUBTNH,2026-08-10,2026,8,10,21165.0,21562.0
Tỷ lệ xuất sạch,3,HCM,HUBTTO,2026-08-10,2026,8,10,26537.0,27989.0
Tỷ lệ xuất sạch,3,HNI,HUBTTI,2026-08-10,2026,8,10,50770.0,51191.0
Tỷ lệ xuất sạch,3,HTH,HUBHTH,2026-08-10,2026,8,10,11673.0,12059.0
Tỷ lệ xuất sạch,3,LDG,HUBLDG01,2026-08-10,2026,8,10,11793.0,14127.0
Tỷ lệ xuất sạch,3,NBH,HUBNBH,2026-08-10,2026,8,10,19526.0,19667.0
Tỷ lệ xuất sạch,3,TNN,HUBBKN,2026-08-10,2026,8,10,1684.0,1698.0
Tỷ lệ xuất sạch,3,CMU,HUBBLU,2026-08-10,2026,8,10,10434.0,12499.0
Tỷ lệ xuất sạch,3,HPG,HUBHDG,2026-08-10,2026,8,10,24707.0,25279.0
Tỷ lệ xuất sạch,3,QNI,HUBQNI,2026-08-10,2026,8,10,15306.0,15404.0
Tỷ lệ xuất sạch,3,NBH,HUBHNM,2026-08-10,2026,8,10,16339.0,17371.0
Tỷ lệ xuất sạch,3,CTO,HUBSTG,2026-08-10,2026,8,10,12821.0,13071.0
Tỷ lệ xuất sạch,3,QTI,HUBQBH,2026-08-10,2026,8,10,10636.0,11481.0
Tỷ lệ xuất sạch,3,NAN,HUBNAN,2026-08-10,2026,8,10,32057.0,32707.0
Tỷ lệ xuất sạch,3,GLI,HUBGLI,2026-08-10,2026,8,10,21598.0,21822.0
Tỷ lệ xuất sạch,3,AGG,HUBKGG01,2026-08-10,2026,8,10,19762.0,21348.0
Tỷ lệ xuất sạch,3,DNG,HUBQNM,2026-08-10,2026,8,10,15506.0,17107.0
Tỷ lệ xuất sạch,3,DNI,HUBDNI,2026-08-10,2026,8,10,83108.0,84123.0
Tỷ lệ xuất sạch,3,AGG,HUBAGG,2026-08-10,2026,8,10,23455.0,25821.0
Tỷ lệ xuất sạch,3,TQG,HUBTQG,2026-08-10,2026,8,10,3122.0,4572.0
Tỷ lệ xuất sạch,3,HCM,HUBTAN,2026-08-10,2026,8,10,26382.0,27581.0
Tỷ lệ xuất sạch,3,GLI,HUBBHD,2026-08-10,2026,8,10,8506.0,9005.0
Tỷ lệ xuất sạch,3,DBN,HUBDBN,2026-08-10,2026,8,10,2224.0,2498.0
Tỷ lệ xuất sạch,3,HNI,HUBYAN,2026-08-10,2026,8,10,46310.0,46313.0
Tỷ lệ xuất sạch,3,LDG,HUBDKG,2026-08-10,2026,8,10,8575.0,10429.0
Tỷ lệ xuất sạch,3,PHO,HUBHBH,2026-08-10,2026,8,10,9356.0,9826.0
Tỷ lệ xuất sạch,3,VLG,HUBVLG,2026-08-10,2026,8,10,15531.0,17691.0
Tỷ lệ xuất sạch,3,LSN,HUBLSN,2026-08-10,2026,8,10,11396.0,11410.0
Tỷ lệ xuất sạch,3,NBH,HUBNDH,2026-08-10,2026,8,10,25093.0,26608.0
Tỷ lệ xuất sạch,3,DNG,HUBDNG,2026-08-11,2026,8,11,14979.0,15396.0
Tỷ lệ xuất sạch,3,LDG,HUBDKG,2026-08-11,2026,8,11,9225.0,10678.0
Tỷ lệ xuất sạch,3,QNH,HUBQNH,2026-08-11,2026,8,11,24951.0,28645.0
Tỷ lệ xuất sạch,3,DTP,HUBDTP,2026-08-11,2026,8,11,21273.0,21356.0
Tỷ lệ xuất sạch,3,LDG,HUBBTN,2026-08-11,2026,8,11,24090.0,24549.0
Tỷ lệ xuất sạch,3,LSN,HUBLSN,2026-08-11,2026,8,11,6865.0,6883.0
Tỷ lệ xuất sạch,3,TNH,HUBLAN,2026-08-11,2026,8,11,30593.0,31155.0
Tỷ lệ xuất sạch,3,THA,HUBTHA,2026-08-11,2026,8,11,48528.0,52295.0
Tỷ lệ xuất sạch,3,KHA,HUBNTN,2026-08-11,2026,8,11,7953.0,8025.0
Tỷ lệ xuất sạch,3,QTI,HUBQTI,2026-08-11,2026,8,11,7663.0,7685.0
Tỷ lệ xuất sạch,3,GLI,HUBGLI,2026-08-11,2026,8,11,16595.0,17445.0
Tỷ lệ xuất sạch,3,DNI,HUBBPC,2026-08-11,2026,8,11,18913.0,21571.0
Tỷ lệ xuất sạch,3,NAN,HUBNAN,2026-08-11,2026,8,11,40632.0,41145.0
Tỷ lệ xuất sạch,3,QNI,HUBKTM,2026-08-11,2026,8,11,7040.0,7058.0
Tỷ lệ xuất sạch,3,HNI,HUBTTI,2026-08-11,2026,8,11,58399.0,58686.0
Tỷ lệ xuất sạch,3,HCM,HUBTTO,2026-08-11,2026,8,11,34556.0,40307.0
Tỷ lệ xuất sạch,3,DBN,HUBDBN,2026-08-11,2026,8,11,1702.0,1702.0
Tỷ lệ xuất sạch,3,HUE,HUBHUE,2026-08-11,2026,8,11,19703.0,19781.0
Tỷ lệ xuất sạch,3,DNG,HUBQNM,2026-08-11,2026,8,11,11387.0,13077.0
Tỷ lệ xuất sạch,3,LCI,HUBLCI01,2026-08-11,2026,8,11,7610.0,7675.0
Tỷ lệ xuất sạch,3,SLA,HUBSLA,2026-08-11,2026,8,11,558.0,560.0
Tỷ lệ xuất sạch,3,TNN,HUBTNN,2026-08-11,2026,8,11,18651.0,22613.0
Tỷ lệ xuất sạch,3,HNI,HUBYAN,2026-08-11,2026,8,11,43989.0,43993.0
Tỷ lệ xuất sạch,3,AGG,HUBAGG,2026-08-11,2026,8,11,25613.0,25955.0
Tỷ lệ xuất sạch,3,HCM,HUBTAN,2026-08-11,2026,8,11,22925.0,22950.0
Tỷ lệ xuất sạch,3,HPG,HUBHPG,2026-08-11,2026,8,11,37387.0,41022.0
Tỷ lệ xuất sạch,3,NBH,HUBNDH,2026-08-11,2026,8,11,31802.0,32290.0
Tỷ lệ xuất sạch,3,CMU,HUBCMU,2026-08-11,2026,8,11,16218.0,16236.0
Tỷ lệ xuất sạch,3,QTI,HUBQBH,2026-08-11,2026,8,11,8575.0,9277.0
Tỷ lệ xuất sạch,3,DLK,HUBPYN,2026-08-11,2026,8,11,10095.0,10113.0
Tỷ lệ xuất sạch,3,CMU,HUBBLU,2026-08-11,2026,8,11,9673.0,10268.0
Tỷ lệ xuất sạch,3,HYN,HUBHYN,2026-08-11,2026,8,11,33019.0,34550.0
Tỷ lệ xuất sạch,3,PHO,HUBVPC,2026-08-11,2026,8,11,19077.0,22933.0
Tỷ lệ xuất sạch,3,LDG,HUBLDG03,2026-08-11,2026,8,11,6598.0,6850.0
Tỷ lệ xuất sạch,3,BNH,HUBBNH,2026-08-11,2026,8,11,35092.0,37913.0
Tỷ lệ xuất sạch,3,GLI,HUBBHD,2026-08-11,2026,8,11,6726.0,6815.0
Tỷ lệ xuất sạch,3,HNI,BBSDPG,2026-08-11,2026,8,11,51730.0,56644.0
Tỷ lệ xuất sạch,3,HCM,HUBBDG,2026-08-11,2026,8,11,35367.0,35409.0
Tỷ lệ xuất sạch,3,PHO,HUBHBH,2026-08-11,2026,8,11,11527.0,11636.0
Tỷ lệ xuất sạch,3,DTP,HUBTGG,2026-08-11,2026,8,11,24385.0,25090.0
Tỷ lệ xuất sạch,3,CTO,HUBSTG,2026-08-11,2026,8,11,12273.0,13527.0
Tỷ lệ xuất sạch,3,HYN,HUBTBH,2026-08-11,2026,8,11,21223.0,23729.0
Tỷ lệ xuất sạch,3,NBH,HUBHNM,2026-08-11,2026,8,11,18654.0,18961.0
Tỷ lệ xuất sạch,3,CTO,HUBCTO,2026-08-11,2026,8,11,35.0,37.0
Tỷ lệ xuất sạch,3,HCM,HUBVTU,2026-08-11,2026,8,11,25751.0,26225.0
Tỷ lệ xuất sạch,3,HPG,HUBHDG,2026-08-11,2026,8,11,29139.0,29762.0
Tỷ lệ xuất sạch,3,TNN,HUBBKN,2026-08-11,2026,8,11,1547.0,1547.0
Tỷ lệ xuất sạch,3,QNI,HUBQNI,2026-08-11,2026,8,11,12714.0,12992.0
Tỷ lệ xuất sạch,3,CBG,HUBCBG,2026-08-11,2026,8,11,1306.0,1444.0
Tỷ lệ xuất sạch,3,AGG,HUBKGG01,2026-08-11,2026,8,11,19861.0,20079.0
Tỷ lệ xuất sạch,3,DNI,HUBDNI,2026-08-11,2026,8,11,89766.0,90482.0
Tỷ lệ xuất sạch,3,LCI,HUBYBN,2026-08-11,2026,8,11,8960.0,10636.0
Tỷ lệ xuất sạch,3,TQG,HUBHGG,2026-08-11,2026,8,11,1720.0,2312.0
Tỷ lệ xuất sạch,3,TNH,HUBTNH,2026-08-11,2026,8,11,25007.0,25107.0
Tỷ lệ xuất sạch,3,VLG,HUBVLG,2026-08-11,2026,8,11,16224.0,16374.0
Tỷ lệ xuất sạch,3,BNH,HUBBGG,2026-08-11,2026,8,11,28612.0,40096.0
Tỷ lệ xuất sạch,3,LCU,HUBLCU,2026-08-11,2026,8,11,588.0,610.0
Tỷ lệ xuất sạch,3,HTH,HUBHTH,2026-08-11,2026,8,11,10906.0,11491.0
Tỷ lệ xuất sạch,3,LDG,HUBLDG01,2026-08-11,2026,8,11,10320.0,11057.0
Tỷ lệ xuất sạch,3,DLK,HUBDLK,2026-08-11,2026,8,11,26006.0,26816.0
Tỷ lệ xuất sạch,3,HNI,HUBLBN,2026-08-11,2026,8,11,50419.0,53162.0
Tỷ lệ xuất sạch,3,VLG,HUBBTE,2026-08-11,2026,8,11,22288.0,23314.0
Tỷ lệ xuất sạch,3,PHO,HUBPHO,2026-08-11,2026,8,11,19997.0,24677.0
Tỷ lệ xuất sạch,3,NBH,HUBNBH,2026-08-11,2026,8,11,25693.0,25904.0
Tỷ lệ xuất sạch,3,KHA,HUBKHA,2026-08-11,2026,8,11,23414.0,23887.0
Tỷ lệ xuất sạch,3,TQG,HUBTQG,2026-08-11,2026,8,11,5866.0,5972.0
Tỷ lệ xuất sạch,3,VLG,HUBTVH,2026-08-11,2026,8,11,12028.0,12040.0
Tỷ lệ xuất sạch,3,LCU,HUBLCU,2026-08-12,2026,8,12,582.0,600.0
Tỷ lệ xuất sạch,3,HPG,HUBHDG,2026-08-12,2026,8,12,27963.0,28187.0
Tỷ lệ xuất sạch,3,LCI,HUBYBN,2026-08-12,2026,8,12,7385.0,9943.0
Tỷ lệ xuất sạch,3,THA,HUBTHA,2026-08-12,2026,8,12,50371.0,58043.0
Tỷ lệ xuất sạch,3,DTP,HUBDTP,2026-08-12,2026,8,12,22174.0,22267.0
Tỷ lệ xuất sạch,3,HYN,HUBTBH,2026-08-12,2026,8,12,22018.0,22092.0
Tỷ lệ xuất sạch,3,CBG,HUBCBG,2026-08-12,2026,8,12,1757.0,1763.0
Tỷ lệ xuất sạch,3,VLG,HUBVLG,2026-08-12,2026,8,12,15276.0,15623.0
Tỷ lệ xuất sạch,3,HYN,HUBHYN,2026-08-12,2026,8,12,32286.0,33249.0
Tỷ lệ xuất sạch,3,NBH,HUBHNM,2026-08-12,2026,8,12,20738.0,20752.0
Tỷ lệ xuất sạch,3,HCM,HUBTTO,2026-08-12,2026,8,12,37727.0,40902.0
Tỷ lệ xuất sạch,3,DNG,HUBQNM,2026-08-12,2026,8,12,18993.0,19820.0
Tỷ lệ xuất sạch,3,QTI,HUBQBH,2026-08-12,2026,8,12,10786.0,11319.0
Tỷ lệ xuất sạch,3,LDG,HUBLDG03,2026-08-12,2026,8,12,8272.0,8835.0
Tỷ lệ xuất sạch,3,BNH,HUBBNH,2026-08-12,2026,8,12,34701.0,37600.0
Tỷ lệ xuất sạch,3,CMU,HUBBLU,2026-08-12,2026,8,12,10073.0,10380.0
Tỷ lệ xuất sạch,3,QNI,HUBKTM,2026-08-12,2026,8,12,7579.0,7590.0
Tỷ lệ xuất sạch,3,DNI,HUBBPC,2026-08-12,2026,8,12,15577.0,17352.0
Tỷ lệ xuất sạch,3,TQG,HUBHGG,2026-08-12,2026,8,12,2813.0,2904.0
Tỷ lệ xuất sạch,3,SLA,HUBSLA,2026-08-12,2026,8,12,522.0,523.0
Tỷ lệ xuất sạch,3,HUE,HUBHUE,2026-08-12,2026,8,12,20321.0,20369.0
Tỷ lệ xuất sạch,3,HNI,BBSDPG,2026-08-12,2026,8,12,48529.0,54694.0
Tỷ lệ xuất sạch,3,DLK,HUBPYN,2026-08-12,2026,8,12,8972.0,8989.0
Tỷ lệ xuất sạch,3,LDG,HUBBTN,2026-08-12,2026,8,12,21847.0,22715.0
Tỷ lệ xuất sạch,3,DNI,HUBDNI,2026-08-12,2026,8,12,94923.0,96916.0
Tỷ lệ xuất sạch,3,TNH,HUBTNH,2026-08-12,2026,8,12,22475.0,22494.0
Tỷ lệ xuất sạch,3,CTO,HUBSTG,2026-08-12,2026,8,12,13681.0,13735.0
Tỷ lệ xuất sạch,3,PHO,HUBPHO,2026-08-12,2026,8,12,21382.0,25056.0
Tỷ lệ xuất sạch,3,DLK,HUBDLK,2026-08-12,2026,8,12,29813.0,33652.0
Tỷ lệ xuất sạch,3,DBN,HUBDBN,2026-08-12,2026,8,12,2380.0,2409.0
Tỷ lệ xuất sạch,3,GLI,HUBGLI,2026-08-12,2026,8,12,22633.0,25585.0
Tỷ lệ xuất sạch,3,DNG,HUBDNG,2026-08-12,2026,8,12,21826.0,23553.0
Tỷ lệ xuất sạch,3,NBH,HUBNBH,2026-08-12,2026,8,12,20659.0,20844.0
Tỷ lệ xuất sạch,3,HNI,HUBLBN,2026-08-12,2026,8,12,51905.0,52161.0
Tỷ lệ xuất sạch,3,AGG,HUBAGG,2026-08-12,2026,8,12,24969.0,26901.0
Tỷ lệ xuất sạch,3,QNI,HUBQNI,2026-08-12,2026,8,12,14317.0,14444.0
Tỷ lệ xuất sạch,3,QNH,HUBQNH,2026-08-12,2026,8,12,28038.0,29712.0
Tỷ lệ xuất sạch,3,HCM,HUBTAN,2026-08-12,2026,8,12,27604.0,27796.0
Tỷ lệ xuất sạch,3,GLI,HUBBHD,2026-08-12,2026,8,12,11091.0,11224.0
Tỷ lệ xuất sạch,3,PHO,HUBHBH,2026-08-12,2026,8,12,11096.0,11200.0
Tỷ lệ xuất sạch,3,TNN,HUBBKN,2026-08-12,2026,8,12,1162.0,1791.0
Tỷ lệ xuất sạch,3,BNH,HUBBGG,2026-08-12,2026,8,12,22894.0,34097.0
Tỷ lệ xuất sạch,3,VLG,HUBBTE,2026-08-12,2026,8,12,21338.0,22591.0
Tỷ lệ xuất sạch,3,KHA,HUBNTN,2026-08-12,2026,8,12,8610.0,8642.0
Tỷ lệ xuất sạch,3,HPG,HUBHPG,2026-08-12,2026,8,12,38025.0,39483.0
Tỷ lệ xuất sạch,3,KHA,HUBKHA,2026-08-12,2026,8,12,23592.0,24317.0
Tỷ lệ xuất sạch,3,CMU,HUBCMU,2026-08-12,2026,8,12,17518.0,17524.0
Tỷ lệ xuất sạch,3,DTP,HUBTGG,2026-08-12,2026,8,12,23146.0,24047.0
Tỷ lệ xuất sạch,3,HCM,HUBVTU,2026-08-12,2026,8,12,22943.0,24397.0
Tỷ lệ xuất sạch,3,QTI,HUBQTI,2026-08-12,2026,8,12,9253.0,9649.0
Tỷ lệ xuất sạch,3,PHO,HUBVPC,2026-08-12,2026,8,12,18988.0,25597.0
Tỷ lệ xuất sạch,3,LSN,HUBLSN,2026-08-12,2026,8,12,7900.0,7915.0
Tỷ lệ xuất sạch,3,LCI,HUBLCI01,2026-08-12,2026,8,12,8533.0,8892.0
Tỷ lệ xuất sạch,3,NAN,HUBNAN,2026-08-12,2026,8,12,43064.0,43693.0
Tỷ lệ xuất sạch,3,HTH,HUBHTH,2026-08-12,2026,8,12,11841.0,12718.0
Tỷ lệ xuất sạch,3,LDG,HUBDKG,2026-08-12,2026,8,12,6100.0,8188.0
Tỷ lệ xuất sạch,3,TQG,HUBTQG,2026-08-12,2026,8,12,5644.0,5768.0
Tỷ lệ xuất sạch,3,TNN,HUBTNN,2026-08-12,2026,8,12,20931.0,23625.0
Tỷ lệ xuất sạch,3,CTO,HUBCTO,2026-08-12,2026,8,12,56.0,58.0
Tỷ lệ xuất sạch,3,HCM,HUBBDG,2026-08-12,2026,8,12,42091.0,42142.0
Tỷ lệ xuất sạch,3,LDG,HUBLDG01,2026-08-12,2026,8,12,15761.0,18091.0
Tỷ lệ xuất sạch,3,AGG,HUBKGG01,2026-08-12,2026,8,12,19507.0,19790.0
Tỷ lệ xuất sạch,3,HNI,HUBYAN,2026-08-12,2026,8,12,41871.0,41878.0
Tỷ lệ xuất sạch,3,VLG,HUBTVH,2026-08-12,2026,8,12,11686.0,11865.0
Tỷ lệ xuất sạch,3,TNH,HUBLAN,2026-08-12,2026,8,12,32865.0,34044.0
Tỷ lệ xuất sạch,3,HNI,HUBTTI,2026-08-12,2026,8,12,54813.0,55032.0
Tỷ lệ xuất sạch,3,NBH,HUBNDH,2026-08-12,2026,8,12,35513.0,36069.0
Tỷ lệ xuất sạch,3,DNI,HUBDNI,2026-08-13,2026,8,13,91309.0,93603.0
Tỷ lệ xuất sạch,3,QNI,HUBKTM,2026-08-13,2026,8,13,6844.0,6849.0
Tỷ lệ xuất sạch,3,NBH,HUBNDH,2026-08-13,2026,8,13,30577.0,30596.0
Tỷ lệ xuất sạch,3,VLG,HUBTVH,2026-08-13,2026,8,13,12408.0,12420.0
Tỷ lệ xuất sạch,3,LCU,HUBLCU,2026-08-13,2026,8,13,658.0,721.0
Tỷ lệ xuất sạch,3,BNH,HUBBGG,2026-08-13,2026,8,13,24919.0,34080.0
Tỷ lệ xuất sạch,3,AGG,HUBKGG01,2026-08-13,2026,8,13,20951.0,22154.0
Tỷ lệ xuất sạch,3,QNI,HUBQNI,2026-08-13,2026,8,13,14666.0,14676.0
Tỷ lệ xuất sạch,3,DTP,HUBDTP,2026-08-13,2026,8,13,23018.0,23116.0
Tỷ lệ xuất sạch,3,AGG,HUBAGG,2026-08-13,2026,8,13,25334.0,26385.0
Tỷ lệ xuất sạch,3,LDG,HUBLDG01,2026-08-13,2026,8,13,15176.0,16850.0
Tỷ lệ xuất sạch,3,DLK,HUBDLK,2026-08-13,2026,8,13,29229.0,31031.0
Tỷ lệ xuất sạch,3,HNI,BBSDPG,2026-08-13,2026,8,13,53831.0,55590.0
Tỷ lệ xuất sạch,3,TQG,HUBTQG,2026-08-13,2026,8,13,6039.0,6113.0
Tỷ lệ xuất sạch,3,HNI,HUBLBN,2026-08-13,2026,8,13,46764.0,46808.0
Tỷ lệ xuất sạch,3,HCM,HUBBDG,2026-08-13,2026,8,13,42353.0,42646.0
Tỷ lệ xuất sạch,3,HUE,HUBHUE,2026-08-13,2026,8,13,21238.0,21357.0
Tỷ lệ xuất sạch,3,THA,HUBTHA,2026-08-13,2026,8,13,46872.0,53368.0
Tỷ lệ xuất sạch,3,HNI,HUBTTI,2026-08-13,2026,8,13,54927.0,55265.0
Tỷ lệ xuất sạch,3,PHO,HUBHBH,2026-08-13,2026,8,13,12549.0,12637.0
Tỷ lệ xuất sạch,3,CMU,HUBBLU,2026-08-13,2026,8,13,10307.0,10783.0
Tỷ lệ xuất sạch,3,KHA,HUBNTN,2026-08-13,2026,8,13,7841.0,7874.0
Tỷ lệ xuất sạch,3,DNI,HUBBPC,2026-08-13,2026,8,13,19285.0,20819.0
Tỷ lệ xuất sạch,3,TNH,HUBTNH,2026-08-13,2026,8,13,25228.0,25308.0
Tỷ lệ xuất sạch,3,PHO,HUBPHO,2026-08-13,2026,8,13,21125.0,24797.0
Tỷ lệ xuất sạch,3,TNN,HUBBKN,2026-08-13,2026,8,13,2040.0,2555.0
Tỷ lệ xuất sạch,3,CBG,HUBCBG,2026-08-13,2026,8,13,1733.0,1851.0
Tỷ lệ xuất sạch,3,VLG,HUBBTE,2026-08-13,2026,8,13,20647.0,21469.0
Tỷ lệ xuất sạch,3,HCM,HUBVTU,2026-08-13,2026,8,13,27710.0,28418.0
Tỷ lệ xuất sạch,3,HNI,HUBYAN,2026-08-13,2026,8,13,43197.0,43197.0
Tỷ lệ xuất sạch,3,HYN,HUBHYN,2026-08-13,2026,8,13,33403.0,33958.0
Tỷ lệ xuất sạch,3,LSN,HUBLSN,2026-08-13,2026,8,13,7766.0,7793.0
Tỷ lệ xuất sạch,3,DNG,HUBDNG,2026-08-13,2026,8,13,23061.0,25080.0
Tỷ lệ xuất sạch,3,QTI,HUBQBH,2026-08-13,2026,8,13,12163.0,12548.0
Tỷ lệ xuất sạch,3,HCM,HUBTTO,2026-08-13,2026,8,13,36698.0,39361.0
Tỷ lệ xuất sạch,3,VLG,HUBVLG,2026-08-13,2026,8,13,16461.0,16488.0
Tỷ lệ xuất sạch,3,TNH,HUBLAN,2026-08-13,2026,8,13,34941.0,35341.0
Tỷ lệ xuất sạch,3,GLI,HUBGLI,2026-08-13,2026,8,13,24449.0,25723.0
Tỷ lệ xuất sạch,3,DBN,HUBDBN,2026-08-13,2026,8,13,2123.0,2130.0
Tỷ lệ xuất sạch,3,NBH,HUBHNM,2026-08-13,2026,8,13,20048.0,20330.0
Tỷ lệ xuất sạch,3,CTO,HUBCTO,2026-08-13,2026,8,13,1.0,2.0
Tỷ lệ xuất sạch,3,SLA,HUBSLA,2026-08-13,2026,8,13,854.0,854.0
Tỷ lệ xuất sạch,3,NBH,HUBNBH,2026-08-13,2026,8,13,21195.0,21314.0
Tỷ lệ xuất sạch,3,PHO,HUBVPC,2026-08-13,2026,8,13,20299.0,23810.0
Tỷ lệ xuất sạch,3,DTP,HUBTGG,2026-08-13,2026,8,13,24863.0,24920.0
Tỷ lệ xuất sạch,3,BNH,HUBBNH,2026-08-13,2026,8,13,37473.0,40317.0
Tỷ lệ xuất sạch,3,HPG,HUBHDG,2026-08-13,2026,8,13,30709.0,31495.0
Tỷ lệ xuất sạch,3,DLK,HUBPYN,2026-08-13,2026,8,13,10549.0,10614.0
Tỷ lệ xuất sạch,3,LCI,HUBYBN,2026-08-13,2026,8,13,6808.0,9092.0
Tỷ lệ xuất sạch,3,GLI,HUBBHD,2026-08-13,2026,8,13,11222.0,11645.0
Tỷ lệ xuất sạch,3,HTH,HUBHTH,2026-08-13,2026,8,13,11158.0,11196.0
Tỷ lệ xuất sạch,3,HCM,HUBTAN,2026-08-13,2026,8,13,29877.0,29891.0
Tỷ lệ xuất sạch,3,LCI,HUBLCI01,2026-08-13,2026,8,13,9495.0,9580.0
Tỷ lệ xuất sạch,3,KHA,HUBKHA,2026-08-13,2026,8,13,24384.0,27072.0
Tỷ lệ xuất sạch,3,HPG,HUBHPG,2026-08-13,2026,8,13,40533.0,41186.0
Tỷ lệ xuất sạch,3,LDG,HUBDKG,2026-08-13,2026,8,13,8957.0,10451.0
Tỷ lệ xuất sạch,3,NAN,HUBNAN,2026-08-13,2026,8,13,43341.0,43850.0
Tỷ lệ xuất sạch,3,QTI,HUBQTI,2026-08-13,2026,8,13,10133.0,10273.0
Tỷ lệ xuất sạch,3,LDG,HUBLDG03,2026-08-13,2026,8,13,6307.0,9020.0
Tỷ lệ xuất sạch,3,LDG,HUBBTN,2026-08-13,2026,8,13,23767.0,25329.0
Tỷ lệ xuất sạch,3,CTO,HUBSTG,2026-08-13,2026,8,13,14293.0,15148.0
Tỷ lệ xuất sạch,3,TNN,HUBTNN,2026-08-13,2026,8,13,21729.0,21897.0
Tỷ lệ xuất sạch,3,DNG,HUBQNM,2026-08-13,2026,8,13,18744.0,19958.0
Tỷ lệ xuất sạch,3,TQG,HUBHGG,2026-08-13,2026,8,13,2169.0,2257.0
Tỷ lệ xuất sạch,3,HYN,HUBTBH,2026-08-13,2026,8,13,19815.0,22488.0
Tỷ lệ xuất sạch,3,QNH,HUBQNH,2026-08-13,2026,8,13,25049.0,29480.0
Tỷ lệ xuất sạch,3,CMU,HUBCMU,2026-08-13,2026,8,13,17749.0,17880.0
Tỷ lệ xuất sạch,3,VLG,HUBBTE,2026-08-14,2026,8,14,22539.0,23073.0
Tỷ lệ xuất sạch,3,HNI,HUBLBN,2026-08-14,2026,8,14,48774.0,48813.0
Tỷ lệ xuất sạch,3,CMU,HUBBLU,2026-08-14,2026,8,14,10983.0,10989.0
Tỷ lệ xuất sạch,3,CMU,HUBCMU,2026-08-14,2026,8,14,18113.0,18118.0
Tỷ lệ xuất sạch,3,HCM,HUBVTU,2026-08-14,2026,8,14,26583.0,27048.0
Tỷ lệ xuất sạch,3,THA,HUBTHA,2026-08-14,2026,8,14,39505.0,46612.0
Tỷ lệ xuất sạch,3,HPG,HUBHPG,2026-08-14,2026,8,14,37840.0,38879.0
Tỷ lệ xuất sạch,3,HCM,HUBBDG,2026-08-14,2026,8,14,43396.0,44428.0
Tỷ lệ xuất sạch,3,DLK,HUBDLK,2026-08-14,2026,8,14,33685.0,35953.0
Tỷ lệ xuất sạch,3,DLK,HUBPYN,2026-08-14,2026,8,14,8729.0,8751.0
Tỷ lệ xuất sạch,3,LCI,HUBLCI01,2026-08-14,2026,8,14,9422.0,9608.0
Tỷ lệ xuất sạch,3,LDG,HUBDKG,2026-08-14,2026,8,14,9642.0,10131.0
Tỷ lệ xuất sạch,3,TNN,HUBTNN,2026-08-14,2026,8,14,19720.0,21789.0
Tỷ lệ xuất sạch,3,DNI,HUBDNI,2026-08-14,2026,8,14,92534.0,94802.0
Tỷ lệ xuất sạch,3,TNH,HUBTNH,2026-08-14,2026,8,14,24026.0,24146.0
Tỷ lệ xuất sạch,3,GLI,HUBGLI,2026-08-14,2026,8,14,22029.0,22302.0
Tỷ lệ xuất sạch,3,CTO,HUBCTO,2026-08-14,2026,8,14,11.0,11.0
Tỷ lệ xuất sạch,3,PHO,HUBHBH,2026-08-14,2026,8,14,13511.0,13626.0
Tỷ lệ xuất sạch,3,KHA,HUBNTN,2026-08-14,2026,8,14,11071.0,11103.0
Tỷ lệ xuất sạch,3,NBH,HUBNDH,2026-08-14,2026,8,14,34490.0,34510.0
Tỷ lệ xuất sạch,3,SLA,HUBSLA,2026-08-14,2026,8,14,603.0,608.0
Tỷ lệ xuất sạch,3,AGG,HUBKGG01,2026-08-14,2026,8,14,21765.0,23462.0
Tỷ lệ xuất sạch,3,QNI,HUBQNI,2026-08-14,2026,8,14,15206.0,15435.0
Tỷ lệ xuất sạch,3,HTH,HUBHTH,2026-08-14,2026,8,14,12539.0,12644.0
Tỷ lệ xuất sạch,3,PHO,HUBPHO,2026-08-14,2026,8,14,18510.0,22172.0
Tỷ lệ xuất sạch,3,LSN,HUBLSN,2026-08-14,2026,8,14,9253.0,9283.0
Tỷ lệ xuất sạch,3,HUE,HUBHUE,2026-08-14,2026,8,14,22758.0,22823.0
Tỷ lệ xuất sạch,3,CBG,HUBCBG,2026-08-14,2026,8,14,1246.0,1527.0
Tỷ lệ xuất sạch,3,HYN,HUBHYN,2026-08-14,2026,8,14,32777.0,33648.0
Tỷ lệ xuất sạch,3,HYN,HUBTBH,2026-08-14,2026,8,14,19771.0,22453.0
Tỷ lệ xuất sạch,3,LDG,HUBLDG03,2026-08-14,2026,8,14,9204.0,10207.0
Tỷ lệ xuất sạch,3,DTP,HUBTGG,2026-08-14,2026,8,14,25000.0,25089.0
Tỷ lệ xuất sạch,3,LCI,HUBYBN,2026-08-14,2026,8,14,9849.0,10060.0
Tỷ lệ xuất sạch,3,DBN,HUBDBN,2026-08-14,2026,8,14,2121.0,2127.0
Tỷ lệ xuất sạch,3,BNH,HUBBNH,2026-08-14,2026,8,14,35640.0,38895.0
Tỷ lệ xuất sạch,3,QTI,HUBQTI,2026-08-14,2026,8,14,9036.0,9266.0
Tỷ lệ xuất sạch,3,DNG,HUBQNM,2026-08-14,2026,8,14,15909.0,18328.0
Tỷ lệ xuất sạch,3,TQG,HUBHGG,2026-08-14,2026,8,14,1559.0,2064.0
Tỷ lệ xuất sạch,3,DTP,HUBDTP,2026-08-14,2026,8,14,22264.0,22887.0
Tỷ lệ xuất sạch,3,LDG,HUBBTN,2026-08-14,2026,8,14,21128.0,23891.0
Tỷ lệ xuất sạch,3,QNI,HUBKTM,2026-08-14,2026,8,14,7742.0,7750.0
Tỷ lệ xuất sạch,3,DNG,HUBDNG,2026-08-14,2026,8,14,21648.0,23084.0
Tỷ lệ xuất sạch,3,LCU,HUBLCU,2026-08-14,2026,8,14,534.0,578.0
Tỷ lệ xuất sạch,3,VLG,HUBVLG,2026-08-14,2026,8,14,17224.0,17627.0
Tỷ lệ xuất sạch,3,HCM,HUBTTO,2026-08-14,2026,8,14,39116.0,41084.0
Tỷ lệ xuất sạch,3,NAN,HUBNAN,2026-08-14,2026,8,14,36168.0,37109.0
Tỷ lệ xuất sạch,3,HNI,BBSDPG,2026-08-14,2026,8,14,48774.0,49562.0
Tỷ lệ xuất sạch,3,TNN,HUBBKN,2026-08-14,2026,8,14,2494.0,2494.0
Tỷ lệ xuất sạch,3,PHO,HUBVPC,2026-08-14,2026,8,14,21858.0,24856.0
Tỷ lệ xuất sạch,3,DNI,HUBBPC,2026-08-14,2026,8,14,19372.0,20782.0
Tỷ lệ xuất sạch,3,CTO,HUBSTG,2026-08-14,2026,8,14,14285.0,15070.0
Tỷ lệ xuất sạch,3,TQG,HUBTQG,2026-08-14,2026,8,14,5712.0,5859.0
Tỷ lệ xuất sạch,3,AGG,HUBAGG,2026-08-14,2026,8,14,26423.0,26758.0
Tỷ lệ xuất sạch,3,GLI,HUBBHD,2026-08-14,2026,8,14,9449.0,9505.0
Tỷ lệ xuất sạch,3,HPG,HUBHDG,2026-08-14,2026,8,14,26343.0,26419.0
Tỷ lệ xuất sạch,3,LDG,HUBLDG01,2026-08-14,2026,8,14,14879.0,17457.0
Tỷ lệ xuất sạch,3,BNH,HUBBGG,2026-08-14,2026,8,14,26908.0,35411.0
Tỷ lệ xuất sạch,3,KHA,HUBKHA,2026-08-14,2026,8,14,23699.0,24942.0
Tỷ lệ xuất sạch,3,HNI,HUBTTI,2026-08-14,2026,8,14,55175.0,55519.0
Tỷ lệ xuất sạch,3,NBH,HUBHNM,2026-08-14,2026,8,14,17500.0,17960.0
Tỷ lệ xuất sạch,3,VLG,HUBTVH,2026-08-14,2026,8,14,11801.0,11927.0
Tỷ lệ xuất sạch,3,QTI,HUBQBH,2026-08-14,2026,8,14,12399.0,13232.0
Tỷ lệ xuất sạch,3,HCM,HUBTAN,2026-08-14,2026,8,14,32835.0,32847.0
Tỷ lệ xuất sạch,3,QNH,HUBQNH,2026-08-14,2026,8,14,23667.0,24082.0
Tỷ lệ xuất sạch,3,NBH,HUBNBH,2026-08-14,2026,8,14,21574.0,21791.0
Tỷ lệ xuất sạch,3,HNI,HUBYAN,2026-08-14,2026,8,14,44678.0,44681.0
Tỷ lệ xuất sạch,3,TNH,HUBLAN,2026-08-14,2026,8,14,30307.0,31135.0
Tỷ lệ xuất sạch,3,TQG,HUBHGG,2026-08-15,2026,8,15,1598.0,2064.0
Tỷ lệ xuất sạch,3,LDG,HUBBTN,2026-08-15,2026,8,15,23928.0,24767.0
Tỷ lệ xuất sạch,3,CMU,HUBBLU,2026-08-15,2026,8,15,9316.0,9700.0
Tỷ lệ xuất sạch,3,QNH,HUBQNH,2026-08-15,2026,8,15,22107.0,22382.0
Tỷ lệ xuất sạch,3,DLK,HUBPYN,2026-08-15,2026,8,15,10555.0,10573.0
Tỷ lệ xuất sạch,3,DTP,HUBTGG,2026-08-15,2026,8,15,24197.0,24354.0
Tỷ lệ xuất sạch,3,HCM,HUBBDG,2026-08-15,2026,8,15,39803.0,41321.0
Tỷ lệ xuất sạch,3,BNH,HUBBNH,2026-08-15,2026,8,15,31133.0,32444.0
Tỷ lệ xuất sạch,3,NAN,HUBNAN,2026-08-15,2026,8,15,41399.0,42349.0
Tỷ lệ xuất sạch,3,DLK,HUBDLK,2026-08-15,2026,8,15,25388.0,32111.0
Tỷ lệ xuất sạch,3,DNI,HUBBPC,2026-08-15,2026,8,15,17137.0,18380.0
Tỷ lệ xuất sạch,3,TNN,HUBBKN,2026-08-15,2026,8,15,2103.0,2108.0
Tỷ lệ xuất sạch,3,QNI,HUBKTM,2026-08-15,2026,8,15,8369.0,8510.0
Tỷ lệ xuất sạch,3,PHO,HUBPHO,2026-08-15,2026,8,15,17305.0,21262.0
Tỷ lệ xuất sạch,3,TNH,HUBLAN,2026-08-15,2026,8,15,33884.0,34843.0
Tỷ lệ xuất sạch,3,HTH,HUBHTH,2026-08-15,2026,8,15,12220.0,12407.0
Tỷ lệ xuất sạch,3,VLG,HUBTVH,2026-08-15,2026,8,15,11398.0,11398.0
Tỷ lệ xuất sạch,3,AGG,HUBAGG,2026-08-15,2026,8,15,26397.0,27000.0
Tỷ lệ xuất sạch,3,LCU,HUBLCU,2026-08-15,2026,8,15,536.0,556.0
Tỷ lệ xuất sạch,3,HPG,HUBHPG,2026-08-15,2026,8,15,36757.0,36913.0
Tỷ lệ xuất sạch,3,VLG,HUBVLG,2026-08-15,2026,8,15,13610.0,16087.0
Tỷ lệ xuất sạch,3,CTO,HUBCTO,2026-08-15,2026,8,15,0.0,1.0
Tỷ lệ xuất sạch,3,QTI,HUBQBH,2026-08-15,2026,8,15,11608.0,12184.0
Tỷ lệ xuất sạch,3,BNH,HUBBGG,2026-08-15,2026,8,15,29249.0,38184.0
Tỷ lệ xuất sạch,3,GLI,HUBBHD,2026-08-15,2026,8,15,10284.0,10613.0
Tỷ lệ xuất sạch,3,HPG,HUBHDG,2026-08-15,2026,8,15,25794.0,25921.0
Tỷ lệ xuất sạch,3,DNI,HUBDNI,2026-08-15,2026,8,15,85666.0,86830.0
Tỷ lệ xuất sạch,3,CTO,HUBSTG,2026-08-15,2026,8,15,13167.0,13826.0
Tỷ lệ xuất sạch,3,HNI,HUBTTI,2026-08-15,2026,8,15,51310.0,51540.0
Tỷ lệ xuất sạch,3,HNI,BBSDPG,2026-08-15,2026,8,15,47303.0,49253.0
Tỷ lệ xuất sạch,3,NBH,HUBNDH,2026-08-15,2026,8,15,26405.0,26436.0
Tỷ lệ xuất sạch,3,AGG,HUBKGG01,2026-08-15,2026,8,15,21058.0,22058.0
Tỷ lệ xuất sạch,3,PHO,HUBVPC,2026-08-15,2026,8,15,23725.0,24693.0
Tỷ lệ xuất sạch,3,SLA,HUBSLA,2026-08-15,2026,8,15,195.0,262.0
Tỷ lệ xuất sạch,3,LCI,HUBLCI01,2026-08-15,2026,8,15,9681.0,9786.0
Tỷ lệ xuất sạch,3,PHO,HUBHBH,2026-08-15,2026,8,15,12183.0,12284.0
Tỷ lệ xuất sạch,3,TQG,HUBTQG,2026-08-15,2026,8,15,4987.0,5116.0
Tỷ lệ xuất sạch,3,NBH,HUBNBH,2026-08-15,2026,8,15,18779.0,18884.0
Tỷ lệ xuất sạch,3,THA,HUBTHA,2026-08-15,2026,8,15,46705.0,50434.0
Tỷ lệ xuất sạch,3,LDG,HUBDKG,2026-08-15,2026,8,15,8794.0,11002.0
Tỷ lệ xuất sạch,3,QNI,HUBQNI,2026-08-15,2026,8,15,14509.0,14574.0
Tỷ lệ xuất sạch,3,NBH,HUBHNM,2026-08-15,2026,8,15,18322.0,18406.0
Tỷ lệ xuất sạch,3,LSN,HUBLSN,2026-08-15,2026,8,15,8985.0,8993.0
Tỷ lệ xuất sạch,3,HYN,HUBHYN,2026-08-15,2026,8,15,29858.0,30206.0
Tỷ lệ xuất sạch,3,KHA,HUBNTN,2026-08-15,2026,8,15,6960.0,6984.0
Tỷ lệ xuất sạch,3,HYN,HUBTBH,2026-08-15,2026,8,15,19787.0,20980.0
Tỷ lệ xuất sạch,3,DTP,HUBDTP,2026-08-15,2026,8,15,22278.0,22834.0
Tỷ lệ xuất sạch,3,GLI,HUBGLI,2026-08-15,2026,8,15,23564.0,25570.0
Tỷ lệ xuất sạch,3,KHA,HUBKHA,2026-08-15,2026,8,15,22680.0,23715.0
Tỷ lệ xuất sạch,3,HNI,HUBLBN,2026-08-15,2026,8,15,43142.0,43621.0
Tỷ lệ xuất sạch,3,HCM,HUBTTO,2026-08-15,2026,8,15,36922.0,38585.0
Tỷ lệ xuất sạch,3,TNN,HUBTNN,2026-08-15,2026,8,15,18934.0,20841.0
Tỷ lệ xuất sạch,3,TNH,HUBTNH,2026-08-15,2026,8,15,25629.0,27798.0
Tỷ lệ xuất sạch,3,HNI,HUBYAN,2026-08-15,2026,8,15,42595.0,42602.0
Tỷ lệ xuất sạch,3,CBG,HUBCBG,2026-08-15,2026,8,15,1436.0,1561.0
Tỷ lệ xuất sạch,3,DNG,HUBDNG,2026-08-15,2026,8,15,19537.0,21896.0
Tỷ lệ xuất sạch,3,DNG,HUBQNM,2026-08-15,2026,8,15,13868.0,16262.0
Tỷ lệ xuất sạch,3,HCM,HUBVTU,2026-08-15,2026,8,15,24284.0,25816.0
Tỷ lệ xuất sạch,3,HUE,HUBHUE,2026-08-15,2026,8,15,18846.0,18892.0
Tỷ lệ xuất sạch,3,VLG,HUBBTE,2026-08-15,2026,8,15,20776.0,21355.0
Tỷ lệ xuất sạch,3,LDG,HUBLDG03,2026-08-15,2026,8,15,8304.0,8560.0
Tỷ lệ xuất sạch,3,CMU,HUBCMU,2026-08-15,2026,8,15,16785.0,16798.0
Tỷ lệ xuất sạch,3,LDG,HUBLDG01,2026-08-15,2026,8,15,16160.0,16586.0
Tỷ lệ xuất sạch,3,QTI,HUBQTI,2026-08-15,2026,8,15,8911.0,8922.0
Tỷ lệ xuất sạch,3,HCM,HUBTAN,2026-08-15,2026,8,15,23993.0,24041.0
Tỷ lệ xuất sạch,3,LCI,HUBYBN,2026-08-15,2026,8,15,8716.0,8921.0
Tỷ lệ xuất sạch,3,DBN,HUBDBN,2026-08-15,2026,8,15,2327.0,2329.0
Tỷ lệ xuất sạch,3,HCM,HUBTAN,2026-08-17,2026,8,17,21736.0,21783.0
Tỷ lệ xuất sạch,3,TQG,HUBHGG,2026-08-17,2026,8,17,1868.0,2344.0
Tỷ lệ xuất sạch,3,HYN,HUBHYN,2026-08-17,2026,8,17,25146.0,25253.0
Tỷ lệ xuất sạch,3,NBH,HUBHNM,2026-08-17,2026,8,17,14732.0,14782.0
Tỷ lệ xuất sạch,3,HPG,HUBHPG,2026-08-17,2026,8,17,27271.0,27408.0
Tỷ lệ xuất sạch,3,SLA,HUBSLA,2026-08-17,2026,8,17,475.0,478.0
Tỷ lệ xuất sạch,3,HUE,HUBHUE,2026-08-17,2026,8,17,18381.0,18468.0
Tỷ lệ xuất sạch,3,DBN,HUBDBN,2026-08-17,2026,8,17,2040.0,2300.0
Tỷ lệ xuất sạch,3,VLG,HUBVLG,2026-08-17,2026,8,17,14039.0,17059.0
Tỷ lệ xuất sạch,3,NBH,HUBNDH,2026-08-17,2026,8,17,24345.0,24744.0
Tỷ lệ xuất sạch,3,LCI,HUBYBN,2026-08-17,2026,8,17,6361.0,8112.0
Tỷ lệ xuất sạch,3,QTI,HUBQTI,2026-08-17,2026,8,17,7796.0,9058.0
Tỷ lệ xuất sạch,3,HYN,HUBTBH,2026-08-17,2026,8,17,17120.0,19524.0
Tỷ lệ xuất sạch,3,LSN,HUBLSN,2026-08-17,2026,8,17,7916.0,7961.0
Tỷ lệ xuất sạch,3,QNI,HUBKTM,2026-08-17,2026,8,17,7166.0,7275.0
Tỷ lệ xuất sạch,3,CMU,HUBBLU,2026-08-17,2026,8,17,11280.0,12172.0
Tỷ lệ xuất sạch,3,CMU,HUBCMU,2026-08-17,2026,8,17,15366.0,19505.0
Tỷ lệ xuất sạch,3,LDG,HUBDKG,2026-08-17,2026,8,17,8900.0,11273.0
Tỷ lệ xuất sạch,3,VLG,HUBTVH,2026-08-17,2026,8,17,10717.0,13058.0
Tỷ lệ xuất sạch,3,LCI,HUBLCI01,2026-08-17,2026,8,17,6806.0,6863.0
Tỷ lệ xuất sạch,3,HTH,HUBHTH,2026-08-17,2026,8,17,10561.0,11986.0
Tỷ lệ xuất sạch,3,TNN,HUBBKN,2026-08-17,2026,8,17,1876.0,1882.0
Tỷ lệ xuất sạch,3,DNI,HUBDNI,2026-08-17,2026,8,17,86875.0,87625.0
Tỷ lệ xuất sạch,3,LDG,HUBLDG03,2026-08-17,2026,8,17,8221.0,8827.0
Tỷ lệ xuất sạch,3,HCM,HUBVTU,2026-08-17,2026,8,17,20597.0,20978.0
Tỷ lệ xuất sạch,3,HNI,BBSDPG,2026-08-17,2026,8,17,51336.0,52270.0
Tỷ lệ xuất sạch,3,TNH,HUBTNH,2026-08-17,2026,8,17,21899.0,22306.0
Tỷ lệ xuất sạch,3,PHO,HUBHBH,2026-08-17,2026,8,17,10143.0,10223.0
Tỷ lệ xuất sạch,3,DNI,HUBBPC,2026-08-17,2026,8,17,16030.0,16788.0
Tỷ lệ xuất sạch,3,AGG,HUBAGG,2026-08-17,2026,8,17,24963.0,29689.0
Tỷ lệ xuất sạch,3,DTP,HUBTGG,2026-08-17,2026,8,17,20387.0,22441.0
Tỷ lệ xuất sạch,3,BNH,HUBBNH,2026-08-17,2026,8,17,30089.0,44275.0
Tỷ lệ xuất sạch,3,DLK,HUBDLK,2026-08-17,2026,8,17,25026.0,27601.0
Tỷ lệ xuất sạch,3,AGG,HUBKGG01,2026-08-17,2026,8,17,17491.0,18679.0
Tỷ lệ xuất sạch,3,NBH,HUBNBH,2026-08-17,2026,8,17,17467.0,17991.0
Tỷ lệ xuất sạch,3,GLI,HUBGLI,2026-08-17,2026,8,17,20560.0,21136.0
Tỷ lệ xuất sạch,3,HPG,HUBHDG,2026-08-17,2026,8,17,22138.0,22420.0
Tỷ lệ xuất sạch,3,CTO,HUBSTG,2026-08-17,2026,8,17,12944.0,13036.0
Tỷ lệ xuất sạch,3,QNI,HUBQNI,2026-08-17,2026,8,17,17428.0,17565.0
Tỷ lệ xuất sạch,3,QTI,HUBQBH,2026-08-17,2026,8,17,10880.0,11599.0
Tỷ lệ xuất sạch,3,LCU,HUBLCU,2026-08-17,2026,8,17,482.0,482.0
Tỷ lệ xuất sạch,3,PHO,HUBVPC,2026-08-17,2026,8,17,15427.0,17397.0
Tỷ lệ xuất sạch,3,TNH,HUBLAN,2026-08-17,2026,8,17,21240.0,23354.0
Tỷ lệ xuất sạch,3,BNH,HUBBGG,2026-08-17,2026,8,17,19944.0,25935.0
Tỷ lệ xuất sạch,3,DTP,HUBDTP,2026-08-17,2026,8,17,20128.0,22378.0
Tỷ lệ xuất sạch,3,HNI,HUBTTI,2026-08-17,2026,8,17,48380.0,48653.0
Tỷ lệ xuất sạch,3,GLI,HUBBHD,2026-08-17,2026,8,17,7730.0,7775.0
Tỷ lệ xuất sạch,3,LDG,HUBBTN,2026-08-17,2026,8,17,18429.0,18562.0
Tỷ lệ xuất sạch,3,VLG,HUBBTE,2026-08-17,2026,8,17,16730.0,20234.0
Tỷ lệ xuất sạch,3,LDG,HUBLDG01,2026-08-17,2026,8,17,12032.0,14568.0
Tỷ lệ xuất sạch,3,TQG,HUBTQG,2026-08-17,2026,8,17,4454.0,4854.0
Tỷ lệ xuất sạch,3,PHO,HUBPHO,2026-08-17,2026,8,17,14631.0,18269.0
Tỷ lệ xuất sạch,3,HCM,HUBTTO,2026-08-17,2026,8,17,28768.0,29772.0
Tỷ lệ xuất sạch,3,CBG,HUBCBG,2026-08-17,2026,8,17,1120.0,1347.0
Tỷ lệ xuất sạch,3,HNI,HUBLBN,2026-08-17,2026,8,17,48844.0,49272.0
Tỷ lệ xuất sạch,3,DLK,HUBPYN,2026-08-17,2026,8,17,8141.0,8159.0
Tỷ lệ xuất sạch,3,DNG,HUBQNM,2026-08-17,2026,8,17,17774.0,19172.0
Tỷ lệ xuất sạch,3,HCM,HUBBDG,2026-08-17,2026,8,17,29503.0,30681.0
Tỷ lệ xuất sạch,3,THA,HUBTHA,2026-08-17,2026,8,17,37123.0,39521.0
Tỷ lệ xuất sạch,3,QNH,HUBQNH,2026-08-17,2026,8,17,20924.0,25537.0
Tỷ lệ xuất sạch,3,TNN,HUBTNN,2026-08-17,2026,8,17,16392.0,17897.0
Tỷ lệ xuất sạch,3,NAN,HUBNAN,2026-08-17,2026,8,17,36783.0,37254.0
Tỷ lệ xuất sạch,3,HNI,HUBYAN,2026-08-17,2026,8,17,40658.0,40665.0
Tỷ lệ xuất sạch,3,CTO,HUBCTO,2026-08-17,2026,8,17,66.0,66.0
Tỷ lệ xuất sạch,3,KHA,HUBNTN,2026-08-17,2026,8,17,7305.0,7744.0
Tỷ lệ xuất sạch,3,KHA,HUBKHA,2026-08-17,2026,8,17,21899.0,23950.0
Tỷ lệ xuất sạch,3,DNG,HUBDNG,2026-08-17,2026,8,17,16526.0,17313.0
Tỷ lệ xuất sạch,3,KHA,HUBKHA,2026-08-17,2026,8,17,21899.0,23950.0
Tỷ lệ xuất sạch,3,QTI,HUBQBH,2026-08-17,2026,8,17,10880.0,11599.0
Tỷ lệ xuất sạch,3,QNI,HUBQNI,2026-08-17,2026,8,17,17428.0,17565.0
Tỷ lệ xuất sạch,3,HNI,HUBYAN,2026-08-17,2026,8,17,40658.0,40665.0
Tỷ lệ xuất sạch,3,DTP,HUBTGG,2026-08-17,2026,8,17,20387.0,22441.0
Tỷ lệ xuất sạch,3,TQG,HUBTQG,2026-08-17,2026,8,17,4454.0,4854.0
Tỷ lệ xuất sạch,3,HCM,HUBTTO,2026-08-17,2026,8,17,28768.0,29772.0
Tỷ lệ xuất sạch,3,GLI,HUBGLI,2026-08-17,2026,8,17,20560.0,21136.0
Tỷ lệ xuất sạch,3,LDG,HUBBTN,2026-08-17,2026,8,17,18429.0,18562.0
Tỷ lệ xuất sạch,3,LCU,HUBLCU,2026-08-17,2026,8,17,482.0,482.0
Tỷ lệ xuất sạch,3,NBH,HUBNBH,2026-08-17,2026,8,17,17467.0,17991.0
Tỷ lệ xuất sạch,3,HCM,HUBBDG,2026-08-17,2026,8,17,29503.0,30681.0
Tỷ lệ xuất sạch,3,HCM,HUBTAN,2026-08-17,2026,8,17,21736.0,21783.0
Tỷ lệ xuất sạch,3,DBN,HUBDBN,2026-08-17,2026,8,17,2040.0,2300.0
Tỷ lệ xuất sạch,3,QNI,HUBKTM,2026-08-17,2026,8,17,7166.0,7275.0
Tỷ lệ xuất sạch,3,QNH,HUBQNH,2026-08-17,2026,8,17,20924.0,25537.0
Tỷ lệ xuất sạch,3,LDG,HUBLDG03,2026-08-17,2026,8,17,8221.0,8827.0
Tỷ lệ xuất sạch,3,NBH,HUBHNM,2026-08-17,2026,8,17,14732.0,14782.0
Tỷ lệ xuất sạch,3,DLK,HUBDLK,2026-08-17,2026,8,17,25026.0,27601.0
Tỷ lệ xuất sạch,3,TQG,HUBHGG,2026-08-17,2026,8,17,1868.0,2344.0
Tỷ lệ xuất sạch,3,HTH,HUBHTH,2026-08-17,2026,8,17,10561.0,11986.0
Tỷ lệ xuất sạch,3,DNG,HUBQNM,2026-08-17,2026,8,17,17774.0,19172.0
Tỷ lệ xuất sạch,3,VLG,HUBTVH,2026-08-17,2026,8,17,10717.0,13058.0
Tỷ lệ xuất sạch,3,NBH,HUBNDH,2026-08-17,2026,8,17,24345.0,24744.0
Tỷ lệ xuất sạch,3,LSN,HUBLSN,2026-08-17,2026,8,17,7916.0,7961.0
Tỷ lệ xuất sạch,3,QTI,HUBQTI,2026-08-17,2026,8,17,7796.0,9058.0
Tỷ lệ xuất sạch,3,DNI,HUBBPC,2026-08-17,2026,8,17,16030.0,16788.0
Tỷ lệ xuất sạch,3,LCI,HUBYBN,2026-08-17,2026,8,17,6361.0,8112.0
Tỷ lệ xuất sạch,3,TNN,HUBBKN,2026-08-17,2026,8,17,1876.0,1882.0
Tỷ lệ xuất sạch,3,HPG,HUBHPG,2026-08-17,2026,8,17,27271.0,27408.0
Tỷ lệ xuất sạch,3,HCM,HUBVTU,2026-08-17,2026,8,17,20597.0,20978.0
Tỷ lệ xuất sạch,3,KHA,HUBNTN,2026-08-17,2026,8,17,7305.0,7744.0
Tỷ lệ xuất sạch,3,AGG,HUBKGG01,2026-08-17,2026,8,17,17491.0,18679.0
Tỷ lệ xuất sạch,3,CTO,HUBCTO,2026-08-17,2026,8,17,66.0,66.0
Tỷ lệ xuất sạch,3,HYN,HUBHYN,2026-08-17,2026,8,17,25146.0,25253.0
Tỷ lệ xuất sạch,3,PHO,HUBHBH,2026-08-17,2026,8,17,10143.0,10223.0
Tỷ lệ xuất sạch,3,HPG,HUBHDG,2026-08-17,2026,8,17,22138.0,22420.0
Tỷ lệ xuất sạch,3,BNH,HUBBNH,2026-08-17,2026,8,17,30089.0,44275.0
Tỷ lệ xuất sạch,3,CBG,HUBCBG,2026-08-17,2026,8,17,1120.0,1347.0
Tỷ lệ xuất sạch,3,TNH,HUBLAN,2026-08-17,2026,8,17,21240.0,23354.0
Tỷ lệ xuất sạch,3,VLG,HUBBTE,2026-08-17,2026,8,17,16730.0,20234.0
Tỷ lệ xuất sạch,3,HNI,HUBTTI,2026-08-17,2026,8,17,48380.0,48653.0
Tỷ lệ xuất sạch,3,HNI,BBSDPG,2026-08-17,2026,8,17,51336.0,52270.0
Tỷ lệ xuất sạch,3,DNG,HUBDNG,2026-08-17,2026,8,17,16526.0,17313.0
Tỷ lệ xuất sạch,3,TNN,HUBTNN,2026-08-17,2026,8,17,16392.0,17897.0
Tỷ lệ xuất sạch,3,CMU,HUBBLU,2026-08-17,2026,8,17,11280.0,12172.0
Tỷ lệ xuất sạch,3,DNI,HUBDNI,2026-08-17,2026,8,17,86875.0,87625.0
Tỷ lệ xuất sạch,3,LDG,HUBLDG01,2026-08-17,2026,8,17,12032.0,14568.0
Tỷ lệ xuất sạch,3,HYN,HUBTBH,2026-08-17,2026,8,17,17120.0,19524.0
Tỷ lệ xuất sạch,3,BNH,HUBBGG,2026-08-17,2026,8,17,19944.0,25935.0
Tỷ lệ xuất sạch,3,DLK,HUBPYN,2026-08-17,2026,8,17,8141.0,8159.0
Tỷ lệ xuất sạch,3,GLI,HUBBHD,2026-08-17,2026,8,17,7730.0,7775.0
Tỷ lệ xuất sạch,3,PHO,HUBVPC,2026-08-17,2026,8,17,15427.0,17397.0
Tỷ lệ xuất sạch,3,PHO,HUBPHO,2026-08-17,2026,8,17,14631.0,18269.0
Tỷ lệ xuất sạch,3,THA,HUBTHA,2026-08-17,2026,8,17,37123.0,39521.0
Tỷ lệ xuất sạch,3,CTO,HUBSTG,2026-08-17,2026,8,17,12944.0,13036.0
Tỷ lệ xuất sạch,3,HUE,HUBHUE,2026-08-17,2026,8,17,18381.0,18468.0
Tỷ lệ xuất sạch,3,LCI,HUBLCI01,2026-08-17,2026,8,17,6806.0,6863.0
Tỷ lệ xuất sạch,3,SLA,HUBSLA,2026-08-17,2026,8,17,475.0,478.0
Tỷ lệ xuất sạch,3,TNH,HUBTNH,2026-08-17,2026,8,17,21899.0,22306.0
Tỷ lệ xuất sạch,3,HNI,HUBLBN,2026-08-17,2026,8,17,48844.0,49272.0
Tỷ lệ xuất sạch,3,VLG,HUBVLG,2026-08-17,2026,8,17,14039.0,17059.0
Tỷ lệ xuất sạch,3,AGG,HUBAGG,2026-08-17,2026,8,17,24963.0,29689.0
Tỷ lệ xuất sạch,3,NAN,HUBNAN,2026-08-17,2026,8,17,36783.0,37254.0
Tỷ lệ xuất sạch,3,CMU,HUBCMU,2026-08-17,2026,8,17,15366.0,19505.0
Tỷ lệ xuất sạch,3,DTP,HUBDTP,2026-08-17,2026,8,17,20128.0,22378.0
Tỷ lệ xuất sạch,3,LDG,HUBDKG,2026-08-17,2026,8,17,8900.0,11273.0
Thời gian chờ nhập,4,QTI,HUBQTI,2026-08-04,2026,8,4,127.96666666666667,14.0
Thời gian chờ nhập,4,VLG,HUBBTE,2026-08-08,2026,8,8,303.26666666666665,29.0
Thời gian chờ nhập,4,VLG,HUBTVH,2026-08-17,2026,8,17,72.1,13.0
Thời gian chờ nhập,4,HCM,HUBVTU,2026-07-31,2026,7,31,0.9166666666666666,1.0
Thời gian chờ nhập,4,VLG,HUBTVH,2026-08-03,2026,8,3,52.516666666666666,13.0
Thời gian chờ nhập,4,NBH,HUBHNM,2026-08-04,2026,8,4,177.91666666666669,13.0
Thời gian chờ nhập,4,SLA,HUBSLA,2026-08-07,2026,8,7,122.86666666666666,2.0
Thời gian chờ nhập,4,HCM,HUBTTO,2026-08-07,2026,8,7,796.9666666666667,30.0
Thời gian chờ nhập,4,HCM,HUBVTU,2026-08-12,2026,8,12,175.8,23.0
Thời gian chờ nhập,4,CBG,HUBCBG,2026-08-10,2026,8,10,130.46666666666664,3.0
Thời gian chờ nhập,4,HPG,HUBHDG,2026-08-11,2026,8,11,95.9,25.0
Thời gian chờ nhập,4,QTI,HUBQBH,2026-08-14,2026,8,14,149.65,18.0
Thời gian chờ nhập,4,AGG,HUBKGG01,2026-08-14,2026,8,14,327.53333333333336,23.0
Thời gian chờ nhập,4,HNI,HUBYAN,2026-08-02,2026,8,2,1161.8833333333334,26.0
Thời gian chờ nhập,4,HTH,HUBHTH,2026-08-15,2026,8,15,307.23333333333335,13.0
Thời gian chờ nhập,4,DLK,HUBPYN,2026-08-08,2026,8,8,229.18333333333334,17.0
Thời gian chờ nhập,4,LCU,HUBLCU,2026-08-02,2026,8,2,5.9,2.0
Thời gian chờ nhập,4,HUE,HUBHUE,2026-08-01,2026,8,1,134.18333333333334,15.0
Thời gian chờ nhập,4,NBH,HUBNDH,2026-08-14,2026,8,14,121.91666666666667,27.0
Thời gian chờ nhập,4,HYN,HUBHYN,2026-08-07,2026,8,7,188.66666666666666,33.0
Thời gian chờ nhập,4,DNG,HUBQNM,2026-08-02,2026,8,2,263.43333333333334,15.0
Thời gian chờ nhập,4,TNN,HUBTNN,2026-08-13,2026,8,13,94.8,19.0
Thời gian chờ nhập,4,QNH,HUBQNH,2026-08-09,2026,8,9,876.5166666666667,24.0
Thời gian chờ nhập,4,DBN,HUBDBN,2026-08-13,2026,8,13,12.866666666666667,4.0
Thời gian chờ nhập,4,CTO,HUBSTG,2026-08-01,2026,8,1,127.46666666666667,16.0
Thời gian chờ nhập,4,DNI,HUBDNI,2026-08-12,2026,8,12,233.48333333333335,48.0
Thời gian chờ nhập,4,HCM,HUBTAN,2026-07-31,2026,7,31,12.5,1.0
Thời gian chờ nhập,4,KHA,HUBKHA,2026-08-11,2026,8,11,566.2833333333333,33.0
Thời gian chờ nhập,4,TNN,HUBTNN,2026-08-11,2026,8,11,169.88333333333333,19.0
Thời gian chờ nhập,4,LDG,HUBBTN,2026-08-16,2026,8,16,171.26666666666665,19.0
Thời gian chờ nhập,4,PHO,HUBVPC,2026-08-17,2026,8,17,335.18333333333334,17.0
Thời gian chờ nhập,4,QNI,HUBQNI,2026-08-15,2026,8,15,407.06666666666666,18.0
Thời gian chờ nhập,4,BNH,HUBBGG,2026-08-15,2026,8,15,1013.9,30.0
Thời gian chờ nhập,4,BNH,HUBBGG,2026-08-14,2026,8,14,603.0166666666667,27.0
Thời gian chờ nhập,4,DTP,HUBDTP,2026-08-11,2026,8,11,97.83333333333333,22.0
Thời gian chờ nhập,4,HTH,HUBHTH,2026-08-03,2026,8,3,190.7,12.0
Thời gian chờ nhập,4,NBH,HUBNDH,2026-08-06,2026,8,6,168.18333333333334,30.0
Thời gian chờ nhập,4,LSN,HUBLSN,2026-08-05,2026,8,5,34.31666666666667,6.0
Thời gian chờ nhập,4,HNI,HUBLBN,2026-08-12,2026,8,12,525.8333333333334,27.0
Thời gian chờ nhập,4,SLA,HUBSLA,2026-08-15,2026,8,15,31.816666666666666,5.0
Thời gian chờ nhập,4,HNI,HUBTTI,2026-08-05,2026,8,5,749.9,58.0
Thời gian chờ nhập,4,NAN,HUBNAN,2026-08-12,2026,8,12,586.5833333333334,32.0
Thời gian chờ nhập,4,CMU,HUBBLU,2026-08-10,2026,8,10,57.65,11.0
Thời gian chờ nhập,4,LCU,HUBLCU,2026-08-09,2026,8,9,4.483333333333333,1.0
Thời gian chờ nhập,4,HCM,HUBVTU,2026-08-08,2026,8,8,147.51666666666665,22.0
Thời gian chờ nhập,4,HPG,HUBHDG,2026-08-09,2026,8,9,63.916666666666664,13.0
Thời gian chờ nhập,4,HUE,HUBHUE,2026-08-11,2026,8,11,455.71666666666664,21.0
Thời gian chờ nhập,4,TNH,HUBTNH,2026-08-15,2026,8,15,477.51666666666665,30.0
Thời gian chờ nhập,4,HYN,HUBTBH,2026-08-06,2026,8,6,97.23333333333333,25.0
Thời gian chờ nhập,4,QTI,HUBQBH,2026-08-01,2026,8,1,71.91666666666666,15.0
Thời gian chờ nhập,4,LDG,HUBLDG03,2026-08-06,2026,8,6,280.6166666666667,13.0
Thời gian chờ nhập,4,PHO,HUBPHO,2026-08-02,2026,8,2,394.51666666666665,20.0
Thời gian chờ nhập,4,HCM,HUBBDG,2026-08-06,2026,8,6,209.28333333333333,12.0
Thời gian chờ nhập,4,AGG,HUBAGG,2026-08-17,2026,8,17,221.3,24.0
Thời gian chờ nhập,4,TNN,HUBTNN,2026-08-04,2026,8,4,199.41666666666666,21.0
Thời gian chờ nhập,4,QTI,HUBQBH,2026-08-07,2026,8,7,57.08333333333333,13.0
Thời gian chờ nhập,4,CTO,HUBSTG,2026-08-05,2026,8,5,169.96666666666667,14.0
Thời gian chờ nhập,4,CMU,HUBCMU,2026-08-14,2026,8,14,116.4,17.0
Thời gian chờ nhập,4,QNH,HUBQNH,2026-08-15,2026,8,15,777.4666666666667,28.0
Thời gian chờ nhập,4,HCM,HUBTTO,2026-08-09,2026,8,9,546.0333333333333,33.0
Thời gian chờ nhập,4,DLK,HUBPYN,2026-08-14,2026,8,14,218.39999999999998,19.0
Thời gian chờ nhập,4,BNH,HUBBGG,2026-08-13,2026,8,13,687.2333333333333,31.0
Thời gian chờ nhập,4,HCM,HUBVTU,2026-08-02,2026,8,2,140.78333333333333,19.0
Thời gian chờ nhập,4,QTI,HUBQBH,2026-08-03,2026,8,3,96.86666666666666,18.0
Thời gian chờ nhập,4,QTI,HUBQTI,2026-08-11,2026,8,11,79.45,11.0
Thời gian chờ nhập,4,DNI,HUBBPC,2026-08-12,2026,8,12,225.16666666666666,20.0
Thời gian chờ nhập,4,HNI,BBSDPG,2026-08-01,2026,8,1,290.9666666666667,19.0
Thời gian chờ nhập,4,DNG,HUBQNM,2026-08-17,2026,8,17,453.05,24.0
Thời gian chờ nhập,4,CTO,HUBSTG,2026-08-07,2026,8,7,77.9,14.0
Thời gian chờ nhập,4,VLG,HUBVLG,2026-08-04,2026,8,4,207.11666666666667,15.0
Thời gian chờ nhập,4,LDG,HUBBTN,2026-08-12,2026,8,12,402.98333333333335,20.0
Thời gian chờ nhập,4,HYN,HUBTBH,2026-08-01,2026,8,1,145.78333333333333,21.0
Thời gian chờ nhập,4,TQG,HUBTQG,2026-08-12,2026,8,12,69.14999999999999,7.0
Thời gian chờ nhập,4,HNI,BBSDPG,2026-08-08,2026,8,8,353.9,18.0
Thời gian chờ nhập,4,BNH,HUBBGG,2026-07-31,2026,7,31,2.1333333333333333,1.0
Thời gian chờ nhập,4,LDG,HUBDKG,2026-08-08,2026,8,8,395.4166666666667,13.0
Thời gian chờ nhập,4,LCI,HUBYBN,2026-08-06,2026,8,6,197.26666666666665,6.0
Thời gian chờ nhập,4,PHO,HUBVPC,2026-08-16,2026,8,16,968.15,19.0
Thời gian chờ nhập,4,LDG,HUBBTN,2026-08-07,2026,8,7,403.56666666666666,25.0
Thời gian chờ nhập,4,LDG,HUBDKG,2026-08-12,2026,8,12,511.4,14.0
Thời gian chờ nhập,4,TQG,HUBHGG,2026-08-16,2026,8,16,33.516666666666666,6.0
Thời gian chờ nhập,4,HUE,HUBHUE,2026-08-17,2026,8,17,523.1333333333333,16.0
Thời gian chờ nhập,4,DNI,HUBBPC,2026-08-01,2026,8,1,166.78333333333333,26.0
Thời gian chờ nhập,4,DNI,HUBBPC,2026-08-07,2026,8,7,298.23333333333335,26.0
Thời gian chờ nhập,4,LDG,HUBDKG,2026-08-16,2026,8,16,325.51666666666665,12.0
Thời gian chờ nhập,4,DTP,HUBTGG,2026-08-07,2026,8,7,244.48333333333332,22.0
Thời gian chờ nhập,4,CMU,HUBCMU,2026-08-01,2026,8,1,387.0833333333333,18.0
Thời gian chờ nhập,4,TQG,HUBTQG,2026-08-02,2026,8,2,17.183333333333334,6.0
Thời gian chờ nhập,4,CMU,HUBBLU,2026-08-06,2026,8,6,81.64999999999999,11.0
Thời gian chờ nhập,4,QTI,HUBQTI,2026-08-08,2026,8,8,111.38333333333333,14.0
Thời gian chờ nhập,4,DBN,HUBDBN,2026-08-01,2026,8,1,8.15,3.0
Thời gian chờ nhập,4,GLI,HUBBHD,2026-08-17,2026,8,17,28.15,9.0
Thời gian chờ nhập,4,DLK,HUBDLK,2026-08-14,2026,8,14,790.2,32.0
Thời gian chờ nhập,4,HNI,HUBLBN,2026-08-16,2026,8,16,293.05,19.0
Thời gian chờ nhập,4,NBH,HUBHNM,2026-08-10,2026,8,10,261.3333333333333,14.0
Thời gian chờ nhập,4,HTH,HUBHTH,2026-08-17,2026,8,17,113.78333333333333,12.0
Thời gian chờ nhập,4,LSN,HUBLSN,2026-08-14,2026,8,14,31.716666666666665,8.0
Thời gian chờ nhập,4,GLI,HUBGLI,2026-08-02,2026,8,2,1663.4666666666667,31.0
Thời gian chờ nhập,4,HCM,HUBVTU,2026-08-15,2026,8,15,119.03333333333333,18.0
Thời gian chờ nhập,4,LCI,HUBYBN,2026-08-04,2026,8,4,263.05,10.0
Thời gian chờ nhập,4,LDG,HUBLDG01,2026-08-01,2026,8,1,586.8833333333333,22.0
Thời gian chờ nhập,4,HCM,HUBTAN,2026-08-06,2026,8,6,143.81666666666666,20.0
Thời gian chờ nhập,4,TNN,HUBTNN,2026-08-01,2026,8,1,107.63333333333333,15.0
Thời gian chờ nhập,4,AGG,HUBAGG,2026-08-16,2026,8,16,230.33333333333331,18.0
Thời gian chờ nhập,4,NBH,HUBNDH,2026-08-02,2026,8,2,124.95,23.0
Thời gian chờ nhập,4,VLG,HUBTVH,2026-08-13,2026,8,13,41.4,14.0
Thời gian chờ nhập,4,GLI,HUBBHD,2026-08-09,2026,8,9,77.46666666666667,10.0
Thời gian chờ nhập,4,TQG,HUBHGG,2026-08-10,2026,8,10,46.050000000000004,3.0
Thời gian chờ nhập,4,LDG,HUBLDG03,2026-08-03,2026,8,3,457.6333333333333,13.0
Thời gian chờ nhập,4,DBN,HUBDBN,2026-08-16,2026,8,16,2.8833333333333333,2.0
Thời gian chờ nhập,4,DNI,HUBBPC,2026-08-13,2026,8,13,277.8,26.0
Thời gian chờ nhập,4,QNI,HUBQNI,2026-08-08,2026,8,8,221.71666666666664,17.0
Thời gian chờ nhập,4,HNI,HUBLBN,2026-08-07,2026,8,7,386.0833333333333,28.0
Thời gian chờ nhập,4,CMU,HUBCMU,2026-08-10,2026,8,10,85.21666666666667,18.0
Thời gian chờ nhập,4,LDG,HUBBTN,2026-08-01,2026,8,1,342.3333333333333,20.0
Thời gian chờ nhập,4,HYN,HUBTBH,2026-08-05,2026,8,5,101.1,23.0
Thời gian chờ nhập,4,QTI,HUBQTI,2026-08-10,2026,8,10,77.86666666666666,13.0
Thời gian chờ nhập,4,GLI,HUBGLI,2026-07-31,2026,7,31,156.28333333333333,1.0
Thời gian chờ nhập,4,SLA,HUBSLA,2026-08-02,2026,8,2,74.98333333333333,3.0
Thời gian chờ nhập,4,TQG,HUBHGG,2026-08-02,2026,8,2,30.75,5.0
Thời gian chờ nhập,4,LSN,HUBLSN,2026-08-13,2026,8,13,29.183333333333334,8.0
Thời gian chờ nhập,4,NBH,HUBNDH,2026-08-10,2026,8,10,116.41666666666666,26.0
Thời gian chờ nhập,4,KHA,HUBKHA,2026-08-16,2026,8,16,535.05,28.0
Thời gian chờ nhập,4,CTO,HUBSTG,2026-08-04,2026,8,4,57.266666666666666,15.0
Thời gian chờ nhập,4,HYN,HUBHYN,2026-08-11,2026,8,11,118.53333333333333,31.0
Thời gian chờ nhập,4,DNI,HUBBPC,2026-08-02,2026,8,2,692.2666666666667,24.0
Thời gian chờ nhập,4,HNI,HUBLBN,2026-08-11,2026,8,11,1468.65,26.0
Thời gian chờ nhập,4,HYN,HUBTBH,2026-08-08,2026,8,8,106.68333333333334,21.0
Thời gian chờ nhập,4,DTP,HUBTGG,2026-08-04,2026,8,4,363.1166666666667,23.0
Thời gian chờ nhập,4,BNH,HUBBGG,2026-08-02,2026,8,2,457.31666666666666,25.0
Thời gian chờ nhập,4,TNN,HUBBKN,2026-08-08,2026,8,8,125.28333333333335,5.0
Thời gian chờ nhập,4,HTH,HUBHTH,2026-08-16,2026,8,16,139.18333333333334,8.0
Thời gian chờ nhập,4,SLA,HUBSLA,2026-08-05,2026,8,5,16.583333333333336,2.0
Thời gian chờ nhập,4,QTI,HUBQBH,2026-08-02,2026,8,2,180.85,16.0
Thời gian chờ nhập,4,TQG,HUBTQG,2026-08-11,2026,8,11,101.05,10.0
Thời gian chờ nhập,4,VLG,HUBBTE,2026-08-12,2026,8,12,608.9,31.0
Thời gian chờ nhập,4,TNN,HUBBKN,2026-08-10,2026,8,10,108.76666666666667,5.0
Thời gian chờ nhập,4,LDG,HUBDKG,2026-08-09,2026,8,9,145.26666666666668,13.0
Thời gian chờ nhập,4,DTP,HUBTGG,2026-08-10,2026,8,10,147.06666666666666,18.0
Thời gian chờ nhập,4,HYN,HUBTBH,2026-08-03,2026,8,3,114.6,19.0
Thời gian chờ nhập,4,LDG,HUBLDG01,2026-08-09,2026,8,9,375.81666666666666,25.0
Thời gian chờ nhập,4,LCU,HUBLCU,2026-08-12,2026,8,12,4.8999999999999995,2.0
Thời gian chờ nhập,4,HYN,HUBHYN,2026-08-12,2026,8,12,113.1,30.0
Thời gian chờ nhập,4,NBH,HUBHNM,2026-08-02,2026,8,2,16.733333333333334,6.0
Thời gian chờ nhập,4,BNH,HUBBGG,2026-08-05,2026,8,5,487.1166666666667,31.0
Thời gian chờ nhập,4,TNH,HUBTNH,2026-08-02,2026,8,2,153.23333333333332,20.0
Thời gian chờ nhập,4,SLA,HUBSLA,2026-08-10,2026,8,10,48.81666666666667,3.0
Thời gian chờ nhập,4,GLI,HUBGLI,2026-08-11,2026,8,11,1130.75,25.0
Thời gian chờ nhập,4,DLK,HUBPYN,2026-08-06,2026,8,6,429.5,17.0
Thời gian chờ nhập,4,CMU,HUBBLU,2026-08-14,2026,8,14,192.78333333333333,11.0
Thời gian chờ nhập,4,DLK,HUBPYN,2026-08-05,2026,8,5,50.53333333333333,13.0
Thời gian chờ nhập,4,AGG,HUBAGG,2026-08-10,2026,8,10,409.55,24.0
Thời gian chờ nhập,4,QTI,HUBQTI,2026-08-07,2026,8,7,49.1,10.0
Thời gian chờ nhập,4,HPG,HUBHDG,2026-08-15,2026,8,15,72.63333333333333,20.0
Thời gian chờ nhập,4,VLG,HUBBTE,2026-08-13,2026,8,13,288.85,31.0
Thời gian chờ nhập,4,NBH,HUBNDH,2026-08-05,2026,8,5,93.48333333333333,25.0
Thời gian chờ nhập,4,QNI,HUBQNI,2026-08-10,2026,8,10,214.35,18.0
Thời gian chờ nhập,4,HPG,HUBHDG,2026-08-07,2026,8,7,119.96666666666667,25.0
Thời gian chờ nhập,4,TNH,HUBTNH,2026-08-17,2026,8,17,215.8,26.0
Thời gian chờ nhập,4,QNI,HUBKTM,2026-08-11,2026,8,11,263.05,16.0
Thời gian chờ nhập,4,HUE,HUBHUE,2026-08-10,2026,8,10,553.25,20.0
Thời gian chờ nhập,4,THA,HUBTHA,2026-08-11,2026,8,11,1238.1,33.0
Thời gian chờ nhập,4,LDG,HUBLDG03,2026-08-12,2026,8,12,449.1333333333333,13.0
Thời gian chờ nhập,4,LCU,HUBLCU,2026-08-14,2026,8,14,9.9,3.0
Thời gian chờ nhập,4,THA,HUBTHA,2026-08-06,2026,8,6,1319.9166666666667,44.0
Thời gian chờ nhập,4,TNN,HUBBKN,2026-08-07,2026,8,7,94.86666666666667,5.0
Thời gian chờ nhập,4,KHA,HUBKHA,2026-08-03,2026,8,3,654.1666666666666,34.0
Thời gian chờ nhập,4,DNI,HUBDNI,2026-08-17,2026,8,17,419.55,53.0
Thời gian chờ nhập,4,AGG,HUBAGG,2026-08-07,2026,8,7,388.18333333333334,23.0
Thời gian chờ nhập,4,HUE,HUBHUE,2026-08-09,2026,8,9,327.56666666666666,19.0
Thời gian chờ nhập,4,AGG,HUBAGG,2026-08-01,2026,8,1,176.6,25.0
Thời gian chờ nhập,4,HYN,HUBHYN,2026-08-04,2026,8,4,92.66666666666666,30.0
Thời gian chờ nhập,4,HNI,HUBYAN,2026-08-11,2026,8,11,423.16666666666663,35.0
Thời gian chờ nhập,4,AGG,HUBAGG,2026-08-13,2026,8,13,130.0,22.0
Thời gian chờ nhập,4,HCM,HUBTAN,2026-08-11,2026,8,11,301.5333333333333,18.0
Thời gian chờ nhập,4,NBH,HUBHNM,2026-08-14,2026,8,14,271.0833333333333,12.0
Thời gian chờ nhập,4,AGG,HUBKGG01,2026-08-15,2026,8,15,250.1,22.0
Thời gian chờ nhập,4,GLI,HUBGLI,2026-08-14,2026,8,14,2375.7833333333333,32.0
Thời gian chờ nhập,4,HYN,HUBTBH,2026-08-10,2026,8,10,113.1,20.0
Thời gian chờ nhập,4,NBH,HUBNDH,2026-08-12,2026,8,12,117.76666666666667,26.0
Thời gian chờ nhập,4,QNI,HUBQNI,2026-08-14,2026,8,14,178.75,18.0
Thời gian chờ nhập,4,LCI,HUBYBN,2026-08-02,2026,8,2,228.96666666666664,7.0
Thời gian chờ nhập,4,NBH,HUBHNM,2026-07-31,2026,7,31,4.566666666666666,1.0
Thời gian chờ nhập,4,TQG,HUBTQG,2026-08-13,2026,8,13,82.96666666666667,10.0
Thời gian chờ nhập,4,LCI,HUBYBN,2026-08-01,2026,8,1,1021.15,11.0
Thời gian chờ nhập,4,DNG,HUBQNM,2026-08-14,2026,8,14,209.51666666666668,24.0
Thời gian chờ nhập,4,QNI,HUBKTM,2026-08-16,2026,8,16,204.0,18.0
Thời gian chờ nhập,4,NAN,HUBNAN,2026-08-13,2026,8,13,940.1666666666666,34.0
Thời gian chờ nhập,4,QNI,HUBKTM,2026-08-17,2026,8,17,54.71666666666667,13.0
Thời gian chờ nhập,4,HYN,HUBHYN,2026-08-02,2026,8,2,120.35,15.0
Thời gian chờ nhập,4,NBH,HUBNDH,2026-08-17,2026,8,17,130.88333333333333,29.0
Thời gian chờ nhập,4,GLI,HUBGLI,2026-08-07,2026,8,7,1049.5166666666667,28.0
Thời gian chờ nhập,4,TNH,HUBTNH,2026-08-07,2026,8,7,616.2666666666667,29.0
Thời gian chờ nhập,4,PHO,HUBHBH,2026-08-11,2026,8,11,93.16666666666666,10.0
Thời gian chờ nhập,4,HYN,HUBHYN,2026-08-17,2026,8,17,142.16666666666666,31.0
Thời gian chờ nhập,4,NBH,HUBNBH,2026-08-08,2026,8,8,114.23333333333333,12.0
Thời gian chờ nhập,4,DNG,HUBQNM,2026-08-08,2026,8,8,391.1166666666666,20.0
Thời gian chờ nhập,4,LCI,HUBYBN,2026-08-14,2026,8,14,273.76666666666665,10.0
Thời gian chờ nhập,4,TNN,HUBBKN,2026-08-14,2026,8,14,157.96666666666667,5.0
Thời gian chờ nhập,4,LCI,HUBLCI01,2026-08-03,2026,8,3,85.55,6.0
Thời gian chờ nhập,4,LDG,HUBLDG03,2026-08-08,2026,8,8,611.4666666666667,13.0
Thời gian chờ nhập,4,LCU,HUBLCU,2026-08-01,2026,8,1,4.233333333333333,2.0
Thời gian chờ nhập,4,HPG,HUBHPG,2026-08-15,2026,8,15,397.5333333333333,21.0
Thời gian chờ nhập,4,HCM,HUBTTO,2026-08-10,2026,8,10,1106.5666666666666,32.0
Thời gian chờ nhập,4,THA,HUBTHA,2026-08-16,2026,8,16,942.8,36.0
Thời gian chờ nhập,4,TNH,HUBLAN,2026-08-08,2026,8,8,839.0833333333334,40.0
Thời gian chờ nhập,4,HNI,HUBYAN,2026-08-12,2026,8,12,508.04999999999995,35.0
Thời gian chờ nhập,4,GLI,HUBBHD,2026-08-12,2026,8,12,59.85,9.0
Thời gian chờ nhập,4,QNI,HUBQNI,2026-08-02,2026,8,2,71.43333333333334,14.0
Thời gian chờ nhập,4,HPG,HUBHPG,2026-08-12,2026,8,12,448.9833333333333,20.0
Thời gian chờ nhập,4,HNI,HUBYAN,2026-08-17,2026,8,17,456.9166666666667,23.0
Thời gian chờ nhập,4,HTH,HUBHTH,2026-08-01,2026,8,1,618.9499999999999,13.0
Thời gian chờ nhập,4,HNI,BBSDPG,2026-08-11,2026,8,11,342.48333333333335,26.0
Thời gian chờ nhập,4,TNH,HUBTNH,2026-08-03,2026,8,3,227.88333333333333,25.0
Thời gian chờ nhập,4,HNI,BBSDPG,2026-08-05,2026,8,5,206.08333333333331,23.0
Thời gian chờ nhập,4,HCM,HUBBDG,2026-08-03,2026,8,3,120.78333333333333,9.0
Thời gian chờ nhập,4,PHO,HUBVPC,2026-08-13,2026,8,13,938.2,25.0
Thời gian chờ nhập,4,HUE,HUBHUE,2026-08-05,2026,8,5,161.21666666666667,18.0
Thời gian chờ nhập,4,HCM,HUBTAN,2026-08-09,2026,8,9,143.03333333333333,14.0
Thời gian chờ nhập,4,LDG,HUBBTN,2026-08-13,2026,8,13,314.35,23.0
Thời gian chờ nhập,4,PHO,HUBVPC,2026-08-04,2026,8,4,702.5166666666667,25.0
Thời gian chờ nhập,4,NBH,HUBHNM,2026-08-03,2026,8,3,132.65,11.0
Thời gian chờ nhập,4,CMU,HUBCMU,2026-08-09,2026,8,9,108.28333333333333,12.0
Thời gian chờ nhập,4,KHA,HUBNTN,2026-08-16,2026,8,16,35.199999999999996,14.0
Thời gian chờ nhập,4,HYN,HUBHYN,2026-08-10,2026,8,10,100.96666666666667,30.0
Thời gian chờ nhập,4,BNH,HUBBGG,2026-08-11,2026,8,11,1131.2833333333333,35.0
Thời gian chờ nhập,4,SLA,HUBSLA,2026-08-12,2026,8,12,0.3,1.0
Thời gian chờ nhập,4,VLG,HUBVLG,2026-08-09,2026,8,9,130.83333333333331,9.0
Thời gian chờ nhập,4,CTO,HUBSTG,2026-08-13,2026,8,13,87.08333333333333,14.0
Thời gian chờ nhập,4,HCM,HUBBDG,2026-08-01,2026,8,1,218.96666666666667,17.0
Thời gian chờ nhập,4,DLK,HUBPYN,2026-08-03,2026,8,3,196.53333333333333,19.0
Thời gian chờ nhập,4,TQG,HUBHGG,2026-08-07,2026,8,7,288.21666666666664,5.0
Thời gian chờ nhập,4,QTI,HUBQTI,2026-08-15,2026,8,15,60.63333333333333,12.0
Thời gian chờ nhập,4,DTP,HUBTGG,2026-07-31,2026,7,31,0.9166666666666666,1.0
Thời gian chờ nhập,4,LCI,HUBYBN,2026-08-11,2026,8,11,402.5,10.0
Thời gian chờ nhập,4,DNI,HUBBPC,2026-08-09,2026,8,9,917.8333333333333,22.0
Thời gian chờ nhập,4,HCM,HUBTAN,2026-08-08,2026,8,8,179.68333333333334,17.0
Thời gian chờ nhập,4,HTH,HUBHTH,2026-08-07,2026,8,7,314.7333333333333,14.0
Thời gian chờ nhập,4,HYN,HUBHYN,2026-08-16,2026,8,16,40.86666666666667,14.0
Thời gian chờ nhập,4,DLK,HUBDLK,2026-08-01,2026,8,1,352.6666666666667,22.0
Thời gian chờ nhập,4,PHO,HUBPHO,2026-08-10,2026,8,10,505.06666666666666,23.0
Thời gian chờ nhập,4,HPG,HUBHPG,2026-08-01,2026,8,1,312.21666666666664,21.0
Thời gian chờ nhập,4,DTP,HUBDTP,2026-08-04,2026,8,4,150.56666666666666,23.0
Thời gian chờ nhập,4,HNI,BBSDPG,2026-08-13,2026,8,13,269.6666666666667,19.0
Thời gian chờ nhập,4,LDG,HUBLDG03,2026-08-07,2026,8,7,340.95,13.0
Thời gian chờ nhập,4,VLG,HUBVLG,2026-08-13,2026,8,13,298.98333333333335,14.0
Thời gian chờ nhập,4,LDG,HUBBTN,2026-07-31,2026,7,31,10.15,1.0
Thời gian chờ nhập,4,DNI,HUBBPC,2026-08-14,2026,8,14,348.2166666666667,26.0
Thời gian chờ nhập,4,DTP,HUBDTP,2026-08-15,2026,8,15,166.2,24.0
Thời gian chờ nhập,4,QNI,HUBQNI,2026-08-07,2026,8,7,81.95,15.0
Thời gian chờ nhập,4,HNI,BBSDPG,2026-08-03,2026,8,3,299.95,22.0
Thời gian chờ nhập,4,KHA,HUBNTN,2026-08-13,2026,8,13,52.56666666666666,16.0
Thời gian chờ nhập,4,KHA,HUBKHA,2026-08-08,2026,8,8,434.7833333333333,33.0
Thời gian chờ nhập,4,DLK,HUBDLK,2026-08-16,2026,8,16,777.5166666666667,27.0
Thời gian chờ nhập,4,QNI,HUBKTM,2026-08-03,2026,8,3,255.7833333333333,17.0
Thời gian chờ nhập,4,DBN,HUBDBN,2026-08-05,2026,8,5,11.05,3.0
Thời gian chờ nhập,4,HCM,HUBTTO,2026-08-13,2026,8,13,1167.5666666666666,43.0
Thời gian chờ nhập,4,TQG,HUBTQG,2026-08-09,2026,8,9,27.9,8.0
Thời gian chờ nhập,4,DTP,HUBDTP,2026-08-08,2026,8,8,155.58333333333331,24.0
Thời gian chờ nhập,4,THA,HUBTHA,2026-08-05,2026,8,5,676.8,27.0
Thời gian chờ nhập,4,HTH,HUBHTH,2026-08-11,2026,8,11,355.66666666666663,16.0
Thời gian chờ nhập,4,LCI,HUBLCI01,2026-08-13,2026,8,13,66.6,7.0
Thời gian chờ nhập,4,HCM,HUBTAN,2026-08-14,2026,8,14,140.11666666666667,13.0
Thời gian chờ nhập,4,VLG,HUBTVH,2026-08-12,2026,8,12,64.55,13.0
Thời gian chờ nhập,4,NBH,HUBNBH,2026-08-11,2026,8,11,302.56666666666666,17.0
Thời gian chờ nhập,4,HNI,HUBTTI,2026-08-13,2026,8,13,482.9,48.0
Thời gian chờ nhập,4,TNH,HUBLAN,2026-08-09,2026,8,9,295.1166666666667,28.0
Thời gian chờ nhập,4,THA,HUBTHA,2026-08-07,2026,8,7,877.3666666666667,30.0
Thời gian chờ nhập,4,LCU,HUBLCU,2026-08-13,2026,8,13,4.516666666666667,2.0
Thời gian chờ nhập,4,TNN,HUBTNN,2026-08-12,2026,8,12,75.76666666666667,16.0
Thời gian chờ nhập,4,VLG,HUBTVH,2026-08-01,2026,8,1,65.39999999999999,13.0
Thời gian chờ nhập,4,GLI,HUBBHD,2026-08-11,2026,8,11,28.7,9.0
Thời gian chờ nhập,4,NBH,HUBNBH,2026-08-09,2026,8,9,64.48333333333333,10.0
Thời gian chờ nhập,4,BNH,HUBBNH,2026-08-03,2026,8,3,283.98333333333335,30.0
Thời gian chờ nhập,4,HPG,HUBHDG,2026-08-05,2026,8,5,74.66666666666666,19.0
Thời gian chờ nhập,4,HNI,BBSDPG,2026-08-06,2026,8,6,374.4666666666667,15.0
Thời gian chờ nhập,4,LSN,HUBLSN,2026-08-10,2026,8,10,35.666666666666664,8.0
Thời gian chờ nhập,4,DBN,HUBDBN,2026-08-11,2026,8,11,4.216666666666667,4.0
Thời gian chờ nhập,4,VLG,HUBVLG,2026-08-08,2026,8,8,195.36666666666667,15.0
Thời gian chờ nhập,4,CTO,HUBSTG,2026-08-03,2026,8,3,242.06666666666666,15.0
Thời gian chờ nhập,4,QNI,HUBKTM,2026-08-07,2026,8,7,497.0833333333333,19.0
Thời gian chờ nhập,4,SLA,HUBSLA,2026-08-08,2026,8,8,8.266666666666666,2.0
Thời gian chờ nhập,4,CTO,HUBSTG,2026-08-08,2026,8,8,110.33333333333333,16.0
Thời gian chờ nhập,4,NAN,HUBNAN,2026-08-02,2026,8,2,493.76666666666665,33.0
Thời gian chờ nhập,4,KHA,HUBKHA,2026-08-09,2026,8,9,1046.8,31.0
Thời gian chờ nhập,4,LCU,HUBLCU,2026-08-10,2026,8,10,2.65,1.0
Thời gian chờ nhập,4,CMU,HUBCMU,2026-08-15,2026,8,15,137.96666666666667,16.0
Thời gian chờ nhập,4,DNI,HUBDNI,2026-08-01,2026,8,1,227.81666666666666,53.0
Thời gian chờ nhập,4,QTI,HUBQBH,2026-08-08,2026,8,8,601.25,16.0
Thời gian chờ nhập,4,QNI,HUBQNI,2026-08-17,2026,8,17,310.73333333333335,18.0
Thời gian chờ nhập,4,AGG,HUBKGG01,2026-08-16,2026,8,16,208.91666666666666,19.0
Thời gian chờ nhập,4,NAN,HUBNAN,2026-08-08,2026,8,8,694.2666666666667,32.0
Thời gian chờ nhập,4,HNI,HUBTTI,2026-08-12,2026,8,12,578.55,49.0
Thời gian chờ nhập,4,TNH,HUBLAN,2026-08-02,2026,8,2,445.49999999999994,30.0
Thời gian chờ nhập,4,HCM,HUBTTO,2026-08-14,2026,8,14,865.85,41.0
Thời gian chờ nhập,4,TNN,HUBBKN,2026-08-04,2026,8,4,43.699999999999996,6.0
Thời gian chờ nhập,4,HCM,HUBTTO,2026-08-05,2026,8,5,527.5,36.0
Thời gian chờ nhập,4,DLK,HUBPYN,2026-08-07,2026,8,7,133.28333333333333,17.0
Thời gian chờ nhập,4,CTO,HUBSTG,2026-08-06,2026,8,6,67.16666666666667,13.0
Thời gian chờ nhập,4,KHA,HUBKHA,2026-08-04,2026,8,4,403.7833333333333,37.0
Thời gian chờ nhập,4,LDG,HUBLDG01,2026-08-03,2026,8,3,291.31666666666666,19.0
Thời gian chờ nhập,4,HTH,HUBHTH,2026-08-14,2026,8,14,414.7833333333333,14.0
Thời gian chờ nhập,4,NBH,HUBNBH,2026-08-07,2026,8,7,104.58333333333333,14.0
Thời gian chờ nhập,4,AGG,HUBAGG,2026-08-09,2026,8,9,150.16666666666666,20.0
Thời gian chờ nhập,4,CBG,HUBCBG,2026-08-13,2026,8,13,89.18333333333334,4.0
Thời gian chờ nhập,4,DNI,HUBBPC,2026-08-16,2026,8,16,347.0,21.0
Thời gian chờ nhập,4,THA,HUBTHA,2026-08-12,2026,8,12,1527.0166666666667,31.0
Thời gian chờ nhập,4,TNH,HUBTNH,2026-08-09,2026,8,9,185.85,22.0
Thời gian chờ nhập,4,QNH,HUBQNH,2026-08-01,2026,8,1,1269.8333333333333,24.0
Thời gian chờ nhập,4,LDG,HUBLDG01,2026-07-31,2026,7,31,7.6499999999999995,3.0
Thời gian chờ nhập,4,TNH,HUBTNH,2026-08-13,2026,8,13,170.5,29.0
Thời gian chờ nhập,4,TNH,HUBLAN,2026-08-07,2026,8,7,461.76666666666665,37.0
Thời gian chờ nhập,4,LDG,HUBLDG03,2026-08-05,2026,8,5,472.15,14.0
Thời gian chờ nhập,4,HNI,BBSDPG,2026-08-15,2026,8,15,446.8333333333333,24.0
Thời gian chờ nhập,4,NAN,HUBNAN,2026-08-17,2026,8,17,571.3,30.0
Thời gian chờ nhập,4,BNH,HUBBGG,2026-08-08,2026,8,8,539.6,27.0
Thời gian chờ nhập,4,KHA,HUBKHA,2026-08-02,2026,8,2,879.8,27.0
Thời gian chờ nhập,4,LCU,HUBLCU,2026-08-11,2026,8,11,5.166666666666666,3.0
Thời gian chờ nhập,4,PHO,HUBPHO,2026-08-05,2026,8,5,511.84999999999997,24.0
Thời gian chờ nhập,4,HCM,HUBBDG,2026-08-13,2026,8,13,84.75,14.0
Thời gian chờ nhập,4,TNH,HUBTNH,2026-08-12,2026,8,12,244.76666666666665,25.0
Thời gian chờ nhập,4,LDG,HUBBTN,2026-08-05,2026,8,5,375.6666666666667,21.0
Thời gian chờ nhập,4,VLG,HUBVLG,2026-08-15,2026,8,15,212.25,16.0
Thời gian chờ nhập,4,TNH,HUBLAN,2026-08-06,2026,8,6,964.4666666666667,39.0
Thời gian chờ nhập,4,HNI,HUBYAN,2026-08-16,2026,8,16,493.46666666666664,24.0
Thời gian chờ nhập,4,SLA,HUBSLA,2026-08-11,2026,8,11,22.03333333333333,5.0
Thời gian chờ nhập,4,HCM,HUBTAN,2026-08-02,2026,8,2,96.5,8.0
Thời gian chờ nhập,4,DNI,HUBBPC,2026-08-03,2026,8,3,465.45000000000005,26.0
Thời gian chờ nhập,4,LDG,HUBBTN,2026-08-08,2026,8,8,633.2833333333333,18.0
Thời gian chờ nhập,4,QNH,HUBQNH,2026-08-16,2026,8,16,1046.7,22.0
Thời gian chờ nhập,4,HNI,HUBTTI,2026-08-16,2026,8,16,359.85,29.0
Thời gian chờ nhập,4,KHA,HUBNTN,2026-08-09,2026,8,9,95.94999999999999,15.0
Thời gian chờ nhập,4,HPG,HUBHPG,2026-08-10,2026,8,10,315.71666666666664,16.0
Thời gian chờ nhập,4,DTP,HUBTGG,2026-08-08,2026,8,8,434.83333333333337,20.0
Thời gian chờ nhập,4,NAN,HUBNAN,2026-08-01,2026,8,1,853.6833333333333,33.0
Thời gian chờ nhập,4,DLK,HUBPYN,2026-08-15,2026,8,15,329.15,19.0
Thời gian chờ nhập,4,QNI,HUBQNI,2026-08-01,2026,8,1,244.96666666666664,18.0
Thời gian chờ nhập,4,GLI,HUBBHD,2026-08-07,2026,8,7,45.35,7.0
Thời gian chờ nhập,4,SLA,HUBSLA,2026-08-09,2026,8,9,93.16666666666666,3.0
Thời gian chờ nhập,4,NBH,HUBHNM,2026-08-13,2026,8,13,283.41666666666663,13.0
Thời gian chờ nhập,4,TQG,HUBHGG,2026-08-05,2026,8,5,266.48333333333335,3.0
Thời gian chờ nhập,4,LCI,HUBYBN,2026-08-12,2026,8,12,523.3333333333334,10.0
Thời gian chờ nhập,4,NBH,HUBHNM,2026-08-12,2026,8,12,451.3833333333333,17.0
Thời gian chờ nhập,4,SLA,HUBSLA,2026-08-03,2026,8,3,138.41666666666666,4.0
Thời gian chờ nhập,4,HNI,HUBYAN,2026-08-04,2026,8,4,488.1,37.0
Thời gian chờ nhập,4,DNG,HUBQNM,2026-08-06,2026,8,6,277.65,22.0
Thời gian chờ nhập,4,HCM,HUBBDG,2026-08-11,2026,8,11,139.78333333333333,18.0
Thời gian chờ nhập,4,HCM,HUBTTO,2026-08-01,2026,8,1,508.0,36.0
Thời gian chờ nhập,4,HUE,HUBHUE,2026-08-16,2026,8,16,516.4,19.0
Thời gian chờ nhập,4,VLG,HUBTVH,2026-08-07,2026,8,7,81.56666666666666,14.0
Thời gian chờ nhập,4,HYN,HUBHYN,2026-08-14,2026,8,14,124.58333333333334,34.0
Thời gian chờ nhập,4,VLG,HUBVLG,2026-08-11,2026,8,11,196.63333333333333,16.0
Thời gian chờ nhập,4,HCM,HUBTTO,2026-08-06,2026,8,6,940.5833333333333,43.0
Thời gian chờ nhập,4,HPG,HUBHPG,2026-08-14,2026,8,14,310.34999999999997,17.0
Thời gian chờ nhập,4,SLA,HUBSLA,2026-08-13,2026,8,13,212.25,5.0
Thời gian chờ nhập,4,LDG,HUBDKG,2026-08-13,2026,8,13,227.95,12.0
Thời gian chờ nhập,4,VLG,HUBBTE,2026-08-15,2026,8,15,307.23333333333335,32.0
Thời gian chờ nhập,4,HNI,HUBTTI,2026-08-17,2026,8,17,355.93333333333334,52.0
Thời gian chờ nhập,4,PHO,HUBHBH,2026-08-13,2026,8,13,65.1,9.0
Thời gian chờ nhập,4,TNN,HUBTNN,2026-08-16,2026,8,16,68.96666666666667,15.0
Thời gian chờ nhập,4,CMU,HUBBLU,2026-08-09,2026,8,9,42.43333333333333,7.0
Thời gian chờ nhập,4,NBH,HUBHNM,2026-08-08,2026,8,8,208.4,11.0
Thời gian chờ nhập,4,BNH,HUBBGG,2026-08-04,2026,8,4,442.7166666666667,25.0
Thời gian chờ nhập,4,HNI,BBSDPG,2026-08-10,2026,8,10,422.51666666666665,21.0
Thời gian chờ nhập,4,VLG,HUBTVH,2026-08-04,2026,8,4,45.083333333333336,13.0
Thời gian chờ nhập,4,VLG,HUBBTE,2026-08-04,2026,8,4,310.31666666666666,27.0
Thời gian chờ nhập,4,DBN,HUBDBN,2026-08-08,2026,8,8,8.85,2.0
Thời gian chờ nhập,4,BNH,HUBBGG,2026-08-01,2026,8,1,357.5,28.0
Thời gian chờ nhập,4,DBN,HUBDBN,2026-08-17,2026,8,17,9.9,3.0
Thời gian chờ nhập,4,KHA,HUBNTN,2026-08-01,2026,8,1,48.13333333333333,15.0
Thời gian chờ nhập,4,DTP,HUBDTP,2026-08-02,2026,8,2,87.03333333333333,19.0
Thời gian chờ nhập,4,HPG,HUBHPG,2026-08-16,2026,8,16,236.95,4.0
Thời gian chờ nhập,4,HYN,HUBHYN,2026-08-13,2026,8,13,114.56666666666666,29.0
Thời gian chờ nhập,4,LSN,HUBLSN,2026-08-15,2026,8,15,21.933333333333334,5.0
Thời gian chờ nhập,4,DTP,HUBDTP,2026-08-03,2026,8,3,152.4,21.0
Thời gian chờ nhập,4,HCM,HUBVTU,2026-08-05,2026,8,5,207.0,22.0
Thời gian chờ nhập,4,NAN,HUBNAN,2026-08-16,2026,8,16,514.4,31.0
Thời gian chờ nhập,4,HNI,HUBTTI,2026-08-04,2026,8,4,572.75,48.0
Thời gian chờ nhập,4,PHO,HUBHBH,2026-08-07,2026,8,7,67.11666666666667,8.0
Thời gian chờ nhập,4,DNG,HUBQNM,2026-08-09,2026,8,9,78.31666666666666,12.0
Thời gian chờ nhập,4,DNG,HUBQNM,2026-08-11,2026,8,11,139.91666666666666,21.0
Thời gian chờ nhập,4,DLK,HUBPYN,2026-08-01,2026,8,1,120.68333333333334,20.0
Thời gian chờ nhập,4,GLI,HUBBHD,2026-08-14,2026,8,14,39.25,9.0
Thời gian chờ nhập,4,HNI,HUBTTI,2026-08-14,2026,8,14,851.9666666666667,50.0
Thời gian chờ nhập,4,QTI,HUBQTI,2026-08-12,2026,8,12,70.05,12.0
Thời gian chờ nhập,4,LCU,HUBLCU,2026-08-08,2026,8,8,2.65,2.0
Thời gian chờ nhập,4,QNH,HUBQNH,2026-08-13,2026,8,13,769.2166666666667,28.0
Thời gian chờ nhập,4,LCI,HUBLCI01,2026-07-31,2026,7,31,2.3333333333333335,1.0
Thời gian chờ nhập,4,HCM,HUBTTO,2026-08-08,2026,8,8,566.6,43.0
Thời gian chờ nhập,4,DNI,HUBBPC,2026-08-15,2026,8,15,690.7833333333333,25.0
Thời gian chờ nhập,4,NAN,HUBNAN,2026-08-05,2026,8,5,745.4666666666666,35.0
Thời gian chờ nhập,4,HNI,HUBTTI,2026-08-07,2026,8,7,415.48333333333335,51.0
Thời gian chờ nhập,4,THA,HUBTHA,2026-08-09,2026,8,9,991.4833333333333,37.0
Thời gian chờ nhập,4,PHO,HUBVPC,2026-08-14,2026,8,14,533.65,19.0
Thời gian chờ nhập,4,HNI,BBSDPG,2026-08-17,2026,8,17,415.15,24.0
Thời gian chờ nhập,4,LDG,HUBLDG01,2026-08-08,2026,8,8,977.9166666666666,26.0
Thời gian chờ nhập,4,BNH,HUBBNH,2026-08-08,2026,8,8,675.1166666666667,32.0
Thời gian chờ nhập,4,LDG,HUBDKG,2026-08-03,2026,8,3,220.08333333333334,14.0
Thời gian chờ nhập,4,LDG,HUBLDG01,2026-08-07,2026,8,7,398.21666666666664,20.0
Thời gian chờ nhập,4,HYN,HUBHYN,2026-08-06,2026,8,6,126.83333333333333,32.0
Thời gian chờ nhập,4,AGG,HUBKGG01,2026-08-04,2026,8,4,240.43333333333334,23.0
Thời gian chờ nhập,4,NBH,HUBNDH,2026-08-16,2026,8,16,95.33333333333333,21.0
Thời gian chờ nhập,4,KHA,HUBNTN,2026-08-08,2026,8,8,63.25,21.0
Thời gian chờ nhập,4,BNH,HUBBGG,2026-08-12,2026,8,12,813.35,31.0
Thời gian chờ nhập,4,LCU,HUBLCU,2026-08-17,2026,8,17,3.75,3.0
Thời gian chờ nhập,4,THA,HUBTHA,2026-08-14,2026,8,14,1415.3666666666668,39.0
Thời gian chờ nhập,4,DNI,HUBBPC,2026-08-10,2026,8,10,304.09999999999997,22.0
Thời gian chờ nhập,4,AGG,HUBAGG,2026-08-12,2026,8,12,250.66666666666666,24.0
Thời gian chờ nhập,4,HCM,HUBVTU,2026-08-11,2026,8,11,318.76666666666665,23.0
Thời gian chờ nhập,4,DNI,HUBDNI,2026-08-05,2026,8,5,403.95,50.0
Thời gian chờ nhập,4,LCI,HUBYBN,2026-08-17,2026,8,17,390.23333333333335,9.0
Thời gian chờ nhập,4,QTI,HUBQTI,2026-08-03,2026,8,3,80.58333333333333,14.0
Thời gian chờ nhập,4,LSN,HUBLSN,2026-08-01,2026,8,1,20.15,7.0
Thời gian chờ nhập,4,TNH,HUBTNH,2026-08-14,2026,8,14,357.68333333333334,26.0
Thời gian chờ nhập,4,BNH,HUBBNH,2026-08-09,2026,8,9,1816.6333333333332,14.0
Thời gian chờ nhập,4,DLK,HUBDLK,2026-08-13,2026,8,13,898.9666666666667,36.0
Thời gian chờ nhập,4,KHA,HUBNTN,2026-08-02,2026,8,2,36.166666666666664,12.0
Thời gian chờ nhập,4,GLI,HUBBHD,2026-08-02,2026,8,2,18.35,8.0
Thời gian chờ nhập,4,LCI,HUBYBN,2026-08-07,2026,8,7,260.79999999999995,7.0
Thời gian chờ nhập,4,HCM,HUBBDG,2026-08-12,2026,8,12,269.3,18.0
Thời gian chờ nhập,4,LDG,HUBLDG01,2026-08-15,2026,8,15,387.6833333333333,22.0
Thời gian chờ nhập,4,HPG,HUBHPG,2026-08-11,2026,8,11,190.68333333333334,16.0
Thời gian chờ nhập,4,LDG,HUBLDG01,2026-08-13,2026,8,13,667.3666666666667,24.0
Thời gian chờ nhập,4,CTO,HUBSTG,2026-08-10,2026,8,10,45.1,14.0
Thời gian chờ nhập,4,TNH,HUBTNH,2026-08-06,2026,8,6,268.8333333333333,27.0
Thời gian chờ nhập,4,LCI,HUBLCI01,2026-08-05,2026,8,5,104.13333333333333,6.0
Thời gian chờ nhập,4,LDG,HUBLDG03,2026-08-17,2026,8,17,397.43333333333334,13.0
Thời gian chờ nhập,4,THA,HUBTHA,2026-08-17,2026,8,17,844.0999999999999,44.0
Thời gian chờ nhập,4,HCM,HUBVTU,2026-08-06,2026,8,6,219.4,22.0
Thời gian chờ nhập,4,HNI,HUBLBN,2026-08-09,2026,8,9,265.85,14.0
Thời gian chờ nhập,4,NAN,HUBNAN,2026-08-14,2026,8,14,598.1166666666667,36.0
Thời gian chờ nhập,4,HPG,HUBHDG,2026-08-14,2026,8,14,68.53333333333333,26.0
Thời gian chờ nhập,4,LDG,HUBDKG,2026-08-04,2026,8,4,303.51666666666665,14.0
Thời gian chờ nhập,4,HNI,HUBTTI,2026-08-09,2026,8,9,590.15,35.0
Thời gian chờ nhập,4,CMU,HUBCMU,2026-08-12,2026,8,12,276.29999999999995,17.0
Thời gian chờ nhập,4,NBH,HUBNBH,2026-08-15,2026,8,15,79.05,10.0
Thời gian chờ nhập,4,DLK,HUBPYN,2026-08-11,2026,8,11,158.53333333333333,17.0
Thời gian chờ nhập,4,HUE,HUBHUE,2026-08-03,2026,8,3,490.1666666666667,19.0
Thời gian chờ nhập,4,LDG,HUBLDG01,2026-08-05,2026,8,5,337.56666666666666,22.0
Thời gian chờ nhập,4,QNH,HUBQNH,2026-08-03,2026,8,3,1816.95,25.0
Thời gian chờ nhập,4,CTO,HUBSTG,2026-08-14,2026,8,14,48.08333333333333,13.0
Thời gian chờ nhập,4,DLK,HUBPYN,2026-08-09,2026,8,9,159.01666666666668,17.0
Thời gian chờ nhập,4,AGG,HUBKGG01,2026-08-07,2026,8,7,237.89999999999998,21.0
Thời gian chờ nhập,4,DNG,HUBQNM,2026-08-15,2026,8,15,119.03333333333333,21.0
Thời gian chờ nhập,4,TNN,HUBBKN,2026-08-02,2026,8,2,20.383333333333333,2.0
Thời gian chờ nhập,4,HUE,HUBHUE,2026-08-06,2026,8,6,274.66666666666663,18.0
Thời gian chờ nhập,4,PHO,HUBVPC,2026-08-09,2026,8,9,766.3666666666667,23.0
Thời gian chờ nhập,4,NAN,HUBNAN,2026-08-04,2026,8,4,395.4166666666667,35.0
Thời gian chờ nhập,4,HYN,HUBTBH,2026-08-12,2026,8,12,121.69999999999999,27.0
Thời gian chờ nhập,4,HCM,HUBTTO,2026-08-16,2026,8,16,611.2666666666667,33.0
Thời gian chờ nhập,4,DNI,HUBBPC,2026-08-06,2026,8,6,382.3666666666667,26.0
Thời gian chờ nhập,4,CMU,HUBCMU,2026-08-04,2026,8,4,93.21666666666667,17.0
Thời gian chờ nhập,4,HNI,HUBYAN,2026-08-01,2026,8,1,340.73333333333335,24.0
Thời gian chờ nhập,4,AGG,HUBAGG,2026-08-02,2026,8,2,181.48333333333332,19.0
Thời gian chờ nhập,4,VLG,HUBBTE,2026-07-31,2026,7,31,1.0666666666666667,1.0
Thời gian chờ nhập,4,TNN,HUBTNN,2026-08-15,2026,8,15,66.23333333333333,16.0
Thời gian chờ nhập,4,PHO,HUBVPC,2026-08-05,2026,8,5,1290.3333333333333,22.0
Thời gian chờ nhập,4,TQG,HUBTQG,2026-08-04,2026,8,4,52.91666666666667,8.0
Thời gian chờ nhập,4,PHO,HUBHBH,2026-08-15,2026,8,15,32.43333333333333,9.0
Thời gian chờ nhập,4,LDG,HUBLDG03,2026-08-13,2026,8,13,340.0,12.0
Thời gian chờ nhập,4,QNI,HUBKTM,2026-08-13,2026,8,13,241.73333333333332,19.0
Thời gian chờ nhập,4,DLK,HUBPYN,2026-08-04,2026,8,4,92.2,20.0
Thời gian chờ nhập,4,HUE,HUBHUE,2026-08-12,2026,8,12,323.9,18.0
Thời gian chờ nhập,4,DNG,HUBQNM,2026-08-10,2026,8,10,308.35,27.0
Thời gian chờ nhập,4,AGG,HUBAGG,2026-08-05,2026,8,5,273.9,23.0
Thời gian chờ nhập,4,HPG,HUBHPG,2026-08-02,2026,8,2,111.4,2.0
Thời gian chờ nhập,4,LSN,HUBLSN,2026-08-16,2026,8,16,46.76666666666667,9.0
Thời gian chờ nhập,4,CMU,HUBBLU,2026-08-07,2026,8,7,83.44999999999999,11.0
Thời gian chờ nhập,4,DBN,HUBDBN,2026-08-06,2026,8,6,0.8,1.0
Thời gian chờ nhập,4,AGG,HUBKGG01,2026-08-02,2026,8,2,342.83333333333337,17.0
Thời gian chờ nhập,4,AGG,HUBKGG01,2026-08-03,2026,8,3,140.75,21.0
Thời gian chờ nhập,4,PHO,HUBHBH,2026-08-08,2026,8,8,89.75,8.0
Thời gian chờ nhập,4,DNI,HUBDNI,2026-08-10,2026,8,10,213.9,45.0
Thời gian chờ nhập,4,HNI,HUBTTI,2026-08-06,2026,8,6,534.9,53.0
Thời gian chờ nhập,4,BNH,HUBBNH,2026-08-06,2026,8,6,245.01666666666668,29.0
Thời gian chờ nhập,4,HCM,HUBBDG,2026-08-15,2026,8,15,376.96666666666664,18.0
Thời gian chờ nhập,4,NBH,HUBNBH,2026-08-17,2026,8,17,104.08333333333333,14.0
Thời gian chờ nhập,4,DTP,HUBDTP,2026-08-01,2026,8,1,123.38333333333333,23.0
Thời gian chờ nhập,4,HNI,HUBYAN,2026-08-09,2026,8,9,331.43333333333334,25.0
Thời gian chờ nhập,4,CMU,HUBCMU,2026-08-03,2026,8,3,78.9,16.0
Thời gian chờ nhập,4,DTP,HUBDTP,2026-08-05,2026,8,5,90.75,20.0
Thời gian chờ nhập,4,DTP,HUBDTP,2026-08-06,2026,8,6,131.36666666666667,24.0
Thời gian chờ nhập,4,NBH,HUBHNM,2026-08-16,2026,8,16,632.6833333333334,16.0
Thời gian chờ nhập,4,KHA,HUBNTN,2026-08-07,2026,8,7,81.8,17.0
Thời gian chờ nhập,4,GLI,HUBBHD,2026-08-16,2026,8,16,33.18333333333334,7.0
Thời gian chờ nhập,4,GLI,HUBBHD,2026-08-06,2026,8,6,83.64999999999999,10.0
Thời gian chờ nhập,4,HTH,HUBHTH,2026-08-06,2026,8,6,277.15,13.0
Thời gian chờ nhập,4,CMU,HUBCMU,2026-08-06,2026,8,6,352.8333333333333,20.0
Thời gian chờ nhập,4,NBH,HUBNDH,2026-08-08,2026,8,8,230.2,23.0
Thời gian chờ nhập,4,LDG,HUBLDG01,2026-08-10,2026,8,10,357.79999999999995,19.0
Thời gian chờ nhập,4,HTH,HUBHTH,2026-08-05,2026,8,5,124.46666666666667,11.0
Thời gian chờ nhập,4,LCI,HUBLCI01,2026-08-04,2026,8,4,109.25,7.0
Thời gian chờ nhập,4,BNH,HUBBGG,2026-08-16,2026,8,16,725.8,26.0
Thời gian chờ nhập,4,HYN,HUBHYN,2026-08-03,2026,8,3,145.66666666666666,29.0
Thời gian chờ nhập,4,DNI,HUBDNI,2026-08-15,2026,8,15,108.78333333333333,47.0
Thời gian chờ nhập,4,TQG,HUBTQG,2026-08-05,2026,8,5,49.96666666666667,9.0
Thời gian chờ nhập,4,HPG,HUBHDG,2026-08-03,2026,8,3,101.41666666666666,21.0
Thời gian chờ nhập,4,CBG,HUBCBG,2026-08-07,2026,8,7,89.11666666666667,4.0
Thời gian chờ nhập,4,KHA,HUBKHA,2026-08-17,2026,8,17,261.48333333333335,25.0
Thời gian chờ nhập,4,LCU,HUBLCU,2026-08-06,2026,8,6,3.566666666666667,2.0
Thời gian chờ nhập,4,SLA,HUBSLA,2026-08-01,2026,8,1,299.6166666666667,3.0
Thời gian chờ nhập,4,LCI,HUBLCI01,2026-08-15,2026,8,15,166.91666666666669,7.0
Thời gian chờ nhập,4,LDG,HUBDKG,2026-08-14,2026,8,14,470.95,13.0
Thời gian chờ nhập,4,DTP,HUBDTP,2026-08-10,2026,8,10,98.88333333333333,23.0
Thời gian chờ nhập,4,QNH,HUBQNH,2026-08-07,2026,8,7,408.31666666666666,20.0
Thời gian chờ nhập,4,HCM,HUBBDG,2026-08-07,2026,8,7,122.41666666666666,13.0
Thời gian chờ nhập,4,PHO,HUBPHO,2026-08-17,2026,8,17,308.8,22.0
Thời gian chờ nhập,4,HCM,HUBTAN,2026-08-13,2026,8,13,79.88333333333333,10.0
Thời gian chờ nhập,4,THA,HUBTHA,2026-08-04,2026,8,4,1315.8999999999999,27.0
Thời gian chờ nhập,4,BNH,HUBBGG,2026-08-06,2026,8,6,609.9,28.0
Thời gian chờ nhập,4,TNH,HUBTNH,2026-08-04,2026,8,4,150.35,27.0
Thời gian chờ nhập,4,KHA,HUBKHA,2026-08-01,2026,8,1,1216.2833333333333,34.0
Thời gian chờ nhập,4,TNH,HUBTNH,2026-08-16,2026,8,16,439.1333333333333,21.0
Thời gian chờ nhập,4,HNI,HUBTTI,2026-08-15,2026,8,15,798.5666666666666,64.0
Thời gian chờ nhập,4,VLG,HUBBTE,2026-08-02,2026,8,2,165.88333333333333,19.0
Thời gian chờ nhập,4,TNH,HUBTNH,2026-08-10,2026,8,10,331.46666666666664,27.0
Thời gian chờ nhập,4,LCI,HUBLCI01,2026-08-12,2026,8,12,35.63333333333333,6.0
Thời gian chờ nhập,4,VLG,HUBTVH,2026-08-06,2026,8,6,39.95,13.0
Thời gian chờ nhập,4,LCI,HUBLCI01,2026-08-09,2026,8,9,77.81666666666666,5.0
Thời gian chờ nhập,4,LCI,HUBLCI01,2026-08-16,2026,8,16,102.38333333333333,8.0
Thời gian chờ nhập,4,QNI,HUBKTM,2026-08-10,2026,8,10,147.56666666666666,16.0
Thời gian chờ nhập,4,CMU,HUBBLU,2026-08-03,2026,8,3,103.41666666666667,11.0
Thời gian chờ nhập,4,CMU,HUBBLU,2026-08-11,2026,8,11,72.6,11.0
Thời gian chờ nhập,4,DTP,HUBDTP,2026-08-12,2026,8,12,143.2,23.0
Thời gian chờ nhập,4,DNG,HUBQNM,2026-08-01,2026,8,1,314.0,19.0
Thời gian chờ nhập,4,PHO,HUBHBH,2026-08-05,2026,8,5,77.73333333333333,8.0
Thời gian chờ nhập,4,CMU,HUBBLU,2026-08-01,2026,8,1,74.28333333333333,11.0
Thời gian chờ nhập,4,QTI,HUBQBH,2026-08-06,2026,8,6,305.9166666666667,16.0
Thời gian chờ nhập,4,DTP,HUBTGG,2026-08-16,2026,8,16,145.25,20.0
Thời gian chờ nhập,4,PHO,HUBVPC,2026-08-06,2026,8,6,469.6333333333333,22.0
Thời gian chờ nhập,4,LSN,HUBLSN,2026-08-06,2026,8,6,21.45,6.0
Thời gian chờ nhập,4,PHO,HUBHBH,2026-08-17,2026,8,17,36.55,9.0
Thời gian chờ nhập,4,PHO,HUBHBH,2026-08-04,2026,8,4,61.28333333333333,9.0
Thời gian chờ nhập,4,PHO,HUBPHO,2026-08-07,2026,8,7,549.9,24.0
Thời gian chờ nhập,4,LDG,HUBLDG01,2026-08-16,2026,8,16,353.28333333333336,29.0
Thời gian chờ nhập,4,DTP,HUBTGG,2026-08-06,2026,8,6,233.06666666666666,20.0
Thời gian chờ nhập,4,HTH,HUBHTH,2026-08-13,2026,8,13,425.6666666666667,13.0
Thời gian chờ nhập,4,BNH,HUBBNH,2026-08-07,2026,8,7,256.1666666666667,30.0
Thời gian chờ nhập,4,TNN,HUBTNN,2026-08-07,2026,8,7,156.95,18.0
Thời gian chờ nhập,4,BNH,HUBBNH,2026-08-12,2026,8,12,2022.5,32.0
Thời gian chờ nhập,4,TNN,HUBBKN,2026-08-12,2026,8,12,134.08333333333334,7.0
Thời gian chờ nhập,4,TNH,HUBLAN,2026-08-15,2026,8,15,965.9833333333333,38.0
Thời gian chờ nhập,4,HNI,HUBYAN,2026-08-05,2026,8,5,500.56666666666666,27.0
Thời gian chờ nhập,4,HYN,HUBHYN,2026-08-08,2026,8,8,124.76666666666667,32.0
Thời gian chờ nhập,4,DTP,HUBTGG,2026-08-09,2026,8,9,95.98333333333333,18.0
Thời gian chờ nhập,4,HCM,HUBVTU,2026-08-10,2026,8,10,145.16666666666666,20.0
Thời gian chờ nhập,4,DBN,HUBDBN,2026-08-09,2026,8,9,14.583333333333332,3.0
Thời gian chờ nhập,4,GLI,HUBGLI,2026-08-08,2026,8,8,2282.5166666666664,29.0
Thời gian chờ nhập,4,LCI,HUBLCI01,2026-08-10,2026,8,10,102.75,5.0
Thời gian chờ nhập,4,GLI,HUBGLI,2026-08-05,2026,8,5,988.15,32.0
Thời gian chờ nhập,4,LDG,HUBBTN,2026-08-02,2026,8,2,243.39999999999998,21.0
Thời gian chờ nhập,4,CTO,HUBSTG,2026-08-17,2026,8,17,76.21666666666667,15.0
Thời gian chờ nhập,4,THA,HUBTHA,2026-07-31,2026,7,31,130.53333333333333,1.0
Thời gian chờ nhập,4,NBH,HUBNDH,2026-08-01,2026,8,1,123.96666666666667,28.0
Thời gian chờ nhập,4,DTP,HUBDTP,2026-08-14,2026,8,14,114.9,21.0
Thời gian chờ nhập,4,HCM,HUBVTU,2026-08-17,2026,8,17,251.28333333333333,18.0
Thời gian chờ nhập,4,GLI,HUBBHD,2026-08-01,2026,8,1,43.88333333333333,9.0
Thời gian chờ nhập,4,PHO,HUBPHO,2026-08-09,2026,8,9,371.1333333333333,20.0
Thời gian chờ nhập,4,CBG,HUBCBG,2026-08-04,2026,8,4,60.666666666666664,4.0
Thời gian chờ nhập,4,DLK,HUBDLK,2026-08-06,2026,8,6,856.3,36.0
Thời gian chờ nhập,4,PHO,HUBVPC,2026-08-03,2026,8,3,777.05,24.0
Thời gian chờ nhập,4,NBH,HUBNBH,2026-08-04,2026,8,4,64.7,15.0
Thời gian chờ nhập,4,VLG,HUBVLG,2026-08-06,2026,8,6,248.05,14.0
Thời gian chờ nhập,4,DLK,HUBPYN,2026-08-17,2026,8,17,236.76666666666665,18.0
Thời gian chờ nhập,4,LDG,HUBLDG03,2026-08-15,2026,8,15,705.9666666666666,15.0
Thời gian chờ nhập,4,LCI,HUBYBN,2026-08-16,2026,8,16,339.73333333333335,7.0
Thời gian chờ nhập,4,VLG,HUBBTE,2026-08-09,2026,8,9,245.39999999999998,20.0
Thời gian chờ nhập,4,HYN,HUBTBH,2026-08-11,2026,8,11,144.31666666666666,25.0
Thời gian chờ nhập,4,LCI,HUBLCI01,2026-08-11,2026,8,11,91.05,7.0
Thời gian chờ nhập,4,NBH,HUBNBH,2026-08-06,2026,8,6,280.26666666666665,16.0
Thời gian chờ nhập,4,CMU,HUBBLU,2026-08-15,2026,8,15,55.266666666666666,10.0
Thời gian chờ nhập,4,QNI,HUBKTM,2026-08-15,2026,8,15,347.3333333333333,18.0
Thời gian chờ nhập,4,HCM,HUBTTO,2026-08-15,2026,8,15,738.9333333333333,46.0
Thời gian chờ nhập,4,TQG,HUBHGG,2026-08-03,2026,8,3,300.06666666666666,4.0
Thời gian chờ nhập,4,HPG,HUBHDG,2026-08-16,2026,8,16,80.33333333333333,13.0
Thời gian chờ nhập,4,GLI,HUBBHD,2026-08-04,2026,8,4,43.18333333333334,9.0
Thời gian chờ nhập,4,TNH,HUBLAN,2026-08-17,2026,8,17,303.23333333333335,31.0
Thời gian chờ nhập,4,LCI,HUBYBN,2026-08-09,2026,8,9,1107.3833333333332,7.0
Thời gian chờ nhập,4,DLK,HUBPYN,2026-08-16,2026,8,16,199.98333333333332,18.0
Thời gian chờ nhập,4,LCU,HUBLCU,2026-08-07,2026,8,7,3.716666666666667,2.0
Thời gian chờ nhập,4,HYN,HUBTBH,2026-08-14,2026,8,14,125.35,25.0
Thời gian chờ nhập,4,VLG,HUBBTE,2026-08-06,2026,8,6,485.05,28.0
Thời gian chờ nhập,4,NBH,HUBNBH,2026-08-02,2026,8,2,57.13333333333333,13.0
Thời gian chờ nhập,4,PHO,HUBPHO,2026-08-15,2026,8,15,638.4166666666666,23.0
Thời gian chờ nhập,4,HTH,HUBHTH,2026-08-12,2026,8,12,158.23333333333332,12.0
Thời gian chờ nhập,4,TQG,HUBHGG,2026-08-11,2026,8,11,319.7333333333333,4.0
Thời gian chờ nhập,4,NBH,HUBNDH,2026-08-07,2026,8,7,157.6,31.0
Thời gian chờ nhập,4,PHO,HUBVPC,2026-08-10,2026,8,10,944.4666666666667,21.0
Thời gian chờ nhập,4,BNH,HUBBNH,2026-08-11,2026,8,11,1446.9333333333334,29.0
Thời gian chờ nhập,4,PHO,HUBVPC,2026-08-02,2026,8,2,726.6666666666666,19.0
Thời gian chờ nhập,4,TNN,HUBTNN,2026-08-17,2026,8,17,200.38333333333333,19.0
Thời gian chờ nhập,4,PHO,HUBHBH,2026-08-14,2026,8,14,44.38333333333333,10.0
Thời gian chờ nhập,4,DNG,HUBQNM,2026-08-07,2026,8,7,431.75,27.0
Thời gian chờ nhập,4,HTH,HUBHTH,2026-08-08,2026,8,8,166.6,12.0
Thời gian chờ nhập,4,LDG,HUBLDG01,2026-08-11,2026,8,11,401.5833333333333,22.0
Thời gian chờ nhập,4,HCM,HUBTAN,2026-08-03,2026,8,3,141.61666666666667,16.0
Thời gian chờ nhập,4,DLK,HUBDLK,2026-08-09,2026,8,9,570.8666666666667,34.0
Thời gian chờ nhập,4,TQG,HUBHGG,2026-08-13,2026,8,13,292.06666666666666,6.0
Thời gian chờ nhập,4,NBH,HUBNBH,2026-08-14,2026,8,14,264.33333333333337,15.0
Thời gian chờ nhập,4,GLI,HUBGLI,2026-08-15,2026,8,15,1585.0333333333333,30.0
Thời gian chờ nhập,4,QTI,HUBQTI,2026-08-16,2026,8,16,88.98333333333333,14.0
Thời gian chờ nhập,4,TNH,HUBLAN,2026-08-16,2026,8,16,468.26666666666665,32.0
Thời gian chờ nhập,4,HNI,HUBYAN,2026-08-08,2026,8,8,718.35,30.0
Thời gian chờ nhập,4,VLG,HUBTVH,2026-08-09,2026,8,9,34.8,10.0
Thời gian chờ nhập,4,KHA,HUBNTN,2026-08-17,2026,8,17,40.766666666666666,16.0
Thời gian chờ nhập,4,NBH,HUBHNM,2026-08-17,2026,8,17,181.16666666666666,13.0
Thời gian chờ nhập,4,DNI,HUBDNI,2026-08-03,2026,8,3,169.61666666666667,53.0
Thời gian chờ nhập,4,HYN,HUBHYN,2026-08-01,2026,8,1,92.35,33.0
Thời gian chờ nhập,4,BNH,HUBBNH,2026-08-15,2026,8,15,2821.75,34.0
Thời gian chờ nhập,4,QNH,HUBQNH,2026-08-14,2026,8,14,1016.9666666666667,26.0
Thời gian chờ nhập,4,LDG,HUBLDG03,2026-08-11,2026,8,11,932.8333333333333,14.0
Thời gian chờ nhập,4,DLK,HUBDLK,2026-08-07,2026,8,7,1014.9333333333333,32.0
Thời gian chờ nhập,4,KHA,HUBKHA,2026-08-15,2026,8,15,471.18333333333334,31.0
Thời gian chờ nhập,4,DNG,HUBQNM,2026-08-13,2026,8,13,744.0166666666667,26.0
Thời gian chờ nhập,4,CMU,HUBCMU,2026-08-07,2026,8,7,132.85,18.0
Thời gian chờ nhập,4,NBH,HUBNDH,2026-08-09,2026,8,9,121.78333333333333,20.0
Thời gian chờ nhập,4,KHA,HUBNTN,2026-08-03,2026,8,3,48.6,20.0
Thời gian chờ nhập,4,HNI,BBSDPG,2026-08-14,2026,8,14,335.0333333333333,17.0
Thời gian chờ nhập,4,CMU,HUBCMU,2026-08-17,2026,8,17,152.66666666666666,17.0
Thời gian chờ nhập,4,NAN,HUBNAN,2026-08-06,2026,8,6,709.9333333333333,34.0
Thời gian chờ nhập,4,VLG,HUBTVH,2026-08-15,2026,8,15,65.5,13.0
Thời gian chờ nhập,4,BNH,HUBBNH,2026-08-14,2026,8,14,971.0333333333333,30.0
Thời gian chờ nhập,4,CMU,HUBCMU,2026-08-13,2026,8,13,122.61666666666666,17.0
Thời gian chờ nhập,4,QTI,HUBQBH,2026-08-17,2026,8,17,72.2,16.0
Thời gian chờ nhập,4,HNI,HUBTTI,2026-08-11,2026,8,11,461.8,50.0
Thời gian chờ nhập,4,LDG,HUBDKG,2026-08-07,2026,8,7,221.08333333333331,12.0
Thời gian chờ nhập,4,VLG,HUBVLG,2026-08-03,2026,8,3,208.6,10.0
Thời gian chờ nhập,4,PHO,HUBVPC,2026-08-12,2026,8,12,1196.5833333333333,25.0
Thời gian chờ nhập,4,QNI,HUBQNI,2026-08-03,2026,8,3,326.1333333333333,19.0
Thời gian chờ nhập,4,LDG,HUBLDG01,2026-08-12,2026,8,12,460.25,23.0
Thời gian chờ nhập,4,QTI,HUBQTI,2026-08-05,2026,8,5,48.68333333333333,14.0
Thời gian chờ nhập,4,DBN,HUBDBN,2026-08-02,2026,8,2,21.333333333333336,3.0
Thời gian chờ nhập,4,CBG,HUBCBG,2026-08-06,2026,8,6,68.93333333333334,3.0
Thời gian chờ nhập,4,PHO,HUBHBH,2026-08-16,2026,8,16,44.06666666666667,8.0
Thời gian chờ nhập,4,THA,HUBTHA,2026-08-15,2026,8,15,1155.9833333333333,40.0
Thời gian chờ nhập,4,DLK,HUBDLK,2026-08-15,2026,8,15,768.65,35.0
Thời gian chờ nhập,4,HNI,HUBLBN,2026-08-01,2026,8,1,327.26666666666665,27.0
Thời gian chờ nhập,4,QNH,HUBQNH,2026-08-05,2026,8,5,834.4333333333333,29.0
Thời gian chờ nhập,4,HTH,HUBHTH,2026-08-04,2026,8,4,248.58333333333331,11.0
Thời gian chờ nhập,4,DTP,HUBTGG,2026-08-02,2026,8,2,76.78333333333333,14.0
Thời gian chờ nhập,4,CBG,HUBCBG,2026-08-15,2026,8,15,46.599999999999994,4.0
Thời gian chờ nhập,4,CTO,HUBSTG,2026-08-16,2026,8,16,67.36666666666667,17.0
Thời gian chờ nhập,4,QNI,HUBQNI,2026-08-12,2026,8,12,314.3666666666666,20.0
Thời gian chờ nhập,4,CMU,HUBBLU,2026-08-08,2026,8,8,91.73333333333333,10.0
Thời gian chờ nhập,4,QNH,HUBQNH,2026-08-12,2026,8,12,1167.6333333333334,26.0
Thời gian chờ nhập,4,QNI,HUBKTM,2026-08-05,2026,8,5,377.56666666666666,18.0
Thời gian chờ nhập,4,PHO,HUBPHO,2026-08-04,2026,8,4,522.6333333333333,25.0
Thời gian chờ nhập,4,DLK,HUBDLK,2026-08-02,2026,8,2,533.5,28.0
Thời gian chờ nhập,4,TNN,HUBBKN,2026-08-05,2026,8,5,188.3,5.0
Thời gian chờ nhập,4,TQG,HUBTQG,2026-08-07,2026,8,7,107.33333333333333,9.0
Thời gian chờ nhập,4,DLK,HUBDLK,2026-08-17,2026,8,17,631.5666666666667,31.0
Thời gian chờ nhập,4,KHA,HUBKHA,2026-08-07,2026,8,7,688.0,39.0
Thời gian chờ nhập,4,HYN,HUBHYN,2026-08-15,2026,8,15,90.96666666666667,30.0
Thời gian chờ nhập,4,NBH,HUBHNM,2026-08-09,2026,8,9,201.35,8.0
Thời gian chờ nhập,4,DTP,HUBTGG,2026-08-14,2026,8,14,200.18333333333334,21.0
Thời gian chờ nhập,4,QNI,HUBKTM,2026-08-12,2026,8,12,279.51666666666665,18.0
Thời gian chờ nhập,4,NBH,HUBNDH,2026-08-03,2026,8,3,204.46666666666667,29.0
Thời gian chờ nhập,4,AGG,HUBAGG,2026-08-06,2026,8,6,199.25,25.0
Thời gian chờ nhập,4,HCM,HUBVTU,2026-08-03,2026,8,3,474.53333333333336,19.0
Thời gian chờ nhập,4,AGG,HUBAGG,2026-08-03,2026,8,3,215.35,28.0
Thời gian chờ nhập,4,QTI,HUBQBH,2026-08-15,2026,8,15,117.75,18.0
Thời gian chờ nhập,4,AGG,HUBKGG01,2026-08-08,2026,8,8,394.54999999999995,23.0
Thời gian chờ nhập,4,NBH,HUBNDH,2026-08-04,2026,8,4,190.08333333333334,30.0
Thời gian chờ nhập,4,TNH,HUBLAN,2026-08-05,2026,8,5,395.2833333333333,34.0
Thời gian chờ nhập,4,LDG,HUBLDG03,2026-08-16,2026,8,16,529.5166666666667,16.0
Thời gian chờ nhập,4,LDG,HUBLDG03,2026-08-02,2026,8,2,348.93333333333334,14.0
Thời gian chờ nhập,4,LCU,HUBLCU,2026-08-15,2026,8,15,1.8333333333333333,1.0
Thời gian chờ nhập,4,GLI,HUBGLI,2026-08-01,2026,8,1,2591.0,33.0
Thời gian chờ nhập,4,DTP,HUBTGG,2026-08-13,2026,8,13,135.05,22.0
Thời gian chờ nhập,4,PHO,HUBVPC,2026-08-11,2026,8,11,1019.95,21.0
Thời gian chờ nhập,4,NBH,HUBNBH,2026-08-01,2026,8,1,102.05,13.0
Thời gian chờ nhập,4,DLK,HUBDLK,2026-08-12,2026,8,12,650.0333333333333,31.0
Thời gian chờ nhập,4,HNI,HUBYAN,2026-08-13,2026,8,13,292.4166666666667,24.0
Thời gian chờ nhập,4,LDG,HUBBTN,2026-08-04,2026,8,4,253.31666666666666,17.0
Thời gian chờ nhập,4,THA,HUBTHA,2026-08-08,2026,8,8,1649.4,36.0
Thời gian chờ nhập,4,CMU,HUBCMU,2026-08-16,2026,8,16,139.0,12.0
Thời gian chờ nhập,4,QNI,HUBKTM,2026-08-06,2026,8,6,489.03333333333336,19.0
Thời gian chờ nhập,4,AGG,HUBKGG01,2026-08-12,2026,8,12,351.2833333333333,24.0
Thời gian chờ nhập,4,LCI,HUBYBN,2026-08-13,2026,8,13,246.84999999999997,8.0
Thời gian chờ nhập,4,HNI,BBSDPG,2026-08-02,2026,8,2,273.21666666666664,16.0
Thời gian chờ nhập,4,VLG,HUBBTE,2026-08-07,2026,8,7,1045.55,25.0
Thời gian chờ nhập,4,QNH,HUBQNH,2026-08-11,2026,8,11,742.0666666666666,28.0
Thời gian chờ nhập,4,HPG,HUBHDG,2026-08-01,2026,8,1,69.11666666666666,22.0
Thời gian chờ nhập,4,VLG,HUBVLG,2026-08-07,2026,8,7,706.2833333333334,16.0
Thời gian chờ nhập,4,PHO,HUBPHO,2026-08-13,2026,8,13,328.26666666666665,22.0
Thời gian chờ nhập,4,BNH,HUBBGG,2026-08-09,2026,8,9,605.15,26.0
Thời gian chờ nhập,4,HCM,HUBVTU,2026-08-01,2026,8,1,182.83333333333331,21.0
Thời gian chờ nhập,4,HYN,HUBTBH,2026-08-07,2026,8,7,116.3,26.0
Thời gian chờ nhập,4,NBH,HUBHNM,2026-08-05,2026,8,5,171.21666666666667,16.0
Thời gian chờ nhập,4,HYN,HUBHYN,2026-08-09,2026,8,9,96.56666666666666,13.0
Thời gian chờ nhập,4,HCM,HUBTAN,2026-08-07,2026,8,7,594.9166666666666,18.0
Thời gian chờ nhập,4,LDG,HUBBTN,2026-08-14,2026,8,14,244.48333333333332,19.0
Thời gian chờ nhập,4,BNH,HUBBNH,2026-08-04,2026,8,4,852.4166666666666,30.0
Thời gian chờ nhập,4,HYN,HUBTBH,2026-08-15,2026,8,15,103.9,22.0
Thời gian chờ nhập,4,BNH,HUBBGG,2026-08-17,2026,8,17,606.6666666666666,28.0
Thời gian chờ nhập,4,TQG,HUBHGG,2026-08-08,2026,8,8,32.83333333333333,5.0
Thời gian chờ nhập,4,TNN,HUBTNN,2026-08-09,2026,8,9,202.58333333333331,15.0
Thời gian chờ nhập,4,HNI,HUBLBN,2026-08-06,2026,8,6,225.7,27.0
Thời gian chờ nhập,4,HNI,HUBLBN,2026-08-08,2026,8,8,328.1,22.0
Thời gian chờ nhập,4,QNI,HUBKTM,2026-08-01,2026,8,1,173.88333333333333,17.0
Thời gian chờ nhập,4,HCM,HUBBDG,2026-08-09,2026,8,9,90.58333333333333,10.0
Thời gian chờ nhập,4,LCI,HUBLCI01,2026-08-17,2026,8,17,117.48333333333333,7.0
Thời gian chờ nhập,4,AGG,HUBAGG,2026-08-04,2026,8,4,166.85,25.0
Thời gian chờ nhập,4,THA,HUBTHA,2026-08-13,2026,8,13,1266.9333333333334,35.0
Thời gian chờ nhập,4,HCM,HUBTAN,2026-08-15,2026,8,15,127.69999999999999,12.0
Thời gian chờ nhập,4,LCU,HUBLCU,2026-08-04,2026,8,4,2.8166666666666664,2.0
Thời gian chờ nhập,4,DBN,HUBDBN,2026-08-12,2026,8,12,12.333333333333332,3.0
Thời gian chờ nhập,4,VLG,HUBBTE,2026-08-01,2026,8,1,839.9166666666665,27.0
Thời gian chờ nhập,4,PHO,HUBPHO,2026-08-08,2026,8,8,412.46666666666664,22.0
Thời gian chờ nhập,4,HPG,HUBHDG,2026-08-13,2026,8,13,94.26666666666667,24.0
Thời gian chờ nhập,4,AGG,HUBAGG,2026-08-15,2026,8,15,290.1166666666667,24.0
Thời gian chờ nhập,4,LDG,HUBLDG01,2026-08-06,2026,8,6,457.93333333333334,23.0
Thời gian chờ nhập,4,DNI,HUBDNI,2026-08-08,2026,8,8,112.36666666666666,53.0
Thời gian chờ nhập,4,QTI,HUBQTI,2026-08-01,2026,8,1,56.083333333333336,12.0
Thời gian chờ nhập,4,TQG,HUBHGG,2026-08-17,2026,8,17,308.15,6.0
Thời gian chờ nhập,4,CTO,HUBSTG,2026-08-09,2026,8,9,79.51666666666667,15.0
Thời gian chờ nhập,4,TNN,HUBBKN,2026-08-09,2026,8,9,132.65,5.0
Thời gian chờ nhập,4,LDG,HUBLDG03,2026-08-09,2026,8,9,804.2166666666666,14.0
Thời gian chờ nhập,4,DTP,HUBTGG,2026-08-11,2026,8,11,64.23333333333333,21.0
Thời gian chờ nhập,4,LSN,HUBLSN,2026-08-11,2026,8,11,30.633333333333333,9.0
Thời gian chờ nhập,4,HPG,HUBHPG,2026-08-03,2026,8,3,241.43333333333334,23.0
Thời gian chờ nhập,4,QTI,HUBQTI,2026-08-06,2026,8,6,101.91666666666667,16.0
Thời gian chờ nhập,4,HUE,HUBHUE,2026-08-15,2026,8,15,388.26666666666665,19.0
Thời gian chờ nhập,4,NBH,HUBNDH,2026-08-11,2026,8,11,137.85,28.0
Thời gian chờ nhập,4,HPG,HUBHDG,2026-08-08,2026,8,8,118.3,24.0
Thời gian chờ nhập,4,TNN,HUBTNN,2026-08-06,2026,8,6,277.71666666666664,21.0
Thời gian chờ nhập,4,VLG,HUBBTE,2026-08-10,2026,8,10,715.9666666666667,24.0
Thời gian chờ nhập,4,LDG,HUBLDG01,2026-08-04,2026,8,4,463.76666666666665,25.0
Thời gian chờ nhập,4,NBH,HUBNDH,2026-08-15,2026,8,15,95.61666666666666,27.0
Thời gian chờ nhập,4,LDG,HUBLDG01,2026-08-17,2026,8,17,670.6,23.0
Thời gian chờ nhập,4,KHA,HUBNTN,2026-08-04,2026,8,4,36.53333333333333,15.0
Thời gian chờ nhập,4,CBG,HUBCBG,2026-08-08,2026,8,8,86.19999999999999,4.0
Thời gian chờ nhập,4,LCI,HUBLCI01,2026-08-08,2026,8,8,17.816666666666666,4.0
Thời gian chờ nhập,4,DTP,HUBTGG,2026-08-12,2026,8,12,124.35,22.0
Thời gian chờ nhập,4,QNI,HUBQNI,2026-08-16,2026,8,16,442.08333333333337,16.0
Thời gian chờ nhập,4,PHO,HUBPHO,2026-08-03,2026,8,3,698.45,24.0
Thời gian chờ nhập,4,HPG,HUBHPG,2026-08-09,2026,8,9,16.95,1.0
Thời gian chờ nhập,4,DNI,HUBDNI,2026-08-04,2026,8,4,109.36666666666666,52.0
Thời gian chờ nhập,4,THA,HUBTHA,2026-08-01,2026,8,1,700.7333333333333,36.0
Thời gian chờ nhập,4,HCM,HUBTAN,2026-08-04,2026,8,4,206.96666666666667,16.0
Thời gian chờ nhập,4,QNI,HUBKTM,2026-08-04,2026,8,4,103.61666666666667,15.0
Thời gian chờ nhập,4,DLK,HUBPYN,2026-08-12,2026,8,12,107.73333333333333,20.0
Thời gian chờ nhập,4,TNH,HUBLAN,2026-08-14,2026,8,14,870.1166666666667,33.0
Thời gian chờ nhập,4,GLI,HUBBHD,2026-08-05,2026,8,5,388.31666666666666,12.0
Thời gian chờ nhập,4,VLG,HUBVLG,2026-08-17,2026,8,17,124.18333333333334,13.0
Thời gian chờ nhập,4,NBH,HUBNBH,2026-08-05,2026,8,5,72.38333333333334,11.0
Thời gian chờ nhập,4,VLG,HUBTVH,2026-08-16,2026,8,16,41.08333333333333,8.0
Thời gian chờ nhập,4,AGG,HUBKGG01,2026-08-06,2026,8,6,320.31666666666666,20.0
Thời gian chờ nhập,4,TQG,HUBTQG,2026-08-16,2026,8,16,66.26666666666667,9.0
Thời gian chờ nhập,4,HCM,HUBVTU,2026-08-09,2026,8,9,118.03333333333333,19.0
Thời gian chờ nhập,4,KHA,HUBKHA,2026-08-05,2026,8,5,876.0333333333333,34.0
Thời gian chờ nhập,4,KHA,HUBKHA,2026-08-10,2026,8,10,765.0666666666666,32.0
Thời gian chờ nhập,4,DTP,HUBTGG,2026-08-05,2026,8,5,196.93333333333334,18.0
Thời gian chờ nhập,4,HUE,HUBHUE,2026-08-08,2026,8,8,420.03333333333336,20.0
Thời gian chờ nhập,4,BNH,HUBBNH,2026-08-01,2026,8,1,1531.3,27.0
Thời gian chờ nhập,4,HCM,HUBBDG,2026-08-14,2026,8,14,121.28333333333333,17.0
Thời gian chờ nhập,4,PHO,HUBVPC,2026-08-15,2026,8,15,456.5833333333333,23.0
Thời gian chờ nhập,4,PHO,HUBVPC,2026-08-01,2026,8,1,802.7666666666667,20.0
Thời gian chờ nhập,4,CMU,HUBCMU,2026-08-02,2026,8,2,256.3333333333333,12.0
Thời gian chờ nhập,4,PHO,HUBPHO,2026-08-11,2026,8,11,298.59999999999997,24.0
Thời gian chờ nhập,4,NAN,HUBNAN,2026-08-10,2026,8,10,694.6166666666667,28.0
Thời gian chờ nhập,4,HCM,HUBTAN,2026-08-10,2026,8,10,215.54999999999998,18.0
Thời gian chờ nhập,4,TQG,HUBHGG,2026-08-04,2026,8,4,13.566666666666666,4.0
Thời gian chờ nhập,4,DNI,HUBDNI,2026-08-11,2026,8,11,107.18333333333334,51.0
Thời gian chờ nhập,4,TQG,HUBHGG,2026-08-15,2026,8,15,240.41666666666669,5.0
Thời gian chờ nhập,4,GLI,HUBGLI,2026-08-09,2026,8,9,1386.2,31.0
Thời gian chờ nhập,4,PHO,HUBPHO,2026-08-01,2026,8,1,510.23333333333335,25.0
Thời gian chờ nhập,4,TQG,HUBHGG,2026-08-12,2026,8,12,57.483333333333334,7.0
Thời gian chờ nhập,4,VLG,HUBTVH,2026-08-10,2026,8,10,30.65,12.0
Thời gian chờ nhập,4,DNI,HUBDNI,2026-08-09,2026,8,9,235.1,30.0
Thời gian chờ nhập,4,QNI,HUBQNI,2026-08-06,2026,8,6,331.5,19.0
Thời gian chờ nhập,4,DNI,HUBBPC,2026-08-04,2026,8,4,200.33333333333334,25.0
Thời gian chờ nhập,4,SLA,HUBSLA,2026-08-04,2026,8,4,21.066666666666666,1.0
Thời gian chờ nhập,4,TNH,HUBTNH,2026-08-01,2026,8,1,138.76666666666668,25.0
Thời gian chờ nhập,4,PHO,HUBPHO,2026-08-12,2026,8,12,331.6666666666667,23.0
Thời gian chờ nhập,4,HUE,HUBHUE,2026-08-02,2026,8,2,312.2,20.0
Thời gian chờ nhập,4,PHO,HUBPHO,2026-08-14,2026,8,14,383.6166666666667,25.0
Thời gian chờ nhập,4,DLK,HUBDLK,2026-07-31,2026,7,31,62.78333333333333,3.0
Thời gian chờ nhập,4,DNI,HUBBPC,2026-08-17,2026,8,17,226.55,23.0
Thời gian chờ nhập,4,CMU,HUBBLU,2026-08-05,2026,8,5,63.016666666666666,10.0
Thời gian chờ nhập,4,HNI,BBSDPG,2026-08-12,2026,8,12,512.3166666666666,20.0
Thời gian chờ nhập,4,BNH,HUBBNH,2026-08-17,2026,8,17,706.9,26.0
Thời gian chờ nhập,4,DTP,HUBDTP,2026-08-09,2026,8,9,142.7,19.0
Thời gian chờ nhập,4,CBG,HUBCBG,2026-08-03,2026,8,3,55.08333333333333,3.0
Thời gian chờ nhập,4,CTO,HUBSTG,2026-08-02,2026,8,2,47.266666666666666,13.0
Thời gian chờ nhập,4,HNI,HUBLBN,2026-08-17,2026,8,17,507.3,23.0
Thời gian chờ nhập,4,QTI,HUBQTI,2026-08-14,2026,8,14,191.68333333333334,18.0
Thời gian chờ nhập,4,VLG,HUBBTE,2026-08-14,2026,8,14,253.03333333333333,30.0
Thời gian chờ nhập,4,LSN,HUBLSN,2026-08-02,2026,8,2,26.833333333333332,6.0
Thời gian chờ nhập,4,HUE,HUBHUE,2026-08-14,2026,8,14,639.8833333333333,15.0
Thời gian chờ nhập,4,HCM,HUBTTO,2026-08-04,2026,8,4,762.9166666666666,42.0
Thời gian chờ nhập,4,THA,HUBTHA,2026-08-10,2026,8,10,632.9166666666666,33.0
Thời gian chờ nhập,4,TNN,HUBTNN,2026-08-08,2026,8,8,197.56666666666666,19.0
Thời gian chờ nhập,4,HNI,HUBTTI,2026-08-01,2026,8,1,739.8833333333333,61.0
Thời gian chờ nhập,4,TNN,HUBTNN,2026-08-03,2026,8,3,138.0,20.0
Thời gian chờ nhập,4,TQG,HUBTQG,2026-08-06,2026,8,6,73.2,8.0
Thời gian chờ nhập,4,VLG,HUBBTE,2026-08-05,2026,8,5,340.2,22.0
Thời gian chờ nhập,4,TNH,HUBLAN,2026-08-12,2026,8,12,453.21666666666664,36.0
Thời gian chờ nhập,4,HCM,HUBVTU,2026-08-07,2026,8,7,196.33333333333331,22.0
Thời gian chờ nhập,4,DNI,HUBBPC,2026-08-11,2026,8,11,434.5,26.0
Thời gian chờ nhập,4,CBG,HUBCBG,2026-08-01,2026,8,1,150.95,3.0
Thời gian chờ nhập,4,HCM,HUBBDG,2026-08-10,2026,8,10,118.28333333333333,11.0
Thời gian chờ nhập,4,AGG,HUBKGG01,2026-08-05,2026,8,5,219.9,19.0
Thời gian chờ nhập,4,VLG,HUBTVH,2026-08-11,2026,8,11,69.56666666666668,13.0
Thời gian chờ nhập,4,KHA,HUBNTN,2026-08-06,2026,8,6,90.58333333333333,21.0
Thời gian chờ nhập,4,LCI,HUBLCI01,2026-08-07,2026,8,7,45.949999999999996,5.0
Thời gian chờ nhập,4,DNI,HUBBPC,2026-08-05,2026,8,5,332.6166666666667,24.0
Thời gian chờ nhập,4,AGG,HUBAGG,2026-08-11,2026,8,11,205.9,23.0
Thời gian chờ nhập,4,PHO,HUBPHO,2026-08-06,2026,8,6,370.3666666666667,25.0
Thời gian chờ nhập,4,QNI,HUBQNI,2026-08-04,2026,8,4,176.6833333333333,17.0
Thời gian chờ nhập,4,LDG,HUBLDG03,2026-08-10,2026,8,10,272.6166666666667,14.0
Thời gian chờ nhập,4,CBG,HUBCBG,2026-08-12,2026,8,12,56.766666666666666,3.0
Thời gian chờ nhập,4,DNG,HUBQNM,2026-08-05,2026,8,5,71.66666666666667,19.0
Thời gian chờ nhập,4,DBN,HUBDBN,2026-08-04,2026,8,4,4.25,3.0
Thời gian chờ nhập,4,LDG,HUBBTN,2026-08-10,2026,8,10,212.2,20.0
Thời gian chờ nhập,4,DNI,HUBDNI,2026-08-06,2026,8,6,130.6,47.0
Thời gian chờ nhập,4,TNH,HUBLAN,2026-08-13,2026,8,13,926.6333333333333,35.0
Thời gian chờ nhập,4,CMU,HUBCMU,2026-08-08,2026,8,8,114.33333333333333,18.0
Thời gian chờ nhập,4,DNI,HUBDNI,2026-08-13,2026,8,13,226.86666666666667,54.0
Thời gian chờ nhập,4,LDG,HUBDKG,2026-08-01,2026,8,1,314.16666666666663,17.0
Thời gian chờ nhập,4,DLK,HUBDLK,2026-08-05,2026,8,5,671.2833333333333,25.0
Thời gian chờ nhập,4,LCI,HUBLCI01,2026-08-14,2026,8,14,39.93333333333333,4.0
Thời gian chờ nhập,4,GLI,HUBBHD,2026-08-15,2026,8,15,38.71666666666667,10.0
Thời gian chờ nhập,4,CBG,HUBCBG,2026-08-11,2026,8,11,97.0,3.0
Thời gian chờ nhập,4,VLG,HUBVLG,2026-08-05,2026,8,5,234.06666666666666,15.0
Thời gian chờ nhập,4,HCM,HUBVTU,2026-08-04,2026,8,4,485.46666666666664,22.0
Thời gian chờ nhập,4,NBH,HUBNBH,2026-08-13,2026,8,13,300.01666666666665,15.0
Thời gian chờ nhập,4,TQG,HUBTQG,2026-08-03,2026,8,3,65.83333333333333,10.0
Thời gian chờ nhập,4,QNI,HUBQNI,2026-08-05,2026,8,5,318.4,18.0
Thời gian chờ nhập,4,NBH,HUBNBH,2026-08-16,2026,8,16,97.33333333333333,11.0
Thời gian chờ nhập,4,DLK,HUBPYN,2026-08-13,2026,8,13,112.7,21.0
Thời gian chờ nhập,4,QTI,HUBQBH,2026-08-10,2026,8,10,70.2,17.0
Thời gian chờ nhập,4,QTI,HUBQBH,2026-08-16,2026,8,16,134.7,17.0
Thời gian chờ nhập,4,CMU,HUBBLU,2026-08-02,2026,8,2,129.76666666666668,8.0
Thời gian chờ nhập,4,BNH,HUBBNH,2026-08-13,2026,8,13,1964.1166666666668,31.0
Thời gian chờ nhập,4,LDG,HUBDKG,2026-08-10,2026,8,10,454.35,16.0
Thời gian chờ nhập,4,VLG,HUBBTE,2026-08-17,2026,8,17,237.93333333333334,26.0
Thời gian chờ nhập,4,KHA,HUBKHA,2026-08-06,2026,8,6,697.6333333333333,39.0
Thời gian chờ nhập,4,LDG,HUBBTN,2026-08-15,2026,8,15,288.95,21.0
Thời gian chờ nhập,4,TQG,HUBTQG,2026-08-01,2026,8,1,58.083333333333336,9.0
Thời gian chờ nhập,4,CMU,HUBBLU,2026-08-13,2026,8,13,56.61666666666667,11.0
Thời gian chờ nhập,4,VLG,HUBTVH,2026-08-02,2026,8,2,27.366666666666667,8.0
Thời gian chờ nhập,4,HNI,BBSDPG,2026-08-09,2026,8,9,118.01666666666667,17.0
Thời gian chờ nhập,4,NBH,HUBNBH,2026-08-12,2026,8,12,54.38333333333333,11.0
Thời gian chờ nhập,4,CBG,HUBCBG,2026-08-17,2026,8,17,121.51666666666667,4.0
Thời gian chờ nhập,4,DLK,HUBPYN,2026-08-02,2026,8,2,88.85,15.0
Thời gian chờ nhập,4,HPG,HUBHPG,2026-08-05,2026,8,5,279.81666666666666,17.0
Thời gian chờ nhập,4,HNI,HUBTTI,2026-07-31,2026,7,31,0.95,1.0
Thời gian chờ nhập,4,HCM,HUBTAN,2026-08-01,2026,8,1,171.33333333333334,19.0
Thời gian chờ nhập,4,CMU,HUBCMU,2026-08-05,2026,8,5,139.26666666666665,18.0
Thời gian chờ nhập,4,KHA,HUBNTN,2026-08-12,2026,8,12,35.56666666666667,18.0
Thời gian chờ nhập,4,DLK,HUBDLK,2026-08-03,2026,8,3,1019.7666666666667,30.0
Thời gian chờ nhập,4,VLG,HUBBTE,2026-08-03,2026,8,3,293.53333333333336,23.0
Thời gian chờ nhập,4,DNI,HUBDNI,2026-08-02,2026,8,2,735.1666666666667,26.0
Thời gian chờ nhập,4,TNN,HUBBKN,2026-08-15,2026,8,15,129.56666666666666,6.0
Thời gian chờ nhập,4,HPG,HUBHPG,2026-08-08,2026,8,8,310.0333333333333,16.0
Thời gian chờ nhập,4,DBN,HUBDBN,2026-08-10,2026,8,10,9.433333333333334,4.0
Thời gian chờ nhập,4,HYN,HUBTBH,2026-08-17,2026,8,17,92.68333333333334,20.0
Thời gian chờ nhập,4,BNH,HUBBNH,2026-08-16,2026,8,16,1705.6833333333332,15.0
Thời gian chờ nhập,4,SLA,HUBSLA,2026-08-16,2026,8,16,61.6,3.0
Thời gian chờ nhập,4,QTI,HUBQBH,2026-08-09,2026,8,9,88.55,15.0
Thời gian chờ nhập,4,QNI,HUBQNI,2026-08-09,2026,8,9,108.05,14.0
Thời gian chờ nhập,4,PHO,HUBHBH,2026-08-12,2026,8,12,29.799999999999997,10.0
Thời gian chờ nhập,4,GLI,HUBBHD,2026-08-03,2026,8,3,48.75,9.0
Thời gian chờ nhập,4,TNN,HUBBKN,2026-08-16,2026,8,16,39.1,3.0
Thời gian chờ nhập,4,TNN,HUBTNN,2026-08-14,2026,8,14,173.56666666666666,20.0
Thời gian chờ nhập,4,LCU,HUBLCU,2026-08-16,2026,8,16,6.8,3.0
Thời gian chờ nhập,4,HCM,HUBBDG,2026-08-04,2026,8,4,458.8833333333333,15.0
Thời gian chờ nhập,4,GLI,HUBGLI,2026-08-06,2026,8,6,1723.6,31.0
Thời gian chờ nhập,4,LCI,HUBYBN,2026-08-15,2026,8,15,245.04999999999998,9.0
Thời gian chờ nhập,4,VLG,HUBTVH,2026-08-08,2026,8,8,77.45,13.0
Thời gian chờ nhập,4,LDG,HUBBTN,2026-08-03,2026,8,3,235.65,18.0
Thời gian chờ nhập,4,BNH,HUBBNH,2026-08-05,2026,8,5,600.8333333333334,31.0
Thời gian chờ nhập,4,NBH,HUBHNM,2026-08-06,2026,8,6,482.16666666666663,11.0
Thời gian chờ nhập,4,VLG,HUBVLG,2026-08-16,2026,8,16,125.91666666666666,10.0
Thời gian chờ nhập,4,TNN,HUBTNN,2026-08-10,2026,8,10,95.05,17.0
Thời gian chờ nhập,4,LCI,HUBYBN,2026-08-08,2026,8,8,194.0,7.0
Thời gian chờ nhập,4,LSN,HUBLSN,2026-08-07,2026,8,7,27.316666666666666,6.0
Thời gian chờ nhập,4,DTP,HUBTGG,2026-08-15,2026,8,15,320.34999999999997,20.0
Thời gian chờ nhập,4,GLI,HUBGLI,2026-08-16,2026,8,16,1941.3166666666666,34.0
Thời gian chờ nhập,4,NBH,HUBHNM,2026-08-11,2026,8,11,323.0833333333333,14.0
Thời gian chờ nhập,4,CTO,HUBSTG,2026-08-15,2026,8,15,140.38333333333333,16.0
Thời gian chờ nhập,4,TQG,HUBHGG,2026-08-06,2026,8,6,56.099999999999994,6.0
Thời gian chờ nhập,4,GLI,HUBGLI,2026-08-12,2026,8,12,1560.3833333333332,30.0
Thời gian chờ nhập,4,TNN,HUBBKN,2026-08-01,2026,8,1,133.9,6.0
Thời gian chờ nhập,4,DLK,HUBDLK,2026-08-04,2026,8,4,783.7666666666667,33.0
Thời gian chờ nhập,4,LDG,HUBLDG03,2026-08-04,2026,8,4,479.71666666666664,14.0
Thời gian chờ nhập,4,QNH,HUBQNH,2026-08-17,2026,8,17,721.3666666666667,23.0
Thời gian chờ nhập,4,LSN,HUBLSN,2026-08-03,2026,8,3,16.28333333333333,8.0
Thời gian chờ nhập,4,NAN,HUBNAN,2026-08-15,2026,8,15,774.8,41.0
Thời gian chờ nhập,4,AGG,HUBAGG,2026-08-14,2026,8,14,332.01666666666665,24.0
Thời gian chờ nhập,4,NAN,HUBNAN,2026-08-07,2026,8,7,742.05,37.0
Thời gian chờ nhập,4,HYN,HUBTBH,2026-08-16,2026,8,16,130.15,20.0
Thời gian chờ nhập,4,LDG,HUBLDG01,2026-08-14,2026,8,14,687.4333333333333,22.0
Thời gian chờ nhập,4,TNN,HUBBKN,2026-08-17,2026,8,17,77.75,5.0
Thời gian chờ nhập,4,DBN,HUBDBN,2026-08-14,2026,8,14,18.933333333333334,3.0
Thời gian chờ nhập,4,DTP,HUBTGG,2026-08-03,2026,8,3,942.0833333333334,20.0
Thời gian chờ nhập,4,QTI,HUBQBH,2026-08-05,2026,8,5,134.23333333333335,17.0
Thời gian chờ nhập,4,QNI,HUBKTM,2026-08-08,2026,8,8,88.28333333333333,17.0
Thời gian chờ nhập,4,HNI,BBSDPG,2026-08-04,2026,8,4,378.5,18.0
Thời gian chờ nhập,4,GLI,HUBGLI,2026-08-03,2026,8,3,1078.7666666666667,31.0
Thời gian chờ nhập,4,NBH,HUBNBH,2026-08-03,2026,8,3,82.98333333333333,17.0
Thời gian chờ nhập,4,KHA,HUBKHA,2026-07-31,2026,7,31,78.3,6.0
Thời gian chờ nhập,4,PHO,HUBPHO,2026-08-16,2026,8,16,287.01666666666665,21.0
Thời gian chờ nhập,4,KHA,HUBKHA,2026-08-14,2026,8,14,1053.45,36.0
Thời gian chờ nhập,4,TNH,HUBLAN,2026-07-31,2026,7,31,5.366666666666666,1.0
Thời gian chờ nhập,4,LDG,HUBDKG,2026-08-11,2026,8,11,441.0,13.0
Thời gian chờ nhập,4,GLI,HUBGLI,2026-08-10,2026,8,10,1688.5166666666667,28.0
Thời gian chờ nhập,4,LSN,HUBLSN,2026-08-04,2026,8,4,69.71666666666667,8.0
Thời gian chờ nhập,4,QNI,HUBKTM,2026-08-14,2026,8,14,381.51666666666665,18.0
Thời gian chờ nhập,4,SLA,HUBSLA,2026-08-06,2026,8,6,65.48333333333333,3.0
Thời gian chờ nhập,4,AGG,HUBKGG01,2026-08-01,2026,8,1,143.76666666666665,20.0
Thời gian chờ nhập,4,TNH,HUBTNH,2026-08-11,2026,8,11,513.8333333333333,29.0
Thời gian chờ nhập,4,HTH,HUBHTH,2026-08-09,2026,8,9,77.01666666666667,9.0
Thời gian chờ nhập,4,HNI,HUBLBN,2026-08-05,2026,8,5,383.35,27.0
Thời gian chờ nhập,4,HNI,HUBLBN,2026-08-13,2026,8,13,284.3333333333333,22.0
Thời gian chờ nhập,4,LDG,HUBLDG03,2026-07-31,2026,7,31,12.283333333333333,1.0
Thời gian chờ nhập,4,CBG,HUBCBG,2026-08-14,2026,8,14,62.21666666666666,3.0
Thời gian chờ nhập,4,HCM,HUBBDG,2026-08-16,2026,8,16,270.5833333333333,8.0
Thời gian chờ nhập,4,DNI,HUBBPC,2026-08-08,2026,8,8,216.25,24.0
Thời gian chờ nhập,4,KHA,HUBNTN,2026-08-11,2026,8,11,93.81666666666666,18.0
Thời gian chờ nhập,4,HPG,HUBHPG,2026-08-07,2026,8,7,122.81666666666666,17.0
Thời gian chờ nhập,4,VLG,HUBBTE,2026-08-16,2026,8,16,239.26666666666665,19.0
Thời gian chờ nhập,4,LDG,HUBLDG03,2026-08-01,2026,8,1,776.8000000000001,15.0
Thời gian chờ nhập,4,DNI,HUBDNI,2026-08-16,2026,8,16,219.33333333333331,17.0
Thời gian chờ nhập,4,HCM,HUBTTO,2026-08-02,2026,8,2,372.0,27.0
Thời gian chờ nhập,4,CBG,HUBCBG,2026-08-09,2026,8,9,19.35,2.0
Thời gian chờ nhập,4,LDG,HUBDKG,2026-08-15,2026,8,15,260.0833333333333,11.0
Thời gian chờ nhập,4,HPG,HUBHDG,2026-08-17,2026,8,17,89.35,24.0
Thời gian chờ nhập,4,HNI,HUBYAN,2026-08-15,2026,8,15,389.81666666666666,30.0
Thời gian chờ nhập,4,HPG,HUBHDG,2026-08-10,2026,8,10,95.96666666666667,23.0
Thời gian chờ nhập,4,LCI,HUBLCI01,2026-08-02,2026,8,2,53.93333333333334,7.0
Thời gian chờ nhập,4,HCM,HUBTTO,2026-08-17,2026,8,17,629.4666666666667,41.0
Thời gian chờ nhập,4,QNI,HUBKTM,2026-08-09,2026,8,9,304.06666666666666,17.0
Thời gian chờ nhập,4,DBN,HUBDBN,2026-08-07,2026,8,7,2.0,2.0
Thời gian chờ nhập,4,LCU,HUBLCU,2026-08-03,2026,8,3,3.2,2.0
Thời gian chờ nhập,4,TQG,HUBHGG,2026-08-09,2026,8,9,336.33333333333337,5.0
Thời gian chờ nhập,4,HCM,HUBBDG,2026-08-05,2026,8,5,104.88333333333333,10.0
Thời gian chờ nhập,4,KHA,HUBNTN,2026-08-15,2026,8,15,72.75,19.0
Thời gian chờ nhập,4,TQG,HUBTQG,2026-08-10,2026,8,10,110.51666666666667,9.0
Thời gian chờ nhập,4,HYN,HUBTBH,2026-08-04,2026,8,4,102.7,23.0
Thời gian chờ nhập,4,HPG,HUBHDG,2026-08-06,2026,8,6,108.36666666666666,27.0
Thời gian chờ nhập,4,CBG,HUBCBG,2026-08-16,2026,8,16,39.31666666666666,3.0
Thời gian chờ nhập,4,HPG,HUBHPG,2026-08-06,2026,8,6,391.6166666666667,23.0
Thời gian chờ nhập,4,HCM,HUBBDG,2026-08-17,2026,8,17,63.5,8.0
Thời gian chờ nhập,4,CTO,HUBSTG,2026-08-11,2026,8,11,48.233333333333334,14.0
Thời gian chờ nhập,4,QTI,HUBQTI,2026-08-17,2026,8,17,120.61666666666666,15.0
Thời gian chờ nhập,4,LDG,HUBDKG,2026-08-05,2026,8,5,218.48333333333335,12.0
Thời gian chờ nhập,4,HCM,HUBTAN,2026-08-12,2026,8,12,195.46666666666667,18.0
Thời gian chờ nhập,4,DNI,HUBDNI,2026-08-07,2026,8,7,106.33333333333333,56.0
Thời gian chờ nhập,4,NAN,HUBNAN,2026-08-11,2026,8,11,361.18333333333334,28.0
Thời gian chờ nhập,4,THA,HUBTHA,2026-08-02,2026,8,2,652.45,29.0
Thời gian chờ nhập,4,DNG,HUBQNM,2026-08-16,2026,8,16,327.76666666666665,14.0
Thời gian chờ nhập,4,QNI,HUBQNI,2026-08-11,2026,8,11,88.93333333333334,17.0
Thời gian chờ nhập,4,LSN,HUBLSN,2026-08-08,2026,8,8,39.56666666666667,6.0
Thời gian chờ nhập,4,QTI,HUBQBH,2026-08-12,2026,8,12,110.03333333333333,18.0
Thời gian chờ nhập,4,HPG,HUBHDG,2026-08-04,2026,8,4,76.64999999999999,24.0
Thời gian chờ nhập,4,HNI,HUBTTI,2026-08-08,2026,8,8,752.9833333333333,50.0
Thời gian chờ nhập,4,TQG,HUBTQG,2026-08-15,2026,8,15,45.78333333333333,10.0
Thời gian chờ nhập,4,HCM,HUBVTU,2026-08-14,2026,8,14,288.1666666666667,22.0
Thời gian chờ nhập,4,LDG,HUBBTN,2026-08-17,2026,8,17,198.15,21.0
Thời gian chờ nhập,4,LDG,HUBDKG,2026-08-06,2026,8,6,430.7,14.0
Thời gian chờ nhập,4,TNN,HUBTNN,2026-08-05,2026,8,5,193.95,17.0
Thời gian chờ nhập,4,DNI,HUBDNI,2026-07-31,2026,7,31,3.2666666666666666,1.0
Thời gian chờ nhập,4,HTH,HUBHTH,2026-08-10,2026,8,10,198.15,13.0
Thời gian chờ nhập,4,DTP,HUBDTP,2026-08-16,2026,8,16,173.76666666666665,18.0
Thời gian chờ nhập,4,DBN,HUBDBN,2026-08-15,2026,8,15,48.099999999999994,4.0
Thời gian chờ nhập,4,BNH,HUBBNH,2026-08-02,2026,8,2,1637.7833333333333,17.0
Thời gian chờ nhập,4,GLI,HUBGLI,2026-08-04,2026,8,4,849.05,27.0
Thời gian chờ nhập,4,DTP,HUBTGG,2026-08-17,2026,8,17,58.449999999999996,20.0
Thời gian chờ nhập,4,HCM,HUBTAN,2026-08-17,2026,8,17,48.1,14.0
Thời gian chờ nhập,4,DLK,HUBDLK,2026-08-10,2026,8,10,533.45,33.0
Thời gian chờ nhập,4,TNH,HUBLAN,2026-08-01,2026,8,1,1076.5833333333333,40.0
Thời gian chờ nhập,4,AGG,HUBKGG01,2026-08-17,2026,8,17,109.68333333333334,20.0
Thời gian chờ nhập,4,HPG,HUBHPG,2026-08-04,2026,8,4,207.7,27.0
Thời gian chờ nhập,4,QTI,HUBQBH,2026-08-04,2026,8,4,97.26666666666667,18.0
Thời gian chờ nhập,4,LCI,HUBLCI01,2026-08-06,2026,8,6,82.86666666666667,8.0
Thời gian chờ nhập,4,HUE,HUBHUE,2026-08-07,2026,8,7,192.85,18.0
Thời gian chờ nhập,4,HCM,HUBBDG,2026-08-08,2026,8,8,256.95,19.0
Thời gian chờ nhập,4,CMU,HUBCMU,2026-08-11,2026,8,11,93.93333333333334,17.0
Thời gian chờ nhập,4,TNN,HUBBKN,2026-08-03,2026,8,3,20.799999999999997,4.0
Thời gian chờ nhập,4,DLK,HUBDLK,2026-08-11,2026,8,11,991.6999999999999,33.0
Thời gian chờ nhập,4,HCM,HUBVTU,2026-08-16,2026,8,16,136.36666666666667,16.0
Thời gian chờ nhập,4,NBH,HUBNDH,2026-08-13,2026,8,13,97.6,27.0
Thời gian chờ nhập,4,KHA,HUBKHA,2026-08-13,2026,8,13,338.3833333333333,31.0
Thời gian chờ nhập,4,LCI,HUBYBN,2026-08-03,2026,8,3,289.03333333333336,8.0
Thời gian chờ nhập,4,NBH,HUBHNM,2026-08-15,2026,8,15,283.3666666666667,11.0
Thời gian chờ nhập,4,HNI,HUBYAN,2026-08-07,2026,8,7,606.3666666666667,28.0
Thời gian chờ nhập,4,LDG,HUBDKG,2026-08-17,2026,8,17,109.45,12.0
Thời gian chờ nhập,4,TQG,HUBHGG,2026-08-01,2026,8,1,275.25,5.0
Thời gian chờ nhập,4,HCM,HUBTTO,2026-08-12,2026,8,12,954.55,44.0
Thời gian chờ nhập,4,DTP,HUBDTP,2026-08-07,2026,8,7,166.53333333333333,23.0
Thời gian chờ nhập,4,HCM,HUBTAN,2026-08-05,2026,8,5,187.76666666666665,16.0
Thời gian chờ nhập,4,AGG,HUBKGG01,2026-08-09,2026,8,9,182.6,21.0
Thời gian chờ nhập,4,HNI,HUBYAN,2026-08-03,2026,8,3,524.2166666666667,29.0
Thời gian chờ nhập,4,AGG,HUBAGG,2026-08-08,2026,8,8,245.26666666666665,23.0
Thời gian chờ nhập,4,TNN,HUBBKN,2026-08-13,2026,8,13,70.61666666666667,6.0
Thời gian chờ nhập,4,BNH,HUBBGG,2026-08-07,2026,8,7,485.96666666666664,24.0
Thời gian chờ nhập,4,NAN,HUBNAN,2026-08-09,2026,8,9,664.6666666666666,32.0
Thời gian chờ nhập,4,DNG,HUBQNM,2026-08-03,2026,8,3,75.06666666666666,21.0
Thời gian chờ nhập,4,AGG,HUBKGG01,2026-08-11,2026,8,11,195.73333333333332,23.0
Thời gian chờ nhập,4,LCI,HUBYBN,2026-08-05,2026,8,5,188.61666666666667,9.0
Thời gian chờ nhập,4,HNI,HUBLBN,2026-08-02,2026,8,2,406.2,13.0
Thời gian chờ nhập,4,KHA,HUBKHA,2026-08-12,2026,8,12,523.9333333333334,34.0
Thời gian chờ nhập,4,DNG,HUBQNM,2026-08-12,2026,8,12,159.28333333333333,21.0
Thời gian chờ nhập,4,LDG,HUBDKG,2026-08-02,2026,8,2,212.01666666666665,13.0
Thời gian chờ nhập,4,GLI,HUBBHD,2026-08-08,2026,8,8,246.81666666666666,11.0
Thời gian chờ nhập,4,QTI,HUBQTI,2026-08-02,2026,8,2,78.05,12.0
Thời gian chờ nhập,4,HCM,HUBVTU,2026-08-13,2026,8,13,202.83333333333334,18.0
Thời gian chờ nhập,4,TNH,HUBLAN,2026-08-10,2026,8,10,422.05,31.0
Thời gian chờ nhập,4,QTI,HUBQTI,2026-08-09,2026,8,9,53.83333333333333,12.0
Thời gian chờ nhập,4,HNI,HUBYAN,2026-08-14,2026,8,14,1187.0666666666666,38.0
Thời gian chờ nhập,4,BNH,HUBBGG,2026-08-10,2026,8,10,800.1999999999999,34.0
Thời gian chờ nhập,4,LCI,HUBYBN,2026-08-10,2026,8,10,337.93333333333334,7.0
Thời gian chờ nhập,4,TNH,HUBLAN,2026-08-03,2026,8,3,368.05,31.0
Thời gian chờ nhập,4,TQG,HUBTQG,2026-08-17,2026,8,17,95.0,8.0
Thời gian chờ nhập,4,HNI,HUBLBN,2026-08-03,2026,8,3,242.98333333333332,21.0
Thời gian chờ nhập,4,HNI,HUBTTI,2026-08-02,2026,8,2,360.71666666666664,34.0
Thời gian chờ nhập,4,DTP,HUBTGG,2026-08-01,2026,8,1,82.53333333333333,21.0
Thời gian chờ nhập,4,PHO,HUBHBH,2026-08-09,2026,8,9,61.949999999999996,8.0
Thời gian chờ nhập,4,VLG,HUBVLG,2026-08-10,2026,8,10,141.83333333333334,14.0
Thời gian chờ nhập,4,TNH,HUBTNH,2026-08-05,2026,8,5,655.0833333333333,27.0
Thời gian chờ nhập,4,CTO,HUBSTG,2026-08-12,2026,8,12,105.93333333333334,14.0
Thời gian chờ nhập,4,CMU,HUBBLU,2026-08-17,2026,8,17,84.28333333333333,10.0
Thời gian chờ nhập,4,TNN,HUBBKN,2026-08-06,2026,8,6,97.53333333333333,5.0
Thời gian chờ nhập,4,VLG,HUBVLG,2026-08-02,2026,8,2,145.08333333333334,8.0
Thời gian chờ nhập,4,HCM,HUBTTO,2026-08-11,2026,8,11,883.9333333333333,43.0
Thời gian chờ nhập,4,QNH,HUBQNH,2026-08-06,2026,8,6,1012.8166666666666,24.0
Thời gian chờ nhập,4,PHO,HUBHBH,2026-08-06,2026,8,6,86.66666666666666,9.0
Thời gian chờ nhập,4,TNH,HUBLAN,2026-08-11,2026,8,11,532.5833333333333,34.0
Thời gian chờ nhập,4,QNI,HUBKTM,2026-08-02,2026,8,2,78.91666666666667,20.0
Thời gian chờ nhập,4,HNI,HUBLBN,2026-08-04,2026,8,4,371.0,27.0
Thời gian chờ nhập,4,GLI,HUBBHD,2026-08-10,2026,8,10,32.65,9.0
Thời gian chờ nhập,4,PHO,HUBHBH,2026-08-03,2026,8,3,54.949999999999996,9.0
Thời gian chờ nhập,4,TQG,HUBTQG,2026-08-14,2026,8,14,47.15,8.0
Thời gian chờ nhập,4,LSN,HUBLSN,2026-08-12,2026,8,12,20.2,6.0
Thời gian chờ nhập,4,KHA,HUBNTN,2026-08-14,2026,8,14,73.33333333333333,20.0
Thời gian chờ nhập,4,NBH,HUBHNM,2026-08-01,2026,8,1,68.58333333333333,10.0
Thời gian chờ nhập,4,DNI,HUBDNI,2026-08-14,2026,8,14,304.45,52.0
Thời gian chờ nhập,4,DTP,HUBDTP,2026-08-17,2026,8,17,141.43333333333334,22.0
Thời gian chờ nhập,4,HCM,HUBBDG,2026-08-02,2026,8,2,201.01666666666665,13.0
Thời gian chờ nhập,4,KHA,HUBNTN,2026-08-05,2026,8,5,66.61666666666666,15.0
Thời gian chờ nhập,4,BNH,HUBBGG,2026-08-03,2026,8,3,504.51666666666665,33.0
Thời gian chờ nhập,4,VLG,HUBTVH,2026-08-05,2026,8,5,24.599999999999998,10.0
Thời gian chờ nhập,4,HYN,HUBTBH,2026-08-02,2026,8,2,94.05,20.0
Thời gian chờ nhập,4,BNH,HUBBNH,2026-08-10,2026,8,10,646.4,28.0
Thời gian chờ nhập,4,DLK,HUBPYN,2026-08-10,2026,8,10,285.1666666666667,19.0
Thời gian chờ nhập,4,QTI,HUBQBH,2026-08-11,2026,8,11,100.6,15.0
Thời gian chờ nhập,4,VLG,HUBVLG,2026-08-01,2026,8,1,266.5833333333333,15.0
Thời gian chờ nhập,4,PHO,HUBHBH,2026-08-10,2026,8,10,57.650000000000006,10.0
Thời gian chờ nhập,4,HNI,HUBLBN,2026-08-10,2026,8,10,251.95,28.0
Thời gian chờ nhập,4,HNI,HUBTTI,2026-08-03,2026,8,3,470.98333333333335,53.0
Thời gian chờ nhập,4,HUE,HUBHUE,2026-08-13,2026,8,13,179.13333333333333,14.0
Thời gian chờ nhập,4,TQG,HUBTQG,2026-08-08,2026,8,8,28.7,8.0
Thời gian chờ nhập,4,HNI,BBSDPG,2026-08-07,2026,8,7,216.0,18.0
Thời gian chờ nhập,4,CBG,HUBCBG,2026-08-02,2026,8,2,212.11666666666665,4.0
Thời gian chờ nhập,4,VLG,HUBVLG,2026-08-14,2026,8,14,265.3333333333333,14.0
Thời gian chờ nhập,4,PHO,HUBHBH,2026-08-01,2026,8,1,50.45,9.0
Thời gian chờ nhập,4,HYN,HUBHYN,2026-08-05,2026,8,5,78.3,33.0
Thời gian chờ nhập,4,HCM,HUBTAN,2026-08-16,2026,8,16,82.31666666666666,7.0
Thời gian chờ nhập,4,NAN,HUBNAN,2026-08-03,2026,8,3,554.0666666666667,32.0
Thời gian chờ nhập,4,LCU,HUBLCU,2026-08-05,2026,8,5,3.466666666666667,2.0
Thời gian chờ nhập,4,HNI,HUBLBN,2026-08-15,2026,8,15,340.5833333333333,27.0
Thời gian chờ nhập,4,DNG,HUBQNM,2026-08-04,2026,8,4,83.6,23.0
Thời gian chờ nhập,4,GLI,HUBGLI,2026-08-17,2026,8,17,1019.4999999999999,25.0
Thời gian chờ nhập,4,QNI,HUBQNI,2026-08-13,2026,8,13,261.33333333333337,20.0
Thời gian chờ nhập,4,DLK,HUBDLK,2026-08-08,2026,8,8,980.95,33.0
Thời gian chờ nhập,4,HNI,HUBYAN,2026-08-10,2026,8,10,756.7166666666666,35.0
Thời gian chờ nhập,4,AGG,HUBKGG01,2026-08-10,2026,8,10,220.13333333333333,23.0
Thời gian chờ nhập,4,PHO,HUBVPC,2026-08-08,2026,8,8,655.2666666666667,23.0
Thời gian chờ nhập,4,DNG,HUBQNM,2026-07-31,2026,7,31,1.5,1.0
Thời gian chờ nhập,4,HTH,HUBHTH,2026-08-02,2026,8,2,88.55,10.0
Thời gian chờ nhập,4,QTI,HUBQBH,2026-08-13,2026,8,13,119.2,18.0
Thời gian chờ nhập,4,LDG,HUBBTN,2026-08-09,2026,8,9,181.76666666666668,21.0
Thời gian chờ nhập,4,HYN,HUBTBH,2026-08-09,2026,8,9,73.48333333333333,16.0
Thời gian chờ nhập,4,PHO,HUBHBH,2026-08-02,2026,8,2,56.349999999999994,9.0
Thời gian chờ nhập,4,BNH,HUBBNH,2026-07-31,2026,7,31,366.3666666666667,2.0
Thời gian chờ nhập,4,DTP,HUBDTP,2026-08-13,2026,8,13,84.01666666666667,24.0
Thời gian chờ nhập,4,CMU,HUBBLU,2026-08-12,2026,8,12,69.66666666666666,9.0
Thời gian chờ nhập,4,SLA,HUBSLA,2026-08-14,2026,8,14,233.3,3.0
Thời gian chờ nhập,4,KHA,HUBNTN,2026-08-10,2026,8,10,102.01666666666667,19.0
Thời gian chờ nhập,4,VLG,HUBTVH,2026-08-14,2026,8,14,43.53333333333333,13.0
Thời gian chờ nhập,4,HPG,HUBHPG,2026-08-13,2026,8,13,598.5666666666666,18.0
Thời gian chờ nhập,4,CMU,HUBBLU,2026-08-04,2026,8,4,51.5,10.0
Thời gian chờ nhập,4,VLG,HUBVLG,2026-08-12,2026,8,12,115.25,15.0
Thời gian chờ nhập,4,GLI,HUBBHD,2026-08-13,2026,8,13,56.56666666666666,7.0
Thời gian chờ nhập,4,QNH,HUBQNH,2026-08-10,2026,8,10,1366.0166666666667,28.0
Thời gian chờ nhập,4,TNN,HUBTNN,2026-08-02,2026,8,2,73.03333333333333,16.0
Thời gian chờ nhập,4,THA,HUBTHA,2026-08-03,2026,8,3,760.05,32.0
Thời gian chờ nhập,4,QTI,HUBQTI,2026-08-13,2026,8,13,91.13333333333333,13.0
Thời gian chờ nhập,4,GLI,HUBGLI,2026-08-13,2026,8,13,2073.0833333333335,30.0
Thời gian chờ nhập,4,LDG,HUBLDG03,2026-08-14,2026,8,14,534.8166666666667,10.0
Thời gian chờ nhập,4,QNH,HUBQNH,2026-08-08,2026,8,8,1796.8,21.0
Thời gian chờ nhập,4,HNI,BBSDPG,2026-08-16,2026,8,16,537.3833333333333,18.0
Thời gian chờ nhập,4,AGG,HUBKGG01,2026-08-13,2026,8,13,290.3333333333333,25.0
Thời gian chờ nhập,4,LSN,HUBLSN,2026-08-09,2026,8,9,481.6666666666667,8.0
Thời gian chờ nhập,4,HPG,HUBHPG,2026-08-17,2026,8,17,304.4166666666667,18.0
Thời gian chờ nhập,4,TNH,HUBLAN,2026-08-04,2026,8,4,757.45,44.0
Thời gian chờ nhập,4,HNI,HUBYAN,2026-08-06,2026,8,6,770.4166666666666,36.0
Thời gian chờ nhập,4,QNH,HUBQNH,2026-08-02,2026,8,2,1686.0166666666667,21.0
Thời gian chờ nhập,4,LCI,HUBLCI01,2026-08-01,2026,8,1,175.43333333333334,7.0
Thời gian chờ nhập,4,LSN,HUBLSN,2026-08-17,2026,8,17,19.166666666666664,7.0
Thời gian chờ nhập,4,HPG,HUBHDG,2026-08-02,2026,8,2,110.61666666666666,15.0
Thời gian chờ nhập,4,LDG,HUBBTN,2026-08-06,2026,8,6,311.68333333333334,19.0
Thời gian chờ nhập,4,DBN,HUBDBN,2026-08-03,2026,8,3,27.833333333333332,4.0
Thời gian chờ nhập,4,QNH,HUBQNH,2026-08-04,2026,8,4,1601.1666666666667,28.0
Thời gian chờ nhập,4,PHO,HUBVPC,2026-08-07,2026,8,7,995.5666666666667,29.0
Thời gian chờ nhập,4,LDG,HUBBTN,2026-08-11,2026,8,11,413.90000000000003,21.0
Thời gian chờ nhập,4,HPG,HUBHDG,2026-08-12,2026,8,12,81.11666666666666,26.0
Thời gian chờ nhập,4,HUE,HUBHUE,2026-08-04,2026,8,4,244.35,18.0
Thời gian chờ nhập,4,LDG,HUBLDG01,2026-08-02,2026,8,2,298.1166666666667,20.0
Thời gian chờ nhập,4,NBH,HUBHNM,2026-08-07,2026,8,7,240.3,14.0
Thời gian chờ nhập,4,TQG,HUBHGG,2026-08-14,2026,8,14,33.016666666666666,5.0
Thời gian chờ nhập,4,HNI,HUBLBN,2026-08-14,2026,8,14,296.68333333333334,26.0
Thời gian chờ nhập,4,SLA,HUBSLA,2026-08-17,2026,8,17,12.15,1.0
Thời gian chờ nhập,4,CBG,HUBCBG,2026-08-05,2026,8,5,71.41666666666667,4.0
Thời gian chờ nhập,4,HYN,HUBTBH,2026-08-13,2026,8,13,114.88333333333333,23.0
Thời gian chờ nhập,4,TNN,HUBBKN,2026-08-11,2026,8,11,27.21666666666667,5.0
Thời gian chờ nhập,4,VLG,HUBBTE,2026-08-11,2026,8,11,509.51666666666665,30.0
Thời gian chờ nhập,4,HNI,HUBTTI,2026-08-10,2026,8,10,562.15,57.0
Thời gian chờ nhập,4,NBH,HUBNBH,2026-08-10,2026,8,10,66.38333333333333,15.0
Thời gian chờ nhập,4,TNH,HUBTNH,2026-08-08,2026,8,8,250.45,27.0
Thời gian chờ nhập,4,DNI,HUBBPC,2026-07-31,2026,7,31,262.5,1.0
Thời gian chờ nhập,4,HCM,HUBTTO,2026-08-03,2026,8,3,505.28333333333336,28.0
Thời gian chờ nhập,4,CMU,HUBBLU,2026-08-16,2026,8,16,35.71666666666667,8.0
Tỷ lệ kết nối đúng giờ,10,DNI,DNIVC,2026-08-03,2026,8,3,520.0,534.0
Tỷ lệ kết nối đúng giờ,10,CNKT2,DVCMTG,2026-08-04,2026,8,4,121.0,132.0
Tỷ lệ kết nối đúng giờ,10,DTP,DTPVC,2026-08-16,2026,8,16,136.0,136.0
Tỷ lệ kết nối đúng giờ,10,VLG,VLGVC,2026-08-14,2026,8,14,230.0,234.0
Tỷ lệ kết nối đúng giờ,10,LOG,DVCBN3,2026-08-07,2026,8,7,68.0,107.0
Tỷ lệ kết nối đúng giờ,10,HUE,HUEVC,2026-08-04,2026,8,4,77.0,77.0
Tỷ lệ kết nối đúng giờ,10,HCM,HCMVC,2026-08-08,2026,8,8,3016.0,3047.0
Tỷ lệ kết nối đúng giờ,10,AGG,AGGVC,2026-08-13,2026,8,13,204.0,211.0
Tỷ lệ kết nối đúng giờ,10,TNH,TNHVC,2026-08-13,2026,8,13,213.0,227.0
Tỷ lệ kết nối đúng giờ,10,HUE,HUEVC,2026-08-06,2026,8,6,77.0,78.0
Tỷ lệ kết nối đúng giờ,10,LSN,LSNVC,2026-08-17,2026,8,17,23.0,23.0
Tỷ lệ kết nối đúng giờ,10,HPG,HPGVC,2026-08-07,2026,8,7,287.0,294.0
Tỷ lệ kết nối đúng giờ,10,DTP,DTPVC,2026-08-11,2026,8,11,195.0,198.0
Tỷ lệ kết nối đúng giờ,10,DBN,DBNVC,2026-08-06,2026,8,6,13.0,13.0
Tỷ lệ kết nối đúng giờ,10,CNKT1,DVCHN,2026-08-13,2026,8,13,17.0,72.0
Tỷ lệ kết nối đúng giờ,10,HNI,HNVC,2026-08-09,2026,8,9,1973.0,2104.0
Tỷ lệ kết nối đúng giờ,10,CTO,CTOVC,2026-08-12,2026,8,12,246.0,253.0
Tỷ lệ kết nối đúng giờ,10,CTO,CTOVC,2026-08-04,2026,8,4,234.0,244.0
Tỷ lệ kết nối đúng giờ,10,QTI,QTIVC,2026-08-15,2026,8,15,160.0,171.0
Tỷ lệ kết nối đúng giờ,10,CNKT3,DVCMNM,2026-08-11,2026,8,11,678.0,702.0
Tỷ lệ kết nối đúng giờ,10,PHO,PHOVC,2026-08-17,2026,8,17,349.0,351.0
Tỷ lệ kết nối đúng giờ,10,LSN,LSNVC,2026-08-04,2026,8,4,23.0,23.0
Tỷ lệ kết nối đúng giờ,10,QNH,QNHVC,2026-08-05,2026,8,5,114.0,116.0
Tỷ lệ kết nối đúng giờ,10,QNH,QNHVC,2026-08-13,2026,8,13,118.0,121.0
Tỷ lệ kết nối đúng giờ,10,SLA,SLAVC,2026-08-04,2026,8,4,4.0,4.0
Tỷ lệ kết nối đúng giờ,10,HUE,HUEVC,2026-08-13,2026,8,13,101.0,101.0
Tỷ lệ kết nối đúng giờ,10,TQG,TQGVC,2026-08-01,2026,8,1,57.0,59.0
Tỷ lệ kết nối đúng giờ,10,TNN,TNNVC,2026-08-11,2026,8,11,151.0,154.0
Tỷ lệ kết nối đúng giờ,10,QNI,QNIVC,2026-08-16,2026,8,16,168.0,170.0
Tỷ lệ kết nối đúng giờ,10,LOG,DVCBN1,2026-08-08,2026,8,8,106.0,146.0
Tỷ lệ kết nối đúng giờ,10,CNKT5,DVCMBC,2026-08-15,2026,8,15,1226.0,1234.0
Tỷ lệ kết nối đúng giờ,10,DLK,DLKVC1,2026-08-14,2026,8,14,241.0,245.0
Tỷ lệ kết nối đúng giờ,10,HNI,HNVC,2026-08-10,2026,8,10,3351.0,3573.0
Tỷ lệ kết nối đúng giờ,10,HCM,HCMVC,2026-08-09,2026,8,9,1847.0,1875.0
Tỷ lệ kết nối đúng giờ,10,CNKT3,DVCMNM,2026-08-03,2026,8,3,582.0,593.0
Tỷ lệ kết nối đúng giờ,10,LSN,LSNVC,2026-08-06,2026,8,6,23.0,23.0
Tỷ lệ kết nối đúng giờ,10,LCI,LCIVC,2026-08-10,2026,8,10,99.0,99.0
Tỷ lệ kết nối đúng giờ,10,BNH,BNHVC,2026-07-31,2026,7,31,3.0,3.0
Tỷ lệ kết nối đúng giờ,10,HUE,HUEVC,2026-08-08,2026,8,8,88.0,89.0
Tỷ lệ kết nối đúng giờ,10,CNKT3,DVCMNM,2026-08-09,2026,8,9,590.0,612.0
Tỷ lệ kết nối đúng giờ,10,GLI,GLIVC1,2026-08-03,2026,8,3,226.0,247.0
Tỷ lệ kết nối đúng giờ,10,NAN,NANVC,2026-08-13,2026,8,13,176.0,180.0
Tỷ lệ kết nối đúng giờ,10,TNH,TNHVC,2026-08-05,2026,8,5,225.0,228.0
Tỷ lệ kết nối đúng giờ,10,LOG,DVCBN3,2026-07-31,2026,7,31,7.0,7.0
Tỷ lệ kết nối đúng giờ,10,DNI,DNIVC,2026-08-10,2026,8,10,507.0,530.0
Tỷ lệ kết nối đúng giờ,10,CNKT2,DVCMTG,2026-08-01,2026,8,1,120.0,133.0
Tỷ lệ kết nối đúng giờ,10,LOG,DVCBN2,2026-08-06,2026,8,6,6.0,12.0
Tỷ lệ kết nối đúng giờ,10,LOG,DVCBN1,2026-08-05,2026,8,5,86.0,121.0
Tỷ lệ kết nối đúng giờ,10,KHA,KHAVC,2026-08-04,2026,8,4,190.0,191.0
Tỷ lệ kết nối đúng giờ,10,HNI,HNVC,2026-08-02,2026,8,2,1901.0,2042.0
Tỷ lệ kết nối đúng giờ,10,BNH,BNHVC,2026-08-16,2026,8,16,245.0,257.0
Tỷ lệ kết nối đúng giờ,10,QNI,QNIVC,2026-08-12,2026,8,12,175.0,176.0
Tỷ lệ kết nối đúng giờ,10,LOG,DVCBN1,2026-08-04,2026,8,4,93.0,131.0
Tỷ lệ kết nối đúng giờ,10,DBN,DBNVC,2026-08-14,2026,8,14,13.0,13.0
Tỷ lệ kết nối đúng giờ,10,HYN,HYNVC,2026-08-06,2026,8,6,351.0,351.0
Tỷ lệ kết nối đúng giờ,10,LCI,LCIVC,2026-08-07,2026,8,7,97.0,98.0
Tỷ lệ kết nối đúng giờ,10,LOG,DTNBN1,2026-08-06,2026,8,6,154.0,237.0
Tỷ lệ kết nối đúng giờ,10,DLK,DLKVC1,2026-08-05,2026,8,5,237.0,243.0
Tỷ lệ kết nối đúng giờ,10,HCM,HCMVC,2026-07-31,2026,7,31,130.0,130.0
Tỷ lệ kết nối đúng giờ,10,NAN,NANVC,2026-08-07,2026,8,7,182.0,182.0
Tỷ lệ kết nối đúng giờ,10,PHO,PHOVC,2026-08-04,2026,8,4,352.0,361.0
Tỷ lệ kết nối đúng giờ,10,DLK,DLKVC1,2026-08-04,2026,8,4,230.0,232.0
Tỷ lệ kết nối đúng giờ,10,CMU,CMUVC,2026-08-04,2026,8,4,76.0,76.0
Tỷ lệ kết nối đúng giờ,10,QTI,QTIVC,2026-08-03,2026,8,3,178.0,185.0
Tỷ lệ kết nối đúng giờ,10,TNH,TNHVC,2026-08-12,2026,8,12,224.0,229.0
Tỷ lệ kết nối đúng giờ,10,LOG,DVCBN3,2026-08-12,2026,8,12,67.0,92.0
Tỷ lệ kết nối đúng giờ,10,CTO,CTOVC,2026-08-03,2026,8,3,247.0,254.0
Tỷ lệ kết nối đúng giờ,10,QNI,QNIVC,2026-08-07,2026,8,7,169.0,169.0
Tỷ lệ kết nối đúng giờ,10,TQG,TQGVC,2026-08-11,2026,8,11,57.0,59.0
Tỷ lệ kết nối đúng giờ,10,HUE,HUEVC,2026-08-17,2026,8,17,104.0,104.0
Tỷ lệ kết nối đúng giờ,10,LOG,DVCBN2,2026-08-07,2026,8,7,5.0,9.0
Tỷ lệ kết nối đúng giờ,10,PHO,PHOVC,2026-08-13,2026,8,13,338.0,355.0
Tỷ lệ kết nối đúng giờ,10,CNKT3,DVCTNB,2026-08-08,2026,8,8,201.0,206.0
Tỷ lệ kết nối đúng giờ,10,DBN,DBNVC,2026-08-16,2026,8,16,1.0,1.0
Tỷ lệ kết nối đúng giờ,10,TNH,TNHVC,2026-08-02,2026,8,2,176.0,180.0
Tỷ lệ kết nối đúng giờ,10,DTP,DTPVC,2026-08-02,2026,8,2,123.0,125.0
Tỷ lệ kết nối đúng giờ,10,LOG,DVCBN3,2026-08-06,2026,8,6,68.0,89.0
Tỷ lệ kết nối đúng giờ,10,CNKT5,DVCMBC,2026-08-16,2026,8,16,1110.0,1119.0
Tỷ lệ kết nối đúng giờ,10,SLA,SLAVC,2026-08-08,2026,8,8,3.0,4.0
Tỷ lệ kết nối đúng giờ,10,LOG,DVCBN2,2026-08-02,2026,8,2,6.0,7.0
Tỷ lệ kết nối đúng giờ,10,HYN,HYNVC,2026-08-05,2026,8,5,350.0,352.0
Tỷ lệ kết nối đúng giờ,10,VLG,VLGVC,2026-08-16,2026,8,16,143.0,148.0
Tỷ lệ kết nối đúng giờ,10,BNH,BNHVC,2026-08-10,2026,8,10,391.0,396.0
Tỷ lệ kết nối đúng giờ,10,HNI,HNVC,2026-08-06,2026,8,6,3343.0,3559.0
Tỷ lệ kết nối đúng giờ,10,CNKT3,DVCMNM,2026-08-15,2026,8,15,705.0,730.0
Tỷ lệ kết nối đúng giờ,10,DTP,DTPVC,2026-08-01,2026,8,1,199.0,199.0
Tỷ lệ kết nối đúng giờ,10,BNH,BNHVC,2026-08-17,2026,8,17,367.0,385.0
Tỷ lệ kết nối đúng giờ,10,CMU,CMUVC,2026-08-15,2026,8,15,76.0,76.0
Tỷ lệ kết nối đúng giờ,10,CNKT5,DVCMBC,2026-08-01,2026,8,1,1101.0,1118.0
Tỷ lệ kết nối đúng giờ,10,HCM,HCMVC,2026-08-02,2026,8,2,1794.0,1820.0
Tỷ lệ kết nối đúng giờ,10,LOG,DTNBN1,2026-08-12,2026,8,12,126.0,216.0
Tỷ lệ kết nối đúng giờ,10,LOG,DVCBN1,2026-08-15,2026,8,15,95.0,125.0
Tỷ lệ kết nối đúng giờ,10,HCM,HCMVC,2026-08-01,2026,8,1,3013.0,3041.0
Tỷ lệ kết nối đúng giờ,10,QNI,QNIVC,2026-08-09,2026,8,9,176.0,176.0
Tỷ lệ kết nối đúng giờ,10,DNI,DNIVC,2026-08-02,2026,8,2,390.0,397.0
Tỷ lệ kết nối đúng giờ,10,THA,THAVC,2026-08-11,2026,8,11,246.0,250.0
Tỷ lệ kết nối đúng giờ,10,SLA,SLAVC,2026-08-14,2026,8,14,3.0,4.0
Tỷ lệ kết nối đúng giờ,10,GLI,GLIVC1,2026-08-09,2026,8,9,228.0,243.0
Tỷ lệ kết nối đúng giờ,10,HNI,HNVC,2026-08-16,2026,8,16,1874.0,2018.0
Tỷ lệ kết nối đúng giờ,10,THA,THAVC,2026-08-03,2026,8,3,242.0,247.0
Tỷ lệ kết nối đúng giờ,10,LDG,LDGVC,2026-08-06,2026,8,6,293.0,299.0
Tỷ lệ kết nối đúng giờ,10,LCI,LCIVC,2026-08-16,2026,8,16,88.0,89.0
Tỷ lệ kết nối đúng giờ,10,LOG,DVCBN3,2026-08-15,2026,8,15,65.0,98.0
Tỷ lệ kết nối đúng giờ,10,TQG,TQGVC,2026-08-04,2026,8,4,59.0,59.0
Tỷ lệ kết nối đúng giờ,10,NBH,NBHVC,2026-08-09,2026,8,9,240.0,244.0
Tỷ lệ kết nối đúng giờ,10,QNI,QNIVC,2026-08-03,2026,8,3,166.0,166.0
Tỷ lệ kết nối đúng giờ,10,LCI,LCIVC,2026-08-15,2026,8,15,98.0,99.0
Tỷ lệ kết nối đúng giờ,10,CNKT1,DVCHN,2026-08-11,2026,8,11,14.0,61.0
Tỷ lệ kết nối đúng giờ,10,TQG,TQGVC,2026-08-14,2026,8,14,59.0,59.0
Tỷ lệ kết nối đúng giờ,10,LOG,DTNBN1,2026-08-08,2026,8,8,137.0,235.0
Tỷ lệ kết nối đúng giờ,10,GLI,GLIVC1,2026-08-13,2026,8,13,229.0,242.0
Tỷ lệ kết nối đúng giờ,10,GLI,GLIVC1,2026-08-14,2026,8,14,230.0,246.0
Tỷ lệ kết nối đúng giờ,10,HNI,HNVC,2026-08-01,2026,8,1,3350.0,3503.0
Tỷ lệ kết nối đúng giờ,10,THA,THAVC,2026-08-04,2026,8,4,216.0,225.0
Tỷ lệ kết nối đúng giờ,10,LOG,DVCBN2,2026-08-13,2026,8,13,6.0,10.0
Tỷ lệ kết nối đúng giờ,10,LCI,LCIVC,2026-07-31,2026,7,31,1.0,1.0
Tỷ lệ kết nối đúng giờ,10,TNN,TNNVC,2026-08-17,2026,8,17,158.0,160.0
Tỷ lệ kết nối đúng giờ,10,NBH,NBHVC,2026-08-03,2026,8,3,339.0,341.0
Tỷ lệ kết nối đúng giờ,10,DNG,DNGVC,2026-08-03,2026,8,3,346.0,353.0
Tỷ lệ kết nối đúng giờ,10,LOG,DVCBN3,2026-08-09,2026,8,9,73.0,96.0
Tỷ lệ kết nối đúng giờ,10,DNI,DNIVC,2026-08-07,2026,8,7,524.0,539.0
Tỷ lệ kết nối đúng giờ,10,HNI,HNVC,2026-08-07,2026,8,7,3350.0,3564.0
Tỷ lệ kết nối đúng giờ,10,NAN,NANVC,2026-08-17,2026,8,17,166.0,166.0
Tỷ lệ kết nối đúng giờ,10,LOG,DVCBN1,2026-08-14,2026,8,14,115.0,152.0
Tỷ lệ kết nối đúng giờ,10,TNN,TNNVC,2026-08-08,2026,8,8,145.0,150.0
Tỷ lệ kết nối đúng giờ,10,HTH,HTHVC,2026-08-14,2026,8,14,80.0,80.0
Tỷ lệ kết nối đúng giờ,10,TQG,TQGVC,2026-08-05,2026,8,5,59.0,60.0
Tỷ lệ kết nối đúng giờ,10,VLG,VLGVC,2026-08-01,2026,8,1,243.0,244.0
Tỷ lệ kết nối đúng giờ,10,CTO,CTOVC,2026-08-09,2026,8,9,235.0,241.0
Tỷ lệ kết nối đúng giờ,10,LCI,LCIVC,2026-08-12,2026,8,12,99.0,99.0
Tỷ lệ kết nối đúng giờ,10,DBN,DBNVC,2026-08-11,2026,8,11,17.0,17.0
Tỷ lệ kết nối đúng giờ,10,LOG,DVCBN1,2026-08-09,2026,8,9,100.0,138.0
Tỷ lệ kết nối đúng giờ,10,QNH,QNHVC,2026-08-12,2026,8,12,119.0,121.0
Tỷ lệ kết nối đúng giờ,10,GLI,GLIVC1,2026-08-06,2026,8,6,221.0,242.0
Tỷ lệ kết nối đúng giờ,10,CNKT5,DVCMBC,2026-08-12,2026,8,12,1218.0,1229.0
Tỷ lệ kết nối đúng giờ,10,AGG,AGGVC,2026-08-05,2026,8,5,184.0,196.0
Tỷ lệ kết nối đúng giờ,10,LOG,DTNBN1,2026-08-17,2026,8,17,107.0,194.0
Tỷ lệ kết nối đúng giờ,10,TNH,TNHVC,2026-08-07,2026,8,7,220.0,226.0
Tỷ lệ kết nối đúng giờ,10,CNKT5,DVCMBC,2026-08-03,2026,8,3,1058.0,1072.0
Tỷ lệ kết nối đúng giờ,10,PHO,PHOVC,2026-08-08,2026,8,8,322.0,331.0
Tỷ lệ kết nối đúng giờ,10,HTH,HTHVC,2026-08-05,2026,8,5,70.0,72.0
Tỷ lệ kết nối đúng giờ,10,LOG,DVCBN1,2026-08-01,2026,8,1,109.0,137.0
Tỷ lệ kết nối đúng giờ,10,QNI,QNIVC,2026-08-02,2026,8,2,166.0,166.0
Tỷ lệ kết nối đúng giờ,10,CNKT2,DVCMTG,2026-08-14,2026,8,14,131.0,137.0
Tỷ lệ kết nối đúng giờ,10,GLI,GLIVC1,2026-08-07,2026,8,7,225.0,251.0
Tỷ lệ kết nối đúng giờ,10,LOG,DTNBN1,2026-08-05,2026,8,5,144.0,220.0
Tỷ lệ kết nối đúng giờ,10,LSN,LSNVC,2026-08-01,2026,8,1,23.0,23.0
Tỷ lệ kết nối đúng giờ,10,PHO,PHOVC,2026-08-14,2026,8,14,354.0,356.0
Tỷ lệ kết nối đúng giờ,10,TQG,TQGVC,2026-08-10,2026,8,10,55.0,59.0
Tỷ lệ kết nối đúng giờ,10,LOG,DVCBN3,2026-08-03,2026,8,3,71.0,96.0
Tỷ lệ kết nối đúng giờ,10,LOG,DVCBN3,2026-08-14,2026,8,14,69.0,91.0
Tỷ lệ kết nối đúng giờ,10,LOG,DVCBN2,2026-08-01,2026,8,1,4.0,4.0
Tỷ lệ kết nối đúng giờ,10,GLI,GLIVC1,2026-08-12,2026,8,12,234.0,247.0
Tỷ lệ kết nối đúng giờ,10,LCI,LCIVC,2026-08-05,2026,8,5,99.0,99.0
Tỷ lệ kết nối đúng giờ,10,CTO,CTOVC,2026-08-08,2026,8,8,253.0,256.0
Tỷ lệ kết nối đúng giờ,10,HTH,HTHVC,2026-08-09,2026,8,9,44.0,45.0
Tỷ lệ kết nối đúng giờ,10,SLA,SLAVC,2026-08-05,2026,8,5,2.0,4.0
Tỷ lệ kết nối đúng giờ,10,HYN,HYNVC,2026-08-15,2026,8,15,320.0,320.0
Tỷ lệ kết nối đúng giờ,10,TNN,TNNVC,2026-08-16,2026,8,16,131.0,132.0
Tỷ lệ kết nối đúng giờ,10,HPG,HPGVC,2026-08-13,2026,8,13,286.0,288.0
Tỷ lệ kết nối đúng giờ,10,SLA,SLAVC,2026-08-09,2026,8,9,4.0,4.0
Tỷ lệ kết nối đúng giờ,10,NBH,NBHVC,2026-07-31,2026,7,31,8.0,8.0
Tỷ lệ kết nối đúng giờ,10,QNI,QNIVC,2026-08-08,2026,8,8,158.0,159.0
Tỷ lệ kết nối đúng giờ,10,DTP,DTPVC,2026-08-08,2026,8,8,194.0,196.0
Tỷ lệ kết nối đúng giờ,10,DNG,DNGVC,2026-08-15,2026,8,15,336.0,350.0
Tỷ lệ kết nối đúng giờ,10,CMU,CMUVC,2026-08-12,2026,8,12,75.0,76.0
Tỷ lệ kết nối đúng giờ,10,LOG,DVCBN1,2026-08-13,2026,8,13,116.0,148.0
Tỷ lệ kết nối đúng giờ,10,NAN,NANVC,2026-08-09,2026,8,9,163.0,163.0
Tỷ lệ kết nối đúng giờ,10,DTP,DTPVC,2026-08-05,2026,8,5,196.0,202.0
Tỷ lệ kết nối đúng giờ,10,HPG,HPGVC,2026-08-01,2026,8,1,299.0,300.0
Tỷ lệ kết nối đúng giờ,10,TNH,TNHVC,2026-08-08,2026,8,8,222.0,233.0
Tỷ lệ kết nối đúng giờ,10,HNI,HNVC,2026-08-14,2026,8,14,3244.0,3492.0
Tỷ lệ kết nối đúng giờ,10,THA,THAVC,2026-08-07,2026,8,7,249.0,256.0
Tỷ lệ kết nối đúng giờ,10,NBH,NBHVC,2026-08-15,2026,8,15,319.0,326.0
Tỷ lệ kết nối đúng giờ,10,LSN,LSNVC,2026-08-02,2026,8,2,23.0,23.0
Tỷ lệ kết nối đúng giờ,10,CNKT1,DVCHN,2026-08-09,2026,8,9,3.0,9.0
Tỷ lệ kết nối đúng giờ,10,LOG,DTNBN1,2026-08-01,2026,8,1,138.0,204.0
Tỷ lệ kết nối đúng giờ,10,HPG,HPGVC,2026-08-11,2026,8,11,280.0,282.0
Tỷ lệ kết nối đúng giờ,10,DNG,DNGVC,2026-08-04,2026,8,4,331.0,336.0
Tỷ lệ kết nối đúng giờ,10,CTO,CTOVC,2026-08-06,2026,8,6,240.0,245.0
Tỷ lệ kết nối đúng giờ,10,AGG,AGGVC,2026-08-07,2026,8,7,183.0,195.0
Tỷ lệ kết nối đúng giờ,10,TNN,TNNVC,2026-08-12,2026,8,12,157.0,162.0
Tỷ lệ kết nối đúng giờ,10,CNKT2,DVCMTG,2026-08-12,2026,8,12,124.0,127.0
Tỷ lệ kết nối đúng giờ,10,AGG,AGGVC,2026-08-10,2026,8,10,180.0,192.0
Tỷ lệ kết nối đúng giờ,10,HPG,HPGVC,2026-08-08,2026,8,8,292.0,294.0
Tỷ lệ kết nối đúng giờ,10,CNKT5,DVCMBC,2026-08-07,2026,8,7,1195.0,1209.0
Tỷ lệ kết nối đúng giờ,10,LOG,DVCBN2,2026-08-12,2026,8,12,3.0,6.0
Tỷ lệ kết nối đúng giờ,10,LOG,DTNBN1,2026-08-10,2026,8,10,110.0,185.0
Tỷ lệ kết nối đúng giờ,10,LOG,DVCBN2,2026-08-16,2026,8,16,3.0,5.0
Tỷ lệ kết nối đúng giờ,10,HCM,HCMVC,2026-08-16,2026,8,16,1787.0,1807.0
Tỷ lệ kết nối đúng giờ,10,LOG,DVCBN3,2026-08-11,2026,8,11,61.0,96.0
Tỷ lệ kết nối đúng giờ,10,CMU,CMUVC,2026-08-14,2026,8,14,75.0,76.0
Tỷ lệ kết nối đúng giờ,10,NBH,NBHVC,2026-08-04,2026,8,4,339.0,341.0
Tỷ lệ kết nối đúng giờ,10,TNN,TNNVC,2026-08-02,2026,8,2,136.0,137.0
Tỷ lệ kết nối đúng giờ,10,CTO,CTOVC,2026-08-02,2026,8,2,225.0,230.0
Tỷ lệ kết nối đúng giờ,10,QTI,QTIVC,2026-08-09,2026,8,9,114.0,124.0
Tỷ lệ kết nối đúng giờ,10,LSN,LSNVC,2026-08-08,2026,8,8,23.0,23.0
Tỷ lệ kết nối đúng giờ,10,QNH,QNHVC,2026-08-08,2026,8,8,111.0,115.0
Tỷ lệ kết nối đúng giờ,10,CNKT5,DVCMBC,2026-08-06,2026,8,6,1168.0,1185.0
Tỷ lệ kết nối đúng giờ,10,HUE,HUEVC,2026-08-11,2026,8,11,83.0,89.0
Tỷ lệ kết nối đúng giờ,10,HPG,HPGVC,2026-08-17,2026,8,17,301.0,301.0
Tỷ lệ kết nối đúng giờ,10,NBH,NBHVC,2026-08-08,2026,8,8,305.0,309.0
Tỷ lệ kết nối đúng giờ,10,VLG,VLGVC,2026-08-13,2026,8,13,233.0,237.0
Tỷ lệ kết nối đúng giờ,10,QTI,QTIVC,2026-08-01,2026,8,1,166.0,171.0
Tỷ lệ kết nối đúng giờ,10,GLI,GLIVC1,2026-08-05,2026,8,5,218.0,233.0
Tỷ lệ kết nối đúng giờ,10,CNKT1,DVCHN,2026-07-31,2026,7,31,1.0,1.0
Tỷ lệ kết nối đúng giờ,10,KHA,KHAVC,2026-08-05,2026,8,5,186.0,188.0
Tỷ lệ kết nối đúng giờ,10,HTH,HTHVC,2026-08-10,2026,8,10,74.0,76.0
Tỷ lệ kết nối đúng giờ,10,DLK,DLKVC1,2026-08-06,2026,8,6,246.0,248.0
Tỷ lệ kết nối đúng giờ,10,HCM,HCMVC,2026-08-11,2026,8,11,3214.0,3266.0
Tỷ lệ kết nối đúng giờ,10,QNH,QNHVC,2026-08-03,2026,8,3,115.0,116.0
Tỷ lệ kết nối đúng giờ,10,HYN,HYNVC,2026-08-09,2026,8,9,205.0,207.0
Tỷ lệ kết nối đúng giờ,10,QNH,QNHVC,2026-08-07,2026,8,7,115.0,116.0
Tỷ lệ kết nối đúng giờ,10,NBH,NBHVC,2026-08-11,2026,8,11,342.0,348.0
Tỷ lệ kết nối đúng giờ,10,DLK,DLKVC1,2026-08-03,2026,8,3,240.0,243.0
Tỷ lệ kết nối đúng giờ,10,QTI,QTIVC,2026-08-13,2026,8,13,159.0,173.0
Tỷ lệ kết nối đúng giờ,10,PHO,PHOVC,2026-08-01,2026,8,1,362.0,364.0
Tỷ lệ kết nối đúng giờ,10,QNI,QNIVC,2026-08-04,2026,8,4,142.0,142.0
Tỷ lệ kết nối đúng giờ,10,DLK,DLKVC1,2026-08-10,2026,8,10,244.0,246.0
Tỷ lệ kết nối đúng giờ,10,QNH,QNHVC,2026-08-14,2026,8,14,113.0,116.0
Tỷ lệ kết nối đúng giờ,10,LOG,DVCBN4,2026-08-13,2026,8,13,1.0,2.0
Tỷ lệ kết nối đúng giờ,10,KHA,KHAVC,2026-08-16,2026,8,16,188.0,188.0
Tỷ lệ kết nối đúng giờ,10,CNKT1,DVCHN,2026-08-15,2026,8,15,30.0,50.0
Tỷ lệ kết nối đúng giờ,10,HCM,HCMVC,2026-08-05,2026,8,5,3156.0,3206.0
Tỷ lệ kết nối đúng giờ,10,HNI,HNVC,2026-08-04,2026,8,4,3331.0,3555.0
Tỷ lệ kết nối đúng giờ,10,PHO,PHOVC,2026-08-15,2026,8,15,338.0,344.0
Tỷ lệ kết nối đúng giờ,10,DNI,DNIVC,2026-08-11,2026,8,11,523.0,532.0
Tỷ lệ kết nối đúng giờ,10,CNKT3,DVCTNB,2026-08-04,2026,8,4,208.0,210.0
Tỷ lệ kết nối đúng giờ,10,LOG,DVCBN2,2026-08-08,2026,8,8,4.0,7.0
Tỷ lệ kết nối đúng giờ,10,CMU,CMUVC,2026-08-09,2026,8,9,44.0,44.0
Tỷ lệ kết nối đúng giờ,10,BNH,BNHVC,2026-08-01,2026,8,1,380.0,384.0
Tỷ lệ kết nối đúng giờ,10,TNH,TNHVC,2026-08-15,2026,8,15,223.0,235.0
Tỷ lệ kết nối đúng giờ,10,NBH,NBHVC,2026-08-06,2026,8,6,348.0,351.0
Tỷ lệ kết nối đúng giờ,10,CNKT2,DVCMTG,2026-08-13,2026,8,13,124.0,124.0
Tỷ lệ kết nối đúng giờ,10,CNKT1,DVCHN,2026-08-05,2026,8,5,21.0,70.0
Tỷ lệ kết nối đúng giờ,10,QNH,QNHVC,2026-08-06,2026,8,6,113.0,116.0
Tỷ lệ kết nối đúng giờ,10,DNG,DNGVC,2026-08-17,2026,8,17,346.0,351.0
Tỷ lệ kết nối đúng giờ,10,DNG,DNGVC,2026-08-05,2026,8,5,350.0,359.0
Tỷ lệ kết nối đúng giờ,10,SLA,SLAVC,2026-08-10,2026,8,10,4.0,4.0
Tỷ lệ kết nối đúng giờ,10,NBH,NBHVC,2026-08-17,2026,8,17,340.0,343.0
Tỷ lệ kết nối đúng giờ,10,TNN,TNNVC,2026-08-14,2026,8,14,153.0,159.0
Tỷ lệ kết nối đúng giờ,10,HUE,HUEVC,2026-08-02,2026,8,2,74.0,74.0
Tỷ lệ kết nối đúng giờ,10,LOG,DVCBN4,2026-08-15,2026,8,15,4.0,6.0
Tỷ lệ kết nối đúng giờ,10,LOG,DVCBN1,2026-08-16,2026,8,16,110.0,145.0
Tỷ lệ kết nối đúng giờ,10,DNI,DNIVC,2026-08-09,2026,8,9,396.0,409.0
Tỷ lệ kết nối đúng giờ,10,SLA,SLAVC,2026-08-02,2026,8,2,4.0,4.0
Tỷ lệ kết nối đúng giờ,10,QNI,QNIVC,2026-08-06,2026,8,6,169.0,170.0
Tỷ lệ kết nối đúng giờ,10,HCM,HCMVC,2026-08-04,2026,8,4,3198.0,3227.0
Tỷ lệ kết nối đúng giờ,10,LOG,DVCBN4,2026-08-12,2026,8,12,2.0,3.0
Tỷ lệ kết nối đúng giờ,10,CNKT2,DVCMTG,2026-08-08,2026,8,8,127.0,131.0
Tỷ lệ kết nối đúng giờ,10,CNKT5,DVCMBC,2026-08-04,2026,8,4,1096.0,1106.0
Tỷ lệ kết nối đúng giờ,10,CNKT3,DVCMNM,2026-08-05,2026,8,5,668.0,699.0
Tỷ lệ kết nối đúng giờ,10,HPG,HPGVC,2026-08-06,2026,8,6,299.0,299.0
Tỷ lệ kết nối đúng giờ,10,CNKT3,DVCMNM,2026-08-14,2026,8,14,687.0,709.0
Tỷ lệ kết nối đúng giờ,10,DTP,DTPVC,2026-07-31,2026,7,31,6.0,6.0
Tỷ lệ kết nối đúng giờ,10,HCM,HCMVC,2026-08-07,2026,8,7,3168.0,3195.0
Tỷ lệ kết nối đúng giờ,10,CNKT3,DVCTNB,2026-08-07,2026,8,7,200.0,204.0
Tỷ lệ kết nối đúng giờ,10,HPG,HPGVC,2026-07-31,2026,7,31,3.0,3.0
Tỷ lệ kết nối đúng giờ,10,CNKT3,DVCTNB,2026-08-03,2026,8,3,213.0,214.0
Tỷ lệ kết nối đúng giờ,10,DNG,DNGVC,2026-08-07,2026,8,7,336.0,347.0
Tỷ lệ kết nối đúng giờ,10,DNI,DNIVC,2026-07-31,2026,7,31,4.0,4.0
Tỷ lệ kết nối đúng giờ,10,HPG,HPGVC,2026-08-02,2026,8,2,182.0,182.0
Tỷ lệ kết nối đúng giờ,10,LDG,LDGVC,2026-08-09,2026,8,9,268.0,271.0
Tỷ lệ kết nối đúng giờ,10,CMU,CMUVC,2026-08-16,2026,8,16,40.0,44.0
Tỷ lệ kết nối đúng giờ,10,QNH,QNHVC,2026-08-04,2026,8,4,117.0,118.0
Tỷ lệ kết nối đúng giờ,10,BNH,BNHVC,2026-08-14,2026,8,14,381.0,389.0
Tỷ lệ kết nối đúng giờ,10,HYN,HYNVC,2026-08-01,2026,8,1,320.0,320.0
Tỷ lệ kết nối đúng giờ,10,THA,THAVC,2026-08-06,2026,8,6,234.0,236.0
Tỷ lệ kết nối đúng giờ,10,TQG,TQGVC,2026-08-02,2026,8,2,48.0,49.0
Tỷ lệ kết nối đúng giờ,10,AGG,AGGVC,2026-08-15,2026,8,15,192.0,208.0
Tỷ lệ kết nối đúng giờ,10,GLI,GLIVC1,2026-08-17,2026,8,17,230.0,243.0
Tỷ lệ kết nối đúng giờ,10,CNKT3,DVCMNM,2026-08-06,2026,8,6,662.0,677.0
Tỷ lệ kết nối đúng giờ,10,DNI,DNIVC,2026-08-14,2026,8,14,484.0,528.0
Tỷ lệ kết nối đúng giờ,10,HNI,HNVC,2026-08-03,2026,8,3,3364.0,3563.0
Tỷ lệ kết nối đúng giờ,10,DNG,DNGVC,2026-08-02,2026,8,2,225.0,233.0
Tỷ lệ kết nối đúng giờ,10,CTO,CTOVC,2026-08-15,2026,8,15,244.0,254.0
Tỷ lệ kết nối đúng giờ,10,DBN,DBNVC,2026-08-17,2026,8,17,17.0,17.0
Tỷ lệ kết nối đúng giờ,10,CNKT2,DVCMTG,2026-08-06,2026,8,6,124.0,124.0
Tỷ lệ kết nối đúng giờ,10,DBN,DBNVC,2026-08-01,2026,8,1,16.0,16.0
Tỷ lệ kết nối đúng giờ,10,CTO,CTOVC,2026-08-14,2026,8,14,245.0,252.0
Tỷ lệ kết nối đúng giờ,10,HYN,HYNVC,2026-08-10,2026,8,10,349.0,350.0
Tỷ lệ kết nối đúng giờ,10,LOG,DVCBN4,2026-08-04,2026,8,4,1.0,2.0
Tỷ lệ kết nối đúng giờ,10,VLG,VLGVC,2026-08-02,2026,8,2,142.0,144.0
Tỷ lệ kết nối đúng giờ,10,HUE,HUEVC,2026-08-01,2026,8,1,73.0,78.0
Tỷ lệ kết nối đúng giờ,10,HTH,HTHVC,2026-08-12,2026,8,12,74.0,76.0
Tỷ lệ kết nối đúng giờ,10,DNG,DNGVC,2026-08-16,2026,8,16,231.0,237.0
Tỷ lệ kết nối đúng giờ,10,THA,THAVC,2026-08-09,2026,8,9,212.0,219.0
Tỷ lệ kết nối đúng giờ,10,KHA,KHAVC,2026-08-11,2026,8,11,193.0,196.0
Tỷ lệ kết nối đúng giờ,10,THA,THAVC,2026-08-01,2026,8,1,232.0,240.0
Tỷ lệ kết nối đúng giờ,10,QTI,QTIVC,2026-08-14,2026,8,14,170.0,178.0
Tỷ lệ kết nối đúng giờ,10,SLA,SLAVC,2026-08-07,2026,8,7,3.0,4.0
Tỷ lệ kết nối đúng giờ,10,LOG,DVCBN4,2026-08-16,2026,8,16,3.0,4.0
Tỷ lệ kết nối đúng giờ,10,HPG,HPGVC,2026-08-10,2026,8,10,293.0,293.0
Tỷ lệ kết nối đúng giờ,10,LSN,LSNVC,2026-08-12,2026,8,12,17.0,17.0
Tỷ lệ kết nối đúng giờ,10,AGG,AGGVC,2026-08-14,2026,8,14,205.0,212.0
Tỷ lệ kết nối đúng giờ,10,LDG,LDGVC,2026-08-10,2026,8,10,293.0,296.0
Tỷ lệ kết nối đúng giờ,10,LCI,LCIVC,2026-08-01,2026,8,1,99.0,99.0
Tỷ lệ kết nối đúng giờ,10,LCI,LCIVC,2026-08-09,2026,8,9,89.0,89.0
Tỷ lệ kết nối đúng giờ,10,DBN,DBNVC,2026-08-04,2026,8,4,13.0,13.0
Tỷ lệ kết nối đúng giờ,10,HYN,HYNVC,2026-08-14,2026,8,14,360.0,360.0
Tỷ lệ kết nối đúng giờ,10,HCM,HCMVC,2026-08-03,2026,8,3,3143.0,3197.0
Tỷ lệ kết nối đúng giờ,10,LDG,LDGVC,2026-08-08,2026,8,8,279.0,283.0
Tỷ lệ kết nối đúng giờ,10,VLG,VLGVC,2026-08-08,2026,8,8,229.0,234.0
Tỷ lệ kết nối đúng giờ,10,QNH,QNHVC,2026-08-17,2026,8,17,110.0,112.0
Tỷ lệ kết nối đúng giờ,10,LOG,DVCBN4,2026-08-02,2026,8,2,5.0,5.0
Tỷ lệ kết nối đúng giờ,10,NBH,NBHVC,2026-08-01,2026,8,1,305.0,306.0
Tỷ lệ kết nối đúng giờ,10,LDG,LDGVC,2026-08-17,2026,8,17,296.0,303.0
Tỷ lệ kết nối đúng giờ,10,DBN,DBNVC,2026-08-10,2026,8,10,17.0,17.0
Tỷ lệ kết nối đúng giờ,10,LOG,DVCBN4,2026-07-31,2026,7,31,2.0,2.0
Tỷ lệ kết nối đúng giờ,10,LDG,LDGVC,2026-08-03,2026,8,3,290.0,290.0
Tỷ lệ kết nối đúng giờ,10,HUE,HUEVC,2026-08-12,2026,8,12,97.0,101.0
Tỷ lệ kết nối đúng giờ,10,GLI,GLIVC1,2026-08-02,2026,8,2,230.0,245.0
Tỷ lệ kết nối đúng giờ,10,DLK,DLKVC1,2026-08-07,2026,8,7,242.0,246.0
Tỷ lệ kết nối đúng giờ,10,DNI,DNIVC,2026-08-16,2026,8,16,378.0,397.0
Tỷ lệ kết nối đúng giờ,10,TNN,TNNVC,2026-08-06,2026,8,6,148.0,150.0
Tỷ lệ kết nối đúng giờ,10,NAN,NANVC,2026-08-08,2026,8,8,177.0,177.0
Tỷ lệ kết nối đúng giờ,10,HTH,HTHVC,2026-08-06,2026,8,6,73.0,74.0
Tỷ lệ kết nối đúng giờ,10,TNH,TNHVC,2026-08-09,2026,8,9,177.0,184.0
Tỷ lệ kết nối đúng giờ,10,HTH,HTHVC,2026-08-01,2026,8,1,72.0,72.0
Tỷ lệ kết nối đúng giờ,10,TQG,TQGVC,2026-08-07,2026,8,7,51.0,51.0
Tỷ lệ kết nối đúng giờ,10,LOG,DVCBN1,2026-08-07,2026,8,7,100.0,131.0
Tỷ lệ kết nối đúng giờ,10,DNI,DNIVC,2026-08-15,2026,8,15,516.0,527.0
Tỷ lệ kết nối đúng giờ,10,HTH,HTHVC,2026-08-13,2026,8,13,80.0,80.0
Tỷ lệ kết nối đúng giờ,10,PHO,PHOVC,2026-08-12,2026,8,12,337.0,359.0
Tỷ lệ kết nối đúng giờ,10,CNKT1,DVCHN,2026-08-08,2026,8,8,37.0,55.0
Tỷ lệ kết nối đúng giờ,10,LDG,LDGVC,2026-08-12,2026,8,12,300.0,303.0
Tỷ lệ kết nối đúng giờ,10,QNH,QNHVC,2026-08-10,2026,8,10,116.0,121.0
Tỷ lệ kết nối đúng giờ,10,HCM,HCMVC,2026-08-14,2026,8,14,3194.0,3236.0
Tỷ lệ kết nối đúng giờ,10,CNKT5,DVCMBC,2026-08-13,2026,8,13,1207.0,1213.0
Tỷ lệ kết nối đúng giờ,10,LCI,LCIVC,2026-08-03,2026,8,3,97.0,99.0
Tỷ lệ kết nối đúng giờ,10,GLI,GLIVC1,2026-08-16,2026,8,16,229.0,244.0
Tỷ lệ kết nối đúng giờ,10,GLI,GLIVC1,2026-08-10,2026,8,10,227.0,250.0
Tỷ lệ kết nối đúng giờ,10,TNN,TNNVC,2026-08-15,2026,8,15,147.0,150.0
Tỷ lệ kết nối đúng giờ,10,NBH,NBHVC,2026-08-13,2026,8,13,349.0,357.0
Tỷ lệ kết nối đúng giờ,10,SLA,SLAVC,2026-08-15,2026,8,15,4.0,4.0
Tỷ lệ kết nối đúng giờ,10,LOG,DTNBN1,2026-08-02,2026,8,2,117.0,210.0
Tỷ lệ kết nối đúng giờ,10,HPG,HPGVC,2026-08-04,2026,8,4,310.0,310.0
Tỷ lệ kết nối đúng giờ,10,CNKT2,DVCMTG,2026-08-17,2026,8,17,110.0,111.0
Tỷ lệ kết nối đúng giờ,10,VLG,VLGVC,2026-08-04,2026,8,4,241.0,243.0
Tỷ lệ kết nối đúng giờ,10,TQG,TQGVC,2026-08-13,2026,8,13,58.0,59.0
Tỷ lệ kết nối đúng giờ,10,SLA,SLAVC,2026-08-01,2026,8,1,4.0,4.0
Tỷ lệ kết nối đúng giờ,10,CNKT1,DVCHN,2026-08-04,2026,8,4,12.0,52.0
Tỷ lệ kết nối đúng giờ,10,THA,THAVC,2026-08-05,2026,8,5,224.0,230.0
Tỷ lệ kết nối đúng giờ,10,DBN,DBNVC,2026-08-08,2026,8,8,13.0,13.0
Tỷ lệ kết nối đúng giờ,10,DTP,DTPVC,2026-08-15,2026,8,15,193.0,199.0
Tỷ lệ kết nối đúng giờ,10,TNH,TNHVC,2026-08-03,2026,8,3,207.0,215.0
Tỷ lệ kết nối đúng giờ,10,GLI,GLIVC1,2026-08-15,2026,8,15,220.0,243.0
Tỷ lệ kết nối đúng giờ,10,LDG,LDGVC,2026-08-16,2026,8,16,276.0,280.0
Tỷ lệ kết nối đúng giờ,10,PHO,PHOVC,2026-08-07,2026,8,7,353.0,360.0
Tỷ lệ kết nối đúng giờ,10,CTO,CTOVC,2026-08-16,2026,8,16,238.0,241.0
Tỷ lệ kết nối đúng giờ,10,CNKT3,DVCMNM,2026-08-01,2026,8,1,682.0,702.0
Tỷ lệ kết nối đúng giờ,10,DTP,DTPVC,2026-08-14,2026,8,14,193.0,194.0
Tỷ lệ kết nối đúng giờ,10,HNI,HNVC,2026-08-12,2026,8,12,3356.0,3555.0
Tỷ lệ kết nối đúng giờ,10,KHA,KHAVC,2026-08-01,2026,8,1,187.0,191.0
Tỷ lệ kết nối đúng giờ,10,NAN,NANVC,2026-08-02,2026,8,2,161.0,164.0
Tỷ lệ kết nối đúng giờ,10,DNI,DNIVC,2026-08-01,2026,8,1,530.0,540.0
Tỷ lệ kết nối đúng giờ,10,LOG,DVCBN3,2026-08-13,2026,8,13,70.0,102.0
Tỷ lệ kết nối đúng giờ,10,DBN,DBNVC,2026-08-05,2026,8,5,13.0,13.0
Tỷ lệ kết nối đúng giờ,10,HPG,HPGVC,2026-08-09,2026,8,9,177.0,180.0
Tỷ lệ kết nối đúng giờ,10,DLK,DLKVC1,2026-08-01,2026,8,1,239.0,241.0
Tỷ lệ kết nối đúng giờ,10,DTP,DTPVC,2026-08-07,2026,8,7,199.0,199.0
Tỷ lệ kết nối đúng giờ,10,DTP,DTPVC,2026-08-04,2026,8,4,198.0,199.0
Tỷ lệ kết nối đúng giờ,10,PHO,PHOVC,2026-08-10,2026,8,10,348.0,360.0
Tỷ lệ kết nối đúng giờ,10,QTI,QTIVC,2026-08-05,2026,8,5,168.0,176.0
Tỷ lệ kết nối đúng giờ,10,DNI,DNIVC,2026-08-05,2026,8,5,520.0,532.0
Tỷ lệ kết nối đúng giờ,10,THA,THAVC,2026-08-14,2026,8,14,232.0,232.0
Tỷ lệ kết nối đúng giờ,10,PHO,PHOVC,2026-08-16,2026,8,16,310.0,314.0
Tỷ lệ kết nối đúng giờ,10,LOG,DVCBN4,2026-08-07,2026,8,7,1.0,3.0
Tỷ lệ kết nối đúng giờ,10,LSN,LSNVC,2026-08-11,2026,8,11,23.0,23.0
Tỷ lệ kết nối đúng giờ,10,CNKT2,DVCMTG,2026-08-11,2026,8,11,120.0,120.0
Tỷ lệ kết nối đúng giờ,10,CNKT1,DVCHN,2026-08-16,2026,8,16,2.0,6.0
Tỷ lệ kết nối đúng giờ,10,HCM,HCMVC,2026-08-15,2026,8,15,3008.0,3052.0
Tỷ lệ kết nối đúng giờ,10,CMU,CMUVC,2026-08-07,2026,8,7,74.0,76.0
Tỷ lệ kết nối đúng giờ,10,PHO,PHOVC,2026-08-05,2026,8,5,358.0,367.0
Tỷ lệ kết nối đúng giờ,10,HUE,HUEVC,2026-08-15,2026,8,15,100.0,101.0
Tỷ lệ kết nối đúng giờ,10,HYN,HYNVC,2026-08-12,2026,8,12,360.0,360.0
Tỷ lệ kết nối đúng giờ,10,HNI,HNVC,2026-08-05,2026,8,5,3319.0,3556.0
Tỷ lệ kết nối đúng giờ,10,LOG,DVCBN3,2026-08-05,2026,8,5,60.0,89.0
Tỷ lệ kết nối đúng giờ,10,DLK,DLKVC1,2026-08-17,2026,8,17,241.0,245.0
Tỷ lệ kết nối đúng giờ,10,HTH,HTHVC,2026-08-15,2026,8,15,74.0,76.0
Tỷ lệ kết nối đúng giờ,10,CNKT5,DVCMBC,2026-08-11,2026,8,11,1196.0,1206.0
Tỷ lệ kết nối đúng giờ,10,LOG,DVCBN4,2026-08-03,2026,8,3,2.0,2.0
Tỷ lệ kết nối đúng giờ,10,CNKT2,DVCMTG,2026-08-03,2026,8,3,119.0,127.0
Tỷ lệ kết nối đúng giờ,10,CMU,CMUVC,2026-08-06,2026,8,6,76.0,76.0
Tỷ lệ kết nối đúng giờ,10,LCI,LCIVC,2026-08-14,2026,8,14,99.0,99.0
Tỷ lệ kết nối đúng giờ,10,QNH,QNHVC,2026-07-31,2026,7,31,7.0,7.0
Tỷ lệ kết nối đúng giờ,10,HCM,HCMVC,2026-08-13,2026,8,13,3235.0,3279.0
Tỷ lệ kết nối đúng giờ,10,VLG,VLGVC,2026-08-10,2026,8,10,228.0,231.0
Tỷ lệ kết nối đúng giờ,10,QTI,QTIVC,2026-08-04,2026,8,4,157.0,160.0
Tỷ lệ kết nối đúng giờ,10,TNN,TNNVC,2026-08-09,2026,8,9,136.0,136.0
Tỷ lệ kết nối đúng giờ,10,CNKT3,DVCMNM,2026-08-02,2026,8,2,584.0,598.0
Tỷ lệ kết nối đúng giờ,10,LOG,DVCBN2,2026-08-11,2026,8,11,3.0,5.0
Tỷ lệ kết nối đúng giờ,10,CNKT1,DVCHN,2026-08-06,2026,8,6,20.0,61.0
Tỷ lệ kết nối đúng giờ,10,AGG,AGGVC,2026-08-09,2026,8,9,147.0,155.0
Tỷ lệ kết nối đúng giờ,10,TNN,TNNVC,2026-08-07,2026,8,7,137.0,143.0
Tỷ lệ kết nối đúng giờ,10,TNH,TNHVC,2026-08-11,2026,8,11,217.0,223.0
Tỷ lệ kết nối đúng giờ,10,THA,THAVC,2026-08-10,2026,8,10,233.0,233.0
Tỷ lệ kết nối đúng giờ,10,LSN,LSNVC,2026-08-14,2026,8,14,21.0,21.0
Tỷ lệ kết nối đúng giờ,10,KHA,KHAVC,2026-08-02,2026,8,2,182.0,182.0
Tỷ lệ kết nối đúng giờ,10,LCI,LCIVC,2026-08-02,2026,8,2,89.0,89.0
Tỷ lệ kết nối đúng giờ,10,QTI,QTIVC,2026-08-11,2026,8,11,135.0,145.0
Tỷ lệ kết nối đúng giờ,10,DNI,DNIVC,2026-08-17,2026,8,17,509.0,520.0
Tỷ lệ kết nối đúng giờ,10,HTH,HTHVC,2026-08-16,2026,8,16,46.0,47.0
Tỷ lệ kết nối đúng giờ,10,CNKT2,DVCMTG,2026-08-05,2026,8,5,122.0,131.0
Tỷ lệ kết nối đúng giờ,10,GLI,GLIVC1,2026-08-11,2026,8,11,220.0,237.0
Tỷ lệ kết nối đúng giờ,10,HUE,HUEVC,2026-08-16,2026,8,16,96.0,97.0
Tỷ lệ kết nối đúng giờ,10,DBN,DBNVC,2026-08-13,2026,8,13,13.0,13.0
Tỷ lệ kết nối đúng giờ,10,HYN,HYNVC,2026-08-13,2026,8,13,359.0,359.0
Tỷ lệ kết nối đúng giờ,10,LOG,DVCBN3,2026-08-16,2026,8,16,66.0,94.0
Tỷ lệ kết nối đúng giờ,10,HTH,HTHVC,2026-08-17,2026,8,17,79.0,80.0
Tỷ lệ kết nối đúng giờ,10,LOG,DVCBN2,2026-08-10,2026,8,10,2.0,7.0
Tỷ lệ kết nối đúng giờ,10,AGG,AGGVC,2026-08-02,2026,8,2,148.0,153.0
Tỷ lệ kết nối đúng giờ,10,DTP,DTPVC,2026-08-06,2026,8,6,198.0,199.0
Tỷ lệ kết nối đúng giờ,10,LOG,DVCBN4,2026-08-14,2026,8,14,2.0,2.0
Tỷ lệ kết nối đúng giờ,10,LDG,LDGVC,2026-08-04,2026,8,4,296.0,297.0
Tỷ lệ kết nối đúng giờ,10,QTI,QTIVC,2026-08-16,2026,8,16,113.0,124.0
Tỷ lệ kết nối đúng giờ,10,CTO,CTOVC,2026-08-01,2026,8,1,241.0,243.0
Tỷ lệ kết nối đúng giờ,10,LOG,DVCBN1,2026-08-02,2026,8,2,104.0,141.0
Tỷ lệ kết nối đúng giờ,10,VLG,VLGVC,2026-08-12,2026,8,12,234.0,238.0
Tỷ lệ kết nối đúng giờ,10,CNKT3,DVCTNB,2026-08-06,2026,8,6,211.0,211.0
Tỷ lệ kết nối đúng giờ,10,HNI,HNVC,2026-07-31,2026,7,31,147.0,147.0
Tỷ lệ kết nối đúng giờ,10,GLI,GLIVC1,2026-08-08,2026,8,8,229.0,248.0
Tỷ lệ kết nối đúng giờ,10,DLK,DLKVC1,2026-08-11,2026,8,11,232.0,239.0
Tỷ lệ kết nối đúng giờ,10,KHA,KHAVC,2026-08-12,2026,8,12,193.0,196.0
Tỷ lệ kết nối đúng giờ,10,CNKT3,DVCTNB,2026-08-16,2026,8,16,177.0,182.0
Tỷ lệ kết nối đúng giờ,10,BNH,BNHVC,2026-08-03,2026,8,3,365.0,369.0
Tỷ lệ kết nối đúng giờ,10,BNH,BNHVC,2026-08-13,2026,8,13,385.0,387.0
Tỷ lệ kết nối đúng giờ,10,DTP,DTPVC,2026-08-13,2026,8,13,193.0,193.0
Tỷ lệ kết nối đúng giờ,10,DNI,DNIVC,2026-08-04,2026,8,4,530.0,536.0
Tỷ lệ kết nối đúng giờ,10,DNG,DNGVC,2026-08-14,2026,8,14,352.0,359.0
Tỷ lệ kết nối đúng giờ,10,DLK,DLKVC1,2026-08-08,2026,8,8,245.0,249.0
Tỷ lệ kết nối đúng giờ,10,BNH,BNHVC,2026-08-09,2026,8,9,262.0,264.0
Tỷ lệ kết nối đúng giờ,10,TQG,TQGVC,2026-08-03,2026,8,3,57.0,59.0
Tỷ lệ kết nối đúng giờ,10,LDG,LDGVC,2026-08-05,2026,8,5,283.0,294.0
Tỷ lệ kết nối đúng giờ,10,SLA,SLAVC,2026-08-06,2026,8,6,4.0,4.0
Tỷ lệ kết nối đúng giờ,10,CNKT2,DVCMTG,2026-08-10,2026,8,10,123.0,129.0
Tỷ lệ kết nối đúng giờ,10,HNI,HNVC,2026-08-13,2026,8,13,3332.0,3543.0
Tỷ lệ kết nối đúng giờ,10,QNH,QNHVC,2026-08-01,2026,8,1,120.0,120.0
Tỷ lệ kết nối đúng giờ,10,CNKT3,DVCTNB,2026-08-17,2026,8,17,178.0,180.0
Tỷ lệ kết nối đúng giờ,10,LSN,LSNVC,2026-08-15,2026,8,15,17.0,17.0
Tỷ lệ kết nối đúng giờ,10,LOG,DVCBN4,2026-08-05,2026,8,5,0.0,1.0
Tỷ lệ kết nối đúng giờ,10,LOG,DVCBN4,2026-08-01,2026,8,1,7.0,8.0
Tỷ lệ kết nối đúng giờ,10,LSN,LSNVC,2026-08-10,2026,8,10,23.0,23.0
Tỷ lệ kết nối đúng giờ,10,QNH,QNHVC,2026-08-16,2026,8,16,75.0,75.0
Tỷ lệ kết nối đúng giờ,10,CNKT3,DVCTNB,2026-08-12,2026,8,12,188.0,188.0
Tỷ lệ kết nối đúng giờ,10,CNKT5,DVCMBC,2026-07-31,2026,7,31,86.0,86.0
Tỷ lệ kết nối đúng giờ,10,HUE,HUEVC,2026-08-03,2026,8,3,78.0,80.0
Tỷ lệ kết nối đúng giờ,10,LOG,DVCBN1,2026-08-10,2026,8,10,94.0,139.0
Tỷ lệ kết nối đúng giờ,10,AGG,AGGVC,2026-08-17,2026,8,17,195.0,208.0
Tỷ lệ kết nối đúng giờ,10,NBH,NBHVC,2026-08-07,2026,8,7,345.0,346.0
Tỷ lệ kết nối đúng giờ,10,HPG,HPGVC,2026-08-15,2026,8,15,293.0,293.0
Tỷ lệ kết nối đúng giờ,10,PHO,PHOVC,2026-08-02,2026,8,2,338.0,340.0
Tỷ lệ kết nối đúng giờ,10,LSN,LSNVC,2026-08-13,2026,8,13,22.0,22.0
Tỷ lệ kết nối đúng giờ,10,QNI,QNIVC,2026-08-05,2026,8,5,165.0,166.0
Tỷ lệ kết nối đúng giờ,10,HTH,HTHVC,2026-08-07,2026,8,7,69.0,72.0
Tỷ lệ kết nối đúng giờ,10,NBH,NBHVC,2026-08-05,2026,8,5,335.0,338.0
Tỷ lệ kết nối đúng giờ,10,GLI,GLIVC1,2026-08-04,2026,8,4,218.0,232.0
Tỷ lệ kết nối đúng giờ,10,DBN,DBNVC,2026-08-12,2026,8,12,13.0,13.0
Tỷ lệ kết nối đúng giờ,10,QNH,QNHVC,2026-08-15,2026,8,15,113.0,116.0
Tỷ lệ kết nối đúng giờ,10,LOG,DVCBN3,2026-08-10,2026,8,10,57.0,78.0
Tỷ lệ kết nối đúng giờ,10,VLG,VLGVC,2026-08-11,2026,8,11,235.0,236.0
Tỷ lệ kết nối đúng giờ,10,VLG,VLGVC,2026-08-07,2026,8,7,235.0,239.0
Tỷ lệ kết nối đúng giờ,10,CNKT3,DVCTNB,2026-08-13,2026,8,13,204.0,206.0
Tỷ lệ kết nối đúng giờ,10,DLK,DLKVC1,2026-08-13,2026,8,13,244.0,245.0
Tỷ lệ kết nối đúng giờ,10,QTI,QTIVC,2026-08-02,2026,8,2,119.0,126.0
Tỷ lệ kết nối đúng giờ,10,DNI,DNIVC,2026-08-06,2026,8,6,536.0,548.0
Tỷ lệ kết nối đúng giờ,10,VLG,VLGVC,2026-07-31,2026,7,31,3.0,3.0
Tỷ lệ kết nối đúng giờ,10,CNKT1,DVCHN,2026-08-07,2026,8,7,23.0,47.0
Tỷ lệ kết nối đúng giờ,10,CMU,CMUVC,2026-08-03,2026,8,3,76.0,76.0
Tỷ lệ kết nối đúng giờ,10,AGG,AGGVC,2026-08-03,2026,8,3,187.0,192.0
Tỷ lệ kết nối đúng giờ,10,LOG,DVCBN2,2026-08-09,2026,8,9,5.0,7.0
Tỷ lệ kết nối đúng giờ,10,CNKT2,DVCMTG,2026-08-07,2026,8,7,128.0,132.0
Tỷ lệ kết nối đúng giờ,10,VLG,VLGVC,2026-08-06,2026,8,6,241.0,243.0
Tỷ lệ kết nối đúng giờ,10,CMU,CMUVC,2026-08-02,2026,8,2,44.0,44.0
Tỷ lệ kết nối đúng giờ,10,CNKT5,DVCMBC,2026-08-17,2026,8,17,1047.0,1053.0
Tỷ lệ kết nối đúng giờ,10,CNKT3,DVCMNM,2026-08-08,2026,8,8,709.0,721.0
Tỷ lệ kết nối đúng giờ,10,DNG,DNGVC,2026-08-06,2026,8,6,348.0,358.0
Tỷ lệ kết nối đúng giờ,10,NAN,NANVC,2026-08-05,2026,8,5,182.0,185.0
Tỷ lệ kết nối đúng giờ,10,CTO,CTOVC,2026-08-10,2026,8,10,261.0,264.0
Tỷ lệ kết nối đúng giờ,10,BNH,BNHVC,2026-08-05,2026,8,5,387.0,389.0
Tỷ lệ kết nối đúng giờ,10,CNKT5,DVCMBC,2026-08-02,2026,8,2,1026.0,1033.0
Tỷ lệ kết nối đúng giờ,10,THA,THAVC,2026-08-13,2026,8,13,249.0,252.0
Tỷ lệ kết nối đúng giờ,10,TQG,TQGVC,2026-08-08,2026,8,8,58.0,59.0
Tỷ lệ kết nối đúng giờ,10,AGG,AGGVC,2026-08-16,2026,8,16,138.0,152.0
Tỷ lệ kết nối đúng giờ,10,NAN,NANVC,2026-08-15,2026,8,15,179.0,181.0
Tỷ lệ kết nối đúng giờ,10,QTI,QTIVC,2026-08-08,2026,8,8,160.0,168.0
Tỷ lệ kết nối đúng giờ,10,QTI,QTIVC,2026-08-17,2026,8,17,161.0,174.0
Tỷ lệ kết nối đúng giờ,10,LOG,DTNBN1,2026-08-14,2026,8,14,152.0,247.0
Tỷ lệ kết nối đúng giờ,10,CNKT2,DVCMTG,2026-08-15,2026,8,15,141.0,141.0
Tỷ lệ kết nối đúng giờ,10,LCI,LCIVC,2026-08-11,2026,8,11,99.0,99.0
Tỷ lệ kết nối đúng giờ,10,KHA,KHAVC,2026-08-17,2026,8,17,201.0,202.0
Tỷ lệ kết nối đúng giờ,10,KHA,KHAVC,2026-08-03,2026,8,3,193.0,196.0
Tỷ lệ kết nối đúng giờ,10,CNKT3,DVCMNM,2026-08-04,2026,8,4,666.0,685.0
Tỷ lệ kết nối đúng giờ,10,KHA,KHAVC,2026-08-09,2026,8,9,179.0,179.0
Tỷ lệ kết nối đúng giờ,10,CNKT3,DVCTNB,2026-08-14,2026,8,14,193.0,196.0
Tỷ lệ kết nối đúng giờ,10,CNKT2,DVCMTG,2026-08-09,2026,8,9,99.0,102.0
Tỷ lệ kết nối đúng giờ,10,CNKT5,DVCMBC,2026-08-09,2026,8,9,1066.0,1079.0
Tỷ lệ kết nối đúng giờ,10,TNH,TNHVC,2026-08-04,2026,8,4,228.0,231.0
Tỷ lệ kết nối đúng giờ,10,LOG,DVCBN2,2026-07-31,2026,7,31,1.0,1.0
Tỷ lệ kết nối đúng giờ,10,DBN,DBNVC,2026-08-03,2026,8,3,17.0,17.0
Tỷ lệ kết nối đúng giờ,10,BNH,BNHVC,2026-08-15,2026,8,15,393.0,396.0
Tỷ lệ kết nối đúng giờ,10,LOG,DVCBN4,2026-08-06,2026,8,6,2.0,3.0
Tỷ lệ kết nối đúng giờ,10,CMU,CMUVC,2026-08-10,2026,8,10,76.0,76.0
Tỷ lệ kết nối đúng giờ,10,CMU,CMUVC,2026-08-11,2026,8,11,76.0,76.0
Tỷ lệ kết nối đúng giờ,10,CNKT1,DVCHN,2026-08-14,2026,8,14,26.0,63.0
Tỷ lệ kết nối đúng giờ,10,LSN,LSNVC,2026-08-09,2026,8,9,22.0,23.0
Tỷ lệ kết nối đúng giờ,10,LDG,LDGVC,2026-08-13,2026,8,13,280.0,291.0
Tỷ lệ kết nối đúng giờ,10,TNH,TNHVC,2026-08-16,2026,8,16,179.0,183.0
Tỷ lệ kết nối đúng giờ,10,THA,THAVC,2026-08-16,2026,8,16,213.0,215.0
Tỷ lệ kết nối đúng giờ,10,THA,THAVC,2026-08-17,2026,8,17,238.0,240.0
Tỷ lệ kết nối đúng giờ,10,CNKT3,DVCMNM,2026-08-12,2026,8,12,685.0,707.0
Tỷ lệ kết nối đúng giờ,10,PHO,PHOVC,2026-08-11,2026,8,11,333.0,361.0
Tỷ lệ kết nối đúng giờ,10,NAN,NANVC,2026-08-12,2026,8,12,175.0,177.0
Tỷ lệ kết nối đúng giờ,10,HUE,HUEVC,2026-08-09,2026,8,9,85.0,85.0
Tỷ lệ kết nối đúng giờ,10,QTI,QTIVC,2026-08-10,2026,8,10,163.0,176.0
Tỷ lệ kết nối đúng giờ,10,LOG,DVCBN1,2026-07-31,2026,7,31,19.0,19.0
Tỷ lệ kết nối đúng giờ,10,BNH,BNHVC,2026-08-06,2026,8,6,392.0,392.0
Tỷ lệ kết nối đúng giờ,10,HUE,HUEVC,2026-08-14,2026,8,14,101.0,101.0
Tỷ lệ kết nối đúng giờ,10,AGG,AGGVC,2026-08-04,2026,8,4,186.0,194.0
Tỷ lệ kết nối đúng giờ,10,NAN,NANVC,2026-08-04,2026,8,4,178.0,180.0
Tỷ lệ kết nối đúng giờ,10,HYN,HYNVC,2026-08-17,2026,8,17,353.0,354.0
Tỷ lệ kết nối đúng giờ,10,LOG,DVCBN1,2026-08-11,2026,8,11,113.0,145.0
Tỷ lệ kết nối đúng giờ,10,THA,THAVC,2026-08-08,2026,8,8,256.0,259.0
Tỷ lệ kết nối đúng giờ,10,NBH,NBHVC,2026-08-10,2026,8,10,349.0,352.0
Tỷ lệ kết nối đúng giờ,10,CNKT3,DVCTNB,2026-08-10,2026,8,10,194.0,195.0
Tỷ lệ kết nối đúng giờ,10,LOG,DTNBN1,2026-08-07,2026,8,7,154.0,236.0
Tỷ lệ kết nối đúng giờ,10,LDG,LDGVC,2026-07-31,2026,7,31,5.0,5.0
Tỷ lệ kết nối đúng giờ,10,NAN,NANVC,2026-08-14,2026,8,14,177.0,178.0
Tỷ lệ kết nối đúng giờ,10,LCI,LCIVC,2026-08-13,2026,8,13,98.0,99.0
Tỷ lệ kết nối đúng giờ,10,NBH,NBHVC,2026-08-02,2026,8,2,266.0,270.0
Tỷ lệ kết nối đúng giờ,10,NAN,NANVC,2026-08-16,2026,8,16,160.0,161.0
Tỷ lệ kết nối đúng giờ,10,SLA,SLAVC,2026-08-13,2026,8,13,3.0,4.0
Tỷ lệ kết nối đúng giờ,10,AGG,AGGVC,2026-08-12,2026,8,12,201.0,212.0
Tỷ lệ kết nối đúng giờ,10,PHO,PHOVC,2026-08-06,2026,8,6,349.0,352.0
Tỷ lệ kết nối đúng giờ,10,DTP,DTPVC,2026-08-03,2026,8,3,196.0,200.0
Tỷ lệ kết nối đúng giờ,10,THA,THAVC,2026-08-02,2026,8,2,226.0,227.0
Tỷ lệ kết nối đúng giờ,10,QTI,QTIVC,2026-08-07,2026,8,7,153.0,163.0
Tỷ lệ kết nối đúng giờ,10,CNKT5,DVCMBC,2026-08-10,2026,8,10,1119.0,1132.0
Tỷ lệ kết nối đúng giờ,10,LOG,DVCBN4,2026-08-09,2026,8,9,1.0,4.0
Tỷ lệ kết nối đúng giờ,10,CNKT3,DVCMNM,2026-08-07,2026,8,7,710.0,730.0
Tỷ lệ kết nối đúng giờ,10,LCI,LCIVC,2026-08-04,2026,8,4,99.0,99.0
Tỷ lệ kết nối đúng giờ,10,CNKT2,DVCMTG,2026-07-31,2026,7,31,15.0,15.0
Tỷ lệ kết nối đúng giờ,10,LOG,DTNBN1,2026-08-13,2026,8,13,148.0,259.0
Tỷ lệ kết nối đúng giờ,10,LOG,DVCBN1,2026-08-06,2026,8,6,103.0,145.0
Tỷ lệ kết nối đúng giờ,10,LOG,DVCBN4,2026-08-11,2026,8,11,1.0,2.0
Tỷ lệ kết nối đúng giờ,10,HCM,HCMVC,2026-08-10,2026,8,10,3223.0,3261.0
Tỷ lệ kết nối đúng giờ,10,HPG,HPGVC,2026-08-12,2026,8,12,292.0,294.0
Tỷ lệ kết nối đúng giờ,10,LOG,DVCBN3,2026-08-08,2026,8,8,64.0,86.0
Tỷ lệ kết nối đúng giờ,10,NBH,NBHVC,2026-08-16,2026,8,16,279.0,287.0
Tỷ lệ kết nối đúng giờ,10,LOG,DVCBN1,2026-08-03,2026,8,3,85.0,125.0
Tỷ lệ kết nối đúng giờ,10,HTH,HTHVC,2026-08-02,2026,8,2,44.0,45.0
Tỷ lệ kết nối đúng giờ,10,LDG,LDGVC,2026-08-11,2026,8,11,283.0,287.0
Tỷ lệ kết nối đúng giờ,10,CNKT3,DVCMNM,2026-08-13,2026,8,13,690.0,711.0
Tỷ lệ kết nối đúng giờ,10,TNH,TNHVC,2026-08-01,2026,8,1,218.0,225.0
Tỷ lệ kết nối đúng giờ,10,LDG,LDGVC,2026-08-14,2026,8,14,298.0,301.0
Tỷ lệ kết nối đúng giờ,10,HYN,HYNVC,2026-08-07,2026,8,7,357.0,358.0
Tỷ lệ kết nối đúng giờ,10,HNI,HNVC,2026-08-17,2026,8,17,3085.0,3358.0
Tỷ lệ kết nối đúng giờ,10,BNH,BNHVC,2026-08-04,2026,8,4,371.0,374.0
Tỷ lệ kết nối đúng giờ,10,DTP,DTPVC,2026-08-10,2026,8,10,190.0,193.0
Tỷ lệ kết nối đúng giờ,10,LOG,DVCBN4,2026-08-08,2026,8,8,2.0,5.0
Tỷ lệ kết nối đúng giờ,10,CNKT3,DVCTNB,2026-08-02,2026,8,2,169.0,175.0
Tỷ lệ kết nối đúng giờ,10,AGG,AGGVC,2026-08-08,2026,8,8,181.0,192.0
Tỷ lệ kết nối đúng giờ,10,LOG,DVCBN4,2026-08-10,2026,8,10,1.0,3.0
Tỷ lệ kết nối đúng giờ,10,NAN,NANVC,2026-08-06,2026,8,6,176.0,177.0
Tỷ lệ kết nối đúng giờ,10,TQG,TQGVC,2026-08-06,2026,8,6,58.0,59.0
Tỷ lệ kết nối đúng giờ,10,CNKT1,DVCHN,2026-08-10,2026,8,10,14.0,51.0
Tỷ lệ kết nối đúng giờ,10,TNN,TNNVC,2026-08-04,2026,8,4,155.0,157.0
Tỷ lệ kết nối đúng giờ,10,VLG,VLGVC,2026-08-03,2026,8,3,233.0,237.0
Tỷ lệ kết nối đúng giờ,10,PHO,PHOVC,2026-08-09,2026,8,9,314.0,333.0
Tỷ lệ kết nối đúng giờ,10,LDG,LDGVC,2026-08-02,2026,8,2,269.0,273.0
Tỷ lệ kết nối đúng giờ,10,TNH,TNHVC,2026-08-10,2026,8,10,210.0,220.0
Tỷ lệ kết nối đúng giờ,10,HPG,HPGVC,2026-08-16,2026,8,16,180.0,180.0
Tỷ lệ kết nối đúng giờ,10,DTP,DTPVC,2026-08-12,2026,8,12,187.0,192.0
Tỷ lệ kết nối đúng giờ,10,HUE,HUEVC,2026-08-10,2026,8,10,88.0,89.0
Tỷ lệ kết nối đúng giờ,10,VLG,VLGVC,2026-08-15,2026,8,15,233.0,238.0
Tỷ lệ kết nối đúng giờ,10,QTI,QTIVC,2026-08-06,2026,8,6,165.0,173.0
Tỷ lệ kết nối đúng giờ,10,HNI,HNVC,2026-08-15,2026,8,15,3280.0,3479.0
Tỷ lệ kết nối đúng giờ,10,SLA,SLAVC,2026-08-03,2026,8,3,4.0,4.0
Tỷ lệ kết nối đúng giờ,10,HCM,HCMVC,2026-08-06,2026,8,6,3248.0,3289.0
Tỷ lệ kết nối đúng giờ,10,HYN,HYNVC,2026-08-11,2026,8,11,354.0,356.0
Tỷ lệ kết nối đúng giờ,10,DLK,DLKVC1,2026-08-15,2026,8,15,238.0,246.0
Tỷ lệ kết nối đúng giờ,10,CMU,CMUVC,2026-08-17,2026,8,17,74.0,76.0
Tỷ lệ kết nối đúng giờ,10,TQG,TQGVC,2026-08-15,2026,8,15,58.0,59.0
Tỷ lệ kết nối đúng giờ,10,CNKT1,DVCHN,2026-08-12,2026,8,12,45.0,75.0
Tỷ lệ kết nối đúng giờ,10,CNKT5,DVCMBC,2026-08-14,2026,8,14,1226.0,1234.0
Tỷ lệ kết nối đúng giờ,10,BNH,BNHVC,2026-08-08,2026,8,8,392.0,394.0
Tỷ lệ kết nối đúng giờ,10,CNKT3,DVCMNM,2026-07-31,2026,7,31,84.0,84.0
Tỷ lệ kết nối đúng giờ,10,CMU,CMUVC,2026-08-01,2026,8,1,75.0,76.0
Tỷ lệ kết nối đúng giờ,10,LSN,LSNVC,2026-08-07,2026,8,7,23.0,23.0
Tỷ lệ kết nối đúng giờ,10,CNKT5,DVCMBC,2026-08-05,2026,8,5,1108.0,1153.0
Tỷ lệ kết nối đúng giờ,10,HPG,HPGVC,2026-08-03,2026,8,3,307.0,308.0
Tỷ lệ kết nối đúng giờ,10,HUE,HUEVC,2026-08-05,2026,8,5,77.0,78.0
Tỷ lệ kết nối đúng giờ,10,HTH,HTHVC,2026-08-03,2026,8,3,72.0,72.0
Tỷ lệ kết nối đúng giờ,10,PHO,PHOVC,2026-07-31,2026,7,31,4.0,4.0
Tỷ lệ kết nối đúng giờ,10,TNN,TNNVC,2026-08-03,2026,8,3,155.0,157.0
Tỷ lệ kết nối đúng giờ,10,CNKT1,DVCHN,2026-08-02,2026,8,2,2.0,7.0
Tỷ lệ kết nối đúng giờ,10,DNI,DNIVC,2026-08-13,2026,8,13,529.0,544.0
Tỷ lệ kết nối đúng giờ,10,LOG,DVCBN2,2026-08-15,2026,8,15,7.0,9.0
Tỷ lệ kết nối đúng giờ,10,KHA,KHAVC,2026-08-08,2026,8,8,195.0,196.0
Tỷ lệ kết nối đúng giờ,10,DBN,DBNVC,2026-08-07,2026,8,7,13.0,13.0
Tỷ lệ kết nối đúng giờ,10,HTH,HTHVC,2026-08-04,2026,8,4,73.0,74.0
Tỷ lệ kết nối đúng giờ,10,SLA,SLAVC,2026-08-11,2026,8,11,3.0,4.0
Tỷ lệ kết nối đúng giờ,10,VLG,VLGVC,2026-08-17,2026,8,17,224.0,230.0
Tỷ lệ kết nối đúng giờ,10,DNG,DNGVC,2026-08-08,2026,8,8,338.0,349.0
Tỷ lệ kết nối đúng giờ,10,DNG,DNGVC,2026-08-13,2026,8,13,350.0,356.0
Tỷ lệ kết nối đúng giờ,10,LOG,DTNBN1,2026-08-16,2026,8,16,129.0,238.0
Tỷ lệ kết nối đúng giờ,10,VLG,VLGVC,2026-08-09,2026,8,9,155.0,156.0
Tỷ lệ kết nối đúng giờ,10,LOG,DTNBN1,2026-08-09,2026,8,9,120.0,219.0
Tỷ lệ kết nối đúng giờ,10,LOG,DTNBN1,2026-07-31,2026,7,31,22.0,22.0
Tỷ lệ kết nối đúng giờ,10,KHA,KHAVC,2026-08-14,2026,8,14,197.0,201.0
Tỷ lệ kết nối đúng giờ,10,CTO,CTOVC,2026-08-13,2026,8,13,244.0,250.0
Tỷ lệ kết nối đúng giờ,10,NAN,NANVC,2026-08-10,2026,8,10,169.0,171.0
Tỷ lệ kết nối đúng giờ,10,LOG,DVCBN1,2026-08-12,2026,8,12,116.0,152.0
Tỷ lệ kết nối đúng giờ,10,KHA,KHAVC,2026-08-10,2026,8,10,196.0,198.0
Tỷ lệ kết nối đúng giờ,10,CNKT3,DVCMNM,2026-08-16,2026,8,16,592.0,610.0
Tỷ lệ kết nối đúng giờ,10,NBH,NBHVC,2026-08-12,2026,8,12,356.0,358.0
Tỷ lệ kết nối đúng giờ,10,SLA,SLAVC,2026-08-17,2026,8,17,4.0,4.0
Tỷ lệ kết nối đúng giờ,10,LOG,DVCBN3,2026-08-17,2026,8,17,45.0,76.0
Tỷ lệ kết nối đúng giờ,10,TNH,TNHVC,2026-08-14,2026,8,14,222.0,227.0
Tỷ lệ kết nối đúng giờ,10,LOG,DTNBN1,2026-08-04,2026,8,4,120.0,209.0
Tỷ lệ kết nối đúng giờ,10,LOG,DTNBN1,2026-08-11,2026,8,11,122.0,218.0
Tỷ lệ kết nối đúng giờ,10,TQG,TQGVC,2026-08-16,2026,8,16,48.0,49.0
Tỷ lệ kết nối đúng giờ,10,LOG,DVCBN4,2026-08-17,2026,8,17,3.0,5.0
Tỷ lệ kết nối đúng giờ,10,DNG,DNGVC,2026-08-11,2026,8,11,324.0,334.0
Tỷ lệ kết nối đúng giờ,10,HYN,HYNVC,2026-08-04,2026,8,4,354.0,355.0
Tỷ lệ kết nối đúng giờ,10,DNG,DNGVC,2026-08-09,2026,8,9,233.0,243.0
Tỷ lệ kết nối đúng giờ,10,DTP,DTPVC,2026-08-09,2026,8,9,118.0,120.0
Tỷ lệ kết nối đúng giờ,10,HCM,HCMVC,2026-08-17,2026,8,17,3041.0,3074.0
Tỷ lệ kết nối đúng giờ,10,LOG,DVCBN3,2026-08-02,2026,8,2,62.0,90.0
Tỷ lệ kết nối đúng giờ,10,THA,THAVC,2026-08-12,2026,8,12,230.0,240.0
Tỷ lệ kết nối đúng giờ,10,QNI,QNIVC,2026-08-11,2026,8,11,153.0,153.0
Tỷ lệ kết nối đúng giờ,10,HUE,HUEVC,2026-08-07,2026,8,7,89.0,89.0
Tỷ lệ kết nối đúng giờ,10,LCI,LCIVC,2026-08-08,2026,8,8,97.0,98.0
Tỷ lệ kết nối đúng giờ,10,TNN,TNNVC,2026-08-13,2026,8,13,156.0,158.0
Tỷ lệ kết nối đúng giờ,10,CNKT3,DVCMNM,2026-08-10,2026,8,10,589.0,606.0
Tỷ lệ kết nối đúng giờ,10,QNI,QNIVC,2026-08-15,2026,8,15,176.0,177.0
Tỷ lệ kết nối đúng giờ,10,CNKT3,DVCTNB,2026-08-15,2026,8,15,202.0,206.0
Tỷ lệ kết nối đúng giờ,10,CMU,CMUVC,2026-08-05,2026,8,5,73.0,76.0
Tỷ lệ kết nối đúng giờ,10,CNKT2,DVCMTG,2026-08-02,2026,8,2,98.0,98.0
Tỷ lệ kết nối đúng giờ,10,BNH,BNHVC,2026-08-11,2026,8,11,397.0,399.0
Tỷ lệ kết nối đúng giờ,10,HPG,HPGVC,2026-08-14,2026,8,14,299.0,301.0
Tỷ lệ kết nối đúng giờ,10,CMU,CMUVC,2026-08-13,2026,8,13,75.0,76.0
Tỷ lệ kết nối đúng giờ,10,AGG,AGGVC,2026-08-11,2026,8,11,200.0,207.0
Tỷ lệ kết nối đúng giờ,10,TNH,TNHVC,2026-07-31,2026,7,31,2.0,2.0
Tỷ lệ kết nối đúng giờ,10,QNI,QNIVC,2026-08-13,2026,8,13,169.0,172.0
Tỷ lệ kết nối đúng giờ,10,CTO,CTOVC,2026-08-05,2026,8,5,241.0,245.0
Tỷ lệ kết nối đúng giờ,10,KHA,KHAVC,2026-08-13,2026,8,13,198.0,199.0
Tỷ lệ kết nối đúng giờ,10,TNN,TNNVC,2026-08-05,2026,8,5,157.0,164.0
Tỷ lệ kết nối đúng giờ,10,DLK,DLKVC1,2026-08-12,2026,8,12,245.0,249.0
Tỷ lệ kết nối đúng giờ,10,QNH,QNHVC,2026-08-02,2026,8,2,72.0,74.0
Tỷ lệ kết nối đúng giờ,10,LDG,LDGVC,2026-08-15,2026,8,15,295.0,296.0
Tỷ lệ kết nối đúng giờ,10,LOG,DVCBN2,2026-08-14,2026,8,14,4.0,9.0
Tỷ lệ kết nối đúng giờ,10,CTO,CTOVC,2026-08-17,2026,8,17,256.0,257.0
Tỷ lệ kết nối đúng giờ,10,CNKT1,DVCHN,2026-08-01,2026,8,1,21.0,29.0
Tỷ lệ kết nối đúng giờ,10,DLK,DLKVC1,2026-08-09,2026,8,9,216.0,223.0
Tỷ lệ kết nối đúng giờ,10,CNKT2,DVCMTG,2026-08-16,2026,8,16,99.0,99.0
Tỷ lệ kết nối đúng giờ,10,LSN,LSNVC,2026-08-16,2026,8,16,19.0,19.0
Tỷ lệ kết nối đúng giờ,10,LCI,LCIVC,2026-08-17,2026,8,17,99.0,99.0
Tỷ lệ kết nối đúng giờ,10,LCI,LCIVC,2026-08-06,2026,8,6,100.0,100.0
Tỷ lệ kết nối đúng giờ,10,KHA,KHAVC,2026-08-06,2026,8,6,191.0,196.0
Tỷ lệ kết nối đúng giờ,10,TQG,TQGVC,2026-08-17,2026,8,17,55.0,59.0
Tỷ lệ kết nối đúng giờ,10,HPG,HPGVC,2026-08-05,2026,8,5,294.0,295.0
Tỷ lệ kết nối đúng giờ,10,DNG,DNGVC,2026-08-12,2026,8,12,347.0,354.0
Tỷ lệ kết nối đúng giờ,10,SLA,SLAVC,2026-08-16,2026,8,16,4.0,4.0
Tỷ lệ kết nối đúng giờ,10,CNKT3,DVCTNB,2026-08-11,2026,8,11,202.0,205.0
Tỷ lệ kết nối đúng giờ,10,QNI,QNIVC,2026-08-14,2026,8,14,168.0,172.0
Tỷ lệ kết nối đúng giờ,10,LOG,DVCBN1,2026-08-17,2026,8,17,77.0,110.0
Tỷ lệ kết nối đúng giờ,10,LOG,DVCBN2,2026-08-03,2026,8,3,4.0,4.0
Tỷ lệ kết nối đúng giờ,10,LSN,LSNVC,2026-08-03,2026,8,3,23.0,23.0
Tỷ lệ kết nối đúng giờ,10,CNKT3,DVCTNB,2026-08-09,2026,8,9,172.0,174.0
Tỷ lệ kết nối đúng giờ,10,CTO,CTOVC,2026-08-11,2026,8,11,248.0,251.0
Tỷ lệ kết nối đúng giờ,10,LOG,DVCBN2,2026-08-05,2026,8,5,5.0,7.0
Tỷ lệ kết nối đúng giờ,10,TNN,TNNVC,2026-08-01,2026,8,1,151.0,153.0
Tỷ lệ kết nối đúng giờ,10,PHO,PHOVC,2026-08-03,2026,8,3,345.0,364.0
Tỷ lệ kết nối đúng giờ,10,CNKT5,DVCMBC,2026-08-08,2026,8,8,1160.0,1175.0
Tỷ lệ kết nối đúng giờ,10,NAN,NANVC,2026-08-11,2026,8,11,180.0,183.0
Tỷ lệ kết nối đúng giờ,10,CNKT3,DVCMNM,2026-08-17,2026,8,17,556.0,575.0
Tỷ lệ kết nối đúng giờ,10,NAN,NANVC,2026-08-03,2026,8,3,172.0,174.0
Tỷ lệ kết nối đúng giờ,10,THA,THAVC,2026-08-15,2026,8,15,231.0,234.0
Tỷ lệ kết nối đúng giờ,10,DTP,DTPVC,2026-08-17,2026,8,17,186.0,188.0
Tỷ lệ kết nối đúng giờ,10,QNI,QNIVC,2026-08-10,2026,8,10,166.0,166.0
Tỷ lệ kết nối đúng giờ,10,QNI,QNIVC,2026-08-17,2026,8,17,170.0,170.0
Tỷ lệ kết nối đúng giờ,10,CNKT3,DVCTNB,2026-07-31,2026,7,31,20.0,20.0
Tỷ lệ kết nối đúng giờ,10,TQG,TQGVC,2026-08-12,2026,8,12,55.0,59.0
Tỷ lệ kết nối đúng giờ,10,TNN,TNNVC,2026-08-10,2026,8,10,155.0,157.0
Tỷ lệ kết nối đúng giờ,10,NBH,NBHVC,2026-08-14,2026,8,14,342.0,349.0
Tỷ lệ kết nối đúng giờ,10,BNH,BNHVC,2026-08-02,2026,8,2,260.0,264.0
Tỷ lệ kết nối đúng giờ,10,AGG,AGGVC,2026-08-06,2026,8,6,189.0,192.0
Tỷ lệ kết nối đúng giờ,10,DBN,DBNVC,2026-08-15,2026,8,15,12.0,12.0
Tỷ lệ kết nối đúng giờ,10,CNKT1,DVCHN,2026-08-03,2026,8,3,13.0,46.0
Tỷ lệ kết nối đúng giờ,10,DBN,DBNVC,2026-08-02,2026,8,2,1.0,1.0
Tỷ lệ kết nối đúng giờ,10,SLA,SLAVC,2026-08-12,2026,8,12,4.0,4.0
Tỷ lệ kết nối đúng giờ,10,LOG,DTNBN1,2026-08-03,2026,8,3,114.0,207.0
Tỷ lệ kết nối đúng giờ,10,LSN,LSNVC,2026-08-05,2026,8,5,26.0,26.0
Tỷ lệ kết nối đúng giờ,10,GLI,GLIVC1,2026-08-01,2026,8,1,228.0,240.0
Tỷ lệ kết nối đúng giờ,10,DNI,DNIVC,2026-08-12,2026,8,12,513.0,536.0
Tỷ lệ kết nối đúng giờ,10,VLG,VLGVC,2026-08-05,2026,8,5,233.0,235.0
Tỷ lệ kết nối đúng giờ,10,AGG,AGGVC,2026-08-01,2026,8,1,184.0,187.0
Tỷ lệ kết nối đúng giờ,10,DNG,DNGVC,2026-08-10,2026,8,10,341.0,349.0
Tỷ lệ kết nối đúng giờ,10,QNI,QNIVC,2026-08-01,2026,8,1,176.0,178.0
Tỷ lệ kết nối đúng giờ,10,LDG,LDGVC,2026-08-01,2026,8,1,286.0,292.0
Tỷ lệ kết nối đúng giờ,10,QNH,QNHVC,2026-08-09,2026,8,9,72.0,74.0
Tỷ lệ kết nối đúng giờ,10,HYN,HYNVC,2026-08-03,2026,8,3,361.0,361.0
Tỷ lệ kết nối đúng giờ,10,DLK,DLKVC1,2026-08-02,2026,8,2,214.0,219.0
Tỷ lệ kết nối đúng giờ,10,CMU,CMUVC,2026-08-08,2026,8,8,76.0,76.0
Tỷ lệ kết nối đúng giờ,10,LOG,DVCBN3,2026-08-04,2026,8,4,59.0,79.0
Tỷ lệ kết nối đúng giờ,10,TNH,TNHVC,2026-08-17,2026,8,17,215.0,224.0
Tỷ lệ kết nối đúng giờ,10,HYN,HYNVC,2026-08-02,2026,8,2,209.0,210.0
Tỷ lệ kết nối đúng giờ,10,QTI,QTIVC,2026-08-12,2026,8,12,161.0,166.0
Tỷ lệ kết nối đúng giờ,10,LDG,LDGVC,2026-08-07,2026,8,7,298.0,300.0
Tỷ lệ kết nối đúng giờ,10,HTH,HTHVC,2026-08-11,2026,8,11,80.0,80.0
Tỷ lệ kết nối đúng giờ,10,HCM,HCMVC,2026-08-12,2026,8,12,3234.0,3275.0
Tỷ lệ kết nối đúng giờ,10,CNKT3,DVCTNB,2026-08-05,2026,8,5,206.0,209.0
Tỷ lệ kết nối đúng giờ,10,DLK,DLKVC1,2026-08-16,2026,8,16,225.0,229.0
Tỷ lệ kết nối đúng giờ,10,KHA,KHAVC,2026-08-15,2026,8,15,195.0,195.0
Tỷ lệ kết nối đúng giờ,10,BNH,BNHVC,2026-08-12,2026,8,12,388.0,392.0
Tỷ lệ kết nối đúng giờ,10,LOG,DTNBN1,2026-08-15,2026,8,15,132.0,244.0
Tỷ lệ kết nối đúng giờ,10,CNKT3,DVCTNB,2026-08-01,2026,8,1,209.0,209.0
Tỷ lệ kết nối đúng giờ,10,KHA,KHAVC,2026-08-07,2026,8,7,197.0,198.0
Tỷ lệ kết nối đúng giờ,10,DNG,DNGVC,2026-08-01,2026,8,1,322.0,331.0
Tỷ lệ kết nối đúng giờ,10,CNKT1,DVCHN,2026-08-17,2026,8,17,16.0,51.0
Tỷ lệ kết nối đúng giờ,10,TNH,TNHVC,2026-08-06,2026,8,6,226.0,232.0
Tỷ lệ kết nối đúng giờ,10,BNH,BNHVC,2026-08-07,2026,8,7,381.0,384.0
Tỷ lệ kết nối đúng giờ,10,LOG,DVCBN2,2026-08-04,2026,8,4,3.0,3.0
Tỷ lệ kết nối đúng giờ,10,HNI,HNVC,2026-08-08,2026,8,8,3219.0,3456.0
Tỷ lệ kết nối đúng giờ,10,TQG,TQGVC,2026-08-09,2026,8,9,47.0,49.0
Tỷ lệ kết nối đúng giờ,10,NAN,NANVC,2026-08-01,2026,8,1,181.0,182.0
Tỷ lệ kết nối đúng giờ,10,CTO,CTOVC,2026-08-07,2026,8,7,242.0,251.0
Tỷ lệ kết nối đúng giờ,10,HYN,HYNVC,2026-08-16,2026,8,16,198.0,198.0
Tỷ lệ kết nối đúng giờ,10,QNH,QNHVC,2026-08-11,2026,8,11,111.0,116.0
Tỷ lệ kết nối đúng giờ,10,HTH,HTHVC,2026-08-08,2026,8,8,71.0,72.0
Tỷ lệ kết nối đúng giờ,10,DNI,DNIVC,2026-08-08,2026,8,8,505.0,534.0
Tỷ lệ kết nối đúng giờ,10,LOG,DVCBN3,2026-08-01,2026,8,1,44.0,72.0
Tỷ lệ kết nối đúng giờ,10,HNI,HNVC,2026-08-11,2026,8,11,3405.0,3641.0
Tỷ lệ kết nối đúng giờ,10,HYN,HYNVC,2026-08-08,2026,8,8,326.0,326.0
Tỷ lệ kết nối đúng giờ,10,LOG,DVCBN2,2026-08-17,2026,8,17,1.0,4.0
Hiệu quả xe nội tỉnh chiều đi,8,LSN,HUBLSN,2026-08-04,2026,8,4,9610.84,15750.0
Hiệu quả xe nội tỉnh chiều đi,8,DNG,HUBDNG,2026-08-01,2026,8,1,77231.56999999999,55700.0
Hiệu quả xe nội tỉnh chiều đi,8,VLG,HUBVLG,2026-08-11,2026,8,11,26284.010000000002,56800.0
Hiệu quả xe nội tỉnh chiều đi,8,QNI,HUBKTM,2026-08-05,2026,8,5,12674.92,16700.0
Hiệu quả xe nội tỉnh chiều đi,8,NBH,HUBHNM,2026-08-15,2026,8,15,33923.63,44400.0
Hiệu quả xe nội tỉnh chiều đi,8,CMU,HUBBLU,2026-08-02,2026,8,2,11242.8,11850.0
Hiệu quả xe nội tỉnh chiều đi,8,QTI,HUBQTI,2026-08-12,2026,8,12,17525.05,22370.0
Hiệu quả xe nội tỉnh chiều đi,8,HPG,HUBHPG,2026-08-17,2026,8,17,89458.11,88100.0
Hiệu quả xe nội tỉnh chiều đi,8,KHA,HUBNTN,2026-08-13,2026,8,13,15239.33,17000.0
Hiệu quả xe nội tỉnh chiều đi,8,PHO,HUBHBH,2026-08-01,2026,8,1,22241.62,18500.0
Hiệu quả xe nội tỉnh chiều đi,8,HYN,HUBHYN,2026-08-08,2026,8,8,124887.0,90600.0
Hiệu quả xe nội tỉnh chiều đi,8,HTH,HUBHTH,2026-08-12,2026,8,12,22765.02,34400.0
Hiệu quả xe nội tỉnh chiều đi,8,TNH,HUBTNH,2026-08-07,2026,8,7,46035.29,57850.0
Hiệu quả xe nội tỉnh chiều đi,8,HNI,HUBYAN,2026-08-14,2026,8,14,25976.68,51300.0
Hiệu quả xe nội tỉnh chiều đi,8,HCM,HUBTTO,2026-08-02,2026,8,2,55314.77,67150.0
Hiệu quả xe nội tỉnh chiều đi,8,GLI,HUBGLI,2026-08-15,2026,8,15,57046.63,55750.0
Hiệu quả xe nội tỉnh chiều đi,8,CTO,HUBSTG,2026-08-17,2026,8,17,33969.3,30400.0
Hiệu quả xe nội tỉnh chiều đi,8,CMU,HUBCMU,2026-08-14,2026,8,14,30460.96,36350.0
Hiệu quả xe nội tỉnh chiều đi,8,HUE,HUBHUE,2026-08-16,2026,8,16,29037.73,31580.0
Hiệu quả xe nội tỉnh chiều đi,8,NAN,HUBNAN,2026-08-13,2026,8,13,71168.2,89830.0
Hiệu quả xe nội tỉnh chiều đi,8,HCM,HUBVTU,2026-08-08,2026,8,8,53018.53,72450.0
Hiệu quả xe nội tỉnh chiều đi,8,TQG,HUBTQG,2026-08-11,2026,8,11,8104.21,8250.0
Hiệu quả xe nội tỉnh chiều đi,8,DNG,HUBDNG,2026-08-03,2026,8,3,66353.11,57350.0
Hiệu quả xe nội tỉnh chiều đi,8,DTP,HUBDTP,2026-08-16,2026,8,16,47218.89,55550.0
Hiệu quả xe nội tỉnh chiều đi,8,LSN,HUBLSN,2026-08-09,2026,8,9,11086.2,15750.0
Hiệu quả xe nội tỉnh chiều đi,8,HYN,HUBHYN,2026-08-11,2026,8,11,100906.43,95100.0
Hiệu quả xe nội tỉnh chiều đi,8,PHO,HUBVPC,2026-08-15,2026,8,15,61181.13,108700.0
Hiệu quả xe nội tỉnh chiều đi,8,VLG,HUBTVH,2026-08-02,2026,8,2,10909.46,9300.0
Hiệu quả xe nội tỉnh chiều đi,8,TNN,HUBTNN,2026-08-08,2026,8,8,41267.590000000004,61010.0
Hiệu quả xe nội tỉnh chiều đi,8,CNKT5,LOGBN,2026-08-09,2026,8,9,42545.79,42000.0
Hiệu quả xe nội tỉnh chiều đi,8,CMU,HUBCMU,2026-08-11,2026,8,11,31535.96,36350.0
Hiệu quả xe nội tỉnh chiều đi,8,DTP,HUBDTP,2026-08-02,2026,8,2,37422.880000000005,47250.0
Hiệu quả xe nội tỉnh chiều đi,8,LCI,HUBLCI01,2026-08-12,2026,8,12,16907.23,16000.0
Hiệu quả xe nội tỉnh chiều đi,8,DBN,HUBDBN,2026-07-31,2026,7,31,610.22,1650.0
Hiệu quả xe nội tỉnh chiều đi,8,LCI,HUBLCI01,2026-08-11,2026,8,11,16468.99,16000.0
Hiệu quả xe nội tỉnh chiều đi,8,HYN,HUBHYN,2026-08-16,2026,8,16,60377.9,47000.0
Hiệu quả xe nội tỉnh chiều đi,8,PHO,HUBHBH,2026-08-02,2026,8,2,21340.81,18500.0
Hiệu quả xe nội tỉnh chiều đi,8,HCM,HUBVTU,2026-08-13,2026,8,13,47738.68,71450.0
Hiệu quả xe nội tỉnh chiều đi,8,BNH,HUBBGG,2026-08-15,2026,8,15,58922.3,104300.0
Hiệu quả xe nội tỉnh chiều đi,8,LCI,HUBLCI01,2026-08-07,2026,8,7,20343.27,16000.0
Hiệu quả xe nội tỉnh chiều đi,8,HYN,HUBTBH,2026-08-02,2026,8,2,30121.73,52000.0
Hiệu quả xe nội tỉnh chiều đi,8,CNKT1,TTKT1,2026-08-02,2026,8,2,295194.81,515930.0
Hiệu quả xe nội tỉnh chiều đi,8,HCM,HUBBDG,2026-08-08,2026,8,8,1185.39,1900.0
Hiệu quả xe nội tỉnh chiều đi,8,DLK,HUBDLK,2026-08-01,2026,8,1,66148.11,94800.0
Hiệu quả xe nội tỉnh chiều đi,8,AGG,HUBAGG,2026-08-05,2026,8,5,60013.55,68400.0
Hiệu quả xe nội tỉnh chiều đi,8,HNI,HUBLBN,2026-08-07,2026,8,7,29801.89,76500.0
Hiệu quả xe nội tỉnh chiều đi,8,PHO,HUBVPC,2026-08-03,2026,8,3,60279.85,112400.0
Hiệu quả xe nội tỉnh chiều đi,8,CNKT5,TTKT5,2026-08-09,2026,8,9,40800.130000000005,68600.0
Hiệu quả xe nội tỉnh chiều đi,8,GLI,HUBGLI,2026-08-14,2026,8,14,49051.78,54100.0
Hiệu quả xe nội tỉnh chiều đi,8,GLI,HUBGLI,2026-08-07,2026,8,7,54691.19,55750.0
Hiệu quả xe nội tỉnh chiều đi,8,GLI,HUBBHD,2026-08-01,2026,8,1,21060.329999999998,28050.0
Hiệu quả xe nội tỉnh chiều đi,8,CTO,HUBCTO,2026-08-03,2026,8,3,50181.4,112550.0
Hiệu quả xe nội tỉnh chiều đi,8,QTI,HUBQTI,2026-08-05,2026,8,5,19150.47,26640.0
Hiệu quả xe nội tỉnh chiều đi,8,AGG,HUBAGG,2026-08-04,2026,8,4,54517.23,71000.0
Hiệu quả xe nội tỉnh chiều đi,8,TNN,HUBTNN,2026-08-13,2026,8,13,41626.0,63490.0
Hiệu quả xe nội tỉnh chiều đi,8,CNKT3,TTKT3,2026-08-13,2026,8,13,415472.28,556960.0
Hiệu quả xe nội tỉnh chiều đi,8,CTO,HUBSTG,2026-08-10,2026,8,10,44577.99,21900.0
Hiệu quả xe nội tỉnh chiều đi,8,PHO,HUBHBH,2026-08-09,2026,8,9,15054.45,13600.0
Hiệu quả xe nội tỉnh chiều đi,8,HCM,HUBTTO,2026-08-09,2026,8,9,59092.76,68300.0
Hiệu quả xe nội tỉnh chiều đi,8,CTO,HUBSTG,2026-08-04,2026,8,4,34401.340000000004,35500.0
Hiệu quả xe nội tỉnh chiều đi,8,DNG,HUBQNM,2026-08-10,2026,8,10,43548.78,53950.0
Hiệu quả xe nội tỉnh chiều đi,8,QNI,HUBQNI,2026-08-14,2026,8,14,17334.66,17300.0
Hiệu quả xe nội tỉnh chiều đi,8,CNKT5,TTKT5,2026-08-17,2026,8,17,32803.24,60300.0
Hiệu quả xe nội tỉnh chiều đi,8,CNKT1,TTKT1,2026-08-13,2026,8,13,366154.18,608050.0
Hiệu quả xe nội tỉnh chiều đi,8,QTI,HUBQTI,2026-08-16,2026,8,16,14112.48,15390.0
Hiệu quả xe nội tỉnh chiều đi,8,CTO,HUBSTG,2026-08-02,2026,8,2,35989.76,27500.0
Hiệu quả xe nội tỉnh chiều đi,8,CMU,HUBBLU,2026-08-06,2026,8,6,19731.84,29500.0
Hiệu quả xe nội tỉnh chiều đi,8,CMU,HUBCMU,2026-08-07,2026,8,7,29882.920000000002,36350.0
Hiệu quả xe nội tỉnh chiều đi,8,HCM,HUBTTO,2026-08-03,2026,8,3,54468.090000000004,79150.0
Hiệu quả xe nội tỉnh chiều đi,8,HUE,HUBHUE,2026-08-02,2026,8,2,32400.579999999998,37480.0
Hiệu quả xe nội tỉnh chiều đi,8,SLA,HUBSLA,2026-08-17,2026,8,17,1176.18,900.0
Hiệu quả xe nội tỉnh chiều đi,8,QTI,HUBQBH,2026-08-02,2026,8,2,22663.27,18900.0
Hiệu quả xe nội tỉnh chiều đi,8,HNI,HUBYAN,2026-08-03,2026,8,3,17324.77,61600.0
Hiệu quả xe nội tỉnh chiều đi,8,HNI,HUBTTI,2026-08-16,2026,8,16,43325.99,112800.0
Hiệu quả xe nội tỉnh chiều đi,8,QNH,HUBQNH,2026-08-03,2026,8,3,47539.53,49850.0
Hiệu quả xe nội tỉnh chiều đi,8,DTP,HUBTGG,2026-08-01,2026,8,1,57791.26,72200.0
Hiệu quả xe nội tỉnh chiều đi,8,PHO,HUBVPC,2026-08-01,2026,8,1,61993.33,107300.0
Hiệu quả xe nội tỉnh chiều đi,8,HCM,HUBVTU,2026-08-16,2026,8,16,51123.26,72450.0
Hiệu quả xe nội tỉnh chiều đi,8,LDG,HUBLDG03,2026-08-03,2026,8,3,23638.27,20250.0
Hiệu quả xe nội tỉnh chiều đi,8,TQG,HUBHGG,2026-08-17,2026,8,17,5048.849999999999,4150.0
Hiệu quả xe nội tỉnh chiều đi,8,VLG,HUBVLG,2026-08-17,2026,8,17,26945.34,56800.0
Hiệu quả xe nội tỉnh chiều đi,8,LSN,HUBLSN,2026-08-08,2026,8,8,11678.55,15750.0
Hiệu quả xe nội tỉnh chiều đi,8,HYN,HUBHYN,2026-08-07,2026,8,7,122925.17,95100.0
Hiệu quả xe nội tỉnh chiều đi,8,VLG,HUBVLG,2026-08-16,2026,8,16,20708.48,33500.0
Hiệu quả xe nội tỉnh chiều đi,8,QTI,HUBQTI,2026-08-11,2026,8,11,16514.17,21540.0
Hiệu quả xe nội tỉnh chiều đi,8,VLG,HUBTVH,2026-08-10,2026,8,10,20704.53,18600.0
Hiệu quả xe nội tỉnh chiều đi,8,NBH,HUBNBH,2026-08-10,2026,8,10,45919.53,57990.0
Hiệu quả xe nội tỉnh chiều đi,8,THA,HUBTHA,2026-08-11,2026,8,11,78840.22,148300.0
Hiệu quả xe nội tỉnh chiều đi,8,GLI,HUBGLI,2026-08-12,2026,8,12,47705.89,52300.0
Hiệu quả xe nội tỉnh chiều đi,8,GLI,HUBBHD,2026-08-02,2026,8,2,30966.03,31500.0
Hiệu quả xe nội tỉnh chiều đi,8,HNI,BBSDPG,2026-08-02,2026,8,2,7728.42,34700.0
Hiệu quả xe nội tỉnh chiều đi,8,NBH,HUBHNM,2026-08-03,2026,8,3,31907.36,39300.0
Hiệu quả xe nội tỉnh chiều đi,8,DNG,HUBDNG,2026-08-16,2026,8,16,57808.46,52350.0
Hiệu quả xe nội tỉnh chiều đi,8,DTP,HUBTGG,2026-08-05,2026,8,5,49600.5,72200.0
Hiệu quả xe nội tỉnh chiều đi,8,LDG,HUBDKG,2026-08-17,2026,8,17,27713.39,29500.0
Hiệu quả xe nội tỉnh chiều đi,8,CNKT1,TTKT1,2026-08-09,2026,8,9,316127.85,492400.0
Hiệu quả xe nội tỉnh chiều đi,8,NBH,HUBNBH,2026-08-04,2026,8,4,39279.53,57160.0
Hiệu quả xe nội tỉnh chiều đi,8,BNH,HUBBGG,2026-08-11,2026,8,11,66875.16,96750.0
Hiệu quả xe nội tỉnh chiều đi,8,CNKT5,TTKT5,2026-08-07,2026,8,7,47502.71,79800.0
Hiệu quả xe nội tỉnh chiều đi,8,DNG,HUBDNG,2026-08-11,2026,8,11,60123.4,45600.0
Hiệu quả xe nội tỉnh chiều đi,8,TNH,HUBTNH,2026-08-08,2026,8,8,44413.28,61550.0
Hiệu quả xe nội tỉnh chiều đi,8,LDG,HUBLDG01,2026-08-05,2026,8,5,32439.5,48650.0
Hiệu quả xe nội tỉnh chiều đi,8,HNI,HUBYAN,2026-08-09,2026,8,9,24542.829999999998,49300.0
Hiệu quả xe nội tỉnh chiều đi,8,DLK,HUBDLK,2026-08-02,2026,8,2,60599.0,84950.0
Hiệu quả xe nội tỉnh chiều đi,8,THA,HUBTHA,2026-08-09,2026,8,9,73038.49,133500.0
Hiệu quả xe nội tỉnh chiều đi,8,NAN,HUBNAN,2026-08-04,2026,8,4,61797.29,88100.0
Hiệu quả xe nội tỉnh chiều đi,8,HCM,HUBVTU,2026-08-05,2026,8,5,44619.13,63450.0
Hiệu quả xe nội tỉnh chiều đi,8,VLG,HUBTVH,2026-08-06,2026,8,6,20815.54,25300.0
Hiệu quả xe nội tỉnh chiều đi,8,HNI,BBSDPG,2026-08-01,2026,8,1,9614.0,55400.0
Hiệu quả xe nội tỉnh chiều đi,8,LDG,HUBDKG,2026-08-05,2026,8,5,23395.83,26650.0
Hiệu quả xe nội tỉnh chiều đi,8,DLK,HUBPYN,2026-08-09,2026,8,9,21554.29,26590.0
Hiệu quả xe nội tỉnh chiều đi,8,HYN,HUBTBH,2026-08-04,2026,8,4,40149.6,65150.0
Hiệu quả xe nội tỉnh chiều đi,8,VLG,HUBTVH,2026-08-16,2026,8,16,12907.14,16150.0
Hiệu quả xe nội tỉnh chiều đi,8,DLK,HUBPYN,2026-08-16,2026,8,16,20560.47,28240.0
Hiệu quả xe nội tỉnh chiều đi,8,VLG,HUBTVH,2026-08-14,2026,8,14,22941.94,25300.0
Hiệu quả xe nội tỉnh chiều đi,8,HNI,BBSDPG,2026-08-06,2026,8,6,8589.33,52800.0
Hiệu quả xe nội tỉnh chiều đi,8,HPG,HUBHDG,2026-08-16,2026,8,16,42086.57,66100.0
Hiệu quả xe nội tỉnh chiều đi,8,TQG,HUBTQG,2026-08-12,2026,8,12,10336.83,8250.0
Hiệu quả xe nội tỉnh chiều đi,8,HNI,HUBTTI,2026-08-09,2026,8,9,46828.81,109300.0
Hiệu quả xe nội tỉnh chiều đi,8,AGG,HUBKGG01,2026-08-02,2026,8,2,37855.5,35250.0
Hiệu quả xe nội tỉnh chiều đi,8,HUE,HUBHUE,2026-08-15,2026,8,15,26010.89,31580.0
Hiệu quả xe nội tỉnh chiều đi,8,LCI,HUBLCI01,2026-08-05,2026,8,5,16124.85,16000.0
Hiệu quả xe nội tỉnh chiều đi,8,HNI,HUBYAN,2026-08-08,2026,8,8,32719.149999999998,68800.0
Hiệu quả xe nội tỉnh chiều đi,8,QTI,HUBQTI,2026-08-06,2026,8,6,20119.43,26640.0
Hiệu quả xe nội tỉnh chiều đi,8,DLK,HUBDLK,2026-08-14,2026,8,14,80768.54,103350.0
Hiệu quả xe nội tỉnh chiều đi,8,NBH,HUBNBH,2026-08-12,2026,8,12,39084.87,57160.0
Hiệu quả xe nội tỉnh chiều đi,8,LDG,HUBDKG,2026-08-15,2026,8,15,28923.07,29500.0
Hiệu quả xe nội tỉnh chiều đi,8,TNN,HUBTNN,2026-08-09,2026,8,9,35537.75,55910.0
Hiệu quả xe nội tỉnh chiều đi,8,HNI,HUBLBN,2026-08-08,2026,8,8,28100.08,79000.0
Hiệu quả xe nội tỉnh chiều đi,8,CTO,HUBSTG,2026-08-12,2026,8,12,49510.89,21900.0
Hiệu quả xe nội tỉnh chiều đi,8,TNN,HUBTNN,2026-08-14,2026,8,14,50003.52,63490.0
Hiệu quả xe nội tỉnh chiều đi,8,HYN,HUBTBH,2026-08-01,2026,8,1,38657.33,52000.0
Hiệu quả xe nội tỉnh chiều đi,8,CMU,HUBCMU,2026-08-05,2026,8,5,32779.92,36350.0
Hiệu quả xe nội tỉnh chiều đi,8,QNI,HUBQNI,2026-08-16,2026,8,16,18444.940000000002,22595.0
Hiệu quả xe nội tỉnh chiều đi,8,PHO,HUBHBH,2026-08-04,2026,8,4,20570.88,18500.0
Hiệu quả xe nội tỉnh chiều đi,8,CMU,HUBBLU,2026-08-01,2026,8,1,21316.9,23700.0
Hiệu quả xe nội tỉnh chiều đi,8,DNG,HUBQNM,2026-08-14,2026,8,14,47322.13,52750.0
Hiệu quả xe nội tỉnh chiều đi,8,KHA,HUBNTN,2026-08-02,2026,8,2,16261.06,16500.0
Hiệu quả xe nội tỉnh chiều đi,8,NBH,HUBNBH,2026-08-08,2026,8,8,32283.13,43830.0
Hiệu quả xe nội tỉnh chiều đi,8,QTI,HUBQBH,2026-08-06,2026,8,6,27502.81,24100.0
Hiệu quả xe nội tỉnh chiều đi,8,HPG,HUBHDG,2026-08-04,2026,8,4,53985.36,119750.0
Hiệu quả xe nội tỉnh chiều đi,8,HTH,HUBHTH,2026-08-11,2026,8,11,19832.16,34400.0
Hiệu quả xe nội tỉnh chiều đi,8,HNI,BBSDPG,2026-08-12,2026,8,12,9575.32,50300.0
Hiệu quả xe nội tỉnh chiều đi,8,QTI,HUBQBH,2026-08-07,2026,8,7,26127.79,20800.0
Hiệu quả xe nội tỉnh chiều đi,8,THA,HUBTHA,2026-08-02,2026,8,2,73826.88,146650.0
Hiệu quả xe nội tỉnh chiều đi,8,CNKT5,LOGBN,2026-08-01,2026,8,1,64030.7,65900.0
Hiệu quả xe nội tỉnh chiều đi,8,CMU,HUBCMU,2026-08-01,2026,8,1,32789.42,36350.0
Hiệu quả xe nội tỉnh chiều đi,8,CTO,HUBCTO,2026-08-14,2026,8,14,67708.22,119500.0
Hiệu quả xe nội tỉnh chiều đi,8,TQG,HUBTQG,2026-08-14,2026,8,14,10203.98,8250.0
Hiệu quả xe nội tỉnh chiều đi,8,CNKT5,LOGBN,2026-08-15,2026,8,15,79504.86,57300.0
Hiệu quả xe nội tỉnh chiều đi,8,DLK,HUBDLK,2026-08-08,2026,8,8,67322.11,99900.0
Hiệu quả xe nội tỉnh chiều đi,8,PHO,HUBHBH,2026-08-13,2026,8,13,22408.18,15000.0
Hiệu quả xe nội tỉnh chiều đi,8,HNI,HUBYAN,2026-08-05,2026,8,5,25020.260000000002,67900.0
Hiệu quả xe nội tỉnh chiều đi,8,NBH,HUBNDH,2026-08-06,2026,8,6,5962.41,9600.0
Hiệu quả xe nội tỉnh chiều đi,8,TNN,HUBTNN,2026-08-05,2026,8,5,37901.0,68590.0
Hiệu quả xe nội tỉnh chiều đi,8,PHO,HUBVPC,2026-08-12,2026,8,12,80946.53,112400.0
Hiệu quả xe nội tỉnh chiều đi,8,HNI,BBSDPG,2026-08-03,2026,8,3,8497.46,56400.0
Hiệu quả xe nội tỉnh chiều đi,8,QTI,HUBQTI,2026-08-13,2026,8,13,24132.29,26640.0
Hiệu quả xe nội tỉnh chiều đi,8,HCM,HUBTTO,2026-08-12,2026,8,12,66625.87,76300.0
Hiệu quả xe nội tỉnh chiều đi,8,DNG,HUBQNM,2026-08-17,2026,8,17,49237.1,51100.0
Hiệu quả xe nội tỉnh chiều đi,8,HCM,HUBTTO,2026-08-05,2026,8,5,70457.33,79050.0
Hiệu quả xe nội tỉnh chiều đi,8,HYN,HUBHYN,2026-08-09,2026,8,9,58683.43,41900.0
Hiệu quả xe nội tỉnh chiều đi,8,VLG,HUBVLG,2026-08-12,2026,8,12,27927.4,56800.0
Hiệu quả xe nội tỉnh chiều đi,8,CNKT5,TTKT5,2026-08-04,2026,8,4,47382.44,70800.0
Hiệu quả xe nội tỉnh chiều đi,8,LDG,HUBLDG01,2026-08-04,2026,8,4,36792.56,48650.0
Hiệu quả xe nội tỉnh chiều đi,8,HNI,HUBYAN,2026-08-10,2026,8,10,21880.06,53600.0
Hiệu quả xe nội tỉnh chiều đi,8,CTO,HUBCTO,2026-08-06,2026,8,6,61543.65,118900.0
Hiệu quả xe nội tỉnh chiều đi,8,LSN,HUBLSN,2026-08-06,2026,8,6,11496.630000000001,15750.0
Hiệu quả xe nội tỉnh chiều đi,8,LDG,HUBBTN,2026-08-16,2026,8,16,44129.81,48850.0
Hiệu quả xe nội tỉnh chiều đi,8,HYN,HUBTBH,2026-08-10,2026,8,10,42347.16,65150.0
Hiệu quả xe nội tỉnh chiều đi,8,HNI,BBSDPG,2026-08-11,2026,8,11,9685.28,56400.0
Hiệu quả xe nội tỉnh chiều đi,8,HNI,HUBYAN,2026-08-17,2026,8,17,19558.97,56100.0
Hiệu quả xe nội tỉnh chiều đi,8,NBH,HUBNBH,2026-08-05,2026,8,5,36153.020000000004,57160.0
Hiệu quả xe nội tỉnh chiều đi,8,GLI,HUBGLI,2026-08-11,2026,8,11,42680.43,52450.0
Hiệu quả xe nội tỉnh chiều đi,8,LDG,HUBDKG,2026-08-09,2026,8,9,26076.95,27850.0
Hiệu quả xe nội tỉnh chiều đi,8,QNH,HUBQNH,2026-08-05,2026,8,5,55489.91,49850.0
Hiệu quả xe nội tỉnh chiều đi,8,TNH,HUBTNH,2026-08-02,2026,8,2,36958.58,43100.0
Hiệu quả xe nội tỉnh chiều đi,8,DNG,HUBDNG,2026-08-04,2026,8,4,36870.1,50750.0
Hiệu quả xe nội tỉnh chiều đi,8,TQG,HUBHGG,2026-08-04,2026,8,4,3269.04,4150.0
Hiệu quả xe nội tỉnh chiều đi,8,TQG,HUBTQG,2026-08-01,2026,8,1,9732.41,8250.0
Hiệu quả xe nội tỉnh chiều đi,8,QTI,HUBQTI,2026-08-15,2026,8,15,16468.16,26640.0
Hiệu quả xe nội tỉnh chiều đi,8,TNH,HUBLAN,2026-08-02,2026,8,2,58486.72,83850.0
Hiệu quả xe nội tỉnh chiều đi,8,PHO,HUBHBH,2026-08-10,2026,8,10,11549.16,15000.0
Hiệu quả xe nội tỉnh chiều đi,8,QNI,HUBQNI,2026-08-06,2026,8,6,22855.44,22940.0
Hiệu quả xe nội tỉnh chiều đi,8,KHA,HUBKHA,2026-08-14,2026,8,14,47333.39,53900.0
Hiệu quả xe nội tỉnh chiều đi,8,CTO,HUBCTO,2026-08-16,2026,8,16,67162.3,120000.0
Hiệu quả xe nội tỉnh chiều đi,8,HPG,HUBHPG,2026-08-14,2026,8,14,85638.24,93420.0
Hiệu quả xe nội tỉnh chiều đi,8,SLA,HUBSLA,2026-08-07,2026,8,7,1413.89,900.0
Hiệu quả xe nội tỉnh chiều đi,8,LDG,HUBBTN,2026-08-05,2026,8,5,36883.33,53350.0
Hiệu quả xe nội tỉnh chiều đi,8,CTO,HUBSTG,2026-08-09,2026,8,9,49713.08,21900.0
Hiệu quả xe nội tỉnh chiều đi,8,DNG,HUBDNG,2026-08-09,2026,8,9,67966.14,54000.0
Hiệu quả xe nội tỉnh chiều đi,8,VLG,HUBBTE,2026-08-04,2026,8,4,35033.56,63300.0
Hiệu quả xe nội tỉnh chiều đi,8,HPG,HUBHPG,2026-08-02,2026,8,2,66678.94,72810.0
Hiệu quả xe nội tỉnh chiều đi,8,QNI,HUBKTM,2026-08-03,2026,8,3,14396.11,15050.0
Hiệu quả xe nội tỉnh chiều đi,8,VLG,HUBVLG,2026-08-15,2026,8,15,26837.38,53600.0
Hiệu quả xe nội tỉnh chiều đi,8,CNKT3,TTKT3,2026-07-31,2026,7,31,18006.75,22700.0
Hiệu quả xe nội tỉnh chiều đi,8,HCM,HUBTTO,2026-08-07,2026,8,7,76509.1,82450.0
Hiệu quả xe nội tỉnh chiều đi,8,LDG,HUBLDG03,2026-08-02,2026,8,2,15737.54,15300.0
Hiệu quả xe nội tỉnh chiều đi,8,CTO,HUBCTO,2026-08-09,2026,8,9,65092.16,109300.0
Hiệu quả xe nội tỉnh chiều đi,8,LSN,HUBLSN,2026-08-02,2026,8,2,10496.51,15750.0
Hiệu quả xe nội tỉnh chiều đi,8,HNI,HUBTTI,2026-08-15,2026,8,15,47628.61,164850.0
Hiệu quả xe nội tỉnh chiều đi,8,CNKT1,TTKT1,2026-08-16,2026,8,16,298663.5,498850.0
Hiệu quả xe nội tỉnh chiều đi,8,SLA,HUBSLA,2026-08-13,2026,8,13,1702.97,900.0
Hiệu quả xe nội tỉnh chiều đi,8,BNH,HUBBGG,2026-08-09,2026,8,9,56333.77,103000.0
Hiệu quả xe nội tỉnh chiều đi,8,DNG,HUBDNG,2026-08-07,2026,8,7,82202.41,55700.0
Hiệu quả xe nội tỉnh chiều đi,8,HYN,HUBHYN,2026-08-04,2026,8,4,103058.82,95100.0
Hiệu quả xe nội tỉnh chiều đi,8,DTP,HUBTGG,2026-08-11,2026,8,11,48735.89,68150.0
Hiệu quả xe nội tỉnh chiều đi,8,HTH,HUBHTH,2026-08-15,2026,8,15,21140.920000000002,34400.0
Hiệu quả xe nội tỉnh chiều đi,8,DLK,HUBPYN,2026-08-10,2026,8,10,23230.02,29890.0
Hiệu quả xe nội tỉnh chiều đi,8,NBH,HUBNBH,2026-08-17,2026,8,17,33663.19,57160.0
Hiệu quả xe nội tỉnh chiều đi,8,LDG,HUBDKG,2026-08-08,2026,8,8,24902.54,25000.0
Hiệu quả xe nội tỉnh chiều đi,8,DBN,HUBDBN,2026-08-05,2026,8,5,2464.49,3300.0
Hiệu quả xe nội tỉnh chiều đi,8,LDG,HUBLDG01,2026-08-11,2026,8,11,29956.69,48650.0
Hiệu quả xe nội tỉnh chiều đi,8,HYN,HUBTBH,2026-08-09,2026,8,9,30594.5,50100.0
Hiệu quả xe nội tỉnh chiều đi,8,DTP,HUBDTP,2026-08-14,2026,8,14,52719.5,86900.0
Hiệu quả xe nội tỉnh chiều đi,8,CNKT5,TTKT5,2026-08-01,2026,8,1,49149.57,67800.0
Hiệu quả xe nội tỉnh chiều đi,8,CTO,HUBSTG,2026-08-07,2026,8,7,35555.0,35500.0
Hiệu quả xe nội tỉnh chiều đi,8,LCI,HUBLCI01,2026-08-16,2026,8,16,17440.26,16000.0
Hiệu quả xe nội tỉnh chiều đi,8,CNKT5,LOGBN,2026-08-14,2026,8,14,65576.17,49000.0
Hiệu quả xe nội tỉnh chiều đi,8,DNG,HUBDNG,2026-08-02,2026,8,2,50733.63,54250.0
Hiệu quả xe nội tỉnh chiều đi,8,HCM,HUBTTO,2026-08-08,2026,8,8,77775.34,74300.0
Hiệu quả xe nội tỉnh chiều đi,8,HNI,HUBYAN,2026-08-01,2026,8,1,24774.39,59300.0
Hiệu quả xe nội tỉnh chiều đi,8,CMU,HUBBLU,2026-08-07,2026,8,7,18225.83,26600.0
Hiệu quả xe nội tỉnh chiều đi,8,LDG,HUBLDG01,2026-08-16,2026,8,16,31972.02,37150.0
Hiệu quả xe nội tỉnh chiều đi,8,TNN,HUBTNN,2026-08-01,2026,8,1,38643.4,61010.0
Hiệu quả xe nội tỉnh chiều đi,8,QNH,HUBQNH,2026-08-01,2026,8,1,44650.88,53750.0
Hiệu quả xe nội tỉnh chiều đi,8,HNI,HUBTTI,2026-08-10,2026,8,10,40317.32,168550.0
Hiệu quả xe nội tỉnh chiều đi,8,SLA,HUBSLA,2026-08-06,2026,8,6,1051.81,900.0
Hiệu quả xe nội tỉnh chiều đi,8,DTP,HUBDTP,2026-08-17,2026,8,17,41279.53,78900.0
Hiệu quả xe nội tỉnh chiều đi,8,CNKT5,LOGBN,2026-08-16,2026,8,16,49078.14,28000.0
Hiệu quả xe nội tỉnh chiều đi,8,LDG,HUBLDG03,2026-08-07,2026,8,7,17429.89,15050.0
Hiệu quả xe nội tỉnh chiều đi,8,HUE,HUBHUE,2026-08-11,2026,8,11,19230.38,31580.0
Hiệu quả xe nội tỉnh chiều đi,8,BNH,HUBBNH,2026-08-08,2026,8,8,27829.66,59100.0
Hiệu quả xe nội tỉnh chiều đi,8,QNH,HUBQNH,2026-08-13,2026,8,13,8510.380000000001,8700.0
Hiệu quả xe nội tỉnh chiều đi,8,SLA,HUBSLA,2026-08-01,2026,8,1,895.93,900.0
Hiệu quả xe nội tỉnh chiều đi,8,DNG,HUBDNG,2026-08-10,2026,8,10,82868.77,52700.0
Hiệu quả xe nội tỉnh chiều đi,8,HNI,HUBTTI,2026-08-03,2026,8,3,34187.340000000004,162000.0
Hiệu quả xe nội tỉnh chiều đi,8,TNN,HUBTNN,2026-08-02,2026,8,2,31089.769999999997,57510.0
Hiệu quả xe nội tỉnh chiều đi,8,CMU,HUBBLU,2026-08-13,2026,8,13,20606.41,29500.0
Hiệu quả xe nội tỉnh chiều đi,8,HPG,HUBHDG,2026-08-11,2026,8,11,65953.08,106250.0
Hiệu quả xe nội tỉnh chiều đi,8,LCI,HUBYBN,2026-08-17,2026,8,17,14408.76,18500.0
Hiệu quả xe nội tỉnh chiều đi,8,HPG,HUBHDG,2026-08-07,2026,8,7,60279.04,115250.0
Hiệu quả xe nội tỉnh chiều đi,8,LDG,HUBDKG,2026-08-16,2026,8,16,24207.3,27850.0
Hiệu quả xe nội tỉnh chiều đi,8,HYN,HUBHYN,2026-08-13,2026,8,13,133575.39,90000.0
Hiệu quả xe nội tỉnh chiều đi,8,DTP,HUBTGG,2026-08-09,2026,8,9,46132.28,42700.0
Hiệu quả xe nội tỉnh chiều đi,8,HNI,HUBYAN,2026-08-06,2026,8,6,27925.97,59850.0
Hiệu quả xe nội tỉnh chiều đi,8,LCI,HUBLCI01,2026-08-17,2026,8,17,17498.45,16000.0
Hiệu quả xe nội tỉnh chiều đi,8,CTO,HUBSTG,2026-08-06,2026,8,6,32375.1,35500.0
Hiệu quả xe nội tỉnh chiều đi,8,DLK,HUBDLK,2026-08-10,2026,8,10,74230.73,103350.0
Hiệu quả xe nội tỉnh chiều đi,8,TNN,HUBTNN,2026-08-10,2026,8,10,32030.56,63490.0
Hiệu quả xe nội tỉnh chiều đi,8,PHO,HUBVPC,2026-08-06,2026,8,6,56990.98,108900.0
Hiệu quả xe nội tỉnh chiều đi,8,AGG,HUBAGG,2026-08-08,2026,8,8,59836.52,75300.0
Hiệu quả xe nội tỉnh chiều đi,8,TNH,HUBLAN,2026-08-01,2026,8,1,60982.17,92400.0
Hiệu quả xe nội tỉnh chiều đi,8,QNI,HUBKTM,2026-08-16,2026,8,16,16544.66,16700.0
Hiệu quả xe nội tỉnh chiều đi,8,GLI,HUBBHD,2026-08-12,2026,8,12,24857.04,31500.0
Hiệu quả xe nội tỉnh chiều đi,8,NBH,HUBHNM,2026-08-10,2026,8,10,27755.61,34200.0
Hiệu quả xe nội tỉnh chiều đi,8,CMU,HUBBLU,2026-08-03,2026,8,3,28400.11,23700.0
Hiệu quả xe nội tỉnh chiều đi,8,CTO,HUBCTO,2026-08-08,2026,8,8,62412.26,119500.0
Hiệu quả xe nội tỉnh chiều đi,8,QNI,HUBKTM,2026-08-12,2026,8,12,14463.849999999999,16700.0
Hiệu quả xe nội tỉnh chiều đi,8,PHO,HUBVPC,2026-08-08,2026,8,8,83806.84,112400.0
Hiệu quả xe nội tỉnh chiều đi,8,HTH,HUBHTH,2026-08-07,2026,8,7,24705.2,36250.0
Hiệu quả xe nội tỉnh chiều đi,8,NBH,HUBNBH,2026-08-15,2026,8,15,31035.71,44660.0
Hiệu quả xe nội tỉnh chiều đi,8,HNI,HUBYAN,2026-08-13,2026,8,13,28764.01,69800.0
Hiệu quả xe nội tỉnh chiều đi,8,HUE,HUBHUE,2026-08-04,2026,8,4,23718.08,37730.0
Hiệu quả xe nội tỉnh chiều đi,8,THA,HUBTHA,2026-08-10,2026,8,10,67561.95999999999,143700.0
Hiệu quả xe nội tỉnh chiều đi,8,GLI,HUBBHD,2026-08-05,2026,8,5,25247.91,31250.0
Hiệu quả xe nội tỉnh chiều đi,8,CTO,HUBCTO,2026-08-04,2026,8,4,55944.84,110700.0
Hiệu quả xe nội tỉnh chiều đi,8,DNG,HUBQNM,2026-08-13,2026,8,13,41022.07,51100.0
Hiệu quả xe nội tỉnh chiều đi,8,TNH,HUBTNH,2026-08-01,2026,8,1,48867.21,55000.0
Hiệu quả xe nội tỉnh chiều đi,8,HNI,HUBTTI,2026-08-08,2026,8,8,46811.56,163700.0
Hiệu quả xe nội tỉnh chiều đi,8,DNG,HUBQNM,2026-08-07,2026,8,7,42323.13,47750.0
Hiệu quả xe nội tỉnh chiều đi,8,CNKT5,TTKT5,2026-08-03,2026,8,3,38240.91,79800.0
Hiệu quả xe nội tỉnh chiều đi,8,TQG,HUBHGG,2026-08-12,2026,8,12,4822.26,4150.0
Hiệu quả xe nội tỉnh chiều đi,8,DNI,HUBBPC,2026-08-04,2026,8,4,34642.23,52700.0
Hiệu quả xe nội tỉnh chiều đi,8,LDG,HUBLDG01,2026-08-12,2026,8,12,40164.21,48650.0
Hiệu quả xe nội tỉnh chiều đi,8,HPG,HUBHDG,2026-08-06,2026,8,6,55130.74,114650.0
Hiệu quả xe nội tỉnh chiều đi,8,DBN,HUBDBN,2026-08-11,2026,8,11,1901.51,3300.0
Hiệu quả xe nội tỉnh chiều đi,8,LCI,HUBYBN,2026-08-08,2026,8,8,16344.130000000001,18500.0
Hiệu quả xe nội tỉnh chiều đi,8,VLG,HUBTVH,2026-08-15,2026,8,15,24410.09,25300.0
Hiệu quả xe nội tỉnh chiều đi,8,TNH,HUBTNH,2026-08-05,2026,8,5,43118.28,57850.0
Hiệu quả xe nội tỉnh chiều đi,8,CNKT1,TTKT1,2026-08-14,2026,8,14,386246.15,611400.0
Hiệu quả xe nội tỉnh chiều đi,8,QNI,HUBKTM,2026-08-11,2026,8,11,11728.7,15050.0
Hiệu quả xe nội tỉnh chiều đi,8,HYN,HUBHYN,2026-08-05,2026,8,5,94971.75,90000.0
Hiệu quả xe nội tỉnh chiều đi,8,KHA,HUBNTN,2026-08-03,2026,8,3,14502.1,15100.0
Hiệu quả xe nội tỉnh chiều đi,8,HNI,HUBLBN,2026-08-04,2026,8,4,28445.19,78200.0
Hiệu quả xe nội tỉnh chiều đi,8,DLK,HUBPYN,2026-08-15,2026,8,15,23024.44,27895.0
Hiệu quả xe nội tỉnh chiều đi,8,LSN,HUBLSN,2026-08-16,2026,8,16,10239.19,19200.0
Hiệu quả xe nội tỉnh chiều đi,8,TQG,HUBHGG,2026-08-09,2026,8,9,2622.51,4150.0
Hiệu quả xe nội tỉnh chiều đi,8,CMU,HUBCMU,2026-08-10,2026,8,10,43984.61,36350.0
Hiệu quả xe nội tỉnh chiều đi,8,HNI,HUBLBN,2026-08-01,2026,8,1,26602.76,76500.0
Hiệu quả xe nội tỉnh chiều đi,8,LCI,HUBYBN,2026-08-05,2026,8,5,14933.96,15650.0
Hiệu quả xe nội tỉnh chiều đi,8,CMU,HUBBLU,2026-08-17,2026,8,17,26433.21,26600.0
Hiệu quả xe nội tỉnh chiều đi,8,CNKT1,TTKT1,2026-08-05,2026,8,5,322161.61,599420.0
Hiệu quả xe nội tỉnh chiều đi,8,THA,HUBTHA,2026-08-13,2026,8,13,81845.91,147700.0
Hiệu quả xe nội tỉnh chiều đi,8,TNN,HUBBKN,2026-08-01,2026,8,1,1358.56,2560.0
Hiệu quả xe nội tỉnh chiều đi,8,NBH,HUBNBH,2026-08-02,2026,8,2,28115.71,49990.0
Hiệu quả xe nội tỉnh chiều đi,8,PHO,HUBHBH,2026-08-08,2026,8,8,17559.75,15000.0
Hiệu quả xe nội tỉnh chiều đi,8,THA,HUBTHA,2026-08-15,2026,8,15,79497.43,145850.0
Hiệu quả xe nội tỉnh chiều đi,8,CMU,HUBCMU,2026-08-04,2026,8,4,26647.77,36350.0
Hiệu quả xe nội tỉnh chiều đi,8,CNKT3,TTKT3,2026-08-11,2026,8,11,417779.51,549930.0
Hiệu quả xe nội tỉnh chiều đi,8,GLI,HUBBHD,2026-08-13,2026,8,13,27981.39,31500.0
Hiệu quả xe nội tỉnh chiều đi,8,DTP,HUBDTP,2026-08-15,2026,8,15,44611.55,76700.0
Hiệu quả xe nội tỉnh chiều đi,8,TQG,HUBTQG,2026-08-09,2026,8,9,7516.67,6600.0
Hiệu quả xe nội tỉnh chiều đi,8,KHA,HUBNTN,2026-08-09,2026,8,9,17783.12,15350.0
Hiệu quả xe nội tỉnh chiều đi,8,HCM,HUBBDG,2026-08-15,2026,8,15,1271.88,1900.0
Hiệu quả xe nội tỉnh chiều đi,8,THA,HUBTHA,2026-08-05,2026,8,5,69359.57,145700.0
Hiệu quả xe nội tỉnh chiều đi,8,HYN,HUBHYN,2026-08-01,2026,8,1,82655.83,95100.0
Hiệu quả xe nội tỉnh chiều đi,8,THA,HUBTHA,2026-08-14,2026,8,14,77763.26,144850.0
Hiệu quả xe nội tỉnh chiều đi,8,TNN,HUBTNN,2026-08-07,2026,8,7,36323.9,53290.0
Hiệu quả xe nội tỉnh chiều đi,8,CNKT5,TTKT5,2026-08-13,2026,8,13,47722.75,81700.0
Hiệu quả xe nội tỉnh chiều đi,8,TQG,HUBHGG,2026-08-10,2026,8,10,2788.6,4150.0
Hiệu quả xe nội tỉnh chiều đi,8,HTH,HUBHTH,2026-08-05,2026,8,5,22468.1,30800.0
Hiệu quả xe nội tỉnh chiều đi,8,HPG,HUBHPG,2026-08-13,2026,8,13,84060.24,83540.0
Hiệu quả xe nội tỉnh chiều đi,8,HCM,HUBTTO,2026-08-17,2026,8,17,50670.05,76850.0
Hiệu quả xe nội tỉnh chiều đi,8,HYN,HUBTBH,2026-08-05,2026,8,5,35391.74,65150.0
Hiệu quả xe nội tỉnh chiều đi,8,DLK,HUBDLK,2026-08-15,2026,8,15,69338.11,103350.0
Hiệu quả xe nội tỉnh chiều đi,8,QTI,HUBQBH,2026-08-04,2026,8,4,16969.46,22200.0
Hiệu quả xe nội tỉnh chiều đi,8,QNH,HUBQNH,2026-08-12,2026,8,12,17009.11,12750.0
Hiệu quả xe nội tỉnh chiều đi,8,HNI,HUBTTI,2026-08-13,2026,8,13,49873.63,174000.0
Hiệu quả xe nội tỉnh chiều đi,8,HPG,HUBHDG,2026-08-13,2026,8,13,61132.25,118100.0
Hiệu quả xe nội tỉnh chiều đi,8,HTH,HUBHTH,2026-08-16,2026,8,16,15977.93,23400.0
Hiệu quả xe nội tỉnh chiều đi,8,HNI,BBSDPG,2026-08-08,2026,8,8,8725.96,54800.0
Hiệu quả xe nội tỉnh chiều đi,8,DTP,HUBDTP,2026-08-01,2026,8,1,51968.46,74100.0
Hiệu quả xe nội tỉnh chiều đi,8,HYN,HUBHYN,2026-08-12,2026,8,12,106546.27,93450.0
Hiệu quả xe nội tỉnh chiều đi,8,PHO,HUBPHO,2026-08-04,2026,8,4,36387.41,54850.0
Hiệu quả xe nội tỉnh chiều đi,8,QTI,HUBQBH,2026-08-16,2026,8,16,20018.48,19150.0
Hiệu quả xe nội tỉnh chiều đi,8,GLI,HUBGLI,2026-08-16,2026,8,16,46287.82,55750.0
Hiệu quả xe nội tỉnh chiều đi,8,LCI,HUBYBN,2026-08-11,2026,8,11,17956.91,17500.0
Hiệu quả xe nội tỉnh chiều đi,8,TNH,HUBTNH,2026-08-06,2026,8,6,48251.98,63000.0
Hiệu quả xe nội tỉnh chiều đi,8,QNI,HUBKTM,2026-08-10,2026,8,10,13443.939999999999,15050.0
Hiệu quả xe nội tỉnh chiều đi,8,CNKT5,LOGBN,2026-08-11,2026,8,11,83351.78,68800.0
Hiệu quả xe nội tỉnh chiều đi,8,LDG,HUBDKG,2026-08-07,2026,8,7,31375.7,31150.0
Hiệu quả xe nội tỉnh chiều đi,8,VLG,HUBVLG,2026-08-02,2026,8,2,15901.48,26800.0
Hiệu quả xe nội tỉnh chiều đi,8,TNH,HUBLAN,2026-08-03,2026,8,3,49253.340000000004,94400.0
Hiệu quả xe nội tỉnh chiều đi,8,GLI,HUBBHD,2026-08-08,2026,8,8,26856.239999999998,31250.0
Hiệu quả xe nội tỉnh chiều đi,8,HPG,HUBHDG,2026-08-14,2026,8,14,63217.52,118100.0
Hiệu quả xe nội tỉnh chiều đi,8,HNI,HUBTTI,2026-08-04,2026,8,4,42711.33,163400.0
Hiệu quả xe nội tỉnh chiều đi,8,LSN,HUBLSN,2026-08-01,2026,8,1,11278.58,15750.0
Hiệu quả xe nội tỉnh chiều đi,8,GLI,HUBGLI,2026-08-09,2026,8,9,48705.47,55750.0
Hiệu quả xe nội tỉnh chiều đi,8,PHO,HUBHBH,2026-08-05,2026,8,5,22655.85,18500.0
Hiệu quả xe nội tỉnh chiều đi,8,VLG,HUBTVH,2026-08-05,2026,8,5,17274.559999999998,25300.0
Hiệu quả xe nội tỉnh chiều đi,8,LDG,HUBDKG,2026-08-10,2026,8,10,23199.42,29500.0
Hiệu quả xe nội tỉnh chiều đi,8,HUE,HUBHUE,2026-08-17,2026,8,17,29029.05,33230.0
Hiệu quả xe nội tỉnh chiều đi,8,THA,HUBTHA,2026-08-03,2026,8,3,55140.49,145000.0
Hiệu quả xe nội tỉnh chiều đi,8,DTP,HUBTGG,2026-08-07,2026,8,7,53813.62,72200.0
Hiệu quả xe nội tỉnh chiều đi,8,CNKT5,TTKT5,2026-08-06,2026,8,6,38390.21,67200.0
Hiệu quả xe nội tỉnh chiều đi,8,PHO,HUBVPC,2026-08-14,2026,8,14,80832.47,107300.0
Hiệu quả xe nội tỉnh chiều đi,8,NBH,HUBHNM,2026-08-05,2026,8,5,25972.82,42800.0
Hiệu quả xe nội tỉnh chiều đi,8,QTI,HUBQBH,2026-08-01,2026,8,1,21975.34,22200.0
Hiệu quả xe nội tỉnh chiều đi,8,BNH,HUBBGG,2026-08-05,2026,8,5,47831.799999999996,94200.0
Hiệu quả xe nội tỉnh chiều đi,8,DLK,HUBPYN,2026-08-13,2026,8,13,24980.32,29890.0
Hiệu quả xe nội tỉnh chiều đi,8,LDG,HUBLDG03,2026-08-08,2026,8,8,18542.84,16950.0
Hiệu quả xe nội tỉnh chiều đi,8,PHO,HUBPHO,2026-08-11,2026,8,11,33614.51,54850.0
Hiệu quả xe nội tỉnh chiều đi,8,CMU,HUBCMU,2026-08-16,2026,8,16,19436.53,20250.0
Hiệu quả xe nội tỉnh chiều đi,8,THA,HUBTHA,2026-08-16,2026,8,16,71661.88,133650.0
Hiệu quả xe nội tỉnh chiều đi,8,DBN,HUBDBN,2026-08-12,2026,8,12,2873.9700000000003,3300.0
Hiệu quả xe nội tỉnh chiều đi,8,DLK,HUBPYN,2026-08-03,2026,8,3,23792.54,29890.0
Hiệu quả xe nội tỉnh chiều đi,8,HNI,HUBYAN,2026-08-07,2026,8,7,28869.82,63200.0
Hiệu quả xe nội tỉnh chiều đi,8,PHO,HUBHBH,2026-08-03,2026,8,3,17179.38,18500.0
Hiệu quả xe nội tỉnh chiều đi,8,CNKT1,TTKT1,2026-08-03,2026,8,3,259388.33,605450.0
Hiệu quả xe nội tỉnh chiều đi,8,HCM,HUBTTO,2026-08-10,2026,8,10,52666.479999999996,74400.0
Hiệu quả xe nội tỉnh chiều đi,8,HPG,HUBHPG,2026-08-07,2026,8,7,75241.54000000001,84070.0
Hiệu quả xe nội tỉnh chiều đi,8,CTO,HUBSTG,2026-08-08,2026,8,8,41730.78,20400.0
Hiệu quả xe nội tỉnh chiều đi,8,AGG,HUBAGG,2026-08-07,2026,8,7,58114.93,76100.0
Hiệu quả xe nội tỉnh chiều đi,8,HUE,HUBHUE,2026-08-09,2026,8,9,26765.36,31580.0
Hiệu quả xe nội tỉnh chiều đi,8,VLG,HUBVLG,2026-08-03,2026,8,3,26998.12,55200.0
Hiệu quả xe nội tỉnh chiều đi,8,HNI,BBSDPG,2026-08-10,2026,8,10,8237.83,46400.0
Hiệu quả xe nội tỉnh chiều đi,8,HNI,HUBTTI,2026-08-11,2026,8,11,52134.02,170550.0
Hiệu quả xe nội tỉnh chiều đi,8,CNKT3,TTKT3,2026-08-03,2026,8,3,303925.33,531410.0
Hiệu quả xe nội tỉnh chiều đi,8,PHO,HUBPHO,2026-08-01,2026,8,1,31955.22,53000.0
Hiệu quả xe nội tỉnh chiều đi,8,LSN,HUBLSN,2026-08-10,2026,8,10,12302.74,15750.0
Hiệu quả xe nội tỉnh chiều đi,8,QTI,HUBQBH,2026-08-03,2026,8,3,25679.170000000002,24100.0
Hiệu quả xe nội tỉnh chiều đi,8,VLG,HUBVLG,2026-08-01,2026,8,1,33510.11,53600.0
Hiệu quả xe nội tỉnh chiều đi,8,NBH,HUBNDH,2026-08-03,2026,8,3,35917.31,76500.0
Hiệu quả xe nội tỉnh chiều đi,8,CNKT5,LOGBN,2026-08-04,2026,8,4,65637.31,64300.0
Hiệu quả xe nội tỉnh chiều đi,8,DTP,HUBDTP,2026-08-08,2026,8,8,51573.229999999996,80500.0
Hiệu quả xe nội tỉnh chiều đi,8,HCM,HUBVTU,2026-08-10,2026,8,10,36480.520000000004,71450.0
Hiệu quả xe nội tỉnh chiều đi,8,DNG,HUBQNM,2026-08-03,2026,8,3,45170.21,53100.0
Hiệu quả xe nội tỉnh chiều đi,8,DTP,HUBDTP,2026-08-09,2026,8,9,39417.37,48550.0
Hiệu quả xe nội tỉnh chiều đi,8,CNKT5,TTKT5,2026-08-12,2026,8,12,49611.53,71700.0
Hiệu quả xe nội tỉnh chiều đi,8,NBH,HUBNDH,2026-08-02,2026,8,2,39126.700000000004,66600.0
Hiệu quả xe nội tỉnh chiều đi,8,DNI,HUBDNI,2026-07-31,2026,7,31,2582.7,1650.0
Hiệu quả xe nội tỉnh chiều đi,8,VLG,HUBVLG,2026-08-05,2026,8,5,26699.83,53600.0
Hiệu quả xe nội tỉnh chiều đi,8,HNI,HUBLBN,2026-08-16,2026,8,16,26896.88,53950.0
Hiệu quả xe nội tỉnh chiều đi,8,KHA,HUBNTN,2026-08-17,2026,8,17,15767.65,18650.0
Hiệu quả xe nội tỉnh chiều đi,8,KHA,HUBKHA,2026-08-03,2026,8,3,43293.13,53900.0
Hiệu quả xe nội tỉnh chiều đi,8,DTP,HUBTGG,2026-08-16,2026,8,16,52600.53,50650.0
Hiệu quả xe nội tỉnh chiều đi,8,HTH,HUBHTH,2026-08-06,2026,8,6,22205.63,30800.0
Hiệu quả xe nội tỉnh chiều đi,8,CNKT3,TTKT3,2026-08-08,2026,8,8,389707.45,552100.0
Hiệu quả xe nội tỉnh chiều đi,8,DBN,HUBDBN,2026-08-15,2026,8,15,2122.5,3300.0
Hiệu quả xe nội tỉnh chiều đi,8,DTP,HUBTGG,2026-08-10,2026,8,10,55432.57,68150.0
Hiệu quả xe nội tỉnh chiều đi,8,DLK,HUBPYN,2026-08-17,2026,8,17,15727.619999999999,29890.0
Hiệu quả xe nội tỉnh chiều đi,8,GLI,HUBGLI,2026-08-04,2026,8,4,39337.87,54100.0
Hiệu quả xe nội tỉnh chiều đi,8,HUE,HUBHUE,2026-08-13,2026,8,13,27827.420000000002,31580.0
Hiệu quả xe nội tỉnh chiều đi,8,QNI,HUBKTM,2026-08-15,2026,8,15,17831.29,16700.0
Hiệu quả xe nội tỉnh chiều đi,8,TNN,HUBTNN,2026-08-04,2026,8,4,40065.22,61840.0
Hiệu quả xe nội tỉnh chiều đi,8,QNI,HUBQNI,2026-08-10,2026,8,10,23847.87,22595.0
Hiệu quả xe nội tỉnh chiều đi,8,DNG,HUBQNM,2026-08-02,2026,8,2,29657.89,43650.0
Hiệu quả xe nội tỉnh chiều đi,8,PHO,HUBPHO,2026-08-08,2026,8,8,36150.48,47500.0
Hiệu quả xe nội tỉnh chiều đi,8,HUE,HUBHUE,2026-08-07,2026,8,7,26832.77,31580.0
Hiệu quả xe nội tỉnh chiều đi,8,VLG,HUBTVH,2026-08-01,2026,8,1,27632.010000000002,18600.0
Hiệu quả xe nội tỉnh chiều đi,8,TQG,HUBTQG,2026-08-15,2026,8,15,9427.83,8250.0
Hiệu quả xe nội tỉnh chiều đi,8,HYN,HUBHYN,2026-08-17,2026,8,17,109159.45,95100.0
Hiệu quả xe nội tỉnh chiều đi,8,TQG,HUBTQG,2026-08-07,2026,8,7,11316.56,8250.0
Hiệu quả xe nội tỉnh chiều đi,8,HPG,HUBHPG,2026-08-08,2026,8,8,68555.66,82390.0
Hiệu quả xe nội tỉnh chiều đi,8,CMU,HUBCMU,2026-08-08,2026,8,8,30480.27,36350.0
Hiệu quả xe nội tỉnh chiều đi,8,CNKT1,TTKT1,2026-08-15,2026,8,15,336345.24,600720.0
Hiệu quả xe nội tỉnh chiều đi,8,PHO,HUBHBH,2026-08-07,2026,8,7,22806.65,18500.0
Hiệu quả xe nội tỉnh chiều đi,8,VLG,HUBTVH,2026-08-08,2026,8,8,24003.01,21950.0
Hiệu quả xe nội tỉnh chiều đi,8,NAN,HUBNAN,2026-08-03,2026,8,3,53420.95,81550.0
Hiệu quả xe nội tỉnh chiều đi,8,LCI,HUBLCI01,2026-08-08,2026,8,8,21230.78,16000.0
Hiệu quả xe nội tỉnh chiều đi,8,KHA,HUBKHA,2026-08-04,2026,8,4,40583.03,52250.0
Hiệu quả xe nội tỉnh chiều đi,8,TQG,HUBHGG,2026-08-05,2026,8,5,4853.74,4150.0
Hiệu quả xe nội tỉnh chiều đi,8,HCM,HUBTTO,2026-08-06,2026,8,6,64408.74,74400.0
Hiệu quả xe nội tỉnh chiều đi,8,TNH,HUBTNH,2026-08-13,2026,8,13,3352.89,4500.0
Hiệu quả xe nội tỉnh chiều đi,8,HNI,HUBLBN,2026-08-10,2026,8,10,20662.41,66900.0
Hiệu quả xe nội tỉnh chiều đi,8,CNKT5,LOGBN,2026-08-08,2026,8,8,52574.51,45500.0
Hiệu quả xe nội tỉnh chiều đi,8,QNH,HUBQNH,2026-08-09,2026,8,9,33768.09,28000.0
Hiệu quả xe nội tỉnh chiều đi,8,CTO,HUBCTO,2026-08-12,2026,8,12,63465.87,124000.0
Hiệu quả xe nội tỉnh chiều đi,8,LCI,HUBYBN,2026-08-03,2026,8,3,12599.0,17650.0
Hiệu quả xe nội tỉnh chiều đi,8,CMU,HUBCMU,2026-08-03,2026,8,3,39355.93,36350.0
Hiệu quả xe nội tỉnh chiều đi,8,VLG,HUBTVH,2026-08-07,2026,8,7,19553.72,25300.0
Hiệu quả xe nội tỉnh chiều đi,8,QNH,HUBQNH,2026-08-10,2026,8,10,48368.979999999996,49850.0
Hiệu quả xe nội tỉnh chiều đi,8,NAN,HUBNAN,2026-08-09,2026,8,9,63250.54,86330.0
Hiệu quả xe nội tỉnh chiều đi,8,PHO,HUBVPC,2026-08-02,2026,8,2,56477.73,95400.0
Hiệu quả xe nội tỉnh chiều đi,8,DTP,HUBTGG,2026-08-04,2026,8,4,47303.29,72200.0
Hiệu quả xe nội tỉnh chiều đi,8,DLK,HUBDLK,2026-08-11,2026,8,11,61015.77,103350.0
Hiệu quả xe nội tỉnh chiều đi,8,NBH,HUBHNM,2026-08-07,2026,8,7,31047.04,39300.0
Hiệu quả xe nội tỉnh chiều đi,8,HTH,HUBHTH,2026-08-10,2026,8,10,24618.07,34400.0
Hiệu quả xe nội tỉnh chiều đi,8,NBH,HUBHNM,2026-08-12,2026,8,12,32426.7,47900.0
Hiệu quả xe nội tỉnh chiều đi,8,TQG,HUBHGG,2026-08-07,2026,8,7,1187.21,1650.0
Hiệu quả xe nội tỉnh chiều đi,8,CNKT5,LOGBN,2026-07-31,2026,7,31,18268.04,15600.0
Hiệu quả xe nội tỉnh chiều đi,8,HNI,BBSDPG,2026-08-14,2026,8,14,9948.62,52900.0
Hiệu quả xe nội tỉnh chiều đi,8,LCI,HUBYBN,2026-08-04,2026,8,4,16867.62,16650.0
Hiệu quả xe nội tỉnh chiều đi,8,HUE,HUBHUE,2026-08-03,2026,8,3,27806.23,37730.0
Hiệu quả xe nội tỉnh chiều đi,8,TNH,HUBTNH,2026-08-03,2026,8,3,34546.26,48400.0
Hiệu quả xe nội tỉnh chiều đi,8,CNKT3,TTKT3,2026-08-10,2026,8,10,323648.3,524030.0
Hiệu quả xe nội tỉnh chiều đi,8,NBH,HUBHNM,2026-08-11,2026,8,11,31204.120000000003,39300.0
Hiệu quả xe nội tỉnh chiều đi,8,DLK,HUBPYN,2026-08-07,2026,8,7,21903.29,29890.0
Hiệu quả xe nội tỉnh chiều đi,8,GLI,HUBBHD,2026-08-11,2026,8,11,24651.41,31500.0
Hiệu quả xe nội tỉnh chiều đi,8,DNI,HUBBPC,2026-08-03,2026,8,3,42858.78,51700.0
Hiệu quả xe nội tỉnh chiều đi,8,HPG,HUBHDG,2026-08-09,2026,8,9,50869.47,67750.0
Hiệu quả xe nội tỉnh chiều đi,8,QTI,HUBQTI,2026-08-14,2026,8,14,22550.559999999998,26640.0
Hiệu quả xe nội tỉnh chiều đi,8,CMU,HUBBLU,2026-08-15,2026,8,15,18828.3,23700.0
Hiệu quả xe nội tỉnh chiều đi,8,NBH,HUBNBH,2026-08-11,2026,8,11,46082.55,56330.0
Hiệu quả xe nội tỉnh chiều đi,8,DTP,HUBDTP,2026-08-12,2026,8,12,45489.39,75400.0
Hiệu quả xe nội tỉnh chiều đi,8,PHO,HUBPHO,2026-08-17,2026,8,17,22706.83,54850.0
Hiệu quả xe nội tỉnh chiều đi,8,VLG,HUBTVH,2026-08-04,2026,8,4,20232.05,18600.0
Hiệu quả xe nội tỉnh chiều đi,8,HTH,HUBHTH,2026-08-02,2026,8,2,16892.04,23400.0
Hiệu quả xe nội tỉnh chiều đi,8,CTO,HUBCTO,2026-08-02,2026,8,2,58270.61,111200.0
Hiệu quả xe nội tỉnh chiều đi,8,DTP,HUBTGG,2026-08-14,2026,8,14,55853.69,68150.0
Hiệu quả xe nội tỉnh chiều đi,8,VLG,HUBVLG,2026-08-04,2026,8,4,23456.71,51700.0
Hiệu quả xe nội tỉnh chiều đi,8,QTI,HUBQBH,2026-08-08,2026,8,8,24968.739999999998,22450.0
Hiệu quả xe nội tỉnh chiều đi,8,LCI,HUBYBN,2026-08-15,2026,8,15,16183.32,18500.0
Hiệu quả xe nội tỉnh chiều đi,8,BNH,HUBBGG,2026-08-06,2026,8,6,54375.08,104400.0
Hiệu quả xe nội tỉnh chiều đi,8,HPG,HUBHDG,2026-08-10,2026,8,10,53921.82,110750.0
Hiệu quả xe nội tỉnh chiều đi,8,LDG,HUBDKG,2026-08-02,2026,8,2,22555.33,27850.0
Hiệu quả xe nội tỉnh chiều đi,8,QNH,HUBQNH,2026-08-08,2026,8,8,42555.0,49850.0
Hiệu quả xe nội tỉnh chiều đi,8,KHA,HUBNTN,2026-08-11,2026,8,11,13526.74,15100.0
Hiệu quả xe nội tỉnh chiều đi,8,DLK,HUBDLK,2026-08-06,2026,8,6,70886.42,103350.0
Hiệu quả xe nội tỉnh chiều đi,8,QNI,HUBQNI,2026-08-08,2026,8,8,21227.54,21290.0
Hiệu quả xe nội tỉnh chiều đi,8,HCM,HUBVTU,2026-08-04,2026,8,4,53116.24,74450.0
Hiệu quả xe nội tỉnh chiều đi,8,DTP,HUBTGG,2026-08-12,2026,8,12,46615.68,68150.0
Hiệu quả xe nội tỉnh chiều đi,8,HNI,BBSDPG,2026-08-09,2026,8,9,8824.92,31200.0
Hiệu quả xe nội tỉnh chiều đi,8,KHA,HUBKHA,2026-08-11,2026,8,11,43397.59,53900.0
Hiệu quả xe nội tỉnh chiều đi,8,HCM,HUBTTO,2026-08-15,2026,8,15,72377.02,83250.0
Hiệu quả xe nội tỉnh chiều đi,8,AGG,HUBAGG,2026-08-02,2026,8,2,41971.66,50650.0
Hiệu quả xe nội tỉnh chiều đi,8,CMU,HUBCMU,2026-08-09,2026,8,9,20721.010000000002,20250.0
Hiệu quả xe nội tỉnh chiều đi,8,CNKT5,LOGBN,2026-08-13,2026,8,13,74888.3,71300.0
Hiệu quả xe nội tỉnh chiều đi,8,NBH,HUBNDH,2026-08-04,2026,8,4,46061.94,84200.0
Hiệu quả xe nội tỉnh chiều đi,8,THA,HUBTHA,2026-08-17,2026,8,17,72643.86,147750.0
Hiệu quả xe nội tỉnh chiều đi,8,KHA,HUBNTN,2026-08-15,2026,8,15,15687.44,15100.0
Hiệu quả xe nội tỉnh chiều đi,8,KHA,HUBNTN,2026-08-04,2026,8,4,13763.9,15350.0
Hiệu quả xe nội tỉnh chiều đi,8,DNI,HUBDNI,2026-08-02,2026,8,2,101448.69,130250.0
Hiệu quả xe nội tỉnh chiều đi,8,PHO,HUBPHO,2026-08-16,2026,8,16,43660.71,52000.0
Hiệu quả xe nội tỉnh chiều đi,8,CNKT1,TTKT1,2026-08-17,2026,8,17,248539.33,520380.0
Hiệu quả xe nội tỉnh chiều đi,8,DBN,HUBDBN,2026-08-06,2026,8,6,2931.09,3300.0
Hiệu quả xe nội tỉnh chiều đi,8,SLA,HUBSLA,2026-08-08,2026,8,8,1079.72,900.0
Hiệu quả xe nội tỉnh chiều đi,8,LCI,HUBLCI01,2026-08-10,2026,8,10,13536.21,16000.0
Hiệu quả xe nội tỉnh chiều đi,8,QTI,HUBQTI,2026-08-10,2026,8,10,23912.48,26640.0
Hiệu quả xe nội tỉnh chiều đi,8,DLK,HUBDLK,2026-08-09,2026,8,9,70730.1,95350.0
Hiệu quả xe nội tỉnh chiều đi,8,CMU,HUBBLU,2026-08-16,2026,8,16,12246.720000000001,14750.0
Hiệu quả xe nội tỉnh chiều đi,8,DNG,HUBQNM,2026-08-05,2026,8,5,39858.15,50850.0
Hiệu quả xe nội tỉnh chiều đi,8,KHA,HUBNTN,2026-08-12,2026,8,12,14687.41,14850.0
Hiệu quả xe nội tỉnh chiều đi,8,DTP,HUBTGG,2026-08-06,2026,8,6,55539.37,72200.0
Hiệu quả xe nội tỉnh chiều đi,8,TNH,HUBTNH,2026-08-09,2026,8,9,33546.020000000004,41650.0
Hiệu quả xe nội tỉnh chiều đi,8,GLI,HUBGLI,2026-08-03,2026,8,3,48577.98,55750.0
Hiệu quả xe nội tỉnh chiều đi,8,TQG,HUBHGG,2026-08-02,2026,8,2,3437.33,4150.0
Hiệu quả xe nội tỉnh chiều đi,8,TNH,HUBTNH,2026-08-12,2026,8,12,3252.73,4500.0
Hiệu quả xe nội tỉnh chiều đi,8,KHA,HUBNTN,2026-08-14,2026,8,14,22407.88,16750.0
Hiệu quả xe nội tỉnh chiều đi,8,DTP,HUBTGG,2026-08-17,2026,8,17,47909.02,68150.0
Hiệu quả xe nội tỉnh chiều đi,8,QTI,HUBQBH,2026-08-05,2026,8,5,23775.44,24100.0
Hiệu quả xe nội tỉnh chiều đi,8,NBH,HUBNBH,2026-08-03,2026,8,3,29576.89,56330.0
Hiệu quả xe nội tỉnh chiều đi,8,CMU,HUBBLU,2026-08-12,2026,8,12,23085.51,26600.0
Hiệu quả xe nội tỉnh chiều đi,8,QNI,HUBQNI,2026-08-02,2026,8,2,19407.13,20945.0
Hiệu quả xe nội tỉnh chiều đi,8,HNI,HUBLBN,2026-08-11,2026,8,11,34316.61,77700.0
Hiệu quả xe nội tỉnh chiều đi,8,LCI,HUBLCI01,2026-08-06,2026,8,6,19575.92,16000.0
Hiệu quả xe nội tỉnh chiều đi,8,HPG,HUBHPG,2026-08-16,2026,8,16,70015.99,68960.0
Hiệu quả xe nội tỉnh chiều đi,8,TQG,HUBTQG,2026-08-10,2026,8,10,7967.96,8250.0
Hiệu quả xe nội tỉnh chiều đi,8,LDG,HUBLDG01,2026-08-14,2026,8,14,41583.05,48650.0
Hiệu quả xe nội tỉnh chiều đi,8,CNKT3,TTKT3,2026-08-16,2026,8,16,342194.14,441500.0
Hiệu quả xe nội tỉnh chiều đi,8,LCI,HUBYBN,2026-08-12,2026,8,12,19294.53,17500.0
Hiệu quả xe nội tỉnh chiều đi,8,QNH,HUBQNH,2026-08-17,2026,8,17,3635.7,4300.0
Hiệu quả xe nội tỉnh chiều đi,8,TNN,HUBBKN,2026-08-02,2026,8,2,686.64,830.0
Hiệu quả xe nội tỉnh chiều đi,8,HYN,HUBHYN,2026-08-10,2026,8,10,81266.96,95100.0
Hiệu quả xe nội tỉnh chiều đi,8,KHA,HUBNTN,2026-08-01,2026,8,1,17167.01,15100.0
Hiệu quả xe nội tỉnh chiều đi,8,DNI,HUBBPC,2026-08-02,2026,8,2,37820.15,46300.0
Hiệu quả xe nội tỉnh chiều đi,8,DBN,HUBDBN,2026-08-07,2026,8,7,2758.76,3300.0
Hiệu quả xe nội tỉnh chiều đi,8,DTP,HUBTGG,2026-08-15,2026,8,15,58118.18,72200.0
Hiệu quả xe nội tỉnh chiều đi,8,LSN,HUBLSN,2026-08-05,2026,8,5,10465.07,17400.0
Hiệu quả xe nội tỉnh chiều đi,8,HUE,HUBHUE,2026-08-01,2026,8,1,28375.27,37480.0
Hiệu quả xe nội tỉnh chiều đi,8,HCM,HUBVTU,2026-08-09,2026,8,9,49487.08,71450.0
Hiệu quả xe nội tỉnh chiều đi,8,CNKT1,TTKT1,2026-08-01,2026,8,1,340096.76,627060.0
Hiệu quả xe nội tỉnh chiều đi,8,QNI,HUBKTM,2026-08-04,2026,8,4,8774.56,11750.0
Hiệu quả xe nội tỉnh chiều đi,8,CNKT5,TTKT5,2026-08-16,2026,8,16,51939.78,78800.0
Hiệu quả xe nội tỉnh chiều đi,8,HCM,HUBVTU,2026-08-06,2026,8,6,50005.7,71450.0
Hiệu quả xe nội tỉnh chiều đi,8,GLI,HUBBHD,2026-08-10,2026,8,10,29429.56,31500.0
Hiệu quả xe nội tỉnh chiều đi,8,CNKT1,TTKT1,2026-08-08,2026,8,8,373273.29,592530.0
Hiệu quả xe nội tỉnh chiều đi,8,QTI,HUBQBH,2026-08-15,2026,8,15,25309.47,24100.0
Hiệu quả xe nội tỉnh chiều đi,8,LDG,HUBLDG03,2026-08-14,2026,8,14,23005.36,20250.0
Hiệu quả xe nội tỉnh chiều đi,8,NBH,HUBNBH,2026-08-09,2026,8,9,38727.07,44660.0
Hiệu quả xe nội tỉnh chiều đi,8,LCI,HUBYBN,2026-08-16,2026,8,16,15570.42,13000.0
Hiệu quả xe nội tỉnh chiều đi,8,CNKT1,TTKT1,2026-08-11,2026,8,11,375901.48,591800.0
Hiệu quả xe nội tỉnh chiều đi,8,DTP,HUBDTP,2026-08-13,2026,8,13,38668.96,80500.0
Hiệu quả xe nội tỉnh chiều đi,8,NBH,HUBHNM,2026-08-16,2026,8,16,28981.86,42800.0
Hiệu quả xe nội tỉnh chiều đi,8,HCM,HUBVTU,2026-08-01,2026,8,1,57240.24,76950.0
Hiệu quả xe nội tỉnh chiều đi,8,BNH,HUBBNH,2026-08-05,2026,8,5,51714.380000000005,99800.0
Hiệu quả xe nội tỉnh chiều đi,8,QTI,HUBQBH,2026-08-13,2026,8,13,32017.26,24100.0
Hiệu quả xe nội tỉnh chiều đi,8,LCI,HUBLCI01,2026-08-02,2026,8,2,21418.3,16000.0
Hiệu quả xe nội tỉnh chiều đi,8,LDG,HUBBTN,2026-08-02,2026,8,2,43223.55,48850.0
Hiệu quả xe nội tỉnh chiều đi,8,CMU,HUBCMU,2026-08-13,2026,8,13,26882.489999999998,32850.0
Hiệu quả xe nội tỉnh chiều đi,8,VLG,HUBBTE,2026-08-02,2026,8,2,17485.86,38300.0
Hiệu quả xe nội tỉnh chiều đi,8,TQG,HUBTQG,2026-08-06,2026,8,6,7660.27,8250.0
Hiệu quả xe nội tỉnh chiều đi,8,VLG,HUBTVH,2026-08-09,2026,8,9,16986.61,13450.0
Hiệu quả xe nội tỉnh chiều đi,8,CTO,HUBCTO,2026-08-05,2026,8,5,62713.0,113800.0
Hiệu quả xe nội tỉnh chiều đi,8,HUE,HUBHUE,2026-08-08,2026,8,8,25744.010000000002,31580.0
Hiệu quả xe nội tỉnh chiều đi,8,LDG,HUBLDG03,2026-08-06,2026,8,6,20912.99,18600.0
Hiệu quả xe nội tỉnh chiều đi,8,HNI,HUBYAN,2026-08-15,2026,8,15,26716.07,59300.0
Hiệu quả xe nội tỉnh chiều đi,8,PHO,HUBVPC,2026-08-04,2026,8,4,63136.93,107300.0
Hiệu quả xe nội tỉnh chiều đi,8,KHA,HUBNTN,2026-08-10,2026,8,10,15525.45,15100.0
Hiệu quả xe nội tỉnh chiều đi,8,CNKT3,TTKT3,2026-08-14,2026,8,14,388490.44,557860.0
Hiệu quả xe nội tỉnh chiều đi,8,QTI,HUBQTI,2026-08-01,2026,8,1,19316.13,26640.0
Hiệu quả xe nội tỉnh chiều đi,8,HTH,HUBHTH,2026-08-09,2026,8,9,16163.939999999999,23400.0
Hiệu quả xe nội tỉnh chiều đi,8,LSN,HUBLSN,2026-08-07,2026,8,7,13203.97,20850.0
Hiệu quả xe nội tỉnh chiều đi,8,GLI,HUBBHD,2026-08-15,2026,8,15,29943.86,31250.0
Hiệu quả xe nội tỉnh chiều đi,8,CMU,HUBBLU,2026-08-14,2026,8,14,19945.14,26600.0
Hiệu quả xe nội tỉnh chiều đi,8,PHO,HUBHBH,2026-08-14,2026,8,14,5679.8,2500.0
Hiệu quả xe nội tỉnh chiều đi,8,HCM,HUBTTO,2026-08-01,2026,8,1,67343.79000000001,75000.0
Hiệu quả xe nội tỉnh chiều đi,8,HYN,HUBTBH,2026-08-07,2026,8,7,43982.520000000004,64150.0
Hiệu quả xe nội tỉnh chiều đi,8,HNI,HUBYAN,2026-08-12,2026,8,12,31976.260000000002,54500.0
Hiệu quả xe nội tỉnh chiều đi,8,BNH,HUBBNH,2026-08-10,2026,8,10,3727.62,4500.0
Hiệu quả xe nội tỉnh chiều đi,8,QNI,HUBQNI,2026-08-03,2026,8,3,24116.93,22940.0
Hiệu quả xe nội tỉnh chiều đi,8,LDG,HUBDKG,2026-08-06,2026,8,6,26580.27,29500.0
Hiệu quả xe nội tỉnh chiều đi,8,TQG,HUBHGG,2026-08-03,2026,8,3,3654.5699999999997,4150.0
Hiệu quả xe nội tỉnh chiều đi,8,TQG,HUBTQG,2026-08-02,2026,8,2,9252.44,6600.0
Hiệu quả xe nội tỉnh chiều đi,8,LDG,HUBLDG03,2026-08-12,2026,8,12,25011.32,21900.0
Hiệu quả xe nội tỉnh chiều đi,8,HNI,HUBLBN,2026-08-15,2026,8,15,28597.14,76500.0
Hiệu quả xe nội tỉnh chiều đi,8,LCI,HUBYBN,2026-08-07,2026,8,7,17245.16,17500.0
Hiệu quả xe nội tỉnh chiều đi,8,CMU,HUBCMU,2026-08-17,2026,8,17,40868.59,36350.0
Hiệu quả xe nội tỉnh chiều đi,8,KHA,HUBNTN,2026-08-05,2026,8,5,16554.27,15350.0
Hiệu quả xe nội tỉnh chiều đi,8,CNKT1,TTKT1,2026-08-04,2026,8,4,340935.97000000003,603250.0
Hiệu quả xe nội tỉnh chiều đi,8,DLK,HUBPYN,2026-08-08,2026,8,8,24127.59,29890.0
Hiệu quả xe nội tỉnh chiều đi,8,CNKT5,LOGBN,2026-08-17,2026,8,17,30040.75,33100.0
Hiệu quả xe nội tỉnh chiều đi,8,LCI,HUBLCI01,2026-08-09,2026,8,9,16877.98,16000.0
Hiệu quả xe nội tỉnh chiều đi,8,PHO,HUBPHO,2026-08-10,2026,8,10,24061.05,54850.0
Hiệu quả xe nội tỉnh chiều đi,8,TQG,HUBHGG,2026-08-08,2026,8,8,3261.34,4150.0
Hiệu quả xe nội tỉnh chiều đi,8,NBH,HUBHNM,2026-08-09,2026,8,9,25738.64,29700.0
Hiệu quả xe nội tỉnh chiều đi,8,DTP,HUBDTP,2026-08-06,2026,8,6,35824.89,67400.0
Hiệu quả xe nội tỉnh chiều đi,8,VLG,HUBVLG,2026-08-10,2026,8,10,28850.61,56800.0
Hiệu quả xe nội tỉnh chiều đi,8,GLI,HUBBHD,2026-08-04,2026,8,4,18841.71,27000.0
Hiệu quả xe nội tỉnh chiều đi,8,LDG,HUBLDG01,2026-08-10,2026,8,10,37719.56,47000.0
Hiệu quả xe nội tỉnh chiều đi,8,LDG,HUBBTN,2026-08-01,2026,8,1,40001.68,58100.0
Hiệu quả xe nội tỉnh chiều đi,8,AGG,HUBAGG,2026-08-01,2026,8,1,56444.55,67550.0
Hiệu quả xe nội tỉnh chiều đi,8,LDG,HUBBTN,2026-08-03,2026,8,3,36917.38,49850.0
Hiệu quả xe nội tỉnh chiều đi,8,CMU,HUBCMU,2026-08-06,2026,8,6,30318.23,36350.0
Hiệu quả xe nội tỉnh chiều đi,8,QTI,HUBQTI,2026-08-04,2026,8,4,12091.65,15020.0
Hiệu quả xe nội tỉnh chiều đi,8,LSN,HUBLSN,2026-08-14,2026,8,14,11735.21,20850.0
Hiệu quả xe nội tỉnh chiều đi,8,SLA,HUBSLA,2026-08-03,2026,8,3,620.0,900.0
Hiệu quả xe nội tỉnh chiều đi,8,HCM,HUBTTO,2026-08-16,2026,8,16,66442.75,68050.0
Hiệu quả xe nội tỉnh chiều đi,8,HCM,HUBVTU,2026-08-03,2026,8,3,41537.85,76450.0
Hiệu quả xe nội tỉnh chiều đi,8,CNKT5,LOGBN,2026-08-07,2026,8,7,73622.44,57000.0
Hiệu quả xe nội tỉnh chiều đi,8,QNH,HUBQNH,2026-08-02,2026,8,2,33104.25,28000.0
Hiệu quả xe nội tỉnh chiều đi,8,PHO,HUBVPC,2026-08-13,2026,8,13,76068.34,107300.0
Hiệu quả xe nội tỉnh chiều đi,8,QNI,HUBKTM,2026-08-01,2026,8,1,15874.47,16700.0
Hiệu quả xe nội tỉnh chiều đi,8,DTP,HUBDTP,2026-08-10,2026,8,10,44267.92,76700.0
Hiệu quả xe nội tỉnh chiều đi,8,THA,HUBTHA,2026-08-08,2026,8,8,86825.49,159000.0
Hiệu quả xe nội tỉnh chiều đi,8,VLG,HUBBTE,2026-08-06,2026,8,6,1984.64,4500.0
Hiệu quả xe nội tỉnh chiều đi,8,VLG,HUBBTE,2026-08-03,2026,8,3,34857.89,49450.0
Hiệu quả xe nội tỉnh chiều đi,8,CNKT5,TTKT5,2026-08-14,2026,8,14,42832.03,61200.0
Hiệu quả xe nội tỉnh chiều đi,8,BNH,HUBBGG,2026-08-02,2026,8,2,47067.5,100900.0
Hiệu quả xe nội tỉnh chiều đi,8,HNI,HUBLBN,2026-08-12,2026,8,12,30349.36,76500.0
Hiệu quả xe nội tỉnh chiều đi,8,DNG,HUBQNM,2026-08-15,2026,8,15,45387.21,50850.0
Hiệu quả xe nội tỉnh chiều đi,8,HPG,HUBHDG,2026-08-15,2026,8,15,57438.11,111150.0
Hiệu quả xe nội tỉnh chiều đi,8,LDG,HUBBTN,2026-08-12,2026,8,12,41495.89,50750.0
Hiệu quả xe nội tỉnh chiều đi,8,LCI,HUBLCI01,2026-08-14,2026,8,14,21163.84,16000.0
Hiệu quả xe nội tỉnh chiều đi,8,LDG,HUBBTN,2026-08-15,2026,8,15,43910.8,53350.0
Hiệu quả xe nội tỉnh chiều đi,8,HPG,HUBHPG,2026-08-04,2026,8,4,84171.5,85590.0
Hiệu quả xe nội tỉnh chiều đi,8,QNI,HUBQNI,2026-08-07,2026,8,7,23540.38,22940.0
Hiệu quả xe nội tỉnh chiều đi,8,DTP,HUBDTP,2026-08-07,2026,8,7,49967.24,74100.0
Hiệu quả xe nội tỉnh chiều đi,8,HNI,HUBYAN,2026-08-04,2026,8,4,26800.59,55500.0
Hiệu quả xe nội tỉnh chiều đi,8,DTP,HUBTGG,2026-08-08,2026,8,8,57030.4,67700.0
Hiệu quả xe nội tỉnh chiều đi,8,HNI,BBSDPG,2026-08-15,2026,8,15,10121.89,56400.0
Hiệu quả xe nội tỉnh chiều đi,8,KHA,HUBKHA,2026-08-09,2026,8,9,48273.590000000004,53900.0
Hiệu quả xe nội tỉnh chiều đi,8,BNH,HUBBGG,2026-08-01,2026,8,1,50457.82,96900.0
Hiệu quả xe nội tỉnh chiều đi,8,TNH,HUBTNH,2026-07-31,2026,7,31,1678.95,1650.0
Hiệu quả xe nội tỉnh chiều đi,8,CTO,HUBSTG,2026-08-15,2026,8,15,51618.5,32100.0
Hiệu quả xe nội tỉnh chiều đi,8,HPG,HUBHDG,2026-08-17,2026,8,17,52647.65,114600.0
Hiệu quả xe nội tỉnh chiều đi,8,QNH,HUBQNH,2026-08-07,2026,8,7,54618.979999999996,50250.0
Hiệu quả xe nội tỉnh chiều đi,8,AGG,HUBAGG,2026-08-10,2026,8,10,58467.69,75300.0
Hiệu quả xe nội tỉnh chiều đi,8,QTI,HUBQBH,2026-08-14,2026,8,14,29144.18,24100.0
Hiệu quả xe nội tỉnh chiều đi,8,HCM,HUBTTO,2026-07-31,2026,7,31,2222.33,1650.0
Hiệu quả xe nội tỉnh chiều đi,8,HYN,HUBHYN,2026-08-15,2026,8,15,121490.39,95100.0
Hiệu quả xe nội tỉnh chiều đi,8,PHO,HUBVPC,2026-08-09,2026,8,9,76125.89,95400.0
Hiệu quả xe nội tỉnh chiều đi,8,LDG,HUBBTN,2026-08-09,2026,8,9,45809.22,48850.0
Hiệu quả xe nội tỉnh chiều đi,8,HNI,HUBLBN,2026-08-06,2026,8,6,33193.25,79950.0
Hiệu quả xe nội tỉnh chiều đi,8,DNI,HUBBPC,2026-08-06,2026,8,6,43623.63,48450.0
Hiệu quả xe nội tỉnh chiều đi,8,QNH,HUBQNH,2026-08-06,2026,8,6,40216.58,51950.0
Hiệu quả xe nội tỉnh chiều đi,8,DNI,HUBBPC,2026-08-05,2026,8,5,42041.52,50100.0
Hiệu quả xe nội tỉnh chiều đi,8,VLG,HUBTVH,2026-08-13,2026,8,13,17205.5,25300.0
Hiệu quả xe nội tỉnh chiều đi,8,LDG,HUBLDG01,2026-08-09,2026,8,9,36010.44,40650.0
Hiệu quả xe nội tỉnh chiều đi,8,BNH,HUBBGG,2026-08-16,2026,8,16,48731.6,84250.0
Hiệu quả xe nội tỉnh chiều đi,8,HNI,HUBTTI,2026-08-14,2026,8,14,51423.16,167000.0
Hiệu quả xe nội tỉnh chiều đi,8,NBH,HUBNBH,2026-08-01,2026,8,1,38664.02,48160.0
Hiệu quả xe nội tỉnh chiều đi,8,QTI,HUBQBH,2026-08-11,2026,8,11,16996.23,19150.0
Hiệu quả xe nội tỉnh chiều đi,8,NAN,HUBNAN,2026-08-06,2026,8,6,66659.28,89930.0
Hiệu quả xe nội tỉnh chiều đi,8,PHO,HUBHBH,2026-08-12,2026,8,12,20887.14,15000.0
Hiệu quả xe nội tỉnh chiều đi,8,CMU,HUBCMU,2026-08-02,2026,8,2,19352.78,20250.0
Hiệu quả xe nội tỉnh chiều đi,8,LCI,HUBYBN,2026-08-06,2026,8,6,12496.72,14650.0
Hiệu quả xe nội tỉnh chiều đi,8,LDG,HUBLDG01,2026-08-01,2026,8,1,35072.57,48650.0
Hiệu quả xe nội tỉnh chiều đi,8,HPG,HUBHPG,2026-08-09,2026,8,9,66064.97,71840.0
Hiệu quả xe nội tỉnh chiều đi,8,LCI,HUBYBN,2026-08-14,2026,8,14,13365.85,16650.0
Hiệu quả xe nội tỉnh chiều đi,8,LDG,HUBDKG,2026-08-11,2026,8,11,27224.9,29500.0
Hiệu quả xe nội tỉnh chiều đi,8,AGG,HUBKGG01,2026-08-04,2026,8,4,38966.59,46400.0
Hiệu quả xe nội tỉnh chiều đi,8,QTI,HUBQBH,2026-08-09,2026,8,9,22911.13,19150.0
Hiệu quả xe nội tỉnh chiều đi,8,GLI,HUBBHD,2026-08-17,2026,8,17,23112.23,31250.0
Hiệu quả xe nội tỉnh chiều đi,8,HTH,HUBHTH,2026-08-03,2026,8,3,25862.07,36250.0
Hiệu quả xe nội tỉnh chiều đi,8,LSN,HUBLSN,2026-08-17,2026,8,17,8286.58,15750.0
Hiệu quả xe nội tỉnh chiều đi,8,HYN,HUBTBH,2026-08-11,2026,8,11,15837.56,23700.0
Hiệu quả xe nội tỉnh chiều đi,8,HYN,HUBTBH,2026-08-08,2026,8,8,37459.37,53600.0
Hiệu quả xe nội tỉnh chiều đi,8,KHA,HUBKHA,2026-08-08,2026,8,8,47677.78,53900.0
Hiệu quả xe nội tỉnh chiều đi,8,KHA,HUBKHA,2026-08-02,2026,8,2,43476.26,52250.0
Hiệu quả xe nội tỉnh chiều đi,8,PHO,HUBVPC,2026-08-05,2026,8,5,65911.95999999999,107300.0
Hiệu quả xe nội tỉnh chiều đi,8,NBH,HUBHNM,2026-08-08,2026,8,8,32772.96,42800.0
Hiệu quả xe nội tỉnh chiều đi,8,BNH,HUBBGG,2026-08-08,2026,8,8,61970.52,95650.0
Hiệu quả xe nội tỉnh chiều đi,8,KHA,HUBNTN,2026-08-08,2026,8,8,23437.51,15350.0
Hiệu quả xe nội tỉnh chiều đi,8,HCM,HUBTTO,2026-08-11,2026,8,11,70375.81,79700.0
Hiệu quả xe nội tỉnh chiều đi,8,NAN,HUBNAN,2026-08-15,2026,8,15,75439.42,89330.0
Hiệu quả xe nội tỉnh chiều đi,8,LDG,HUBLDG03,2026-08-16,2026,8,16,9463.03,8500.0
Hiệu quả xe nội tỉnh chiều đi,8,VLG,HUBVLG,2026-08-09,2026,8,9,22048.6,33500.0
Hiệu quả xe nội tỉnh chiều đi,8,CMU,HUBBLU,2026-08-10,2026,8,10,29563.670000000002,26600.0
Hiệu quả xe nội tỉnh chiều đi,8,HUE,HUBHUE,2026-08-10,2026,8,10,27905.010000000002,31580.0
Hiệu quả xe nội tỉnh chiều đi,8,GLI,HUBGLI,2026-08-06,2026,8,6,51221.7,54100.0
Hiệu quả xe nội tỉnh chiều đi,8,SLA,HUBSLA,2026-08-09,2026,8,9,1110.99,900.0
Hiệu quả xe nội tỉnh chiều đi,8,QTI,HUBQTI,2026-08-07,2026,8,7,19689.79,26640.0
Hiệu quả xe nội tỉnh chiều đi,8,HNI,HUBTTI,2026-08-07,2026,8,7,51251.05,172200.0
Hiệu quả xe nội tỉnh chiều đi,8,CTO,HUBCTO,2026-08-17,2026,8,17,51970.14,116100.0
Hiệu quả xe nội tỉnh chiều đi,8,LCI,HUBLCI01,2026-08-15,2026,8,15,22324.7,16000.0
Hiệu quả xe nội tỉnh chiều đi,8,DNG,HUBDNG,2026-08-15,2026,8,15,66526.96,59000.0
Hiệu quả xe nội tỉnh chiều đi,8,QNI,HUBQNI,2026-08-05,2026,8,5,19602.27,21290.0
Hiệu quả xe nội tỉnh chiều đi,8,DBN,HUBDBN,2026-08-10,2026,8,10,2535.85,3300.0
Hiệu quả xe nội tỉnh chiều đi,8,QNI,HUBKTM,2026-08-06,2026,8,6,15237.470000000001,16700.0
Hiệu quả xe nội tỉnh chiều đi,8,VLG,HUBVLG,2026-08-07,2026,8,7,23114.35,51700.0
Hiệu quả xe nội tỉnh chiều đi,8,HTH,HUBHTH,2026-08-14,2026,8,14,26370.96,36300.0
Hiệu quả xe nội tỉnh chiều đi,8,GLI,HUBBHD,2026-08-03,2026,8,3,23064.01,31250.0
Hiệu quả xe nội tỉnh chiều đi,8,CNKT1,TTKT1,2026-08-07,2026,8,7,354866.39,601300.0
Hiệu quả xe nội tỉnh chiều đi,8,LCI,HUBYBN,2026-08-09,2026,8,9,14817.84,13000.0
Hiệu quả xe nội tỉnh chiều đi,8,HTH,HUBHTH,2026-08-17,2026,8,17,27427.05,36300.0
Hiệu quả xe nội tỉnh chiều đi,8,NBH,HUBNDH,2026-08-01,2026,8,1,48425.12,77100.0
Hiệu quả xe nội tỉnh chiều đi,8,LDG,HUBLDG03,2026-08-01,2026,8,1,16482.38,15300.0
Hiệu quả xe nội tỉnh chiều đi,8,TNH,HUBTNH,2026-08-04,2026,8,4,44860.48,57850.0
Hiệu quả xe nội tỉnh chiều đi,8,LDG,HUBLDG01,2026-08-13,2026,8,13,37944.87,48650.0
Hiệu quả xe nội tỉnh chiều đi,8,HNI,HUBTTI,2026-08-05,2026,8,5,44792.9,168150.0
Hiệu quả xe nội tỉnh chiều đi,8,TQG,HUBHGG,2026-08-13,2026,8,13,4649.58,4150.0
Hiệu quả xe nội tỉnh chiều đi,8,QNI,HUBQNI,2026-08-12,2026,8,12,21327.82,24590.0
Hiệu quả xe nội tỉnh chiều đi,8,BNH,HUBBGG,2026-08-17,2026,8,17,52689.43,96950.0
Hiệu quả xe nội tỉnh chiều đi,8,CNKT1,TTKT1,2026-07-31,2026,7,31,27712.49,44830.0
Hiệu quả xe nội tỉnh chiều đi,8,HTH,HUBHTH,2026-08-01,2026,8,1,21449.64,36250.0
Hiệu quả xe nội tỉnh chiều đi,8,TNN,HUBTNN,2026-08-11,2026,8,11,41172.16,62660.0
Hiệu quả xe nội tỉnh chiều đi,8,LSN,HUBLSN,2026-08-11,2026,8,11,9387.25,15750.0
Hiệu quả xe nội tỉnh chiều đi,8,LDG,HUBBTN,2026-08-06,2026,8,6,49575.520000000004,50500.0
Hiệu quả xe nội tỉnh chiều đi,8,DLK,HUBDLK,2026-08-07,2026,8,7,67087.22,103350.0
Hiệu quả xe nội tỉnh chiều đi,8,LDG,HUBBTN,2026-08-14,2026,8,14,42270.49,53100.0
Hiệu quả xe nội tỉnh chiều đi,8,HYN,HUBTBH,2026-08-03,2026,8,3,32693.38,65150.0
Hiệu quả xe nội tỉnh chiều đi,8,NAN,HUBNAN,2026-08-12,2026,8,12,75194.7,90830.0
Hiệu quả xe nội tỉnh chiều đi,8,DBN,HUBDBN,2026-08-01,2026,8,1,2780.79,3300.0
Hiệu quả xe nội tỉnh chiều đi,8,PHO,HUBVPC,2026-08-17,2026,8,17,58715.53,102400.0
Hiệu quả xe nội tỉnh chiều đi,8,TQG,HUBTQG,2026-08-08,2026,8,8,8335.2,8250.0
Hiệu quả xe nội tỉnh chiều đi,8,HYN,HUBHYN,2026-08-14,2026,8,14,99065.17,100200.0
Hiệu quả xe nội tỉnh chiều đi,8,HTH,HUBHTH,2026-08-08,2026,8,8,21768.23,36250.0
Hiệu quả xe nội tỉnh chiều đi,8,BNH,HUBBGG,2026-08-04,2026,8,4,58649.96,92650.0
Hiệu quả xe nội tỉnh chiều đi,8,CTO,HUBSTG,2026-08-14,2026,8,14,52589.2,28800.0
Hiệu quả xe nội tỉnh chiều đi,8,TQG,HUBHGG,2026-08-16,2026,8,16,3947.98,4150.0
Hiệu quả xe nội tỉnh chiều đi,8,CTO,HUBCTO,2026-08-11,2026,8,11,73898.0,114400.0
Hiệu quả xe nội tỉnh chiều đi,8,TQG,HUBTQG,2026-08-17,2026,8,17,10979.4,8250.0
Hiệu quả xe nội tỉnh chiều đi,8,TNN,HUBTNN,2026-08-03,2026,8,3,32175.190000000002,63490.0
Hiệu quả xe nội tỉnh chiều đi,8,BNH,HUBBGG,2026-08-12,2026,8,12,61202.81,91700.0
Hiệu quả xe nội tỉnh chiều đi,8,LSN,HUBLSN,2026-08-13,2026,8,13,10414.27,20850.0
Hiệu quả xe nội tỉnh chiều đi,8,PHO,HUBVPC,2026-08-07,2026,8,7,71090.23,107300.0
Hiệu quả xe nội tỉnh chiều đi,8,LDG,HUBLDG01,2026-08-07,2026,8,7,39253.84,48650.0
Hiệu quả xe nội tỉnh chiều đi,8,DNG,HUBDNG,2026-08-12,2026,8,12,107041.66,59300.0
Hiệu quả xe nội tỉnh chiều đi,8,VLG,HUBVLG,2026-08-08,2026,8,8,29061.8,56800.0
Hiệu quả xe nội tỉnh chiều đi,8,KHA,HUBKHA,2026-08-06,2026,8,6,45972.75,53900.0
Hiệu quả xe nội tỉnh chiều đi,8,TQG,HUBHGG,2026-08-14,2026,8,14,4578.68,4150.0
Hiệu quả xe nội tỉnh chiều đi,8,HPG,HUBHPG,2026-08-10,2026,8,10,72569.84,88790.0
Hiệu quả xe nội tỉnh chiều đi,8,LDG,HUBLDG01,2026-08-02,2026,8,2,36617.42,46800.0
Hiệu quả xe nội tỉnh chiều đi,8,LDG,HUBBTN,2026-08-04,2026,8,4,40599.58,58100.0
Hiệu quả xe nội tỉnh chiều đi,8,CTO,HUBCTO,2026-08-07,2026,8,7,60554.93,121500.0
Hiệu quả xe nội tỉnh chiều đi,8,NAN,HUBNAN,2026-08-11,2026,8,11,62524.39,86830.0
Hiệu quả xe nội tỉnh chiều đi,8,NBH,HUBHNM,2026-08-14,2026,8,14,28817.85,39300.0
Hiệu quả xe nội tỉnh chiều đi,8,HNI,HUBTTI,2026-08-01,2026,8,1,42260.24,164950.0
Hiệu quả xe nội tỉnh chiều đi,8,HPG,HUBHDG,2026-08-03,2026,8,3,43439.91,119750.0
Hiệu quả xe nội tỉnh chiều đi,8,CNKT5,LOGBN,2026-08-12,2026,8,12,75871.37,58600.0
Hiệu quả xe nội tỉnh chiều đi,8,KHA,HUBKHA,2026-08-15,2026,8,15,48466.65,53900.0
Hiệu quả xe nội tỉnh chiều đi,8,DLK,HUBPYN,2026-08-14,2026,8,14,21611.4,31540.0
Hiệu quả xe nội tỉnh chiều đi,8,LDG,HUBLDG01,2026-08-08,2026,8,8,37882.1,48650.0
Hiệu quả xe nội tỉnh chiều đi,8,LCI,HUBLCI01,2026-08-13,2026,8,13,20119.59,16000.0
Hiệu quả xe nội tỉnh chiều đi,8,HNI,BBSDPG,2026-08-17,2026,8,17,7507.099999999999,54500.0
Hiệu quả xe nội tỉnh chiều đi,8,NBH,HUBHNM,2026-08-17,2026,8,17,28220.77,44400.0
Hiệu quả xe nội tỉnh chiều đi,8,BNH,HUBBGG,2026-08-14,2026,8,14,64116.2,99200.0
Hiệu quả xe nội tỉnh chiều đi,8,TQG,HUBHGG,2026-08-06,2026,8,6,3936.21,4150.0
Hiệu quả xe nội tỉnh chiều đi,8,HYN,HUBTBH,2026-08-14,2026,8,14,23086.05,36200.0
Hiệu quả xe nội tỉnh chiều đi,8,GLI,HUBBHD,2026-08-09,2026,8,9,27082.96,31250.0
Hiệu quả xe nội tỉnh chiều đi,8,VLG,HUBTVH,2026-08-17,2026,8,17,28298.5,25300.0
Hiệu quả xe nội tỉnh chiều đi,8,LDG,HUBBTN,2026-08-10,2026,8,10,32607.58,50500.0
Hiệu quả xe nội tỉnh chiều đi,8,LDG,HUBLDG03,2026-08-09,2026,8,9,19555.36,15300.0
Hiệu quả xe nội tỉnh chiều đi,8,NAN,HUBNAN,2026-08-08,2026,8,8,74119.41,89480.0
Hiệu quả xe nội tỉnh chiều đi,8,DBN,HUBDBN,2026-08-17,2026,8,17,1450.13,1650.0
Hiệu quả xe nội tỉnh chiều đi,8,DNG,HUBQNM,2026-08-11,2026,8,11,34205.86,51100.0
Hiệu quả xe nội tỉnh chiều đi,8,LDG,HUBLDG03,2026-08-15,2026,8,15,17713.02,15050.0
Hiệu quả xe nội tỉnh chiều đi,8,BNH,HUBBNH,2026-08-04,2026,8,4,50414.79,99800.0
Hiệu quả xe nội tỉnh chiều đi,8,HNI,HUBLBN,2026-08-14,2026,8,14,30775.1,82700.0
Hiệu quả xe nội tỉnh chiều đi,8,NBH,HUBNBH,2026-08-07,2026,8,7,41084.05,57990.0
Hiệu quả xe nội tỉnh chiều đi,8,DBN,HUBDBN,2026-08-13,2026,8,13,2404.8599999999997,3300.0
Hiệu quả xe nội tỉnh chiều đi,8,AGG,HUBKGG01,2026-08-03,2026,8,3,47777.28,43900.0
Hiệu quả xe nội tỉnh chiều đi,8,CNKT3,TTKT3,2026-08-07,2026,8,7,374711.71,555610.0
Hiệu quả xe nội tỉnh chiều đi,8,LDG,HUBDKG,2026-08-03,2026,8,3,23020.91,26650.0
Hiệu quả xe nội tỉnh chiều đi,8,DLK,HUBPYN,2026-08-12,2026,8,12,20670.86,29890.0
Hiệu quả xe nội tỉnh chiều đi,8,GLI,HUBBHD,2026-08-06,2026,8,6,26167.98,31250.0
Hiệu quả xe nội tỉnh chiều đi,8,TNN,HUBTNN,2026-08-17,2026,8,17,29970.25,63490.0
Hiệu quả xe nội tỉnh chiều đi,8,NAN,HUBNAN,2026-08-10,2026,8,10,65535.58,84930.0
Hiệu quả xe nội tỉnh chiều đi,8,AGG,HUBKGG01,2026-08-05,2026,8,5,50053.43,43900.0
Hiệu quả xe nội tỉnh chiều đi,8,DBN,HUBDBN,2026-08-04,2026,8,4,2446.12,3300.0
Hiệu quả xe nội tỉnh chiều đi,8,QNI,HUBQNI,2026-08-11,2026,8,11,19737.38,19295.0
Hiệu quả xe nội tỉnh chiều đi,8,KHA,HUBKHA,2026-08-12,2026,8,12,35240.46,53900.0
Hiệu quả xe nội tỉnh chiều đi,8,CTO,HUBSTG,2026-08-01,2026,8,1,41322.58,36400.0
Hiệu quả xe nội tỉnh chiều đi,8,DNI,HUBDNI,2026-08-01,2026,8,1,123970.62,171650.0
Hiệu quả xe nội tỉnh chiều đi,8,DLK,HUBPYN,2026-08-05,2026,8,5,21786.74,29890.0
Hiệu quả xe nội tỉnh chiều đi,8,AGG,HUBKGG01,2026-08-07,2026,8,7,46978.37,45550.0
Hiệu quả xe nội tỉnh chiều đi,8,GLI,HUBGLI,2026-08-05,2026,8,5,42341.42,52450.0
Hiệu quả xe nội tỉnh chiều đi,8,QTI,HUBQTI,2026-08-08,2026,8,8,21036.46,26640.0
Hiệu quả xe nội tỉnh chiều đi,8,CNKT3,TTKT3,2026-08-06,2026,8,6,358532.37,540860.0
Hiệu quả xe nội tỉnh chiều đi,8,DNG,HUBQNM,2026-08-16,2026,8,16,33428.94,42000.0
Hiệu quả xe nội tỉnh chiều đi,8,DNG,HUBQNM,2026-08-12,2026,8,12,41079.76,49450.0
Hiệu quả xe nội tỉnh chiều đi,8,GLI,HUBGLI,2026-08-02,2026,8,2,54739.57,54900.0
Hiệu quả xe nội tỉnh chiều đi,8,THA,HUBTHA,2026-08-07,2026,8,7,82711.5,150200.0
Hiệu quả xe nội tỉnh chiều đi,8,HUE,HUBHUE,2026-08-14,2026,8,14,28229.89,31580.0
Hiệu quả xe nội tỉnh chiều đi,8,HYN,HUBTBH,2026-08-12,2026,8,12,24051.989999999998,36850.0
Hiệu quả xe nội tỉnh chiều đi,8,PHO,HUBPHO,2026-08-14,2026,8,14,39368.35,52000.0
Hiệu quả xe nội tỉnh chiều đi,8,QTI,HUBQBH,2026-08-12,2026,8,12,24763.85,22450.0
Hiệu quả xe nội tỉnh chiều đi,8,HCM,HUBVTU,2026-08-12,2026,8,12,50452.340000000004,71450.0
Hiệu quả xe nội tỉnh chiều đi,8,CNKT5,LOGBN,2026-08-02,2026,8,2,39968.270000000004,33100.0
Hiệu quả xe nội tỉnh chiều đi,8,DNG,HUBDNG,2026-08-06,2026,8,6,87191.42,55700.0
Hiệu quả xe nội tỉnh chiều đi,8,CNKT5,LOGBN,2026-08-10,2026,8,10,43446.979999999996,48100.0
Hiệu quả xe nội tỉnh chiều đi,8,TNH,HUBTNH,2026-08-10,2026,8,10,2815.83,4500.0
Hiệu quả xe nội tỉnh chiều đi,8,PHO,HUBVPC,2026-08-11,2026,8,11,69166.64,110800.0
Hiệu quả xe nội tỉnh chiều đi,8,KHA,HUBKHA,2026-08-17,2026,8,17,43182.37,53900.0
Hiệu quả xe nội tỉnh chiều đi,8,SLA,HUBSLA,2026-08-14,2026,8,14,1357.54,900.0
Hiệu quả xe nội tỉnh chiều đi,8,QNI,HUBKTM,2026-08-08,2026,8,8,16102.02,15050.0
Hiệu quả xe nội tỉnh chiều đi,8,GLI,HUBBHD,2026-08-07,2026,8,7,30334.06,31250.0
Hiệu quả xe nội tỉnh chiều đi,8,CNKT1,TTKT1,2026-08-06,2026,8,6,331433.05,589820.0
Hiệu quả xe nội tỉnh chiều đi,8,HTH,HUBHTH,2026-08-04,2026,8,4,18673.18,33400.0
Hiệu quả xe nội tỉnh chiều đi,8,BNH,HUBBGG,2026-08-10,2026,8,10,49927.22,98350.0
Hiệu quả xe nội tỉnh chiều đi,8,CNKT5,LOGBN,2026-08-03,2026,8,3,28715.89,36600.0
Hiệu quả xe nội tỉnh chiều đi,8,HCM,HUBVTU,2026-08-17,2026,8,17,45396.48,71450.0
Hiệu quả xe nội tỉnh chiều đi,8,DTP,HUBTGG,2026-08-13,2026,8,13,53572.81,68150.0
Hiệu quả xe nội tỉnh chiều đi,8,CNKT5,TTKT5,2026-08-02,2026,8,2,35523.31,61200.0
Hiệu quả xe nội tỉnh chiều đi,8,PHO,HUBPHO,2026-08-09,2026,8,9,34220.4,52000.0
Hiệu quả xe nội tỉnh chiều đi,8,HUE,HUBHUE,2026-08-06,2026,8,6,30734.09,37730.0
Hiệu quả xe nội tỉnh chiều đi,8,CNKT5,LOGBN,2026-08-06,2026,8,6,85338.31,57300.0
Hiệu quả xe nội tỉnh chiều đi,8,TQG,HUBTQG,2026-08-03,2026,8,3,6530.99,8250.0
Hiệu quả xe nội tỉnh chiều đi,8,PHO,HUBPHO,2026-08-05,2026,8,5,28543.3,54850.0
Hiệu quả xe nội tỉnh chiều đi,8,HPG,HUBHPG,2026-08-11,2026,8,11,70312.39,90560.0
Hiệu quả xe nội tỉnh chiều đi,8,CTO,HUBSTG,2026-08-13,2026,8,13,48712.44,28800.0
Hiệu quả xe nội tỉnh chiều đi,8,CNKT5,TTKT5,2026-08-08,2026,8,8,52551.55,77200.0
Hiệu quả xe nội tỉnh chiều đi,8,DLK,HUBPYN,2026-08-02,2026,8,2,18775.44,26590.0
Hiệu quả xe nội tỉnh chiều đi,8,HNI,HUBLBN,2026-08-17,2026,8,17,24721.94,80200.0
Hiệu quả xe nội tỉnh chiều đi,8,HNI,HUBLBN,2026-08-13,2026,8,13,32286.399999999998,79000.0
Hiệu quả xe nội tỉnh chiều đi,8,DLK,HUBDLK,2026-08-16,2026,8,16,78777.99,95350.0
Hiệu quả xe nội tỉnh chiều đi,8,HNI,BBSDPG,2026-08-04,2026,8,4,9627.18,56400.0
Hiệu quả xe nội tỉnh chiều đi,8,KHA,HUBKHA,2026-08-07,2026,8,7,46876.71,53900.0
Hiệu quả xe nội tỉnh chiều đi,8,NBH,HUBNBH,2026-08-16,2026,8,16,35428.26,44660.0
Hiệu quả xe nội tỉnh chiều đi,8,DNG,HUBDNG,2026-08-08,2026,8,8,59277.25,55950.0
Hiệu quả xe nội tỉnh chiều đi,8,HCM,HUBTTO,2026-08-14,2026,8,14,65723.51,81300.0
Hiệu quả xe nội tỉnh chiều đi,8,CNKT3,TTKT3,2026-08-05,2026,8,5,369989.6,548660.0
Hiệu quả xe nội tỉnh chiều đi,8,CTO,HUBSTG,2026-08-11,2026,8,11,45563.13,29900.0
Hiệu quả xe nội tỉnh chiều đi,8,DTP,HUBTGG,2026-08-03,2026,8,3,48797.42,72200.0
Hiệu quả xe nội tỉnh chiều đi,8,NAN,HUBNAN,2026-08-01,2026,8,1,71629.47,90530.0
Hiệu quả xe nội tỉnh chiều đi,8,DNG,HUBQNM,2026-08-06,2026,8,6,41387.93,51100.0
Hiệu quả xe nội tỉnh chiều đi,8,DLK,HUBDLK,2026-08-04,2026,8,4,50368.72,101700.0
Hiệu quả xe nội tỉnh chiều đi,8,TQG,HUBHGG,2026-08-15,2026,8,15,4148.44,4150.0
Hiệu quả xe nội tỉnh chiều đi,8,NBH,HUBNBH,2026-08-13,2026,8,13,41418.4,57160.0
Hiệu quả xe nội tỉnh chiều đi,8,CTO,HUBCTO,2026-08-15,2026,8,15,67447.8,116900.0
Hiệu quả xe nội tỉnh chiều đi,8,NBH,HUBHNM,2026-08-01,2026,8,1,33881.31,42800.0
Hiệu quả xe nội tỉnh chiều đi,8,LCI,HUBLCI01,2026-08-03,2026,8,3,18220.8,16000.0
Hiệu quả xe nội tỉnh chiều đi,8,LSN,HUBLSN,2026-08-15,2026,8,15,10245.3,19200.0
Hiệu quả xe nội tỉnh chiều đi,8,QNI,HUBKTM,2026-08-13,2026,8,13,13763.23,15050.0
Hiệu quả xe nội tỉnh chiều đi,8,DTP,HUBDTP,2026-08-03,2026,8,3,47160.39,76000.0
Hiệu quả xe nội tỉnh chiều đi,8,SLA,HUBSLA,2026-08-02,2026,8,2,1222.85,900.0
Hiệu quả xe nội tỉnh chiều đi,8,KHA,HUBNTN,2026-08-16,2026,8,16,18190.62,14850.0
Hiệu quả xe nội tỉnh chiều đi,8,DTP,HUBDTP,2026-08-11,2026,8,11,44883.86,86100.0
Hiệu quả xe nội tỉnh chiều đi,8,BNH,HUBBGG,2026-08-03,2026,8,3,37593.28,93050.0
Hiệu quả xe nội tỉnh chiều đi,8,NAN,HUBNAN,2026-08-02,2026,8,2,60570.37,86430.0
Hiệu quả xe nội tỉnh chiều đi,8,LCI,HUBLCI01,2026-08-04,2026,8,4,15143.05,16000.0
Hiệu quả xe nội tỉnh chiều đi,8,LDG,HUBLDG01,2026-08-03,2026,8,3,28842.44,42500.0
Hiệu quả xe nội tỉnh chiều đi,8,LDG,HUBLDG03,2026-08-10,2026,8,10,22757.32,20250.0
Hiệu quả xe nội tỉnh chiều đi,8,BNH,HUBBGG,2026-08-07,2026,8,7,59804.46,91900.0
Hiệu quả xe nội tỉnh chiều đi,8,CMU,HUBBLU,2026-08-04,2026,8,4,20394.13,26600.0
Hiệu quả xe nội tỉnh chiều đi,8,HCM,HUBVTU,2026-08-11,2026,8,11,51659.29,71450.0
Hiệu quả xe nội tỉnh chiều đi,8,DTP,HUBDTP,2026-08-05,2026,8,5,46556.36,83400.0
Hiệu quả xe nội tỉnh chiều đi,8,TNN,HUBTNN,2026-08-16,2026,8,16,36888.21,55910.0
Hiệu quả xe nội tỉnh chiều đi,8,LDG,HUBBTN,2026-08-17,2026,8,17,37704.07,53600.0
Hiệu quả xe nội tỉnh chiều đi,8,LDG,HUBBTN,2026-08-08,2026,8,8,45317.31,50500.0
Hiệu quả xe nội tỉnh chiều đi,8,TQG,HUBTQG,2026-08-16,2026,8,16,9555.09,6600.0
Hiệu quả xe nội tỉnh chiều đi,8,LDG,HUBLDG03,2026-08-13,2026,8,13,17499.16,16950.0
Hiệu quả xe nội tỉnh chiều đi,8,HPG,HUBHDG,2026-08-01,2026,8,1,57365.98,115250.0
Hiệu quả xe nội tỉnh chiều đi,8,SLA,HUBSLA,2026-08-05,2026,8,5,1174.03,900.0
Hiệu quả xe nội tỉnh chiều đi,8,LDG,HUBBTN,2026-08-11,2026,8,11,46505.509999999995,50750.0
Hiệu quả xe nội tỉnh chiều đi,8,LDG,HUBBTN,2026-08-13,2026,8,13,46369.17,57850.0
Hiệu quả xe nội tỉnh chiều đi,8,BNH,HUBBNH,2026-08-06,2026,8,6,48749.0,104300.0
Hiệu quả xe nội tỉnh chiều đi,8,CNKT3,TTKT3,2026-08-04,2026,8,4,386840.39,579450.0
Hiệu quả xe nội tỉnh chiều đi,8,PHO,HUBHBH,2026-08-11,2026,8,11,16609.22,15000.0
Hiệu quả xe nội tỉnh chiều đi,8,THA,HUBTHA,2026-08-12,2026,8,12,81820.55,150300.0
Hiệu quả xe nội tỉnh chiều đi,8,AGG,HUBKGG01,2026-08-01,2026,8,1,54206.74,45550.0
Hiệu quả xe nội tỉnh chiều đi,8,PHO,HUBPHO,2026-08-06,2026,8,6,33814.41,53000.0
Hiệu quả xe nội tỉnh chiều đi,8,AGG,HUBAGG,2026-08-09,2026,8,9,55404.29,61700.0
Hiệu quả xe nội tỉnh chiều đi,8,NBH,HUBNBH,2026-08-14,2026,8,14,44907.45,57160.0
Hiệu quả xe nội tỉnh chiều đi,8,QTI,HUBQTI,2026-08-17,2026,8,17,22632.35,25820.0
Hiệu quả xe nội tỉnh chiều đi,8,VLG,HUBTVH,2026-08-12,2026,8,12,19976.31,25300.0
Hiệu quả xe nội tỉnh chiều đi,8,BNH,HUBBNH,2026-08-07,2026,8,7,50614.22,99300.0
Hiệu quả xe nội tỉnh chiều đi,8,DLK,HUBPYN,2026-08-04,2026,8,4,11933.57,26590.0
Hiệu quả xe nội tỉnh chiều đi,8,QNH,HUBQNH,2026-08-14,2026,8,14,1168.52,1900.0
Hiệu quả xe nội tỉnh chiều đi,8,LDG,HUBDKG,2026-08-04,2026,8,4,24491.07,28550.0
Hiệu quả xe nội tỉnh chiều đi,8,HNI,HUBLBN,2026-08-02,2026,8,2,19664.77,51500.0
Hiệu quả xe nội tỉnh chiều đi,8,HPG,HUBHPG,2026-08-05,2026,8,5,68860.29000000001,85660.0
Hiệu quả xe nội tỉnh chiều đi,8,TNN,HUBTNN,2026-08-15,2026,8,15,38633.99,61010.0
Hiệu quả xe nội tỉnh chiều đi,8,HUE,HUBHUE,2026-08-12,2026,8,12,26368.07,31580.0
Hiệu quả xe nội tỉnh chiều đi,8,KHA,HUBKHA,2026-08-10,2026,8,10,43651.89,53900.0
Hiệu quả xe nội tỉnh chiều đi,8,NAN,HUBNAN,2026-08-16,2026,8,16,72381.28,85830.0
Hiệu quả xe nội tỉnh chiều đi,8,LDG,HUBLDG01,2026-08-06,2026,8,6,39025.34,48650.0
Hiệu quả xe nội tỉnh chiều đi,8,HCM,HUBTTO,2026-08-04,2026,8,4,62142.38,76050.0
Hiệu quả xe nội tỉnh chiều đi,8,HCM,HUBVTU,2026-08-02,2026,8,2,46271.92,77450.0
Hiệu quả xe nội tỉnh chiều đi,8,LDG,HUBDKG,2026-08-12,2026,8,12,22097.62,29500.0
Hiệu quả xe nội tỉnh chiều đi,8,VLG,HUBVLG,2026-08-14,2026,8,14,30072.81,56800.0
Hiệu quả xe nội tỉnh chiều đi,8,THA,HUBTHA,2026-08-04,2026,8,4,72849.19,139950.0
Hiệu quả xe nội tỉnh chiều đi,8,DNG,HUBQNM,2026-08-09,2026,8,9,36235.68,42000.0
Hiệu quả xe nội tỉnh chiều đi,8,NBH,HUBHNM,2026-08-06,2026,8,6,30225.68,42800.0
Hiệu quả xe nội tỉnh chiều đi,8,SLA,HUBSLA,2026-08-04,2026,8,4,955.88,900.0
Hiệu quả xe nội tỉnh chiều đi,8,LCI,HUBYBN,2026-08-13,2026,8,13,17651.09,18500.0
Hiệu quả xe nội tỉnh chiều đi,8,NBH,HUBHNM,2026-08-04,2026,8,4,30522.33,42800.0
Hiệu quả xe nội tỉnh chiều đi,8,SLA,HUBSLA,2026-08-11,2026,8,11,918.23,900.0
Hiệu quả xe nội tỉnh chiều đi,8,CMU,HUBBLU,2026-08-09,2026,8,9,14426.21,14750.0
Hiệu quả xe nội tỉnh chiều đi,8,TQG,HUBHGG,2026-08-01,2026,8,1,4777.16,4150.0
Hiệu quả xe nội tỉnh chiều đi,8,CMU,HUBCMU,2026-08-15,2026,8,15,33198.02,36350.0
Hiệu quả xe nội tỉnh chiều đi,8,VLG,HUBVLG,2026-08-13,2026,8,13,20463.08,56800.0
Hiệu quả xe nội tỉnh chiều đi,8,LDG,HUBBTN,2026-08-07,2026,8,7,47900.56,55250.0
Hiệu quả xe nội tỉnh chiều đi,8,QNI,HUBQNI,2026-08-15,2026,8,15,22489.670000000002,24590.0
Hiệu quả xe nội tỉnh chiều đi,8,LDG,HUBLDG03,2026-08-17,2026,8,17,5954.889999999999,4950.0
Hiệu quả xe nội tỉnh chiều đi,8,HCM,HUBBDG,2026-08-01,2026,8,1,1437.95,4500.0
Hiệu quả xe nội tỉnh chiều đi,8,TQG,HUBHGG,2026-08-11,2026,8,11,3887.65,4150.0
Hiệu quả xe nội tỉnh chiều đi,8,TNH,HUBTNH,2026-08-11,2026,8,11,3756.81,4500.0
Hiệu quả xe nội tỉnh chiều đi,8,DNG,HUBDNG,2026-08-17,2026,8,17,51237.15,52700.0
Hiệu quả xe nội tỉnh chiều đi,8,HPG,HUBHDG,2026-08-08,2026,8,8,65473.52,119750.0
Hiệu quả xe nội tỉnh chiều đi,8,KHA,HUBNTN,2026-08-07,2026,8,7,17388.89,17000.0
Hiệu quả xe nội tỉnh chiều đi,8,VLG,HUBTVH,2026-08-03,2026,8,3,26234.04,18600.0
Hiệu quả xe nội tỉnh chiều đi,8,DLK,HUBDLK,2026-08-17,2026,8,17,68965.31999999999,103350.0
Hiệu quả xe nội tỉnh chiều đi,8,DNG,HUBQNM,2026-08-04,2026,8,4,28098.44,46600.0
Hiệu quả xe nội tỉnh chiều đi,8,DNG,HUBDNG,2026-08-14,2026,8,14,67516.67,62250.0
Hiệu quả xe nội tỉnh chiều đi,8,QTI,HUBQBH,2026-08-10,2026,8,10,28105.65,24100.0
Hiệu quả xe nội tỉnh chiều đi,8,HCM,HUBVTU,2026-08-07,2026,8,7,51065.86,71450.0
Hiệu quả xe nội tỉnh chiều đi,8,CTO,HUBSTG,2026-08-05,2026,8,5,36998.96,35500.0
Hiệu quả xe nội tỉnh chiều đi,8,CNKT3,TTKT3,2026-08-01,2026,8,1,355848.84,537650.0
Hiệu quả xe nội tỉnh chiều đi,8,HNI,BBSDPG,2026-08-07,2026,8,7,10533.26,53800.0
Hiệu quả xe nội tỉnh chiều đi,8,HPG,HUBHDG,2026-08-12,2026,8,12,69263.72,113600.0
Hiệu quả xe nội tỉnh chiều đi,8,BNH,HUBBGG,2026-08-13,2026,8,13,56351.37,98350.0
Hiệu quả xe nội tỉnh chiều đi,8,LDG,HUBLDG03,2026-08-04,2026,8,4,19399.61,18600.0
Hiệu quả xe nội tỉnh chiều đi,8,LSN,HUBLSN,2026-08-12,2026,8,12,11219.33,16350.0
Hiệu quả xe nội tỉnh chiều đi,8,DTP,HUBTGG,2026-08-02,2026,8,2,42653.71,45100.0
Hiệu quả xe nội tỉnh chiều đi,8,DLK,HUBPYN,2026-08-06,2026,8,6,25271.96,29890.0
Hiệu quả xe nội tỉnh chiều đi,8,HCM,HUBTTO,2026-08-13,2026,8,13,70080.37,81550.0
Hiệu quả xe nội tỉnh chiều đi,8,HTH,HUBHTH,2026-08-13,2026,8,13,23188.12,34400.0
Hiệu quả xe nội tỉnh chiều đi,8,DLK,HUBPYN,2026-08-01,2026,8,1,23401.78,29890.0
Hiệu quả xe nội tỉnh chiều đi,8,HPG,HUBHDG,2026-08-02,2026,8,2,47932.31,63250.0
Hiệu quả xe nội tỉnh chiều đi,8,DLK,HUBDLK,2026-08-13,2026,8,13,67825.59,103350.0
Hiệu quả xe nội tỉnh chiều đi,8,LDG,HUBLDG01,2026-08-15,2026,8,15,42526.13,48650.0
Hiệu quả xe nội tỉnh chiều đi,8,KHA,HUBKHA,2026-08-13,2026,8,13,47286.76,53900.0
Hiệu quả xe nội tỉnh chiều đi,8,QNH,HUBQNH,2026-08-11,2026,8,11,51130.08,53850.0
Hiệu quả xe nội tỉnh chiều đi,8,HNI,HUBTTI,2026-08-12,2026,8,12,49638.79,169250.0
Hiệu quả xe nội tỉnh chiều đi,8,HNI,HUBYAN,2026-08-02,2026,8,2,20859.83,45100.0
Hiệu quả xe nội tỉnh chiều đi,8,VLG,HUBTVH,2026-08-11,2026,8,11,22157.97,25300.0
Hiệu quả xe nội tỉnh chiều đi,8,NBH,HUBHNM,2026-08-13,2026,8,13,27781.57,44400.0
Hiệu quả xe nội tỉnh chiều đi,8,HNI,BBSDPG,2026-08-05,2026,8,5,9036.779999999999,49700.0
Hiệu quả xe nội tỉnh chiều đi,8,SLA,HUBSLA,2026-08-12,2026,8,12,1247.67,900.0
Hiệu quả xe nội tỉnh chiều đi,8,HNI,BBSDPG,2026-08-16,2026,8,16,9333.67,41700.0
Hiệu quả xe nội tỉnh chiều đi,8,LDG,HUBLDG03,2026-08-05,2026,8,5,18496.11,16950.0
Hiệu quả xe nội tỉnh chiều đi,8,GLI,HUBGLI,2026-08-17,2026,8,17,54954.93,54930.0
Hiệu quả xe nội tỉnh chiều đi,8,SLA,HUBSLA,2026-08-16,2026,8,16,1070.88,900.0
Hiệu quả xe nội tỉnh chiều đi,8,HNI,HUBLBN,2026-08-03,2026,8,3,18895.43,73700.0
Hiệu quả xe nội tỉnh chiều đi,8,CNKT5,LOGBN,2026-08-05,2026,8,5,64215.85,59200.0
Hiệu quả xe nội tỉnh chiều đi,8,CNKT3,TTKT3,2026-08-12,2026,8,12,351053.36,543720.0
Hiệu quả xe nội tỉnh chiều đi,8,THA,HUBTHA,2026-08-06,2026,8,6,76326.34,148950.0
Hiệu quả xe nội tỉnh chiều đi,8,DLK,HUBDLK,2026-08-05,2026,8,5,64083.36,98700.0
Hiệu quả xe nội tỉnh chiều đi,8,AGG,HUBAGG,2026-08-03,2026,8,3,59897.1,71000.0
Hiệu quả xe nội tỉnh chiều đi,8,HNI,HUBLBN,2026-08-09,2026,8,9,28470.77,60000.0
Hiệu quả xe nội tỉnh chiều đi,8,NAN,HUBNAN,2026-08-05,2026,8,5,73003.28,91480.0
Hiệu quả xe nội tỉnh chiều đi,8,GLI,HUBBHD,2026-08-14,2026,8,14,34436.119999999995,32900.0
Hiệu quả xe nội tỉnh chiều đi,8,TNN,HUBTNN,2026-08-06,2026,8,6,36471.69,58390.0
Hiệu quả xe nội tỉnh chiều đi,8,GLI,HUBBHD,2026-08-16,2026,8,16,27389.760000000002,31500.0
Hiệu quả xe nội tỉnh chiều đi,8,CNKT1,TTKT1,2026-08-10,2026,8,10,289855.6,594900.0
Hiệu quả xe nội tỉnh chiều đi,8,GLI,HUBGLI,2026-08-10,2026,8,10,42704.3,55750.0
Hiệu quả xe nội tỉnh chiều đi,8,CNKT5,TTKT5,2026-08-11,2026,8,11,49773.07,72700.0
Hiệu quả xe nội tỉnh chiều đi,8,PHO,HUBPHO,2026-08-03,2026,8,3,24874.71,54850.0
Hiệu quả xe nội tỉnh chiều đi,8,AGG,HUBKGG01,2026-08-06,2026,8,6,43714.43,43900.0
Hiệu quả xe nội tỉnh chiều đi,8,TNH,HUBTNH,2026-08-15,2026,8,15,3896.06,4500.0
Hiệu quả xe nội tỉnh chiều đi,8,HCM,HUBVTU,2026-08-14,2026,8,14,50909.87,71450.0
Hiệu quả xe nội tỉnh chiều đi,8,DBN,HUBDBN,2026-08-14,2026,8,14,2494.6,3300.0
Hiệu quả xe nội tỉnh chiều đi,8,CNKT5,TTKT5,2026-08-05,2026,8,5,57117.17,84900.0
Hiệu quả xe nội tỉnh chiều đi,8,HPG,HUBHPG,2026-08-06,2026,8,6,74876.91,84820.0
Hiệu quả xe nội tỉnh chiều đi,8,NBH,HUBHNM,2026-08-02,2026,8,2,16798.98,24200.0
Hiệu quả xe nội tỉnh chiều đi,8,CNKT3,TTKT3,2026-08-17,2026,8,17,291162.14,529410.0
Hiệu quả xe nội tỉnh chiều đi,8,NAN,HUBNAN,2026-08-14,2026,8,14,76331.21,90580.0
Hiệu quả xe nội tỉnh chiều đi,8,DBN,HUBDBN,2026-08-08,2026,8,8,2681.59,3300.0
Hiệu quả xe nội tỉnh chiều đi,8,CNKT3,TTKT3,2026-08-02,2026,8,2,311619.49,451400.0
Hiệu quả xe nội tỉnh chiều đi,8,CTO,HUBCTO,2026-08-01,2026,8,1,61967.8,114400.0
Hiệu quả xe nội tỉnh chiều đi,8,LDG,HUBLDG03,2026-08-11,2026,8,11,15405.49,15300.0
Hiệu quả xe nội tỉnh chiều đi,8,GLI,HUBGLI,2026-08-01,2026,8,1,49075.97,53250.0
Hiệu quả xe nội tỉnh chiều đi,8,KHA,HUBNTN,2026-08-06,2026,8,6,17967.2,15350.0
Hiệu quả xe nội tỉnh chiều đi,8,DLK,HUBPYN,2026-08-11,2026,8,11,16011.95,26590.0
Hiệu quả xe nội tỉnh chiều đi,8,QNI,HUBKTM,2026-08-14,2026,8,14,16192.43,15050.0
Hiệu quả xe nội tỉnh chiều đi,8,QNI,HUBQNI,2026-08-09,2026,8,9,26162.85,24590.0
Hiệu quả xe nội tỉnh chiều đi,8,CMU,HUBBLU,2026-08-11,2026,8,11,22822.15,26600.0
Hiệu quả xe nội tỉnh chiều đi,8,HNI,HUBTTI,2026-08-17,2026,8,17,39373.11,166150.0
Hiệu quả xe nội tỉnh chiều đi,8,HPG,HUBHPG,2026-08-01,2026,8,1,96986.19,85000.0
Hiệu quả xe nội tỉnh chiều đi,8,HNI,HUBYAN,2026-08-11,2026,8,11,24902.31,56800.0
Hiệu quả xe nội tỉnh chiều đi,8,QNH,HUBQNH,2026-08-15,2026,8,15,3466.61,4300.0
Hiệu quả xe nội tỉnh chiều đi,8,PHO,HUBPHO,2026-08-15,2026,8,15,42123.36,52000.0
Hiệu quả xe nội tỉnh chiều đi,8,CNKT5,TTKT5,2026-07-31,2026,7,31,10100.3,13100.0
Hiệu quả xe nội tỉnh chiều đi,8,KHA,HUBKHA,2026-08-16,2026,8,16,47455.520000000004,53900.0
Hiệu quả xe nội tỉnh chiều đi,8,HNI,BBSDPG,2026-08-13,2026,8,13,9666.49,54500.0
Hiệu quả xe nội tỉnh chiều đi,8,DLK,HUBDLK,2026-08-03,2026,8,3,66388.16,101700.0
Hiệu quả xe nội tỉnh chiều đi,8,CMU,HUBCMU,2026-08-12,2026,8,12,31499.82,36350.0
Hiệu quả xe nội tỉnh chiều đi,8,CTO,HUBSTG,2026-08-03,2026,8,3,35901.57,35500.0
Hiệu quả xe nội tỉnh chiều đi,8,QTI,HUBQTI,2026-08-02,2026,8,2,15504.400000000001,15390.0
Hiệu quả xe nội tỉnh chiều đi,8,VLG,HUBVLG,2026-08-06,2026,8,6,25826.09,56800.0
Hiệu quả xe nội tỉnh chiều đi,8,PHO,HUBPHO,2026-08-13,2026,8,13,40829.19,54850.0
Hiệu quả xe nội tỉnh chiều đi,8,LDG,HUBDKG,2026-08-01,2026,8,1,29240.98,29500.0
Hiệu quả xe nội tỉnh chiều đi,8,LDG,HUBDKG,2026-08-14,2026,8,14,23696.06,29500.0
Hiệu quả xe nội tỉnh chiều đi,8,QNI,HUBQNI,2026-08-04,2026,8,4,14495.18,19295.0
Hiệu quả xe nội tỉnh chiều đi,8,LCI,HUBYBN,2026-08-01,2026,8,1,13570.92,17500.0
Hiệu quả xe nội tỉnh chiều đi,8,HNI,HUBLBN,2026-08-05,2026,8,5,25809.36,75950.0
Hiệu quả xe nội tỉnh chiều đi,8,HNI,HUBTTI,2026-08-06,2026,8,6,49401.53,160500.0
Hiệu quả xe nội tỉnh chiều đi,8,DLK,HUBDLK,2026-08-12,2026,8,12,65490.77,103350.0
Hiệu quả xe nội tỉnh chiều đi,8,HPG,HUBHDG,2026-08-05,2026,8,5,59813.22,115250.0
Hiệu quả xe nội tỉnh chiều đi,8,QTI,HUBQBH,2026-08-17,2026,8,17,24900.86,24100.0
Hiệu quả xe nội tỉnh chiều đi,8,LCI,HUBYBN,2026-08-02,2026,8,2,14343.65,14000.0
Hiệu quả xe nội tỉnh chiều đi,8,PHO,HUBVPC,2026-08-16,2026,8,16,72378.73,96800.0
Hiệu quả xe nội tỉnh chiều đi,8,GLI,HUBGLI,2026-08-08,2026,8,8,53915.19,55750.0
Hiệu quả xe nội tỉnh chiều đi,8,PHO,HUBVPC,2026-08-10,2026,8,10,68640.53,112400.0
Hiệu quả xe nội tỉnh chiều đi,8,PHO,HUBPHO,2026-08-02,2026,8,2,35523.59,52000.0
Hiệu quả xe nội tỉnh chiều đi,8,PHO,HUBPHO,2026-08-12,2026,8,12,39706.86,54850.0
Hiệu quả xe nội tỉnh chiều đi,8,LDG,HUBDKG,2026-08-13,2026,8,13,24841.48,29500.0
Hiệu quả xe nội tỉnh chiều đi,8,CTO,HUBCTO,2026-08-13,2026,8,13,59483.24,113800.0
Hiệu quả xe nội tỉnh chiều đi,8,BNH,HUBBNH,2026-08-03,2026,8,3,42854.36,99800.0
Hiệu quả xe nội tỉnh chiều đi,8,TQG,HUBTQG,2026-08-05,2026,8,5,8810.89,8250.0
Hiệu quả xe nội tỉnh chiều đi,8,AGG,HUBAGG,2026-08-06,2026,8,6,60045.47,71850.0
Hiệu quả xe nội tỉnh chiều đi,8,CTO,HUBSTG,2026-08-16,2026,8,16,45062.5,28750.0
Hiệu quả xe nội tỉnh chiều đi,8,TNH,HUBTNH,2026-08-14,2026,8,14,3304.01,4500.0
Hiệu quả xe nội tỉnh chiều đi,8,PHO,HUBHBH,2026-08-06,2026,8,6,21679.100000000002,18500.0
Hiệu quả xe nội tỉnh chiều đi,8,DBN,HUBDBN,2026-08-03,2026,8,3,2166.93,3300.0
Hiệu quả xe nội tỉnh chiều đi,8,NAN,HUBNAN,2026-08-07,2026,8,7,75006.3,89830.0
Hiệu quả xe nội tỉnh chiều đi,8,CNKT3,TTKT3,2026-08-09,2026,8,9,339595.68,439250.0
Hiệu quả xe nội tỉnh chiều đi,8,BNH,HUBBNH,2026-08-01,2026,8,1,42548.91,99800.0
Hiệu quả xe nội tỉnh chiều đi,8,SLA,HUBSLA,2026-08-10,2026,8,10,751.89,900.0
Hiệu quả xe nội tỉnh chiều đi,8,KHA,HUBKHA,2026-08-01,2026,8,1,45964.229999999996,52250.0
Hiệu quả xe nội tỉnh chiều đi,8,HNI,HUBTTI,2026-08-02,2026,8,2,41555.63,109300.0
Hiệu quả xe nội tỉnh chiều đi,8,PHO,HUBPHO,2026-08-07,2026,8,7,37969.8,52000.0
Hiệu quả xe nội tỉnh chiều đi,8,CTO,HUBCTO,2026-08-10,2026,8,10,57105.98,123400.0
Hiệu quả xe nội tỉnh chiều đi,8,HNI,HUBYAN,2026-08-16,2026,8,16,20650.51,48600.0
Hiệu quả xe nội tỉnh chiều đi,8,CNKT3,TTKT3,2026-08-15,2026,8,15,400150.07,537300.0
Hiệu quả xe nội tỉnh chiều đi,8,DNG,HUBQNM,2026-08-01,2026,8,1,41142.1,53100.0
Hiệu quả xe nội tỉnh chiều đi,8,DNI,HUBBPC,2026-08-01,2026,8,1,42336.14,50100.0
Hiệu quả xe nội tỉnh chiều đi,8,HYN,HUBHYN,2026-08-03,2026,8,3,122266.75,95100.0
Hiệu quả xe nội tỉnh chiều đi,8,TNN,HUBTNN,2026-08-12,2026,8,12,38052.32,65140.0
Hiệu quả xe nội tỉnh chiều đi,8,QTI,HUBQTI,2026-08-03,2026,8,3,25161.52,29940.0
Hiệu quả xe nội tỉnh chiều đi,8,QNI,HUBQNI,2026-08-01,2026,8,1,20838.7,22595.0
Hiệu quả xe nội tỉnh chiều đi,8,GLI,HUBGLI,2026-08-13,2026,8,13,54106.79,55750.0
Hiệu quả xe nội tỉnh chiều đi,8,NBH,HUBNBH,2026-08-06,2026,8,6,40375.090000000004,57160.0
Hiệu quả xe nội tỉnh chiều đi,8,QNI,HUBKTM,2026-08-02,2026,8,2,14213.66,16700.0
Hiệu quả xe nội tỉnh chiều đi,8,CMU,HUBBLU,2026-08-05,2026,8,5,19784.91,26600.0
Hiệu quả xe nội tỉnh chiều đi,8,HCM,HUBVTU,2026-08-15,2026,8,15,48602.95,71450.0
Hiệu quả xe nội tỉnh chiều đi,8,TQG,HUBTQG,2026-08-04,2026,8,4,8022.6900000000005,8250.0
Hiệu quả xe nội tỉnh chiều đi,8,QTI,HUBQTI,2026-08-09,2026,8,9,16063.900000000001,15390.0
Hiệu quả xe nội tỉnh chiều đi,8,QNH,HUBQNH,2026-08-04,2026,8,4,42161.45,45550.0
Hiệu quả xe nội tỉnh chiều đi,8,CMU,HUBBLU,2026-08-08,2026,8,8,21702.65,23700.0
Hiệu quả xe nội tỉnh chiều đi,8,CNKT5,TTKT5,2026-08-15,2026,8,15,52962.6,89700.0
Hiệu quả xe nội tỉnh chiều đi,8,HYN,HUBTBH,2026-08-06,2026,8,6,37576.67,65150.0
Hiệu quả xe nội tỉnh chiều đi,8,LCI,HUBLCI01,2026-08-01,2026,8,1,18860.21,16000.0
Hiệu quả xe nội tỉnh chiều đi,8,TQG,HUBTQG,2026-08-13,2026,8,13,10059.59,8250.0
Hiệu quả xe nội tỉnh chiều đi,8,KHA,HUBKHA,2026-08-05,2026,8,5,39443.28,52250.0
Hiệu quả xe nội tỉnh chiều đi,8,HPG,HUBHPG,2026-08-15,2026,8,15,89635.59,86150.0
Hiệu quả xe nội tỉnh chiều đi,8,HUE,HUBHUE,2026-08-05,2026,8,5,27658.27,37730.0
Hiệu quả xe nội tỉnh chiều đi,8,HPG,HUBHPG,2026-08-03,2026,8,3,50243.61,81450.0
Hiệu quả xe nội tỉnh chiều đi,8,CNKT5,TTKT5,2026-08-10,2026,8,10,38419.28,71300.0
Hiệu quả xe nội tỉnh chiều đi,8,CNKT1,TTKT1,2026-08-12,2026,8,12,359661.05,605670.0
Hiệu quả xe nội tỉnh chiều đi,8,QNI,HUBKTM,2026-08-07,2026,8,7,14539.7,16700.0
Hiệu quả xe nội tỉnh chiều đi,8,HYN,HUBTBH,2026-08-13,2026,8,13,18039.48,29950.0
Hiệu quả xe nội tỉnh chiều đi,8,DNG,HUBDNG,2026-08-05,2026,8,5,101568.51000000001,60900.0
Hiệu quả xe nội tỉnh chiều đi,8,THA,HUBTHA,2026-08-01,2026,8,1,73787.86,145850.0
Hiệu quả xe nội tỉnh chiều đi,8,NAN,HUBNAN,2026-08-17,2026,8,17,54918.72,85050.0
Hiệu quả xe nội tỉnh chiều đi,8,DNG,HUBQNM,2026-08-08,2026,8,8,45620.21,50850.0
Hiệu quả xe nội tỉnh chiều đi,8,QNI,HUBKTM,2026-08-09,2026,8,9,15990.34,16700.0
Hiệu quả xe nội tỉnh chiều đi,8,HYN,HUBHYN,2026-08-02,2026,8,2,35142.71,41900.0
Hiệu quả xe nội tỉnh chiều đi,8,DNG,HUBDNG,2026-08-13,2026,8,13,93115.93,57400.0
Hiệu quả xe nội tỉnh chiều đi,8,DTP,HUBDTP,2026-08-04,2026,8,4,40539.99,75400.0
Hiệu quả xe nội tỉnh chiều đi,8,LCI,HUBYBN,2026-08-10,2026,8,10,18754.94,16500.0
Hiệu quả xe nội tỉnh chiều đi,8,NBH,HUBNDH,2026-08-05,2026,8,5,45865.04,86100.0
Hiệu quả xe nội tỉnh chiều đi,8,LSN,HUBLSN,2026-08-03,2026,8,3,7853.22,15750.0
Hiệu quả xe nội tỉnh chiều đi,8,HYN,HUBHYN,2026-08-06,2026,8,6,94814.03,90600.0
Hiệu quả xe nội tỉnh chiều đi,8,VLG,HUBBTE,2026-08-01,2026,8,1,38439.3,61300.0
Hiệu quả xe nội tỉnh chiều đi,8,HPG,HUBHPG,2026-08-12,2026,8,12,92159.44,91320.0
Hiệu quả xe nội tỉnh chiều về,9,CNKT5,TTKT5,2026-08-13,2026,8,13,143317.56,196700.0
Hiệu quả xe nội tỉnh chiều về,9,CNKT1,TTKT1,2026-08-13,2026,8,13,591478.32,987230.0
Hiệu quả xe nội tỉnh chiều về,9,KHA,HUBNTN,2026-08-17,2026,8,17,11652.35,18650.0
Hiệu quả xe nội tỉnh chiều về,9,CNKT5,TTKT5,2026-08-05,2026,8,5,126619.33,192100.0
Hiệu quả xe nội tỉnh chiều về,9,LDG,HUBDKG,2026-08-01,2026,8,1,14336.06,29500.0
Hiệu quả xe nội tỉnh chiều về,9,HNI,HUBLBN,2026-08-08,2026,8,8,56836.39,114050.0
Hiệu quả xe nội tỉnh chiều về,9,CNKT1,TTKT1,2026-08-06,2026,8,6,614826.68,993130.0
Hiệu quả xe nội tỉnh chiều về,9,HNI,HUBTTI,2026-08-03,2026,8,3,159728.5,216300.0
Hiệu quả xe nội tỉnh chiều về,9,VLG,HUBTVH,2026-08-08,2026,8,8,10127.539999999999,21950.0
Hiệu quả xe nội tỉnh chiều về,9,HNI,HUBYAN,2026-08-11,2026,8,11,124732.34999999999,220350.0
Hiệu quả xe nội tỉnh chiều về,9,DLK,HUBPYN,2026-08-16,2026,8,16,11639.25,31140.0
Hiệu quả xe nội tỉnh chiều về,9,CTO,HUBSTG,2026-08-05,2026,8,5,17182.27,35500.0
Hiệu quả xe nội tỉnh chiều về,9,TNH,HUBTNH,2026-08-07,2026,8,7,41186.9,61350.0
Hiệu quả xe nội tỉnh chiều về,9,LDG,HUBDKG,2026-08-10,2026,8,10,18991.42,29500.0
Hiệu quả xe nội tỉnh chiều về,9,PHO,HUBPHO,2026-08-02,2026,8,2,18774.2,52000.0
Hiệu quả xe nội tỉnh chiều về,9,VLG,HUBTVH,2026-08-15,2026,8,15,9789.76,25300.0
Hiệu quả xe nội tỉnh chiều về,9,PHO,HUBHBH,2026-08-04,2026,8,4,12882.43,18500.0
Hiệu quả xe nội tỉnh chiều về,9,HCM,HUBTTO,2026-08-06,2026,8,6,69182.01,104650.0
Hiệu quả xe nội tỉnh chiều về,9,CTO,HUBSTG,2026-08-01,2026,8,1,15920.550000000001,35500.0
Hiệu quả xe nội tỉnh chiều về,9,PHO,HUBHBH,2026-08-05,2026,8,5,15609.52,18500.0
Hiệu quả xe nội tỉnh chiều về,9,NBH,HUBNBH,2026-08-15,2026,8,15,28600.4,40160.0
Hiệu quả xe nội tỉnh chiều về,9,QTI,HUBQBH,2026-08-14,2026,8,14,11045.99,22450.0
Hiệu quả xe nội tỉnh chiều về,9,HUE,HUBHUE,2026-08-07,2026,8,7,14506.21,23530.0
Hiệu quả xe nội tỉnh chiều về,9,SLA,HUBSLA,2026-07-31,2026,7,31,184.56,900.0
Hiệu quả xe nội tỉnh chiều về,9,LCI,HUBLCI01,2026-08-15,2026,8,15,31313.03,16000.0
Hiệu quả xe nội tỉnh chiều về,9,GLI,HUBGLI,2026-08-07,2026,8,7,36163.82,54930.0
Hiệu quả xe nội tỉnh chiều về,9,NBH,HUBNBH,2026-08-11,2026,8,11,36327.79,57160.0
Hiệu quả xe nội tỉnh chiều về,9,CTO,HUBSTG,2026-08-07,2026,8,7,19316.98,35500.0
Hiệu quả xe nội tỉnh chiều về,9,CTO,HUBCTO,2026-08-09,2026,8,9,40697.31,112150.0
Hiệu quả xe nội tỉnh chiều về,9,LDG,HUBDKG,2026-08-17,2026,8,17,13116.89,24500.0
Hiệu quả xe nội tỉnh chiều về,9,LSN,HUBLSN,2026-08-12,2026,8,12,14877.68,16350.0
Hiệu quả xe nội tỉnh chiều về,9,QNH,HUBQNH,2026-08-05,2026,8,5,23016.309999999998,46350.0
Hiệu quả xe nội tỉnh chiều về,9,KHA,HUBNTN,2026-08-11,2026,8,11,12366.15,18150.0
Hiệu quả xe nội tỉnh chiều về,9,PHO,HUBPHO,2026-08-04,2026,8,4,18461.76,56500.0
Hiệu quả xe nội tỉnh chiều về,9,KHA,HUBNTN,2026-08-16,2026,8,16,3920.23,13450.0
Hiệu quả xe nội tỉnh chiều về,9,CTO,HUBSTG,2026-08-17,2026,8,17,15398.25,27100.0
Hiệu quả xe nội tỉnh chiều về,9,TNH,HUBLAN,2026-07-31,2026,7,31,15284.43,17650.0
Hiệu quả xe nội tỉnh chiều về,9,DLK,HUBPYN,2026-08-10,2026,8,10,11367.630000000001,32790.0
Hiệu quả xe nội tỉnh chiều về,9,CNKT5,LOGBN,2026-08-09,2026,8,9,13486.48,16000.0
Hiệu quả xe nội tỉnh chiều về,9,PHO,HUBVPC,2026-07-31,2026,7,31,9285.35,8400.0
Hiệu quả xe nội tỉnh chiều về,9,DLK,HUBDLK,2026-08-12,2026,8,12,48387.36,101500.0
Hiệu quả xe nội tỉnh chiều về,9,QNH,HUBQNH,2026-08-11,2026,8,11,26904.25,50350.0
Hiệu quả xe nội tỉnh chiều về,9,SLA,HUBSLA,2026-08-06,2026,8,6,128.0,900.0
Hiệu quả xe nội tỉnh chiều về,9,LDG,HUBLDG03,2026-08-13,2026,8,13,11439.51,13650.0
Hiệu quả xe nội tỉnh chiều về,9,THA,HUBTHA,2026-08-11,2026,8,11,72124.3,149100.0
Hiệu quả xe nội tỉnh chiều về,9,DNG,HUBDNG,2026-08-05,2026,8,5,72672.51,99150.0
Hiệu quả xe nội tỉnh chiều về,9,NBH,HUBNBH,2026-08-12,2026,8,12,33400.09,57160.0
Hiệu quả xe nội tỉnh chiều về,9,HNI,HUBYAN,2026-08-09,2026,8,9,44032.96,74650.0
Hiệu quả xe nội tỉnh chiều về,9,CMU,HUBBLU,2026-08-16,2026,8,16,6917.13,14750.0
Hiệu quả xe nội tỉnh chiều về,9,QTI,HUBQBH,2026-08-16,2026,8,16,7968.76,17500.0
Hiệu quả xe nội tỉnh chiều về,9,HNI,HUBLBN,2026-08-11,2026,8,11,65045.65,99550.0
Hiệu quả xe nội tỉnh chiều về,9,HNI,HUBYAN,2026-08-04,2026,8,4,115098.16,213000.0
Hiệu quả xe nội tỉnh chiều về,9,VLG,HUBTVH,2026-08-12,2026,8,12,11108.75,25300.0
Hiệu quả xe nội tỉnh chiều về,9,CTO,HUBSTG,2026-08-06,2026,8,6,17173.4,35500.0
Hiệu quả xe nội tỉnh chiều về,9,VLG,HUBVLG,2026-08-09,2026,8,9,11383.02,28400.0
Hiệu quả xe nội tỉnh chiều về,9,QNI,HUBQNI,2026-08-10,2026,8,10,18112.83,24590.0
Hiệu quả xe nội tỉnh chiều về,9,LDG,HUBBTN,2026-08-16,2026,8,16,25071.19,48850.0
Hiệu quả xe nội tỉnh chiều về,9,BNH,HUBBGG,2026-08-12,2026,8,12,64763.950000000004,87700.0
Hiệu quả xe nội tỉnh chiều về,9,NBH,HUBHNM,2026-08-04,2026,8,4,22941.82,37700.0
Hiệu quả xe nội tỉnh chiều về,9,CNKT1,TTKT1,2026-08-08,2026,8,8,562110.3,948530.0
Hiệu quả xe nội tỉnh chiều về,9,DNI,HUBDNI,2026-08-02,2026,8,2,39114.22,115900.0
Hiệu quả xe nội tỉnh chiều về,9,KHA,HUBKHA,2026-08-12,2026,8,12,24053.079999999998,55550.0
Hiệu quả xe nội tỉnh chiều về,9,BNH,HUBBNH,2026-07-31,2026,7,31,23586.739999999998,37700.0
Hiệu quả xe nội tỉnh chiều về,9,KHA,HUBNTN,2026-08-07,2026,8,7,10546.5,17000.0
Hiệu quả xe nội tỉnh chiều về,9,TNH,HUBTNH,2026-08-11,2026,8,11,203.33,4500.0
Hiệu quả xe nội tỉnh chiều về,9,TNH,HUBTNH,2026-08-09,2026,8,9,15466.5,28700.0
Hiệu quả xe nội tỉnh chiều về,9,BNH,HUBBNH,2026-08-07,2026,8,7,56424.03,99300.0
Hiệu quả xe nội tỉnh chiều về,9,PHO,HUBHBH,2026-08-13,2026,8,13,11522.720000000001,15000.0
Hiệu quả xe nội tỉnh chiều về,9,PHO,HUBPHO,2026-08-08,2026,8,8,22239.97,47500.0
Hiệu quả xe nội tỉnh chiều về,9,HYN,HUBHYN,2026-08-14,2026,8,14,123516.31,95100.0
Hiệu quả xe nội tỉnh chiều về,9,CNKT5,LOGBN,2026-08-10,2026,8,10,15002.720000000001,16000.0
Hiệu quả xe nội tỉnh chiều về,9,NAN,HUBNAN,2026-08-09,2026,8,9,30146.38,73980.0
Hiệu quả xe nội tỉnh chiều về,9,QTI,HUBQBH,2026-08-08,2026,8,8,12023.23,18900.0
Hiệu quả xe nội tỉnh chiều về,9,SLA,HUBSLA,2026-08-02,2026,8,2,551.98,900.0
Hiệu quả xe nội tỉnh chiều về,9,DLK,HUBDLK,2026-08-09,2026,8,9,37615.479999999996,95350.0
Hiệu quả xe nội tỉnh chiều về,9,HCM,HUBVTU,2026-08-05,2026,8,5,21828.17,56650.0
Hiệu quả xe nội tỉnh chiều về,9,KHA,HUBNTN,2026-08-15,2026,8,15,8230.51,17000.0
Hiệu quả xe nội tỉnh chiều về,9,PHO,HUBPHO,2026-08-14,2026,8,14,21712.08,56500.0
Hiệu quả xe nội tỉnh chiều về,9,TNN,HUBBKN,2026-08-01,2026,8,1,1717.67,2560.0
Hiệu quả xe nội tỉnh chiều về,9,DTP,HUBTGG,2026-08-10,2026,8,10,28488.420000000002,53400.0
Hiệu quả xe nội tỉnh chiều về,9,CNKT3,TTKT3,2026-08-10,2026,8,10,341603.86,503030.0
Hiệu quả xe nội tỉnh chiều về,9,DLK,HUBDLK,2026-08-10,2026,8,10,52485.15,105000.0
Hiệu quả xe nội tỉnh chiều về,9,CMU,HUBCMU,2026-08-01,2026,8,1,12645.17,36350.0
Hiệu quả xe nội tỉnh chiều về,9,KHA,HUBKHA,2026-08-09,2026,8,9,12555.939999999999,52250.0
Hiệu quả xe nội tỉnh chiều về,9,LDG,HUBBTN,2026-08-07,2026,8,7,25005.260000000002,50750.0
Hiệu quả xe nội tỉnh chiều về,9,LDG,HUBDKG,2026-08-07,2026,8,7,17507.64,29500.0
Hiệu quả xe nội tỉnh chiều về,9,GLI,HUBBHD,2026-08-02,2026,8,2,12077.36,25100.0
Hiệu quả xe nội tỉnh chiều về,9,LCI,HUBYBN,2026-08-16,2026,8,16,13006.9,13000.0
Hiệu quả xe nội tỉnh chiều về,9,NBH,HUBHNM,2026-08-15,2026,8,15,29374.76,44700.0
Hiệu quả xe nội tỉnh chiều về,9,CNKT3,TTKT3,2026-08-17,2026,8,17,268454.1,455130.0
Hiệu quả xe nội tỉnh chiều về,9,LCI,HUBYBN,2026-08-10,2026,8,10,18949.25,16500.0
Hiệu quả xe nội tỉnh chiều về,9,HUE,HUBHUE,2026-08-15,2026,8,15,14158.93,23530.0
Hiệu quả xe nội tỉnh chiều về,9,QTI,HUBQBH,2026-08-09,2026,8,9,9586.92,17250.0
Hiệu quả xe nội tỉnh chiều về,9,HCM,HUBTTO,2026-08-08,2026,8,8,70612.54,103350.0
Hiệu quả xe nội tỉnh chiều về,9,NAN,HUBNAN,2026-08-02,2026,8,2,27062.27,72330.0
Hiệu quả xe nội tỉnh chiều về,9,AGG,HUBAGG,2026-08-02,2026,8,2,24891.66,52250.0
Hiệu quả xe nội tỉnh chiều về,9,DLK,HUBDLK,2026-08-13,2026,8,13,54088.8,103350.0
Hiệu quả xe nội tỉnh chiều về,9,HUE,HUBHUE,2026-08-17,2026,8,17,14858.56,24100.0
Hiệu quả xe nội tỉnh chiều về,9,CMU,HUBCMU,2026-08-15,2026,8,15,11840.03,36350.0
Hiệu quả xe nội tỉnh chiều về,9,BNH,HUBBGG,2026-08-17,2026,8,17,33164.24,43900.0
Hiệu quả xe nội tỉnh chiều về,9,CNKT3,TTKT3,2026-08-01,2026,8,1,339121.39,534730.0
Hiệu quả xe nội tỉnh chiều về,9,LDG,HUBDKG,2026-08-12,2026,8,12,19592.49,29500.0
Hiệu quả xe nội tỉnh chiều về,9,HPG,HUBHDG,2026-08-01,2026,8,1,43341.7,111750.0
Hiệu quả xe nội tỉnh chiều về,9,HUE,HUBHUE,2026-08-03,2026,8,3,19771.29,29680.0
Hiệu quả xe nội tỉnh chiều về,9,CMU,HUBBLU,2026-08-10,2026,8,10,9948.039999999999,26600.0
Hiệu quả xe nội tỉnh chiều về,9,NBH,HUBNDH,2026-08-06,2026,8,6,1510.85,5100.0
Hiệu quả xe nội tỉnh chiều về,9,CNKT5,TTKT5,2026-08-09,2026,8,9,65469.560000000005,90300.0
Hiệu quả xe nội tỉnh chiều về,9,TQG,HUBTQG,2026-08-03,2026,8,3,5062.030000000001,6600.0
Hiệu quả xe nội tỉnh chiều về,9,CNKT3,TTKT3,2026-08-04,2026,8,4,437123.5,612780.0
Hiệu quả xe nội tỉnh chiều về,9,NBH,HUBHNM,2026-08-12,2026,8,12,26121.84,49800.0
Hiệu quả xe nội tỉnh chiều về,9,HUE,HUBHUE,2026-08-05,2026,8,5,19524.13,29680.0
Hiệu quả xe nội tỉnh chiều về,9,HCM,HUBVTU,2026-08-10,2026,8,10,23667.09,60150.0
Hiệu quả xe nội tỉnh chiều về,9,LCI,HUBYBN,2026-08-08,2026,8,8,18122.87,18500.0
Hiệu quả xe nội tỉnh chiều về,9,TQG,HUBHGG,2026-08-16,2026,8,16,3053.61,4150.0
Hiệu quả xe nội tỉnh chiều về,9,DBN,HUBDBN,2026-08-05,2026,8,5,75.48,1650.0
Hiệu quả xe nội tỉnh chiều về,9,BNH,HUBBGG,2026-08-15,2026,8,15,74589.59,98000.0
Hiệu quả xe nội tỉnh chiều về,9,PHO,HUBPHO,2026-08-07,2026,8,7,24274.11,56500.0
Hiệu quả xe nội tỉnh chiều về,9,THA,HUBTHA,2026-08-15,2026,8,15,73171.15,151000.0
Hiệu quả xe nội tỉnh chiều về,9,GLI,HUBGLI,2026-08-17,2026,8,17,35341.76,56750.0
Hiệu quả xe nội tỉnh chiều về,9,TQG,HUBHGG,2026-08-15,2026,8,15,3127.94,4150.0
Hiệu quả xe nội tỉnh chiều về,9,DLK,HUBDLK,2026-08-02,2026,8,2,36576.090000000004,80250.0
Hiệu quả xe nội tỉnh chiều về,9,CTO,HUBCTO,2026-08-01,2026,8,1,45033.05,114400.0
Hiệu quả xe nội tỉnh chiều về,9,CMU,HUBBLU,2026-08-14,2026,8,14,8514.13,26600.0
Hiệu quả xe nội tỉnh chiều về,9,PHO,HUBHBH,2026-08-08,2026,8,8,12326.97,15000.0
Hiệu quả xe nội tỉnh chiều về,9,HPG,HUBHDG,2026-08-14,2026,8,14,49227.35,109500.0
Hiệu quả xe nội tỉnh chiều về,9,CNKT5,TTKT5,2026-08-17,2026,8,17,85454.44,122700.0
Hiệu quả xe nội tỉnh chiều về,9,KHA,HUBKHA,2026-08-03,2026,8,3,24967.69,53900.0
Hiệu quả xe nội tỉnh chiều về,9,TNH,HUBTNH,2026-07-31,2026,7,31,5538.63,6600.0
Hiệu quả xe nội tỉnh chiều về,9,GLI,HUBBHD,2026-08-12,2026,8,12,14710.199999999999,25100.0
Hiệu quả xe nội tỉnh chiều về,9,QNI,HUBKTM,2026-08-12,2026,8,12,9314.21,20000.0
Hiệu quả xe nội tỉnh chiều về,9,TQG,HUBTQG,2026-08-04,2026,8,4,4872.13,6600.0
Hiệu quả xe nội tỉnh chiều về,9,PHO,HUBVPC,2026-08-08,2026,8,8,73831.32,99100.0
Hiệu quả xe nội tỉnh chiều về,9,HNI,HUBTTI,2026-08-15,2026,8,15,145620.76,223900.0
Hiệu quả xe nội tỉnh chiều về,9,DBN,HUBDBN,2026-08-11,2026,8,11,94.22,1650.0
Hiệu quả xe nội tỉnh chiều về,9,CMU,HUBCMU,2026-08-02,2026,8,2,12775.69,17750.0
Hiệu quả xe nội tỉnh chiều về,9,CMU,HUBBLU,2026-08-08,2026,8,8,8317.869999999999,23700.0
Hiệu quả xe nội tỉnh chiều về,9,LDG,HUBBTN,2026-08-12,2026,8,12,31004.6,49100.0
Hiệu quả xe nội tỉnh chiều về,9,GLI,HUBGLI,2026-08-01,2026,8,1,29324.82,51580.0
Hiệu quả xe nội tỉnh chiều về,9,QNH,HUBQNH,2026-08-15,2026,8,15,874.32,4300.0
Hiệu quả xe nội tỉnh chiều về,9,PHO,HUBVPC,2026-08-14,2026,8,14,92299.62,102400.0
Hiệu quả xe nội tỉnh chiều về,9,KHA,HUBNTN,2026-08-05,2026,8,5,8123.41,17000.0
Hiệu quả xe nội tỉnh chiều về,9,DTP,HUBTGG,2026-08-16,2026,8,16,21940.19,41050.0
Hiệu quả xe nội tỉnh chiều về,9,TQG,HUBHGG,2026-08-04,2026,8,4,4716.74,4150.0
Hiệu quả xe nội tỉnh chiều về,9,TQG,HUBTQG,2026-08-06,2026,8,6,6677.84,6600.0
Hiệu quả xe nội tỉnh chiều về,9,KHA,HUBKHA,2026-08-08,2026,8,8,23303.19,53900.0
Hiệu quả xe nội tỉnh chiều về,9,DNG,HUBQNM,2026-08-15,2026,8,15,16170.42,49200.0
Hiệu quả xe nội tỉnh chiều về,9,DNG,HUBDNG,2026-08-17,2026,8,17,52321.69,68900.0
Hiệu quả xe nội tỉnh chiều về,9,CMU,HUBBLU,2026-08-03,2026,8,3,9904.060000000001,23700.0
Hiệu quả xe nội tỉnh chiều về,9,HNI,HUBTTI,2026-08-07,2026,8,7,162187.66,225100.0
Hiệu quả xe nội tỉnh chiều về,9,DLK,HUBDLK,2026-07-31,2026,7,31,6274.870000000001,6150.0
Hiệu quả xe nội tỉnh chiều về,9,HCM,HUBVTU,2026-08-02,2026,8,2,12407.99,65650.0
Hiệu quả xe nội tỉnh chiều về,9,HCM,HUBVTU,2026-08-12,2026,8,12,39287.03,69650.0
Hiệu quả xe nội tỉnh chiều về,9,LDG,HUBLDG01,2026-08-05,2026,8,5,16360.92,45800.0
Hiệu quả xe nội tỉnh chiều về,9,KHA,HUBKHA,2026-07-31,2026,7,31,4653.76,6750.0
Hiệu quả xe nội tỉnh chiều về,9,NBH,HUBNBH,2026-08-09,2026,8,9,25884.89,40160.0
Hiệu quả xe nội tỉnh chiều về,9,DTP,HUBDTP,2026-08-06,2026,8,6,29730.52,70300.0
Hiệu quả xe nội tỉnh chiều về,9,CTO,HUBCTO,2026-08-05,2026,8,5,48037.28,118900.0
Hiệu quả xe nội tỉnh chiều về,9,HUE,HUBHUE,2026-08-12,2026,8,12,15115.68,23530.0
Hiệu quả xe nội tỉnh chiều về,9,BNH,HUBBNH,2026-08-05,2026,8,5,62482.36,98150.0
Hiệu quả xe nội tỉnh chiều về,9,HCM,HUBTTO,2026-08-12,2026,8,12,75871.31,111450.0
Hiệu quả xe nội tỉnh chiều về,9,LSN,HUBLSN,2026-08-11,2026,8,11,17507.5,20850.0
Hiệu quả xe nội tỉnh chiều về,9,HNI,HUBLBN,2026-08-15,2026,8,15,57241.33,98950.0
Hiệu quả xe nội tỉnh chiều về,9,BNH,HUBBGG,2026-08-03,2026,8,3,50648.6,76750.0
Hiệu quả xe nội tỉnh chiều về,9,DLK,HUBPYN,2026-08-06,2026,8,6,12453.83,31540.0
Hiệu quả xe nội tỉnh chiều về,9,LDG,HUBLDG01,2026-08-14,2026,8,14,16743.28,44150.0
Hiệu quả xe nội tỉnh chiều về,9,SLA,HUBSLA,2026-08-11,2026,8,11,371.24,900.0
Hiệu quả xe nội tỉnh chiều về,9,LCI,HUBYBN,2026-08-12,2026,8,12,19292.370000000003,17500.0
Hiệu quả xe nội tỉnh chiều về,9,DTP,HUBDTP,2026-08-08,2026,8,8,36530.22,75400.0
Hiệu quả xe nội tỉnh chiều về,9,HPG,HUBHPG,2026-08-15,2026,8,15,23473.77,45240.0
Hiệu quả xe nội tỉnh chiều về,9,KHA,HUBKHA,2026-08-02,2026,8,2,10891.9,50600.0
Hiệu quả xe nội tỉnh chiều về,9,DLK,HUBPYN,2026-08-07,2026,8,7,12653.83,32790.0
Hiệu quả xe nội tỉnh chiều về,9,HYN,HUBTBH,2026-08-06,2026,8,6,24707.39,54600.0
Hiệu quả xe nội tỉnh chiều về,9,LDG,HUBLDG03,2026-08-10,2026,8,10,9872.06,15300.0
Hiệu quả xe nội tỉnh chiều về,9,HUE,HUBHUE,2026-08-16,2026,8,16,9102.79,23530.0
Hiệu quả xe nội tỉnh chiều về,9,GLI,HUBBHD,2026-08-08,2026,8,8,15324.15,24850.0
Hiệu quả xe nội tỉnh chiều về,9,LSN,HUBLSN,2026-08-06,2026,8,6,15122.77,15750.0
Hiệu quả xe nội tỉnh chiều về,9,HUE,HUBHUE,2026-08-08,2026,8,8,14217.26,23530.0
Hiệu quả xe nội tỉnh chiều về,9,HYN,HUBTBH,2026-08-08,2026,8,8,18923.2,48200.0
Hiệu quả xe nội tỉnh chiều về,9,CTO,HUBCTO,2026-08-17,2026,8,17,47723.68,120600.0
Hiệu quả xe nội tỉnh chiều về,9,TNH,HUBTNH,2026-08-01,2026,8,1,31902.01,55000.0
Hiệu quả xe nội tỉnh chiều về,9,HUE,HUBHUE,2026-08-04,2026,8,4,19362.78,29680.0
Hiệu quả xe nội tỉnh chiều về,9,THA,HUBTHA,2026-08-06,2026,8,6,72840.55,148950.0
Hiệu quả xe nội tỉnh chiều về,9,PHO,HUBPHO,2026-08-09,2026,8,9,22522.85,52000.0
Hiệu quả xe nội tỉnh chiều về,9,HYN,HUBHYN,2026-08-01,2026,8,1,96045.05,90000.0
Hiệu quả xe nội tỉnh chiều về,9,HUE,HUBHUE,2026-08-10,2026,8,10,15816.240000000002,24350.0
Hiệu quả xe nội tỉnh chiều về,9,LCI,HUBLCI01,2026-08-06,2026,8,6,26147.08,16000.0
Hiệu quả xe nội tỉnh chiều về,9,HCM,HUBVTU,2026-08-07,2026,8,7,21608.58,57650.0
Hiệu quả xe nội tỉnh chiều về,9,HNI,HUBYAN,2026-08-06,2026,8,6,120664.11,207500.0
Hiệu quả xe nội tỉnh chiều về,9,CNKT5,TTKT5,2026-07-31,2026,7,31,25512.07,31000.0
Hiệu quả xe nội tỉnh chiều về,9,NAN,HUBNAN,2026-08-05,2026,8,5,39337.87,67980.0
Hiệu quả xe nội tỉnh chiều về,9,QTI,HUBQBH,2026-08-13,2026,8,13,11077.89,22450.0
Hiệu quả xe nội tỉnh chiều về,9,CMU,HUBBLU,2026-08-12,2026,8,12,10143.25,26600.0
Hiệu quả xe nội tỉnh chiều về,9,VLG,HUBVLG,2026-08-17,2026,8,17,19240.59,56800.0
Hiệu quả xe nội tỉnh chiều về,9,LDG,HUBBTN,2026-07-31,2026,7,31,5828.38,8000.0
Hiệu quả xe nội tỉnh chiều về,9,PHO,HUBHBH,2026-08-09,2026,8,9,4924.26,13600.0
Hiệu quả xe nội tỉnh chiều về,9,CMU,HUBCMU,2026-08-07,2026,8,7,14183.11,36350.0
Hiệu quả xe nội tỉnh chiều về,9,CNKT3,TTKT3,2026-08-13,2026,8,13,360761.66,577430.0
Hiệu quả xe nội tỉnh chiều về,9,VLG,HUBTVH,2026-08-04,2026,8,4,10790.84,18600.0
Hiệu quả xe nội tỉnh chiều về,9,TQG,HUBHGG,2026-08-17,2026,8,17,4127.99,4150.0
Hiệu quả xe nội tỉnh chiều về,9,NBH,HUBNBH,2026-08-04,2026,8,4,27699.02,56330.0
Hiệu quả xe nội tỉnh chiều về,9,TNN,HUBTNN,2026-08-17,2026,8,17,20895.079999999998,42210.0
Hiệu quả xe nội tỉnh chiều về,9,DTP,HUBDTP,2026-08-12,2026,8,12,36232.08,75400.0
Hiệu quả xe nội tỉnh chiều về,9,HNI,HUBYAN,2026-08-14,2026,8,14,128679.54,213750.0
Hiệu quả xe nội tỉnh chiều về,9,LDG,HUBLDG03,2026-08-11,2026,8,11,11282.1,13650.0
Hiệu quả xe nội tỉnh chiều về,9,SLA,HUBSLA,2026-08-12,2026,8,12,222.26,900.0
Hiệu quả xe nội tỉnh chiều về,9,DNG,HUBDNG,2026-08-13,2026,8,13,65859.41,89600.0
Hiệu quả xe nội tỉnh chiều về,9,QTI,HUBQTI,2026-08-14,2026,8,14,12915.43,26640.0
Hiệu quả xe nội tỉnh chiều về,9,PHO,HUBVPC,2026-08-03,2026,8,3,62734.479999999996,108900.0
Hiệu quả xe nội tỉnh chiều về,9,LSN,HUBLSN,2026-08-10,2026,8,10,17218.559999999998,15750.0
Hiệu quả xe nội tỉnh chiều về,9,LCI,HUBLCI01,2026-08-02,2026,8,2,21443.89,16000.0
Hiệu quả xe nội tỉnh chiều về,9,NAN,HUBNAN,2026-08-01,2026,8,1,35163.9,75830.0
Hiệu quả xe nội tỉnh chiều về,9,NAN,HUBNAN,2026-07-31,2026,7,31,2003.45,4500.0
Hiệu quả xe nội tỉnh chiều về,9,CNKT1,TTKT1,2026-08-03,2026,8,3,612134.16,1000150.0
Hiệu quả xe nội tỉnh chiều về,9,THA,HUBTHA,2026-08-10,2026,8,10,72676.92,148850.0
Hiệu quả xe nội tỉnh chiều về,9,KHA,HUBNTN,2026-08-12,2026,8,12,8910.04,17000.0
Hiệu quả xe nội tỉnh chiều về,9,HTH,HUBHTH,2026-08-02,2026,8,2,6668.69,18250.0
Hiệu quả xe nội tỉnh chiều về,9,CNKT5,LOGBN,2026-08-12,2026,8,12,20698.5,24000.0
Hiệu quả xe nội tỉnh chiều về,9,CTO,HUBCTO,2026-08-04,2026,8,4,46810.450000000004,109050.0
Hiệu quả xe nội tỉnh chiều về,9,KHA,HUBKHA,2026-08-16,2026,8,16,15816.619999999999,55550.0
Hiệu quả xe nội tỉnh chiều về,9,DTP,HUBDTP,2026-08-03,2026,8,3,31896.55,72200.0
Hiệu quả xe nội tỉnh chiều về,9,TNH,HUBLAN,2026-08-02,2026,8,2,22037.09,83850.0
Hiệu quả xe nội tỉnh chiều về,9,KHA,HUBNTN,2026-08-04,2026,8,4,9952.9,17000.0
Hiệu quả xe nội tỉnh chiều về,9,HCM,HUBVTU,2026-08-06,2026,8,6,23567.79,60150.0
Hiệu quả xe nội tỉnh chiều về,9,QNH,HUBQNH,2026-08-09,2026,8,9,15267.039999999999,28000.0
Hiệu quả xe nội tỉnh chiều về,9,DLK,HUBPYN,2026-08-13,2026,8,13,11791.14,32790.0
Hiệu quả xe nội tỉnh chiều về,9,TNH,HUBTNH,2026-08-15,2026,8,15,270.34,4500.0
Hiệu quả xe nội tỉnh chiều về,9,AGG,HUBAGG,2026-08-10,2026,8,10,29246.51,65100.0
Hiệu quả xe nội tỉnh chiều về,9,CNKT5,LOGBN,2026-08-13,2026,8,13,18846.72,24000.0
Hiệu quả xe nội tỉnh chiều về,9,DLK,HUBPYN,2026-08-14,2026,8,14,10507.8,31140.0
Hiệu quả xe nội tỉnh chiều về,9,HPG,HUBHPG,2026-08-12,2026,8,12,27980.36,48470.0
Hiệu quả xe nội tỉnh chiều về,9,TNN,HUBTNN,2026-08-02,2026,8,2,26895.48,57510.0
Hiệu quả xe nội tỉnh chiều về,9,BNH,HUBBNH,2026-08-03,2026,8,3,70372.84,93150.0
Hiệu quả xe nội tỉnh chiều về,9,VLG,HUBBTE,2026-08-04,2026,8,4,41043.4,71950.0
Hiệu quả xe nội tỉnh chiều về,9,DNG,HUBDNG,2026-08-01,2026,8,1,61275.79,85400.0
Hiệu quả xe nội tỉnh chiều về,9,QTI,HUBQTI,2026-08-16,2026,8,16,11495.58,14560.0
Hiệu quả xe nội tỉnh chiều về,9,HPG,HUBHDG,2026-08-09,2026,8,9,12053.23,49550.0
Hiệu quả xe nội tỉnh chiều về,9,HNI,HUBYAN,2026-08-10,2026,8,10,131427.1,220100.0
Hiệu quả xe nội tỉnh chiều về,9,LCI,HUBLCI01,2026-08-10,2026,8,10,28113.53,16000.0
Hiệu quả xe nội tỉnh chiều về,9,HCM,HUBTTO,2026-08-17,2026,8,17,62347.09,89000.0
Hiệu quả xe nội tỉnh chiều về,9,QTI,HUBQTI,2026-08-07,2026,8,7,12485.31,25810.0
Hiệu quả xe nội tỉnh chiều về,9,HPG,HUBHPG,2026-08-11,2026,8,11,31416.95,44340.0
Hiệu quả xe nội tỉnh chiều về,9,LDG,HUBDKG,2026-08-06,2026,8,6,20832.87,29500.0
Hiệu quả xe nội tỉnh chiều về,9,QTI,HUBQBH,2026-08-12,2026,8,12,12883.91,20800.0
Hiệu quả xe nội tỉnh chiều về,9,QTI,HUBQBH,2026-08-02,2026,8,2,9864.55,17250.0
Hiệu quả xe nội tỉnh chiều về,9,SLA,HUBSLA,2026-08-10,2026,8,10,249.95,900.0
Hiệu quả xe nội tỉnh chiều về,9,CNKT5,TTKT5,2026-08-11,2026,8,11,165731.78,214600.0
Hiệu quả xe nội tỉnh chiều về,9,HPG,HUBHPG,2026-08-04,2026,8,4,26797.9,48520.0
Hiệu quả xe nội tỉnh chiều về,9,QNH,HUBQNH,2026-08-13,2026,8,13,4427.68,8700.0
Hiệu quả xe nội tỉnh chiều về,9,GLI,HUBGLI,2026-08-16,2026,8,16,30569.83,55930.0
Hiệu quả xe nội tỉnh chiều về,9,DTP,HUBDTP,2026-08-13,2026,8,13,38630.55,82150.0
Hiệu quả xe nội tỉnh chiều về,9,TNN,HUBBKN,2026-08-02,2026,8,2,243.27,830.0
Hiệu quả xe nội tỉnh chiều về,9,GLI,HUBBHD,2026-08-05,2026,8,5,16604.93,29350.0
Hiệu quả xe nội tỉnh chiều về,9,HTH,HUBHTH,2026-08-08,2026,8,8,8313.68,29450.0
Hiệu quả xe nội tỉnh chiều về,9,HPG,HUBHDG,2026-08-06,2026,8,6,53275.090000000004,114650.0
Hiệu quả xe nội tỉnh chiều về,9,PHO,HUBVPC,2026-08-09,2026,8,9,63805.53,100500.0
Hiệu quả xe nội tỉnh chiều về,9,CNKT3,TTKT3,2026-08-02,2026,8,2,163351.28,376650.0
Hiệu quả xe nội tỉnh chiều về,9,CNKT5,TTKT5,2026-08-04,2026,8,4,143477.9,210000.0
Hiệu quả xe nội tỉnh chiều về,9,TQG,HUBTQG,2026-08-11,2026,8,11,5259.4,6600.0
Hiệu quả xe nội tỉnh chiều về,9,QNI,HUBQNI,2026-08-03,2026,8,3,13858.61,24590.0
Hiệu quả xe nội tỉnh chiều về,9,HTH,HUBHTH,2026-08-03,2026,8,3,6818.3099999999995,29450.0
Hiệu quả xe nội tỉnh chiều về,9,QTI,HUBQBH,2026-08-07,2026,8,7,14234.289999999999,18900.0
Hiệu quả xe nội tỉnh chiều về,9,HCM,HUBTTO,2026-08-07,2026,8,7,70119.05,99400.0
Hiệu quả xe nội tỉnh chiều về,9,DBN,HUBDBN,2026-08-08,2026,8,8,98.72,1650.0
Hiệu quả xe nội tỉnh chiều về,9,KHA,HUBNTN,2026-08-02,2026,8,2,4147.77,9900.0
Hiệu quả xe nội tỉnh chiều về,9,NBH,HUBHNM,2026-08-07,2026,8,7,26199.2,39600.0
Hiệu quả xe nội tỉnh chiều về,9,VLG,HUBVLG,2026-07-31,2026,7,31,3669.07,4500.0
Hiệu quả xe nội tỉnh chiều về,9,THA,HUBTHA,2026-08-07,2026,8,7,70695.01,145800.0
Hiệu quả xe nội tỉnh chiều về,9,VLG,HUBBTE,2026-07-31,2026,7,31,4949.049999999999,8000.0
Hiệu quả xe nội tỉnh chiều về,9,GLI,HUBBHD,2026-08-10,2026,8,10,15388.37,25100.0
Hiệu quả xe nội tỉnh chiều về,9,TQG,HUBHGG,2026-08-07,2026,8,7,1922.38,1650.0
Hiệu quả xe nội tỉnh chiều về,9,LCI,HUBYBN,2026-08-14,2026,8,14,14902.91,16650.0
Hiệu quả xe nội tỉnh chiều về,9,CTO,HUBSTG,2026-08-13,2026,8,13,21321.23,28800.0
Hiệu quả xe nội tỉnh chiều về,9,HPG,HUBHDG,2026-08-13,2026,8,13,41429.32,113000.0
Hiệu quả xe nội tỉnh chiều về,9,CMU,HUBCMU,2026-08-13,2026,8,13,15338.1,36350.0
Hiệu quả xe nội tỉnh chiều về,9,HCM,HUBTTO,2026-07-31,2026,7,31,3100.61,4700.0
Hiệu quả xe nội tỉnh chiều về,9,TNH,HUBTNH,2026-08-12,2026,8,12,371.23,4500.0
Hiệu quả xe nội tỉnh chiều về,9,DTP,HUBTGG,2026-08-02,2026,8,2,17262.48,45100.0
Hiệu quả xe nội tỉnh chiều về,9,DLK,HUBDLK,2026-08-16,2026,8,16,37227.74,95350.0
Hiệu quả xe nội tỉnh chiều về,9,SLA,HUBSLA,2026-08-09,2026,8,9,50.66,900.0
Hiệu quả xe nội tỉnh chiều về,9,THA,HUBTHA,2026-08-17,2026,8,17,55328.09,101600.0
Hiệu quả xe nội tỉnh chiều về,9,CTO,HUBSTG,2026-08-15,2026,8,15,17041.25,30450.0
Hiệu quả xe nội tỉnh chiều về,9,DLK,HUBDLK,2026-08-14,2026,8,14,50238.55,105000.0
Hiệu quả xe nội tỉnh chiều về,9,CTO,HUBSTG,2026-08-04,2026,8,4,19285.37,35500.0
Hiệu quả xe nội tỉnh chiều về,9,HYN,HUBTBH,2026-08-13,2026,8,13,11080.55,24800.0
Hiệu quả xe nội tỉnh chiều về,9,DLK,HUBDLK,2026-08-01,2026,8,1,46062.93,94800.0
Hiệu quả xe nội tỉnh chiều về,9,QTI,HUBQTI,2026-08-11,2026,8,11,14823.67,20710.0
Hiệu quả xe nội tỉnh chiều về,9,LCI,HUBLCI01,2026-08-05,2026,8,5,28508.6,16000.0
Hiệu quả xe nội tỉnh chiều về,9,VLG,HUBVLG,2026-08-07,2026,8,7,19137.73,56800.0
Hiệu quả xe nội tỉnh chiều về,9,HCM,HUBVTU,2026-08-08,2026,8,8,18535.59,65650.0
Hiệu quả xe nội tỉnh chiều về,9,SLA,HUBSLA,2026-08-05,2026,8,5,355.37,900.0
Hiệu quả xe nội tỉnh chiều về,9,HTH,HUBHTH,2026-08-12,2026,8,12,7575.59,27600.0
Hiệu quả xe nội tỉnh chiều về,9,HNI,HUBYAN,2026-08-03,2026,8,3,129697.89,225150.0
Hiệu quả xe nội tỉnh chiều về,9,LDG,HUBDKG,2026-08-13,2026,8,13,16398.59,29500.0
Hiệu quả xe nội tỉnh chiều về,9,HYN,HUBTBH,2026-08-12,2026,8,12,18108.99,34050.0
Hiệu quả xe nội tỉnh chiều về,9,TQG,HUBTQG,2026-08-07,2026,8,7,5584.45,6600.0
Hiệu quả xe nội tỉnh chiều về,9,BNH,HUBBNH,2026-08-01,2026,8,1,56359.36,93650.0
Hiệu quả xe nội tỉnh chiều về,9,HPG,HUBHDG,2026-08-17,2026,8,17,49649.99,110100.0
Hiệu quả xe nội tỉnh chiều về,9,LDG,HUBDKG,2026-08-08,2026,8,8,15985.36,25000.0
Hiệu quả xe nội tỉnh chiều về,9,HPG,HUBHPG,2026-08-16,2026,8,16,2079.58,9350.0
Hiệu quả xe nội tỉnh chiều về,9,KHA,HUBKHA,2026-08-05,2026,8,5,23393.72,52250.0
Hiệu quả xe nội tỉnh chiều về,9,CNKT5,TTKT5,2026-08-01,2026,8,1,97560.72,163000.0
Hiệu quả xe nội tỉnh chiều về,9,CNKT1,TTKT1,2026-08-12,2026,8,12,596855.08,983130.0
Hiệu quả xe nội tỉnh chiều về,9,CTO,HUBSTG,2026-08-12,2026,8,12,16634.59,21900.0
Hiệu quả xe nội tỉnh chiều về,9,CTO,HUBSTG,2026-08-11,2026,8,11,22067.95,21900.0
Hiệu quả xe nội tỉnh chiều về,9,QNH,HUBQNH,2026-08-01,2026,8,1,17737.07,46550.0
Hiệu quả xe nội tỉnh chiều về,9,TNN,HUBTNN,2026-07-31,2026,7,31,4525.29,5930.0
Hiệu quả xe nội tỉnh chiều về,9,CMU,HUBCMU,2026-08-05,2026,8,5,13126.4,36350.0
Hiệu quả xe nội tỉnh chiều về,9,QNI,HUBKTM,2026-08-11,2026,8,11,9544.699999999999,16700.0
Hiệu quả xe nội tỉnh chiều về,9,QTI,HUBQTI,2026-08-02,2026,8,2,9835.0,14560.0
Hiệu quả xe nội tỉnh chiều về,9,HTH,HUBHTH,2026-08-09,2026,8,9,6163.73,18250.0
Hiệu quả xe nội tỉnh chiều về,9,VLG,HUBTVH,2026-08-05,2026,8,5,9776.09,25300.0
Hiệu quả xe nội tỉnh chiều về,9,DNI,HUBBPC,2026-08-05,2026,8,5,19569.579999999998,48450.0
Hiệu quả xe nội tỉnh chiều về,9,LDG,HUBLDG01,2026-08-15,2026,8,15,20486.88,44150.0
Hiệu quả xe nội tỉnh chiều về,9,NAN,HUBNAN,2026-08-14,2026,8,14,36644.2,77480.0
Hiệu quả xe nội tỉnh chiều về,9,TNN,HUBTNN,2026-08-11,2026,8,11,46645.21,64310.0
Hiệu quả xe nội tỉnh chiều về,9,LSN,HUBLSN,2026-08-16,2026,8,16,12656.96,20850.0
Hiệu quả xe nội tỉnh chiều về,9,HNI,HUBTTI,2026-08-17,2026,8,17,119178.19,174100.0
Hiệu quả xe nội tỉnh chiều về,9,KHA,HUBNTN,2026-08-13,2026,8,13,10918.55,17000.0
Hiệu quả xe nội tỉnh chiều về,9,SLA,HUBSLA,2026-08-03,2026,8,3,158.71,900.0
Hiệu quả xe nội tỉnh chiều về,9,SLA,HUBSLA,2026-08-08,2026,8,8,105.29,900.0
Hiệu quả xe nội tỉnh chiều về,9,LDG,HUBLDG03,2026-08-03,2026,8,3,12965.67,15300.0
Hiệu quả xe nội tỉnh chiều về,9,HCM,HUBTTO,2026-08-10,2026,8,10,79073.84,101500.0
Hiệu quả xe nội tỉnh chiều về,9,LSN,HUBLSN,2026-08-04,2026,8,4,19461.329999999998,15750.0
Hiệu quả xe nội tỉnh chiều về,9,DNG,HUBDNG,2026-08-12,2026,8,12,59814.96,92800.0
Hiệu quả xe nội tỉnh chiều về,9,LSN,HUBLSN,2026-08-02,2026,8,2,9655.03,15750.0
Hiệu quả xe nội tỉnh chiều về,9,HNI,HUBYAN,2026-08-16,2026,8,16,38146.49,65200.0
Hiệu quả xe nội tỉnh chiều về,9,NBH,HUBNBH,2026-08-13,2026,8,13,35542.18,57160.0
Hiệu quả xe nội tỉnh chiều về,9,DNG,HUBDNG,2026-08-14,2026,8,14,62194.02,95500.0
Hiệu quả xe nội tỉnh chiều về,9,LDG,HUBDKG,2026-08-14,2026,8,14,20997.32,29500.0
Hiệu quả xe nội tỉnh chiều về,9,LDG,HUBLDG01,2026-07-31,2026,7,31,924.06,2550.0
Hiệu quả xe nội tỉnh chiều về,9,HNI,BBSDPG,2026-08-09,2026,8,9,22213.37,38500.0
Hiệu quả xe nội tỉnh chiều về,9,CNKT5,LOGBN,2026-08-17,2026,8,17,6434.55,8000.0
Hiệu quả xe nội tỉnh chiều về,9,HNI,HUBTTI,2026-08-12,2026,8,12,161374.87,232850.0
Hiệu quả xe nội tỉnh chiều về,9,QTI,HUBQTI,2026-08-06,2026,8,6,15554.56,25810.0
Hiệu quả xe nội tỉnh chiều về,9,HNI,HUBYAN,2026-08-01,2026,8,1,108448.67,214500.0
Hiệu quả xe nội tỉnh chiều về,9,NBH,HUBHNM,2026-08-06,2026,8,6,25878.77,44700.0
Hiệu quả xe nội tỉnh chiều về,9,HNI,HUBYAN,2026-08-15,2026,8,15,110113.15,214150.0
Hiệu quả xe nội tỉnh chiều về,9,BNH,HUBBGG,2026-08-09,2026,8,9,45478.21,79650.0
Hiệu quả xe nội tỉnh chiều về,9,LSN,HUBLSN,2026-08-09,2026,8,9,12642.69,15750.0
Hiệu quả xe nội tỉnh chiều về,9,HNI,BBSDPG,2026-08-08,2026,8,8,35572.35,68700.0
Hiệu quả xe nội tỉnh chiều về,9,QTI,HUBQBH,2026-08-01,2026,8,1,9532.5,20300.0
Hiệu quả xe nội tỉnh chiều về,9,GLI,HUBGLI,2026-08-15,2026,8,15,34224.26,54930.0
Hiệu quả xe nội tỉnh chiều về,9,TNN,HUBTNN,2026-08-04,2026,8,4,38391.869999999995,65140.0
Hiệu quả xe nội tỉnh chiều về,9,TQG,HUBHGG,2026-08-11,2026,8,11,4239.61,4150.0
Hiệu quả xe nội tỉnh chiều về,9,TQG,HUBTQG,2026-08-01,2026,8,1,5092.11,6600.0
Hiệu quả xe nội tỉnh chiều về,9,TNN,HUBTNN,2026-08-12,2026,8,12,38212.85,65960.0
Hiệu quả xe nội tỉnh chiều về,9,CMU,HUBBLU,2026-08-06,2026,8,6,8358.05,29500.0
Hiệu quả xe nội tỉnh chiều về,9,CNKT3,TTKT3,2026-08-11,2026,8,11,404107.1,574530.0
Hiệu quả xe nội tỉnh chiều về,9,NBH,HUBHNM,2026-08-02,2026,8,2,17245.22,24200.0
Hiệu quả xe nội tỉnh chiều về,9,CNKT5,LOGBN,2026-08-05,2026,8,5,14925.630000000001,16000.0
Hiệu quả xe nội tỉnh chiều về,9,CMU,HUBCMU,2026-08-04,2026,8,4,12937.68,36350.0
Hiệu quả xe nội tỉnh chiều về,9,CMU,HUBBLU,2026-08-04,2026,8,4,10697.880000000001,26600.0
Hiệu quả xe nội tỉnh chiều về,9,HUE,HUBHUE,2026-08-02,2026,8,2,12231.77,29430.0
Hiệu quả xe nội tỉnh chiều về,9,KHA,HUBKHA,2026-08-13,2026,8,13,23169.84,51050.0
Hiệu quả xe nội tỉnh chiều về,9,DNG,HUBDNG,2026-08-15,2026,8,15,65923.8,85600.0
Hiệu quả xe nội tỉnh chiều về,9,HPG,HUBHDG,2026-08-04,2026,8,4,43200.45,114650.0
Hiệu quả xe nội tỉnh chiều về,9,CNKT1,TTKT1,2026-08-10,2026,8,10,608783.84,978390.0
Hiệu quả xe nội tỉnh chiều về,9,HPG,HUBHDG,2026-08-12,2026,8,12,47728.06,113600.0
Hiệu quả xe nội tỉnh chiều về,9,HYN,HUBHYN,2026-08-09,2026,8,9,42022.1,41900.0
Hiệu quả xe nội tỉnh chiều về,9,HYN,HUBHYN,2026-07-31,2026,7,31,17063.3,19650.0
Hiệu quả xe nội tỉnh chiều về,9,THA,HUBTHA,2026-08-05,2026,8,5,66246.3,140550.0
Hiệu quả xe nội tỉnh chiều về,9,HPG,HUBHPG,2026-08-03,2026,8,3,27513.81,43440.0
Hiệu quả xe nội tỉnh chiều về,9,CTO,HUBCTO,2026-08-14,2026,8,14,45971.229999999996,114400.0
Hiệu quả xe nội tỉnh chiều về,9,CNKT5,TTKT5,2026-08-02,2026,8,2,54793.52,80800.0
Hiệu quả xe nội tỉnh chiều về,9,CNKT5,TTKT5,2026-08-06,2026,8,6,156648.89,213700.0
Hiệu quả xe nội tỉnh chiều về,9,LDG,HUBLDG03,2026-08-12,2026,8,12,12490.3,13650.0
Hiệu quả xe nội tỉnh chiều về,9,PHO,HUBVPC,2026-08-02,2026,8,2,59081.32,95600.0
Hiệu quả xe nội tỉnh chiều về,9,HNI,HUBTTI,2026-08-01,2026,8,1,142321.57,221750.0
Hiệu quả xe nội tỉnh chiều về,9,CMU,HUBCMU,2026-08-10,2026,8,10,13963.3,36350.0
Hiệu quả xe nội tỉnh chiều về,9,HNI,HUBYAN,2026-08-05,2026,8,5,102808.72,214350.0
Hiệu quả xe nội tỉnh chiều về,9,DLK,HUBPYN,2026-08-01,2026,8,1,15135.51,32790.0
Hiệu quả xe nội tỉnh chiều về,9,HNI,HUBTTI,2026-08-10,2026,8,10,171666.91999999998,245650.0
Hiệu quả xe nội tỉnh chiều về,9,LCI,HUBLCI01,2026-08-04,2026,8,4,26643.27,16000.0
Hiệu quả xe nội tỉnh chiều về,9,CNKT1,TTKT1,2026-08-01,2026,8,1,563116.1,997700.0
Hiệu quả xe nội tỉnh chiều về,9,LDG,HUBBTN,2026-08-11,2026,8,11,31321.989999999998,49100.0
Hiệu quả xe nội tỉnh chiều về,9,DNG,HUBDNG,2026-08-06,2026,8,6,84634.02,100150.0
Hiệu quả xe nội tỉnh chiều về,9,QTI,HUBQBH,2026-08-06,2026,8,6,11214.88,22200.0
Hiệu quả xe nội tỉnh chiều về,9,HNI,BBSDPG,2026-08-10,2026,8,10,35496.16,71200.0
Hiệu quả xe nội tỉnh chiều về,9,HCM,HUBTTO,2026-08-04,2026,8,4,71643.28,103350.0
Hiệu quả xe nội tỉnh chiều về,9,CNKT1,TTKT1,2026-07-30,2026,7,30,1259.19,1900.0
Hiệu quả xe nội tỉnh chiều về,9,DBN,HUBDBN,2026-08-17,2026,8,17,18.0,1650.0
Hiệu quả xe nội tỉnh chiều về,9,NAN,HUBNAN,2026-08-15,2026,8,15,40557.409999999996,81980.0
Hiệu quả xe nội tỉnh chiều về,9,QNI,HUBQNI,2026-08-01,2026,8,1,12739.55,24590.0
Hiệu quả xe nội tỉnh chiều về,9,HNI,HUBTTI,2026-08-13,2026,8,13,145991.03,223200.0
Hiệu quả xe nội tỉnh chiều về,9,LDG,HUBLDG03,2026-08-02,2026,8,2,6377.17,13650.0
Hiệu quả xe nội tỉnh chiều về,9,LDG,HUBBTN,2026-08-06,2026,8,6,25878.67,48850.0
Hiệu quả xe nội tỉnh chiều về,9,LDG,HUBLDG01,2026-08-07,2026,8,7,19332.489999999998,45800.0
Hiệu quả xe nội tỉnh chiều về,9,TNH,HUBTNH,2026-08-06,2026,8,6,33856.98,55000.0
Hiệu quả xe nội tỉnh chiều về,9,TQG,HUBHGG,2026-08-09,2026,8,9,3206.6499999999996,4150.0
Hiệu quả xe nội tỉnh chiều về,9,DTP,HUBTGG,2026-08-09,2026,8,9,18529.85,41050.0
Hiệu quả xe nội tỉnh chiều về,9,BNH,HUBBGG,2026-08-07,2026,8,7,49888.26,80500.0
Hiệu quả xe nội tỉnh chiều về,9,CTO,HUBCTO,2026-08-16,2026,8,16,32572.39,103400.0
Hiệu quả xe nội tỉnh chiều về,9,HYN,HUBTBH,2026-08-02,2026,8,2,16161.39,48200.0
Hiệu quả xe nội tỉnh chiều về,9,TQG,HUBHGG,2026-08-13,2026,8,13,3192.26,4150.0
Hiệu quả xe nội tỉnh chiều về,9,AGG,HUBKGG01,2026-08-04,2026,8,4,16273.86,44750.0
Hiệu quả xe nội tỉnh chiều về,9,PHO,HUBVPC,2026-08-10,2026,8,10,85727.94,112400.0
Hiệu quả xe nội tỉnh chiều về,9,LDG,HUBLDG01,2026-08-16,2026,8,16,11054.46,32650.0
Hiệu quả xe nội tỉnh chiều về,9,LDG,HUBLDG03,2026-08-07,2026,8,7,7352.08,11750.0
Hiệu quả xe nội tỉnh chiều về,9,PHO,HUBPHO,2026-08-12,2026,8,12,19120.64,56500.0
Hiệu quả xe nội tỉnh chiều về,9,HYN,HUBTBH,2026-08-03,2026,8,3,31410.17,65400.0
Hiệu quả xe nội tỉnh chiều về,9,HNI,HUBYAN,2026-08-17,2026,8,17,120924.08,185295.0
Hiệu quả xe nội tỉnh chiều về,9,HYN,HUBHYN,2026-08-16,2026,8,16,35234.02,41900.0
Hiệu quả xe nội tỉnh chiều về,9,DTP,HUBDTP,2026-08-11,2026,8,11,37472.21,81000.0
Hiệu quả xe nội tỉnh chiều về,9,CNKT5,LOGBN,2026-08-03,2026,8,3,18936.1,24000.0
Hiệu quả xe nội tỉnh chiều về,9,CMU,HUBCMU,2026-08-12,2026,8,12,14229.039999999999,36350.0
Hiệu quả xe nội tỉnh chiều về,9,QNI,HUBKTM,2026-08-02,2026,8,2,7325.11,20000.0
Hiệu quả xe nội tỉnh chiều về,9,NAN,HUBNAN,2026-08-10,2026,8,10,42199.02,66430.0
Hiệu quả xe nội tỉnh chiều về,9,VLG,HUBVLG,2026-08-10,2026,8,10,20285.5,56800.0
Hiệu quả xe nội tỉnh chiều về,9,VLG,HUBVLG,2026-08-16,2026,8,16,12574.22,33500.0
Hiệu quả xe nội tỉnh chiều về,9,CTO,HUBCTO,2026-08-10,2026,8,10,48581.24,104550.0
Hiệu quả xe nội tỉnh chiều về,9,NBH,HUBNBH,2026-08-02,2026,8,2,18467.55,44660.0
Hiệu quả xe nội tỉnh chiều về,9,QTI,HUBQBH,2026-08-05,2026,8,5,12059.720000000001,22200.0
Hiệu quả xe nội tỉnh chiều về,9,HNI,HUBYAN,2026-08-12,2026,8,12,129409.95999999999,218950.0
Hiệu quả xe nội tỉnh chiều về,9,HPG,HUBHPG,2026-08-05,2026,8,5,22546.8,42590.0
Hiệu quả xe nội tỉnh chiều về,9,LCI,HUBYBN,2026-08-17,2026,8,17,11316.81,11500.0
Hiệu quả xe nội tỉnh chiều về,9,VLG,HUBTVH,2026-08-01,2026,8,1,9531.84,18600.0
Hiệu quả xe nội tỉnh chiều về,9,LSN,HUBLSN,2026-08-08,2026,8,8,14135.880000000001,15750.0
Hiệu quả xe nội tỉnh chiều về,9,KHA,HUBNTN,2026-08-14,2026,8,14,11894.529999999999,18650.0
Hiệu quả xe nội tỉnh chiều về,9,HPG,HUBHDG,2026-08-02,2026,8,2,15634.9,58100.0
Hiệu quả xe nội tỉnh chiều về,9,HPG,HUBHDG,2026-08-11,2026,8,11,50767.24,106250.0
Hiệu quả xe nội tỉnh chiều về,9,CNKT5,TTKT5,2026-08-14,2026,8,14,140282.85,190400.0
Hiệu quả xe nội tỉnh chiều về,9,CTO,HUBSTG,2026-08-10,2026,8,10,19727.25,19400.0
Hiệu quả xe nội tỉnh chiều về,9,CNKT3,TTKT3,2026-08-05,2026,8,5,395461.65,585550.0
Hiệu quả xe nội tỉnh chiều về,9,PHO,HUBHBH,2026-08-12,2026,8,12,11587.85,15000.0
Hiệu quả xe nội tỉnh chiều về,9,PHO,HUBPHO,2026-08-10,2026,8,10,19468.69,56500.0
Hiệu quả xe nội tỉnh chiều về,9,DTP,HUBTGG,2026-08-07,2026,8,7,29126.690000000002,67100.0
Hiệu quả xe nội tỉnh chiều về,9,PHO,HUBVPC,2026-08-11,2026,8,11,80210.46,115900.0
Hiệu quả xe nội tỉnh chiều về,9,HCM,HUBTTO,2026-08-01,2026,8,1,67616.25,98050.0
Hiệu quả xe nội tỉnh chiều về,9,GLI,HUBBHD,2026-08-17,2026,8,17,17445.68,24850.0
Hiệu quả xe nội tỉnh chiều về,9,AGG,HUBKGG01,2026-08-02,2026,8,2,15563.71,29250.0
Hiệu quả xe nội tỉnh chiều về,9,LDG,HUBBTN,2026-08-15,2026,8,15,29252.54,48850.0
Hiệu quả xe nội tỉnh chiều về,9,QNI,HUBKTM,2026-08-10,2026,8,10,9278.34,18350.0
Hiệu quả xe nội tỉnh chiều về,9,DNG,HUBDNG,2026-08-16,2026,8,16,33348.51,45400.0
Hiệu quả xe nội tỉnh chiều về,9,HPG,HUBHDG,2026-08-08,2026,8,8,46737.96,111150.0
Hiệu quả xe nội tỉnh chiều về,9,VLG,HUBTVH,2026-08-10,2026,8,10,11805.099999999999,18600.0
Hiệu quả xe nội tỉnh chiều về,9,DNI,HUBBPC,2026-08-02,2026,8,2,11667.98,44650.0
Hiệu quả xe nội tỉnh chiều về,9,NBH,HUBNBH,2026-08-07,2026,8,7,32781.26,56330.0
Hiệu quả xe nội tỉnh chiều về,9,GLI,HUBGLI,2026-08-06,2026,8,6,36971.92,58430.0
Hiệu quả xe nội tỉnh chiều về,9,DTP,HUBDTP,2026-08-14,2026,8,14,35705.19,81800.0
Hiệu quả xe nội tỉnh chiều về,9,GLI,HUBGLI,2026-08-09,2026,8,9,28939.97,56580.0
Hiệu quả xe nội tỉnh chiều về,9,DNI,HUBBPC,2026-08-03,2026,8,3,20511.48,48200.0
Hiệu quả xe nội tỉnh chiều về,9,KHA,HUBKHA,2026-08-11,2026,8,11,28787.9,53900.0
Hiệu quả xe nội tỉnh chiều về,9,NBH,HUBHNM,2026-08-17,2026,8,17,10723.6,25200.0
Hiệu quả xe nội tỉnh chiều về,9,NBH,HUBNBH,2026-08-03,2026,8,3,22958.79,52660.0
Hiệu quả xe nội tỉnh chiều về,9,CNKT3,TTKT3,2026-08-07,2026,8,7,355245.43,552030.0
Hiệu quả xe nội tỉnh chiều về,9,CNKT3,TTKT3,2026-08-08,2026,8,8,380157.64,571230.0
Hiệu quả xe nội tỉnh chiều về,9,PHO,HUBVPC,2026-08-07,2026,8,7,79282.97,107500.0
Hiệu quả xe nội tỉnh chiều về,9,QNI,HUBKTM,2026-08-03,2026,8,3,8657.54,20000.0
Hiệu quả xe nội tỉnh chiều về,9,HPG,HUBHPG,2026-08-08,2026,8,8,22065.12,41010.0
Hiệu quả xe nội tỉnh chiều về,9,DNG,HUBDNG,2026-08-11,2026,8,11,78371.79,84300.0
Hiệu quả xe nội tỉnh chiều về,9,CNKT5,TTKT5,2026-08-07,2026,8,7,131859.14,203500.0
Hiệu quả xe nội tỉnh chiều về,9,NBH,HUBNBH,2026-08-06,2026,8,6,29247.28,57160.0
Hiệu quả xe nội tỉnh chiều về,9,VLG,HUBBTE,2026-08-06,2026,8,6,2560.69,4500.0
Hiệu quả xe nội tỉnh chiều về,9,DNG,HUBQNM,2026-08-06,2026,8,6,16546.7,49450.0
Hiệu quả xe nội tỉnh chiều về,9,HPG,HUBHPG,2026-08-06,2026,8,6,27664.14,47690.0
Hiệu quả xe nội tỉnh chiều về,9,DLK,HUBDLK,2026-08-17,2026,8,17,47905.53,99850.0
Hiệu quả xe nội tỉnh chiều về,9,GLI,HUBGLI,2026-08-08,2026,8,8,35763.31,60080.0
Hiệu quả xe nội tỉnh chiều về,9,HCM,HUBVTU,2026-08-01,2026,8,1,21835.190000000002,65650.0
Hiệu quả xe nội tỉnh chiều về,9,CNKT1,TTKT1,2026-08-07,2026,8,7,581778.67,1004600.0
Hiệu quả xe nội tỉnh chiều về,9,QNH,HUBQNH,2026-08-06,2026,8,6,21898.66,53850.0
Hiệu quả xe nội tỉnh chiều về,9,CNKT5,TTKT5,2026-08-10,2026,8,10,126657.78,181600.0
Hiệu quả xe nội tỉnh chiều về,9,DBN,HUBDBN,2026-08-01,2026,8,1,89.65,1650.0
Hiệu quả xe nội tỉnh chiều về,9,DNI,HUBBPC,2026-08-06,2026,8,6,16076.150000000001,46800.0
Hiệu quả xe nội tỉnh chiều về,9,LDG,HUBBTN,2026-08-01,2026,8,1,26494.1,53600.0
Hiệu quả xe nội tỉnh chiều về,9,LCI,HUBYBN,2026-08-15,2026,8,15,14099.42,18500.0
Hiệu quả xe nội tỉnh chiều về,9,QTI,HUBQTI,2026-08-09,2026,8,9,10162.41,14560.0
Hiệu quả xe nội tỉnh chiều về,9,THA,HUBTHA,2026-08-01,2026,8,1,69868.68000000001,149150.0
Hiệu quả xe nội tỉnh chiều về,9,PHO,HUBVPC,2026-08-05,2026,8,5,69471.03,112400.0
Hiệu quả xe nội tỉnh chiều về,9,PHO,HUBHBH,2026-08-06,2026,8,6,15476.38,18500.0
Hiệu quả xe nội tỉnh chiều về,9,BNH,HUBBNH,2026-08-10,2026,8,10,3982.35,4500.0
Hiệu quả xe nội tỉnh chiều về,9,LDG,HUBLDG03,2026-08-08,2026,8,8,8893.57,13650.0
Hiệu quả xe nội tỉnh chiều về,9,DNI,HUBDNI,2026-07-31,2026,7,31,4359.04,3550.0
Hiệu quả xe nội tỉnh chiều về,9,QNI,HUBQNI,2026-08-12,2026,8,12,17471.7,24590.0
Hiệu quả xe nội tỉnh chiều về,9,HNI,BBSDPG,2026-08-02,2026,8,2,19347.01,41600.0
Hiệu quả xe nội tỉnh chiều về,9,HTH,HUBHTH,2026-08-01,2026,8,1,6184.12,29450.0
Hiệu quả xe nội tỉnh chiều về,9,LDG,HUBLDG01,2026-08-01,2026,8,1,28855.39,39650.0
Hiệu quả xe nội tỉnh chiều về,9,PHO,HUBVPC,2026-08-15,2026,8,15,84525.2,108900.0
Hiệu quả xe nội tỉnh chiều về,9,TNH,HUBLAN,2026-08-01,2026,8,1,44787.49,95900.0
Hiệu quả xe nội tỉnh chiều về,9,BNH,HUBBGG,2026-08-16,2026,8,16,49765.82,77850.0
Hiệu quả xe nội tỉnh chiều về,9,NAN,HUBNAN,2026-08-16,2026,8,16,35787.35,73980.0
Hiệu quả xe nội tỉnh chiều về,9,TNH,HUBTNH,2026-08-13,2026,8,13,475.06,4500.0
Hiệu quả xe nội tỉnh chiều về,9,CNKT3,TTKT3,2026-08-12,2026,8,12,385267.36,564330.0
Hiệu quả xe nội tỉnh chiều về,9,CMU,HUBBLU,2026-08-15,2026,8,15,8065.12,23700.0
Hiệu quả xe nội tỉnh chiều về,9,LCI,HUBYBN,2026-08-07,2026,8,7,20329.4,17500.0
Hiệu quả xe nội tỉnh chiều về,9,HNI,BBSDPG,2026-08-05,2026,8,5,32308.82,66200.0
Hiệu quả xe nội tỉnh chiều về,9,CTO,HUBSTG,2026-08-14,2026,8,14,18173.72,28800.0
Hiệu quả xe nội tỉnh chiều về,9,LDG,HUBLDG01,2026-08-06,2026,8,6,17720.44,39650.0
Hiệu quả xe nội tỉnh chiều về,9,AGG,HUBKGG01,2026-08-07,2026,8,7,16131.32,41400.0
Hiệu quả xe nội tỉnh chiều về,9,BNH,HUBBGG,2026-07-31,2026,7,31,7229.79,10200.0
Hiệu quả xe nội tỉnh chiều về,9,DNG,HUBQNM,2026-08-16,2026,8,16,9378.05,35600.0
Hiệu quả xe nội tỉnh chiều về,9,PHO,HUBPHO,2026-08-01,2026,8,1,22900.64,56500.0
Hiệu quả xe nội tỉnh chiều về,9,HPG,HUBHDG,2026-08-05,2026,8,5,38494.42,107250.0
Hiệu quả xe nội tỉnh chiều về,9,LCI,HUBLCI01,2026-08-13,2026,8,13,24908.73,16000.0
Hiệu quả xe nội tỉnh chiều về,9,CNKT1,TTKT1,2026-08-16,2026,8,16,255817.3,511850.0
Hiệu quả xe nội tỉnh chiều về,9,AGG,HUBAGG,2026-08-06,2026,8,6,32727.800000000003,71850.0
Hiệu quả xe nội tỉnh chiều về,9,GLI,HUBGLI,2026-08-03,2026,8,3,32937.55,54930.0
Hiệu quả xe nội tỉnh chiều về,9,HNI,HUBTTI,2026-08-04,2026,8,4,157366.15,228750.0
Hiệu quả xe nội tỉnh chiều về,9,NBH,HUBHNM,2026-08-08,2026,8,8,26537.64,37700.0
Hiệu quả xe nội tỉnh chiều về,9,CMU,HUBBLU,2026-08-07,2026,8,7,8475.34,26600.0
Hiệu quả xe nội tỉnh chiều về,9,TNN,HUBTNN,2026-08-06,2026,8,6,35472.06,61690.0
Hiệu quả xe nội tỉnh chiều về,9,HNI,HUBLBN,2026-08-17,2026,8,17,49096.67,82950.0
Hiệu quả xe nội tỉnh chiều về,9,QNH,HUBQNH,2026-08-12,2026,8,12,4668.9800000000005,12750.0
Hiệu quả xe nội tỉnh chiều về,9,SLA,HUBSLA,2026-08-14,2026,8,14,615.42,900.0
Hiệu quả xe nội tỉnh chiều về,9,AGG,HUBAGG,2026-08-03,2026,8,3,34804.14,71000.0
Hiệu quả xe nội tỉnh chiều về,9,HCM,HUBTTO,2026-08-09,2026,8,9,27995.67,57650.0
Hiệu quả xe nội tỉnh chiều về,9,HNI,HUBTTI,2026-08-09,2026,8,9,69803.57,129100.0
Hiệu quả xe nội tỉnh chiều về,9,CNKT5,LOGBN,2026-08-08,2026,8,8,12807.25,16000.0
Hiệu quả xe nội tỉnh chiều về,9,KHA,HUBKHA,2026-08-06,2026,8,6,24850.85,52250.0
Hiệu quả xe nội tỉnh chiều về,9,DBN,HUBDBN,2026-08-10,2026,8,10,59.65,1650.0
Hiệu quả xe nội tỉnh chiều về,9,QTI,HUBQTI,2026-08-01,2026,8,1,14694.59,25810.0
Hiệu quả xe nội tỉnh chiều về,9,HNI,HUBLBN,2026-08-13,2026,8,13,57608.58,99550.0
Hiệu quả xe nội tỉnh chiều về,9,SLA,HUBSLA,2026-08-01,2026,8,1,151.41,900.0
Hiệu quả xe nội tỉnh chiều về,9,DTP,HUBTGG,2026-08-04,2026,8,4,28296.0,62600.0
Hiệu quả xe nội tỉnh chiều về,9,LDG,HUBBTN,2026-08-03,2026,8,3,26208.829999999998,47000.0
Hiệu quả xe nội tỉnh chiều về,9,HNI,HUBTTI,2026-08-05,2026,8,5,167285.99,223300.0
Hiệu quả xe nội tỉnh chiều về,9,CMU,HUBCMU,2026-08-11,2026,8,11,13749.42,36350.0
Hiệu quả xe nội tỉnh chiều về,9,HYN,HUBTBH,2026-08-01,2026,8,1,23463.9,52000.0
Hiệu quả xe nội tỉnh chiều về,9,AGG,HUBAGG,2026-08-09,2026,8,9,27647.44,61700.0
Hiệu quả xe nội tỉnh chiều về,9,HUE,HUBHUE,2026-08-14,2026,8,14,14892.51,23530.0
Hiệu quả xe nội tỉnh chiều về,9,NBH,HUBHNM,2026-08-05,2026,8,5,26384.559999999998,44700.0
Hiệu quả xe nội tỉnh chiều về,9,CMU,HUBBLU,2026-08-09,2026,8,9,6920.9400000000005,14750.0
Hiệu quả xe nội tỉnh chiều về,9,HPG,HUBHPG,2026-08-17,2026,8,17,29155.16,43460.0
Hiệu quả xe nội tỉnh chiều về,9,PHO,HUBVPC,2026-08-12,2026,8,12,101043.44,107500.0
Hiệu quả xe nội tỉnh chiều về,9,HCM,HUBBDG,2026-08-15,2026,8,15,1873.74,1900.0
Hiệu quả xe nội tỉnh chiều về,9,KHA,HUBNTN,2026-08-01,2026,8,1,10624.55,14850.0
Hiệu quả xe nội tỉnh chiều về,9,LDG,HUBBTN,2026-08-08,2026,8,8,28739.690000000002,48850.0
Hiệu quả xe nội tỉnh chiều về,9,HNI,BBSDPG,2026-08-11,2026,8,11,35589.47,72200.0
Hiệu quả xe nội tỉnh chiều về,9,CNKT5,LOGBN,2026-08-01,2026,8,1,22164.83,32000.0
Hiệu quả xe nội tỉnh chiều về,9,DNG,HUBQNM,2026-08-09,2026,8,9,8216.1,40100.0
Hiệu quả xe nội tỉnh chiều về,9,GLI,HUBBHD,2026-08-04,2026,8,4,17706.55,25100.0
Hiệu quả xe nội tỉnh chiều về,9,BNH,HUBBGG,2026-08-04,2026,8,4,53192.24,81250.0
Hiệu quả xe nội tỉnh chiều về,9,NBH,HUBNBH,2026-08-08,2026,8,8,28073.93,40160.0
Hiệu quả xe nội tỉnh chiều về,9,LDG,HUBBTN,2026-08-05,2026,8,5,26050.75,48850.0
Hiệu quả xe nội tỉnh chiều về,9,LDG,HUBLDG03,2026-08-09,2026,8,9,5537.12,13650.0
Hiệu quả xe nội tỉnh chiều về,9,BNH,HUBBGG,2026-08-01,2026,8,1,52572.94,86250.0
Hiệu quả xe nội tỉnh chiều về,9,DNG,HUBQNM,2026-08-14,2026,8,14,15487.35,49200.0
Hiệu quả xe nội tỉnh chiều về,9,THA,HUBTHA,2026-08-08,2026,8,8,70208.37,151300.0
Hiệu quả xe nội tỉnh chiều về,9,QNH,HUBQNH,2026-08-10,2026,8,10,19049.8,40400.0
Hiệu quả xe nội tỉnh chiều về,9,HPG,HUBHPG,2026-08-09,2026,8,9,3302.77,6600.0
Hiệu quả xe nội tỉnh chiều về,9,GLI,HUBGLI,2026-08-02,2026,8,2,28836.81,53230.0
Hiệu quả xe nội tỉnh chiều về,9,GLI,HUBGLI,2026-08-13,2026,8,13,32029.02,52430.0
Hiệu quả xe nội tỉnh chiều về,9,NBH,HUBNBH,2026-08-14,2026,8,14,34116.4,52660.0
Hiệu quả xe nội tỉnh chiều về,9,QNI,HUBKTM,2026-08-15,2026,8,15,9510.85,21650.0
Hiệu quả xe nội tỉnh chiều về,9,VLG,HUBBTE,2026-08-01,2026,8,1,43888.8,70100.0
Hiệu quả xe nội tỉnh chiều về,9,HNI,HUBLBN,2026-08-12,2026,8,12,69057.78,109750.0
Hiệu quả xe nội tỉnh chiều về,9,HCM,HUBVTU,2026-08-03,2026,8,3,23461.350000000002,56150.0
Hiệu quả xe nội tỉnh chiều về,9,VLG,HUBTVH,2026-08-14,2026,8,14,9673.289999999999,25300.0
Hiệu quả xe nội tỉnh chiều về,9,DNG,HUBQNM,2026-08-01,2026,8,1,15138.25,49550.0
Hiệu quả xe nội tỉnh chiều về,9,QTI,HUBQBH,2026-08-04,2026,8,4,10093.5,20300.0
Hiệu quả xe nội tỉnh chiều về,9,DNG,HUBDNG,2026-08-07,2026,8,7,77219.21,85700.0
Hiệu quả xe nội tỉnh chiều về,9,CTO,HUBSTG,2026-08-09,2026,8,9,15934.41,19400.0
Hiệu quả xe nội tỉnh chiều về,9,TQG,HUBTQG,2026-08-13,2026,8,13,5828.39,6600.0
Hiệu quả xe nội tỉnh chiều về,9,TNN,HUBTNN,2026-08-01,2026,8,1,34687.23,63480.0
Hiệu quả xe nội tỉnh chiều về,9,HCM,HUBVTU,2026-08-09,2026,8,9,20291.2,64650.0
Hiệu quả xe nội tỉnh chiều về,9,HCM,HUBVTU,2026-07-31,2026,7,31,11713.29,18150.0
Hiệu quả xe nội tỉnh chiều về,9,AGG,HUBAGG,2026-08-08,2026,8,8,31990.489999999998,75300.0
Hiệu quả xe nội tỉnh chiều về,9,GLI,HUBBHD,2026-08-15,2026,8,15,14523.51,31250.0
Hiệu quả xe nội tỉnh chiều về,9,LDG,HUBLDG03,2026-08-01,2026,8,1,10244.48,13650.0
Hiệu quả xe nội tỉnh chiều về,9,DTP,HUBTGG,2026-07-31,2026,7,31,2425.2,3500.0
Hiệu quả xe nội tỉnh chiều về,9,HNI,BBSDPG,2026-08-14,2026,8,14,34047.19,70600.0
Hiệu quả xe nội tỉnh chiều về,9,HCM,HUBTTO,2026-08-16,2026,8,16,24483.94,53750.0
Hiệu quả xe nội tỉnh chiều về,9,HPG,HUBHPG,2026-08-10,2026,8,10,24889.66,37190.0
Hiệu quả xe nội tỉnh chiều về,9,VLG,HUBVLG,2026-08-12,2026,8,12,15045.91,56800.0
Hiệu quả xe nội tỉnh chiều về,9,HYN,HUBTBH,2026-08-09,2026,8,9,12733.43,44950.0
Hiệu quả xe nội tỉnh chiều về,9,QTI,HUBQTI,2026-08-15,2026,8,15,11179.189999999999,25810.0
Hiệu quả xe nội tỉnh chiều về,9,QNI,HUBQNI,2026-08-05,2026,8,5,15929.99,24590.0
Hiệu quả xe nội tỉnh chiều về,9,LDG,HUBLDG03,2026-08-05,2026,8,5,9046.0,13650.0
Hiệu quả xe nội tỉnh chiều về,9,CMU,HUBCMU,2026-08-08,2026,8,8,13264.449999999999,36350.0
Hiệu quả xe nội tỉnh chiều về,9,CNKT3,TTKT3,2026-08-03,2026,8,3,324591.07,481280.0
Hiệu quả xe nội tỉnh chiều về,9,SLA,HUBSLA,2026-08-13,2026,8,13,224.75,900.0
Hiệu quả xe nội tỉnh chiều về,9,TQG,HUBTQG,2026-08-12,2026,8,12,4972.51,8250.0
Hiệu quả xe nội tỉnh chiều về,9,THA,HUBTHA,2026-08-12,2026,8,12,75290.65,146800.0
Hiệu quả xe nội tỉnh chiều về,9,DNG,HUBDNG,2026-08-09,2026,8,9,32166.9,45600.0
Hiệu quả xe nội tỉnh chiều về,9,PHO,HUBVPC,2026-08-06,2026,8,6,82274.95999999999,100300.0
Hiệu quả xe nội tỉnh chiều về,9,NBH,HUBHNM,2026-08-13,2026,8,13,27788.82,44700.0
Hiệu quả xe nội tỉnh chiều về,9,DTP,HUBTGG,2026-08-15,2026,8,15,28588.33,72200.0
Hiệu quả xe nội tỉnh chiều về,9,QNI,HUBQNI,2026-08-15,2026,8,15,17420.09,24590.0
Hiệu quả xe nội tỉnh chiều về,9,VLG,HUBTVH,2026-08-07,2026,8,7,8920.25,25300.0
Hiệu quả xe nội tỉnh chiều về,9,HCM,HUBTTO,2026-08-14,2026,8,14,72622.02,107550.0
Hiệu quả xe nội tỉnh chiều về,9,LDG,HUBLDG01,2026-08-09,2026,8,9,10027.72,40650.0
Hiệu quả xe nội tỉnh chiều về,9,BNH,HUBBGG,2026-08-08,2026,8,8,57741.78,93850.0
Hiệu quả xe nội tỉnh chiều về,9,CNKT3,TTKT3,2026-07-31,2026,7,31,45183.759999999995,55000.0
Hiệu quả xe nội tỉnh chiều về,9,HNI,HUBLBN,2026-08-14,2026,8,14,66463.42,113450.0
Hiệu quả xe nội tỉnh chiều về,9,LCI,HUBLCI01,2026-08-14,2026,8,14,26560.93,16000.0
Hiệu quả xe nội tỉnh chiều về,9,DNG,HUBQNM,2026-08-07,2026,8,7,15344.63,45050.0
Hiệu quả xe nội tỉnh chiều về,9,TQG,HUBHGG,2026-08-05,2026,8,5,3267.45,4150.0
Hiệu quả xe nội tỉnh chiều về,9,QNI,HUBKTM,2026-08-04,2026,8,4,8420.89,15050.0
Hiệu quả xe nội tỉnh chiều về,9,KHA,HUBKHA,2026-08-01,2026,8,1,20792.91,53900.0
Hiệu quả xe nội tỉnh chiều về,9,PHO,HUBHBH,2026-08-07,2026,8,7,13010.51,18500.0
Hiệu quả xe nội tỉnh chiều về,9,HNI,HUBTTI,2026-08-02,2026,8,2,56553.35,119900.0
Hiệu quả xe nội tỉnh chiều về,9,CMU,HUBCMU,2026-08-17,2026,8,17,12490.72,36350.0
Hiệu quả xe nội tỉnh chiều về,9,LCI,HUBLCI01,2026-08-08,2026,8,8,32839.74,16000.0
Hiệu quả xe nội tỉnh chiều về,9,GLI,HUBGLI,2026-08-14,2026,8,14,36435.9,54280.0
Hiệu quả xe nội tỉnh chiều về,9,VLG,HUBVLG,2026-08-11,2026,8,11,18301.6,56800.0
Hiệu quả xe nội tỉnh chiều về,9,QNI,HUBKTM,2026-08-07,2026,8,7,9216.21,20000.0
Hiệu quả xe nội tỉnh chiều về,9,CTO,HUBCTO,2026-07-31,2026,7,31,5924.98,10200.0
Hiệu quả xe nội tỉnh chiều về,9,VLG,HUBTVH,2026-08-16,2026,8,16,8308.49,12650.0
Hiệu quả xe nội tỉnh chiều về,9,LCI,HUBLCI01,2026-08-03,2026,8,3,28685.62,16000.0
Hiệu quả xe nội tỉnh chiều về,9,TQG,HUBTQG,2026-08-15,2026,8,15,4724.11,6600.0
Hiệu quả xe nội tỉnh chiều về,9,PHO,HUBHBH,2026-08-01,2026,8,1,13905.24,18500.0
Hiệu quả xe nội tỉnh chiều về,9,DTP,HUBTGG,2026-08-11,2026,8,11,29350.78,55050.0
Hiệu quả xe nội tỉnh chiều về,9,TNN,HUBTNN,2026-08-03,2026,8,3,34071.5,63490.0
Hiệu quả xe nội tỉnh chiều về,9,DLK,HUBDLK,2026-08-03,2026,8,3,54218.97,105000.0
Hiệu quả xe nội tỉnh chiều về,9,SLA,HUBSLA,2026-08-15,2026,8,15,249.37,900.0
Hiệu quả xe nội tỉnh chiều về,9,HYN,HUBHYN,2026-08-10,2026,8,10,101124.79000000001,94500.0
Hiệu quả xe nội tỉnh chiều về,9,PHO,HUBHBH,2026-08-10,2026,8,10,12313.94,15000.0
Hiệu quả xe nội tỉnh chiều về,9,LCI,HUBLCI01,2026-08-12,2026,8,12,21529.92,16000.0
Hiệu quả xe nội tỉnh chiều về,9,CMU,HUBBLU,2026-08-13,2026,8,13,8689.56,29500.0
Hiệu quả xe nội tỉnh chiều về,9,KHA,HUBKHA,2026-08-10,2026,8,10,26893.03,55550.0
Hiệu quả xe nội tỉnh chiều về,9,GLI,HUBBHD,2026-08-11,2026,8,11,14674.05,25100.0
Hiệu quả xe nội tỉnh chiều về,9,NBH,HUBNBH,2026-07-31,2026,7,31,5133.74,4500.0
Hiệu quả xe nội tỉnh chiều về,9,DLK,HUBPYN,2026-08-12,2026,8,12,11609.59,32790.0
Hiệu quả xe nội tỉnh chiều về,9,TQG,HUBTQG,2026-08-09,2026,8,9,4370.26,6600.0
Hiệu quả xe nội tỉnh chiều về,9,HNI,HUBLBN,2026-08-04,2026,8,4,54159.5,101000.0
Hiệu quả xe nội tỉnh chiều về,9,TQG,HUBHGG,2026-08-03,2026,8,3,4434.41,4150.0
Hiệu quả xe nội tỉnh chiều về,9,HUE,HUBHUE,2026-08-11,2026,8,11,18453.57,26000.0
Hiệu quả xe nội tỉnh chiều về,9,HTH,HUBHTH,2026-08-14,2026,8,14,6948.33,27600.0
Hiệu quả xe nội tỉnh chiều về,9,PHO,HUBPHO,2026-08-06,2026,8,6,19506.1,56500.0
Hiệu quả xe nội tỉnh chiều về,9,HPG,HUBHDG,2026-08-16,2026,8,16,13084.94,61000.0
Hiệu quả xe nội tỉnh chiều về,9,HYN,HUBHYN,2026-08-08,2026,8,8,109479.01,90000.0
Hiệu quả xe nội tỉnh chiều về,9,LCI,HUBYBN,2026-08-06,2026,8,6,13000.37,14650.0
Hiệu quả xe nội tỉnh chiều về,9,VLG,HUBBTE,2026-08-03,2026,8,3,45176.25,64600.0
Hiệu quả xe nội tỉnh chiều về,9,NAN,HUBNAN,2026-08-11,2026,8,11,40531.47,70630.0
Hiệu quả xe nội tỉnh chiều về,9,HYN,HUBHYN,2026-08-05,2026,8,5,87835.91,88400.0
Hiệu quả xe nội tỉnh chiều về,9,CNKT5,LOGBN,2026-08-06,2026,8,6,12716.779999999999,16000.0
Hiệu quả xe nội tỉnh chiều về,9,TNN,HUBTNN,2026-08-14,2026,8,14,38674.01,66790.0
Hiệu quả xe nội tỉnh chiều về,9,HNI,HUBTTI,2026-08-11,2026,8,11,171545.11,234700.0
Hiệu quả xe nội tỉnh chiều về,9,GLI,HUBBHD,2026-08-03,2026,8,3,13142.43,24850.0
Hiệu quả xe nội tỉnh chiều về,9,QTI,HUBQTI,2026-08-03,2026,8,3,17624.85,25810.0
Hiệu quả xe nội tỉnh chiều về,9,NBH,HUBNDH,2026-08-02,2026,8,2,28398.09,70100.0
Hiệu quả xe nội tỉnh chiều về,9,LCI,HUBLCI01,2026-07-31,2026,7,31,14129.689999999999,8000.0
Hiệu quả xe nội tỉnh chiều về,9,HNI,HUBLBN,2026-08-06,2026,8,6,65906.92,96700.0
Hiệu quả xe nội tỉnh chiều về,9,QNI,HUBQNI,2026-08-14,2026,8,14,11019.37,17300.0
Hiệu quả xe nội tỉnh chiều về,9,HTH,HUBHTH,2026-08-11,2026,8,11,8031.69,27600.0
Hiệu quả xe nội tỉnh chiều về,9,DTP,HUBTGG,2026-08-17,2026,8,17,21264.7,45400.0
Hiệu quả xe nội tỉnh chiều về,9,HCM,HUBVTU,2026-08-13,2026,8,13,46903.58,65150.0
Hiệu quả xe nội tỉnh chiều về,9,TQG,HUBTQG,2026-08-14,2026,8,14,4708.870000000001,6600.0
Hiệu quả xe nội tỉnh chiều về,9,AGG,HUBAGG,2026-08-05,2026,8,5,37398.12,66750.0
Hiệu quả xe nội tỉnh chiều về,9,CMU,HUBBLU,2026-08-02,2026,8,2,6995.24,11850.0
Hiệu quả xe nội tỉnh chiều về,9,LDG,HUBDKG,2026-08-11,2026,8,11,22445.59,29500.0
Hiệu quả xe nội tỉnh chiều về,9,TQG,HUBHGG,2026-08-01,2026,8,1,2659.76,4150.0
Hiệu quả xe nội tỉnh chiều về,9,DTP,HUBDTP,2026-08-15,2026,8,15,35938.5,83450.0
Hiệu quả xe nội tỉnh chiều về,9,CNKT3,TTKT3,2026-08-14,2026,8,14,359313.72,564130.0
Hiệu quả xe nội tỉnh chiều về,9,QNI,HUBKTM,2026-08-13,2026,8,13,8597.57,18350.0
Hiệu quả xe nội tỉnh chiều về,9,DBN,HUBDBN,2026-08-13,2026,8,13,200.87,1650.0
Hiệu quả xe nội tỉnh chiều về,9,LCI,HUBLCI01,2026-08-16,2026,8,16,21581.920000000002,16000.0
Hiệu quả xe nội tỉnh chiều về,9,BNH,HUBBNH,2026-08-08,2026,8,8,35357.36,63600.0
Hiệu quả xe nội tỉnh chiều về,9,HCM,HUBVTU,2026-08-16,2026,8,16,21155.73,56150.0
Hiệu quả xe nội tỉnh chiều về,9,GLI,HUBGLI,2026-08-10,2026,8,10,30296.9,58430.0
Hiệu quả xe nội tỉnh chiều về,9,TQG,HUBTQG,2026-08-17,2026,8,17,2512.81,4950.0
Hiệu quả xe nội tỉnh chiều về,9,DNI,HUBBPC,2026-08-04,2026,8,4,15521.41,52700.0
Hiệu quả xe nội tỉnh chiều về,9,NBH,HUBNBH,2026-08-01,2026,8,1,29641.96,40160.0
Hiệu quả xe nội tỉnh chiều về,9,LCI,HUBYBN,2026-08-03,2026,8,3,12708.18,17650.0
Hiệu quả xe nội tỉnh chiều về,9,NBH,HUBHNM,2026-08-09,2026,8,9,17559.79,19500.0
Hiệu quả xe nội tỉnh chiều về,9,VLG,HUBTVH,2026-08-06,2026,8,6,8828.4,25300.0
Hiệu quả xe nội tỉnh chiều về,9,CTO,HUBCTO,2026-08-11,2026,8,11,49036.61,114400.0
Hiệu quả xe nội tỉnh chiều về,9,DLK,HUBDLK,2026-08-07,2026,8,7,50822.92,103350.0
Hiệu quả xe nội tỉnh chiều về,9,GLI,HUBGLI,2026-08-12,2026,8,12,34493.71,49830.0
Hiệu quả xe nội tỉnh chiều về,9,TNN,HUBTNN,2026-08-13,2026,8,13,35124.96,65140.0
Hiệu quả xe nội tỉnh chiều về,9,HNI,HUBTTI,2026-08-14,2026,8,14,132571.62,225000.0
Hiệu quả xe nội tỉnh chiều về,9,NBH,HUBHNM,2026-08-11,2026,8,11,31420.36,44700.0
Hiệu quả xe nội tỉnh chiều về,9,DBN,HUBDBN,2026-08-04,2026,8,4,102.61,1650.0
Hiệu quả xe nội tỉnh chiều về,9,KHA,HUBNTN,2026-08-10,2026,8,10,11091.19,18650.0
Hiệu quả xe nội tỉnh chiều về,9,TNH,HUBTNH,2026-08-04,2026,8,4,36693.94,55000.0
Hiệu quả xe nội tỉnh chiều về,9,CNKT5,LOGBN,2026-08-16,2026,8,16,15819.09,16000.0
Hiệu quả xe nội tỉnh chiều về,9,LDG,HUBLDG03,2026-08-15,2026,8,15,7041.91,10100.0
Hiệu quả xe nội tỉnh chiều về,9,HNI,HUBLBN,2026-08-16,2026,8,16,29093.93,61200.0
Hiệu quả xe nội tỉnh chiều về,9,AGG,HUBAGG,2026-08-01,2026,8,1,30848.36,67550.0
Hiệu quả xe nội tỉnh chiều về,9,VLG,HUBBTE,2026-08-02,2026,8,2,30962.89,46300.0
Hiệu quả xe nội tỉnh chiều về,9,DTP,HUBTGG,2026-08-14,2026,8,14,30242.58,63050.0
Hiệu quả xe nội tỉnh chiều về,9,HNI,HUBTTI,2026-08-16,2026,8,16,55975.41,119900.0
Hiệu quả xe nội tỉnh chiều về,9,DTP,HUBTGG,2026-08-03,2026,8,3,26982.04,59100.0
Hiệu quả xe nội tỉnh chiều về,9,GLI,HUBBHD,2026-08-09,2026,8,9,11283.11,24850.0
Hiệu quả xe nội tỉnh chiều về,9,CMU,HUBBLU,2026-08-01,2026,8,1,6172.37,23700.0
Hiệu quả xe nội tỉnh chiều về,9,BNH,HUBBGG,2026-08-02,2026,8,2,41108.42,88050.0
Hiệu quả xe nội tỉnh chiều về,9,VLG,HUBVLG,2026-08-02,2026,8,2,11612.039999999999,26800.0
Hiệu quả xe nội tỉnh chiều về,9,HNI,HUBYAN,2026-08-02,2026,8,2,37815.47,68100.0
Hiệu quả xe nội tỉnh chiều về,9,DLK,HUBDLK,2026-08-08,2026,8,8,45246.46,99900.0
Hiệu quả xe nội tỉnh chiều về,9,DNG,HUBDNG,2026-08-04,2026,8,4,68449.76,91100.0
Hiệu quả xe nội tỉnh chiều về,9,CNKT1,TTKT1,2026-08-11,2026,8,11,632112.99,1013620.0
Hiệu quả xe nội tỉnh chiều về,9,QNH,HUBQNH,2026-08-03,2026,8,3,21249.99,49850.0
Hiệu quả xe nội tỉnh chiều về,9,DLK,HUBDLK,2026-08-06,2026,8,6,56159.93,105000.0
Hiệu quả xe nội tỉnh chiều về,9,HNI,HUBLBN,2026-08-07,2026,8,7,60008.48,102750.0
Hiệu quả xe nội tỉnh chiều về,9,VLG,HUBVLG,2026-08-13,2026,8,13,19380.46,51700.0
Hiệu quả xe nội tỉnh chiều về,9,DTP,HUBTGG,2026-08-13,2026,8,13,27024.73,63050.0
Hiệu quả xe nội tỉnh chiều về,9,DNG,HUBDNG,2026-07-31,2026,7,31,6010.700000000001,10350.0
Hiệu quả xe nội tỉnh chiều về,9,HNI,BBSDPG,2026-08-04,2026,8,4,31666.84,67800.0
Hiệu quả xe nội tỉnh chiều về,9,HNI,BBSDPG,2026-08-15,2026,8,15,29197.98,70300.0
Hiệu quả xe nội tỉnh chiều về,9,LDG,HUBBTN,2026-08-17,2026,8,17,21136.8,43950.0
Hiệu quả xe nội tỉnh chiều về,9,QNI,HUBQNI,2026-08-09,2026,8,9,11536.23,21140.0
Hiệu quả xe nội tỉnh chiều về,9,THA,HUBTHA,2026-08-14,2026,8,14,69258.53,139500.0
Hiệu quả xe nội tỉnh chiều về,9,BNH,HUBBGG,2026-08-10,2026,8,10,68825.8,86550.0
Hiệu quả xe nội tỉnh chiều về,9,LSN,HUBLSN,2026-08-15,2026,8,15,19511.46,19200.0
Hiệu quả xe nội tỉnh chiều về,9,TNH,HUBLAN,2026-08-04,2026,8,4,7663.71,4500.0
Hiệu quả xe nội tỉnh chiều về,9,DLK,HUBPYN,2026-08-08,2026,8,8,13113.93,32790.0
Hiệu quả xe nội tỉnh chiều về,9,LDG,HUBBTN,2026-08-10,2026,8,10,24996.19,48850.0
Hiệu quả xe nội tỉnh chiều về,9,QTI,HUBQBH,2026-08-11,2026,8,11,10892.49,17500.0
Hiệu quả xe nội tỉnh chiều về,9,DLK,HUBPYN,2026-08-02,2026,8,2,8798.14,29490.0
Hiệu quả xe nội tỉnh chiều về,9,CNKT5,LOGBN,2026-08-15,2026,8,15,17712.6,16000.0
Hiệu quả xe nội tỉnh chiều về,9,NAN,HUBNAN,2026-08-08,2026,8,8,44184.27,75830.0
Hiệu quả xe nội tỉnh chiều về,9,BNH,HUBBGG,2026-08-06,2026,8,6,62828.25,87900.0
Hiệu quả xe nội tỉnh chiều về,9,QNI,HUBKTM,2026-08-09,2026,8,9,7941.08,20000.0
Hiệu quả xe nội tỉnh chiều về,9,LDG,HUBDKG,2026-08-02,2026,8,2,16921.31,27850.0
Hiệu quả xe nội tỉnh chiều về,9,HUE,HUBHUE,2026-08-06,2026,8,6,18714.38,29680.0
Hiệu quả xe nội tỉnh chiều về,9,LCI,HUBYBN,2026-08-01,2026,8,1,17650.3,17500.0
Hiệu quả xe nội tỉnh chiều về,9,DTP,HUBTGG,2026-08-06,2026,8,6,25959.1,57600.0
Hiệu quả xe nội tỉnh chiều về,9,PHO,HUBHBH,2026-08-03,2026,8,3,16365.94,18500.0
Hiệu quả xe nội tỉnh chiều về,9,AGG,HUBKGG01,2026-08-06,2026,8,6,15151.68,43900.0
Hiệu quả xe nội tỉnh chiều về,9,HYN,HUBHYN,2026-08-17,2026,8,17,81306.57,81000.0
Hiệu quả xe nội tỉnh chiều về,9,CTO,HUBCTO,2026-08-06,2026,8,6,54966.82,110900.0
Hiệu quả xe nội tỉnh chiều về,9,HNI,HUBLBN,2026-08-05,2026,8,5,62028.67,106500.0
Hiệu quả xe nội tỉnh chiều về,9,DNG,HUBQNM,2026-08-11,2026,8,11,18574.71,51100.0
Hiệu quả xe nội tỉnh chiều về,9,LDG,HUBLDG01,2026-08-12,2026,8,12,17695.79,41300.0
Hiệu quả xe nội tỉnh chiều về,9,HTH,HUBHTH,2026-08-16,2026,8,16,7183.150000000001,18250.0
Hiệu quả xe nội tỉnh chiều về,9,DNI,HUBBPC,2026-08-01,2026,8,1,18465.39,48200.0
Hiệu quả xe nội tỉnh chiều về,9,DLK,HUBPYN,2026-08-04,2026,8,4,11999.59,29490.0
Hiệu quả xe nội tỉnh chiều về,9,THA,HUBTHA,2026-07-31,2026,7,31,7816.91,8550.0
Hiệu quả xe nội tỉnh chiều về,9,GLI,HUBBHD,2026-08-01,2026,8,1,13550.029999999999,26150.0
Hiệu quả xe nội tỉnh chiều về,9,HNI,BBSDPG,2026-08-12,2026,8,12,32187.78,69300.0
Hiệu quả xe nội tỉnh chiều về,9,DLK,HUBDLK,2026-08-05,2026,8,5,46361.72,98700.0
Hiệu quả xe nội tỉnh chiều về,9,QNI,HUBQNI,2026-08-08,2026,8,8,14471.66,24590.0
Hiệu quả xe nội tỉnh chiều về,9,LCI,HUBYBN,2026-08-05,2026,8,5,14250.220000000001,15650.0
Hiệu quả xe nội tỉnh chiều về,9,CTO,HUBCTO,2026-08-03,2026,8,3,45335.29,108450.0
Hiệu quả xe nội tỉnh chiều về,9,KHA,HUBKHA,2026-08-07,2026,8,7,26437.06,55550.0
Hiệu quả xe nội tỉnh chiều về,9,LDG,HUBBTN,2026-08-09,2026,8,9,22918.75,48850.0
Hiệu quả xe nội tỉnh chiều về,9,HNI,BBSDPG,2026-08-07,2026,8,7,28723.68,67700.0
Hiệu quả xe nội tỉnh chiều về,9,LCI,HUBYBN,2026-08-04,2026,8,4,12109.59,16650.0
Hiệu quả xe nội tỉnh chiều về,9,CMU,HUBBLU,2026-08-11,2026,8,11,8712.48,21500.0
Hiệu quả xe nội tỉnh chiều về,9,HNI,BBSDPG,2026-08-17,2026,8,17,29098.329999999998,57600.0
Hiệu quả xe nội tỉnh chiều về,9,SLA,HUBSLA,2026-08-04,2026,8,4,209.87,900.0
Hiệu quả xe nội tỉnh chiều về,9,THA,HUBTHA,2026-08-03,2026,8,3,69730.14,152000.0
Hiệu quả xe nội tỉnh chiều về,9,TNN,HUBTNN,2026-08-05,2026,8,5,42104.77,64310.0
Hiệu quả xe nội tỉnh chiều về,9,LDG,HUBDKG,2026-08-03,2026,8,3,19876.65,26650.0
Hiệu quả xe nội tỉnh chiều về,9,TNN,HUBTNN,2026-08-08,2026,8,8,31817.66,64310.0
Hiệu quả xe nội tỉnh chiều về,9,HYN,HUBHYN,2026-08-06,2026,8,6,82735.33,89000.0
Hiệu quả xe nội tỉnh chiều về,9,TNH,HUBTNH,2026-08-02,2026,8,2,18048.19,38150.0
Hiệu quả xe nội tỉnh chiều về,9,TNH,HUBTNH,2026-08-16,2026,8,16,263.59,4500.0
Hiệu quả xe nội tỉnh chiều về,9,NBH,HUBNBH,2026-08-05,2026,8,5,28538.79,52660.0
Hiệu quả xe nội tỉnh chiều về,9,NBH,HUBHNM,2026-08-16,2026,8,16,17878.71,39600.0
Hiệu quả xe nội tỉnh chiều về,9,GLI,HUBGLI,2026-08-11,2026,8,11,34118.38,52630.0
Hiệu quả xe nội tỉnh chiều về,9,LDG,HUBLDG03,2026-08-17,2026,8,17,2095.27,3300.0
Hiệu quả xe nội tỉnh chiều về,9,DLK,HUBDLK,2026-08-11,2026,8,11,51322.29,103350.0
Hiệu quả xe nội tỉnh chiều về,9,HPG,HUBHPG,2026-08-07,2026,8,7,24677.52,40740.0
Hiệu quả xe nội tỉnh chiều về,9,LDG,HUBDKG,2026-08-16,2026,8,16,18606.73,27850.0
Hiệu quả xe nội tỉnh chiều về,9,CTO,HUBCTO,2026-08-12,2026,8,12,52425.96,115400.0
Hiệu quả xe nội tỉnh chiều về,9,CTO,HUBSTG,2026-08-02,2026,8,2,17142.54,27500.0
Hiệu quả xe nội tỉnh chiều về,9,HCM,HUBVTU,2026-08-17,2026,8,17,26897.5,63200.0
Hiệu quả xe nội tỉnh chiều về,9,BNH,HUBBGG,2026-08-11,2026,8,11,66754.56,89850.0
Hiệu quả xe nội tỉnh chiều về,9,DTP,HUBDTP,2026-08-09,2026,8,9,24877.75,53650.0
Hiệu quả xe nội tỉnh chiều về,9,LSN,HUBLSN,2026-08-13,2026,8,13,16622.38,20850.0
Hiệu quả xe nội tỉnh chiều về,9,HYN,HUBTBH,2026-08-04,2026,8,4,21508.77,61650.0
Hiệu quả xe nội tỉnh chiều về,9,HTH,HUBHTH,2026-08-05,2026,8,5,8350.23,27250.0
Hiệu quả xe nội tỉnh chiều về,9,AGG,HUBAGG,2026-07-31,2026,7,31,2724.09,5100.0
Hiệu quả xe nội tỉnh chiều về,9,VLG,HUBTVH,2026-08-11,2026,8,11,9651.6,25300.0
Hiệu quả xe nội tỉnh chiều về,9,LCI,HUBLCI01,2026-08-01,2026,8,1,30869.5,16000.0
Hiệu quả xe nội tỉnh chiều về,9,KHA,HUBKHA,2026-08-04,2026,8,4,25101.8,53900.0
Hiệu quả xe nội tỉnh chiều về,9,LDG,HUBDKG,2026-08-09,2026,8,9,15231.18,27850.0
Hiệu quả xe nội tỉnh chiều về,9,HPG,HUBHDG,2026-08-15,2026,8,15,61220.99,106050.0
Hiệu quả xe nội tỉnh chiều về,9,CMU,HUBCMU,2026-08-06,2026,8,6,13604.99,36350.0
Hiệu quả xe nội tỉnh chiều về,9,BNH,HUBBGG,2026-08-14,2026,8,14,59335.380000000005,78400.0
Hiệu quả xe nội tỉnh chiều về,9,LCI,HUBYBN,2026-08-13,2026,8,13,16451.25,18500.0
Hiệu quả xe nội tỉnh chiều về,9,PHO,HUBVPC,2026-08-17,2026,8,17,56772.56,85400.0
Hiệu quả xe nội tỉnh chiều về,9,HNI,HUBTTI,2026-08-06,2026,8,6,158691.36000000002,227150.0
Hiệu quả xe nội tỉnh chiều về,9,HTH,HUBHTH,2026-08-07,2026,8,7,7436.29,29450.0
Hiệu quả xe nội tỉnh chiều về,9,CTO,HUBCTO,2026-08-07,2026,8,7,55562.56,113800.0
Hiệu quả xe nội tỉnh chiều về,9,DNG,HUBQNM,2026-08-08,2026,8,8,15749.4,49200.0
Hiệu quả xe nội tỉnh chiều về,9,HYN,HUBHYN,2026-08-12,2026,8,12,119768.05,90000.0
Hiệu quả xe nội tỉnh chiều về,9,HNI,HUBLBN,2026-08-02,2026,8,2,36195.8,61450.0
Hiệu quả xe nội tỉnh chiều về,9,CNKT3,TTKT3,2026-08-16,2026,8,16,186298.44,375800.0
Hiệu quả xe nội tỉnh chiều về,9,TNN,HUBTNN,2026-08-09,2026,8,9,27249.38,55910.0
Hiệu quả xe nội tỉnh chiều về,9,HYN,HUBHYN,2026-08-04,2026,8,4,86416.64,90000.0
Hiệu quả xe nội tỉnh chiều về,9,LDG,HUBLDG03,2026-08-16,2026,8,16,6721.6,8500.0
Hiệu quả xe nội tỉnh chiều về,9,QNI,HUBQNI,2026-08-07,2026,8,7,17985.27,21140.0
Hiệu quả xe nội tỉnh chiều về,9,DLK,HUBPYN,2026-08-17,2026,8,17,12203.93,32790.0
Hiệu quả xe nội tỉnh chiều về,9,BNH,HUBBGG,2026-08-05,2026,8,5,53838.31,87900.0
Hiệu quả xe nội tỉnh chiều về,9,QTI,HUBQBH,2026-08-17,2026,8,17,11196.31,20800.0
Hiệu quả xe nội tỉnh chiều về,9,CNKT5,LOGBN,2026-08-14,2026,8,14,28755.96,32000.0
Hiệu quả xe nội tỉnh chiều về,9,NBH,HUBHNM,2026-08-01,2026,8,1,27012.670000000002,44700.0
Hiệu quả xe nội tỉnh chiều về,9,QNI,HUBKTM,2026-08-14,2026,8,14,9093.22,18350.0
Hiệu quả xe nội tỉnh chiều về,9,DBN,HUBDBN,2026-08-07,2026,8,7,24.2,1650.0
Hiệu quả xe nội tỉnh chiều về,9,HYN,HUBTBH,2026-08-05,2026,8,5,24130.45,58100.0
Hiệu quả xe nội tỉnh chiều về,9,VLG,HUBVLG,2026-08-08,2026,8,8,19870.71,56800.0
Hiệu quả xe nội tỉnh chiều về,9,QNI,HUBQNI,2026-08-02,2026,8,2,8247.31,22940.0
Hiệu quả xe nội tỉnh chiều về,9,TNH,HUBTNH,2026-08-05,2026,8,5,36476.64,57850.0
Hiệu quả xe nội tỉnh chiều về,9,CNKT5,TTKT5,2026-08-15,2026,8,15,140678.21,197200.0
Hiệu quả xe nội tỉnh chiều về,9,QNH,HUBQNH,2026-08-02,2026,8,2,11581.560000000001,31500.0
Hiệu quả xe nội tỉnh chiều về,9,HYN,HUBHYN,2026-08-15,2026,8,15,112110.91,90000.0
Hiệu quả xe nội tỉnh chiều về,9,KHA,HUBNTN,2026-08-09,2026,8,9,5955.759999999999,12050.0
Hiệu quả xe nội tỉnh chiều về,9,HNI,HUBLBN,2026-08-03,2026,8,3,66817.3,101950.0
Hiệu quả xe nội tỉnh chiều về,9,HYN,HUBHYN,2026-08-02,2026,8,2,30524.199999999997,41900.0
Hiệu quả xe nội tỉnh chiều về,9,HPG,HUBHDG,2026-08-10,2026,8,10,43652.61,105650.0
Hiệu quả xe nội tỉnh chiều về,9,HCM,HUBTTO,2026-08-13,2026,8,13,71823.28,104700.0
Hiệu quả xe nội tỉnh chiều về,9,CTO,HUBCTO,2026-08-13,2026,8,13,47915.35,118900.0
Hiệu quả xe nội tỉnh chiều về,9,BNH,HUBBGG,2026-08-13,2026,8,13,62876.27,86250.0
Hiệu quả xe nội tỉnh chiều về,9,DLK,HUBDLK,2026-08-15,2026,8,15,48795.06,98850.0
Hiệu quả xe nội tỉnh chiều về,9,HYN,HUBTBH,2026-08-10,2026,8,10,22460.38,60000.0
Hiệu quả xe nội tỉnh chiều về,9,NBH,HUBNDH,2026-08-05,2026,8,5,46824.81,86100.0
Hiệu quả xe nội tỉnh chiều về,9,CNKT1,TTKT1,2026-07-31,2026,7,31,155353.74,238400.0
Hiệu quả xe nội tỉnh chiều về,9,HCM,HUBTTO,2026-08-05,2026,8,5,67595.52,102800.0
Hiệu quả xe nội tỉnh chiều về,9,QTI,HUBQBH,2026-08-15,2026,8,15,11642.48,20800.0
Hiệu quả xe nội tỉnh chiều về,9,LDG,HUBLDG01,2026-08-13,2026,8,13,18706.33,38000.0
Hiệu quả xe nội tỉnh chiều về,9,QNI,HUBQNI,2026-08-16,2026,8,16,9723.59,22940.0
Hiệu quả xe nội tỉnh chiều về,9,AGG,HUBAGG,2026-08-04,2026,8,4,36681.85,71000.0
Hiệu quả xe nội tỉnh chiều về,9,DNG,HUBQNM,2026-08-17,2026,8,17,18913.76,49200.0
Hiệu quả xe nội tỉnh chiều về,9,PHO,HUBVPC,2026-08-16,2026,8,16,71081.8,87000.0
Hiệu quả xe nội tỉnh chiều về,9,HYN,HUBHYN,2026-08-03,2026,8,3,120068.47,85500.0
Hiệu quả xe nội tỉnh chiều về,9,CNKT1,TTKT1,2026-08-09,2026,8,9,248511.02,487150.0
Hiệu quả xe nội tỉnh chiều về,9,LCI,HUBYBN,2026-08-02,2026,8,2,12052.99,14000.0
Hiệu quả xe nội tỉnh chiều về,9,DTP,HUBDTP,2026-08-04,2026,8,4,31833.8,75400.0
Hiệu quả xe nội tỉnh chiều về,9,LDG,HUBDKG,2026-07-31,2026,7,31,5110.48,6150.0
Hiệu quả xe nội tỉnh chiều về,9,QNH,HUBQNH,2026-08-08,2026,8,8,24832.73,49850.0
Hiệu quả xe nội tỉnh chiều về,9,DTP,HUBDTP,2026-08-10,2026,8,10,33317.57,76700.0
Hiệu quả xe nội tỉnh chiều về,9,PHO,HUBPHO,2026-08-15,2026,8,15,23354.81,52000.0
Hiệu quả xe nội tỉnh chiều về,9,QNI,HUBKTM,2026-08-08,2026,8,8,8413.34,18350.0
Hiệu quả xe nội tỉnh chiều về,9,HNI,BBSDPG,2026-08-01,2026,8,1,33725.85,69300.0
Hiệu quả xe nội tỉnh chiều về,9,GLI,HUBGLI,2026-08-04,2026,8,4,34938.21,54930.0
Hiệu quả xe nội tỉnh chiều về,9,HNI,HUBLBN,2026-08-10,2026,8,10,66772.18,107050.0
Hiệu quả xe nội tỉnh chiều về,9,CTO,HUBCTO,2026-08-08,2026,8,8,52293.67,114400.0
Hiệu quả xe nội tỉnh chiều về,9,LCI,HUBYBN,2026-07-31,2026,7,31,4968.549999999999,8000.0
Hiệu quả xe nội tỉnh chiều về,9,LDG,HUBBTN,2026-08-14,2026,8,14,30435.47,48600.0
Hiệu quả xe nội tỉnh chiều về,9,VLG,HUBVLG,2026-08-05,2026,8,5,18067.5,53600.0
Hiệu quả xe nội tỉnh chiều về,9,LDG,HUBLDG03,2026-08-04,2026,8,4,9345.11,15300.0
Hiệu quả xe nội tỉnh chiều về,9,QNI,HUBQNI,2026-08-11,2026,8,11,16195.11,22595.0
Hiệu quả xe nội tỉnh chiều về,9,PHO,HUBPHO,2026-08-11,2026,8,11,23554.75,56500.0
Hiệu quả xe nội tỉnh chiều về,9,LCI,HUBLCI01,2026-08-11,2026,8,11,25201.21,16000.0
Hiệu quả xe nội tỉnh chiều về,9,BNH,HUBBNH,2026-08-06,2026,8,6,65789.41,104300.0
Hiệu quả xe nội tỉnh chiều về,9,HCM,HUBVTU,2026-08-11,2026,8,11,24024.51,60150.0
Hiệu quả xe nội tỉnh chiều về,9,VLG,HUBVLG,2026-08-15,2026,8,15,16301.57,53600.0
Hiệu quả xe nội tỉnh chiều về,9,NBH,HUBHNM,2026-08-10,2026,8,10,27809.35,44700.0
Hiệu quả xe nội tỉnh chiều về,9,NBH,HUBHNM,2026-08-14,2026,8,14,27004.64,47500.0
Hiệu quả xe nội tỉnh chiều về,9,NAN,HUBNAN,2026-08-03,2026,8,3,37669.77,68230.0
Hiệu quả xe nội tỉnh chiều về,9,TNN,HUBTNN,2026-08-10,2026,8,10,42230.94,65140.0
Hiệu quả xe nội tỉnh chiều về,9,DNG,HUBDNG,2026-08-08,2026,8,8,68066.0,89200.0
Hiệu quả xe nội tỉnh chiều về,9,THA,HUBTHA,2026-08-02,2026,8,2,71300.07,148300.0
Hiệu quả xe nội tỉnh chiều về,9,DLK,HUBPYN,2026-08-09,2026,8,9,7973.8,29490.0
Hiệu quả xe nội tỉnh chiều về,9,NBH,HUBHNM,2026-08-03,2026,8,3,24927.98,44700.0
Hiệu quả xe nội tỉnh chiều về,9,DTP,HUBDTP,2026-08-01,2026,8,1,33001.54,74100.0
Hiệu quả xe nội tỉnh chiều về,9,GLI,HUBBHD,2026-08-13,2026,8,13,15714.16,25100.0
Hiệu quả xe nội tỉnh chiều về,9,CMU,HUBBLU,2026-08-05,2026,8,5,9476.36,26600.0
Hiệu quả xe nội tỉnh chiều về,9,CNKT1,TTKT1,2026-08-04,2026,8,4,588554.8,1003000.0
Hiệu quả xe nội tỉnh chiều về,9,CNKT1,TTKT1,2026-08-14,2026,8,14,551934.23,974980.0
Hiệu quả xe nội tỉnh chiều về,9,CNKT5,TTKT5,2026-08-08,2026,8,8,145273.3,194600.0
Hiệu quả xe nội tỉnh chiều về,9,CNKT5,LOGBN,2026-07-31,2026,7,31,6392.75,8000.0
Hiệu quả xe nội tỉnh chiều về,9,CMU,HUBCMU,2026-08-09,2026,8,9,11055.25,17750.0
Hiệu quả xe nội tỉnh chiều về,9,PHO,HUBHBH,2026-08-02,2026,8,2,13559.07,18500.0
Hiệu quả xe nội tỉnh chiều về,9,CNKT1,TTKT1,2026-08-02,2026,8,2,245082.09,502330.0
Hiệu quả xe nội tỉnh chiều về,9,DNG,HUBDNG,2026-08-03,2026,8,3,55055.98,84000.0
Hiệu quả xe nội tỉnh chiều về,9,DBN,HUBDBN,2026-08-15,2026,8,15,160.03,1650.0
Hiệu quả xe nội tỉnh chiều về,9,VLG,HUBVLG,2026-08-04,2026,8,4,17921.34,55200.0
Hiệu quả xe nội tỉnh chiều về,9,VLG,HUBVLG,2026-08-06,2026,8,6,18602.28,56800.0
Hiệu quả xe nội tỉnh chiều về,9,NBH,HUBNBH,2026-08-10,2026,8,10,32470.9,52660.0
Hiệu quả xe nội tỉnh chiều về,9,NBH,HUBNDH,2026-08-04,2026,8,4,53227.43,87700.0
Hiệu quả xe nội tỉnh chiều về,9,DLK,HUBDLK,2026-08-04,2026,8,4,51256.69,103350.0
Hiệu quả xe nội tỉnh chiều về,9,HNI,HUBYAN,2026-07-31,2026,7,31,11109.84,23400.0
Hiệu quả xe nội tỉnh chiều về,9,AGG,HUBKGG01,2026-08-01,2026,8,1,14213.6,38100.0
Hiệu quả xe nội tỉnh chiều về,9,QTI,HUBQBH,2026-08-03,2026,8,3,11210.88,22200.0
Hiệu quả xe nội tỉnh chiều về,9,LCI,HUBLCI01,2026-08-17,2026,8,17,14892.8,8000.0
Hiệu quả xe nội tỉnh chiều về,9,TQG,HUBHGG,2026-08-10,2026,8,10,2700.84,1650.0
Hiệu quả xe nội tỉnh chiều về,9,HNI,HUBLBN,2026-08-01,2026,8,1,55971.0,95250.0
Hiệu quả xe nội tỉnh chiều về,9,LDG,HUBBTN,2026-08-04,2026,8,4,25809.22,53600.0
Hiệu quả xe nội tỉnh chiều về,9,KHA,HUBNTN,2026-08-06,2026,8,6,9934.81,18650.0
Hiệu quả xe nội tỉnh chiều về,9,GLI,HUBBHD,2026-08-07,2026,8,7,13901.33,24850.0
Hiệu quả xe nội tỉnh chiều về,9,CNKT5,LOGBN,2026-08-04,2026,8,4,13887.5,16000.0
Hiệu quả xe nội tỉnh chiều về,9,HCM,HUBVTU,2026-08-04,2026,8,4,25421.68,63150.0
Hiệu quả xe nội tỉnh chiều về,9,LDG,HUBBTN,2026-08-13,2026,8,13,25407.85,53350.0
Hiệu quả xe nội tỉnh chiều về,9,TQG,HUBTQG,2026-08-05,2026,8,5,4908.15,6600.0
Hiệu quả xe nội tỉnh chiều về,9,CNKT3,TTKT3,2026-08-06,2026,8,6,382806.45,574180.0
Hiệu quả xe nội tỉnh chiều về,9,HNI,BBSDPG,2026-07-31,2026,7,31,2426.83,5100.0
Hiệu quả xe nội tỉnh chiều về,9,THA,HUBTHA,2026-08-13,2026,8,13,77901.52,157650.0
Hiệu quả xe nội tỉnh chiều về,9,CMU,HUBBLU,2026-08-17,2026,8,17,7251.33,26600.0
Hiệu quả xe nội tỉnh chiều về,9,DNG,HUBQNM,2026-08-02,2026,8,2,6666.18,35600.0
Hiệu quả xe nội tỉnh chiều về,9,DTP,HUBTGG,2026-08-01,2026,8,1,25643.88,67100.0
Hiệu quả xe nội tỉnh chiều về,9,LSN,HUBLSN,2026-08-17,2026,8,17,10927.73,11250.0
Hiệu quả xe nội tỉnh chiều về,9,DTP,HUBTGG,2026-08-05,2026,8,5,26657.33,59100.0
Hiệu quả xe nội tỉnh chiều về,9,CNKT5,TTKT5,2026-08-16,2026,8,16,59332.98,79200.0
Hiệu quả xe nội tỉnh chiều về,9,KHA,HUBNTN,2026-08-03,2026,8,3,11566.99,18400.0
Hiệu quả xe nội tỉnh chiều về,9,HTH,HUBHTH,2026-08-15,2026,8,15,8807.77,27600.0
Hiệu quả xe nội tỉnh chiều về,9,NAN,HUBNAN,2026-08-12,2026,8,12,39726.16,72330.0
Hiệu quả xe nội tỉnh chiều về,9,VLG,HUBTVH,2026-08-02,2026,8,2,6033.24,9300.0
Hiệu quả xe nội tỉnh chiều về,9,CNKT5,LOGBN,2026-08-02,2026,8,2,12743.36,16000.0
Hiệu quả xe nội tỉnh chiều về,9,CTO,HUBSTG,2026-08-03,2026,8,3,14660.18,32100.0
Hiệu quả xe nội tỉnh chiều về,9,TQG,HUBHGG,2026-08-08,2026,8,8,4325.47,4150.0
Hiệu quả xe nội tỉnh chiều về,9,HYN,HUBHYN,2026-08-07,2026,8,7,117440.57,96750.0
Hiệu quả xe nội tỉnh chiều về,9,PHO,HUBPHO,2026-08-13,2026,8,13,21672.02,53000.0
Hiệu quả xe nội tỉnh chiều về,9,DNG,HUBQNM,2026-08-03,2026,8,3,17827.26,51200.0
Hiệu quả xe nội tỉnh chiều về,9,HYN,HUBTBH,2026-08-14,2026,8,14,15906.57,34300.0
Hiệu quả xe nội tỉnh chiều về,9,QNH,HUBQNH,2026-08-07,2026,8,7,18930.04,47750.0
Hiệu quả xe nội tỉnh chiều về,9,HPG,HUBHPG,2026-08-01,2026,8,1,26275.5,40070.0
Hiệu quả xe nội tỉnh chiều về,9,LDG,HUBLDG01,2026-08-03,2026,8,3,17164.94,45800.0
Hiệu quả xe nội tỉnh chiều về,9,DTP,HUBDTP,2026-08-16,2026,8,16,28608.239999999998,55550.0
Hiệu quả xe nội tỉnh chiều về,9,DBN,HUBDBN,2026-08-14,2026,8,14,120.02,1650.0
Hiệu quả xe nội tỉnh chiều về,9,SLA,HUBSLA,2026-08-07,2026,8,7,174.98,900.0
Hiệu quả xe nội tỉnh chiều về,9,TNH,HUBTNH,2026-08-14,2026,8,14,283.68,4500.0
Hiệu quả xe nội tỉnh chiều về,9,HNI,HUBYAN,2026-08-08,2026,8,8,111355.71,203250.0
Hiệu quả xe nội tỉnh chiều về,9,DNG,HUBQNM,2026-08-05,2026,8,5,17030.79,49200.0
Hiệu quả xe nội tỉnh chiều về,9,TQG,HUBHGG,2026-08-06,2026,8,6,4432.87,4150.0
Hiệu quả xe nội tỉnh chiều về,9,TNN,HUBTNN,2026-08-15,2026,8,15,35025.06,63480.0
Hiệu quả xe nội tỉnh chiều về,9,NBH,HUBNDH,2026-08-03,2026,8,3,55418.61,89600.0
Hiệu quả xe nội tỉnh chiều về,9,QNH,HUBQNH,2026-07-31,2026,7,31,8055.33,16700.0
Hiệu quả xe nội tỉnh chiều về,9,HTH,HUBHTH,2026-08-06,2026,8,6,8439.22,27250.0
Hiệu quả xe nội tỉnh chiều về,9,HPG,HUBHPG,2026-08-13,2026,8,13,23786.26,40690.0
Hiệu quả xe nội tỉnh chiều về,9,DLK,HUBPYN,2026-08-05,2026,8,5,12605.81,32790.0
Hiệu quả xe nội tỉnh chiều về,9,LDG,HUBBTN,2026-08-02,2026,8,2,18439.28,48850.0
Hiệu quả xe nội tỉnh chiều về,9,HUE,HUBHUE,2026-08-13,2026,8,13,14693.85,19030.0
Hiệu quả xe nội tỉnh chiều về,9,PHO,HUBHBH,2026-08-11,2026,8,11,12408.939999999999,15000.0
Hiệu quả xe nội tỉnh chiều về,9,TQG,HUBTQG,2026-08-02,2026,8,2,3331.22,4950.0
Hiệu quả xe nội tỉnh chiều về,9,HCM,HUBTTO,2026-08-15,2026,8,15,76157.54,103300.0
Hiệu quả xe nội tỉnh chiều về,9,CNKT1,TTKT1,2026-08-15,2026,8,15,528720.46,979210.0
Hiệu quả xe nội tỉnh chiều về,9,DTP,HUBTGG,2026-08-12,2026,8,12,38696.09,58550.0
Hiệu quả xe nội tỉnh chiều về,9,CNKT1,TTKT1,2026-08-17,2026,8,17,366040.27999999997,686910.0
Hiệu quả xe nội tỉnh chiều về,9,DTP,HUBDTP,2026-08-07,2026,8,7,33824.39,74100.0
Hiệu quả xe nội tỉnh chiều về,9,QNI,HUBKTM,2026-08-06,2026,8,6,9127.32,20000.0
Hiệu quả xe nội tỉnh chiều về,9,HPG,HUBHPG,2026-08-02,2026,8,2,1151.9299999999998,5200.0
Hiệu quả xe nội tỉnh chiều về,9,THA,HUBTHA,2026-08-04,2026,8,4,70288.4,141850.0
Hiệu quả xe nội tỉnh chiều về,9,HNI,BBSDPG,2026-08-16,2026,8,16,22177.56,50600.0
Hiệu quả xe nội tỉnh chiều về,9,CNKT5,TTKT5,2026-08-12,2026,8,12,143096.6,190600.0
Hiệu quả xe nội tỉnh chiều về,9,TNH,HUBTNH,2026-08-03,2026,8,3,28318.72,53350.0
Hiệu quả xe nội tỉnh chiều về,9,TQG,HUBHGG,2026-08-12,2026,8,12,4228.12,4150.0
Hiệu quả xe nội tỉnh chiều về,9,PHO,HUBPHO,2026-08-05,2026,8,5,22005.32,56500.0
Hiệu quả xe nội tỉnh chiều về,9,HNI,HUBTTI,2026-07-31,2026,7,31,20887.920000000002,32500.0
Hiệu quả xe nội tỉnh chiều về,9,DLK,HUBPYN,2026-08-11,2026,8,11,10070.79,29490.0
Hiệu quả xe nội tỉnh chiều về,9,VLG,HUBTVH,2026-08-17,2026,8,17,10124.26,25300.0
Hiệu quả xe nội tỉnh chiều về,9,QNI,HUBQNI,2026-08-06,2026,8,6,16202.369999999999,24590.0
Hiệu quả xe nội tỉnh chiều về,9,CNKT5,LOGBN,2026-08-07,2026,8,7,15064.45,16000.0
Hiệu quả xe nội tỉnh chiều về,9,HNI,HUBTTI,2026-08-08,2026,8,8,151447.06,225700.0
Hiệu quả xe nội tỉnh chiều về,9,CMU,HUBCMU,2026-08-16,2026,8,16,12455.439999999999,17750.0
Hiệu quả xe nội tỉnh chiều về,9,HNI,HUBYAN,2026-08-13,2026,8,13,124197.62,220250.0
Hiệu quả xe nội tỉnh chiều về,9,LCI,HUBYBN,2026-08-09,2026,8,9,10865.65,13000.0
Hiệu quả xe nội tỉnh chiều về,9,HPG,HUBHDG,2026-08-07,2026,8,7,47600.09,115250.0
Hiệu quả xe nội tỉnh chiều về,9,LDG,HUBDKG,2026-08-05,2026,8,5,18846.76,26650.0
Hiệu quả xe nội tỉnh chiều về,9,LDG,HUBDKG,2026-08-04,2026,8,4,22793.71,28550.0
Hiệu quả xe nội tỉnh chiều về,9,NBH,HUBNDH,2026-08-01,2026,8,1,45568.58,73600.0
Hiệu quả xe nội tỉnh chiều về,9,DNG,HUBQNM,2026-08-13,2026,8,13,16004.06,49200.0
Hiệu quả xe nội tỉnh chiều về,9,QTI,HUBQTI,2026-08-05,2026,8,5,12164.85,25810.0
Hiệu quả xe nội tỉnh chiều về,9,GLI,HUBBHD,2026-08-14,2026,8,14,15573.51,24850.0
Hiệu quả xe nội tỉnh chiều về,9,QTI,HUBQBH,2026-08-10,2026,8,10,13525.28,22450.0
Hiệu quả xe nội tỉnh chiều về,9,CNKT3,TTKT3,2026-08-15,2026,8,15,374494.69,562030.0
Hiệu quả xe nội tỉnh chiều về,9,QNH,HUBQNH,2026-08-04,2026,8,4,22130.91,39550.0
Hiệu quả xe nội tỉnh chiều về,9,QNI,HUBKTM,2026-08-01,2026,8,1,7354.29,20000.0
Hiệu quả xe nội tỉnh chiều về,9,LCI,HUBLCI01,2026-08-09,2026,8,9,24957.489999999998,16000.0
Hiệu quả xe nội tỉnh chiều về,9,NBH,HUBNBH,2026-08-16,2026,8,16,22741.22,44660.0
Hiệu quả xe nội tỉnh chiều về,9,HYN,HUBHYN,2026-08-13,2026,8,13,134658.19,84900.0
Hiệu quả xe nội tỉnh chiều về,9,HTH,HUBHTH,2026-08-04,2026,8,4,8752.86,25600.0
Hiệu quả xe nội tỉnh chiều về,9,HNI,BBSDPG,2026-08-03,2026,8,3,33454.12,68400.0
Hiệu quả xe nội tỉnh chiều về,9,DTP,HUBDTP,2026-08-05,2026,8,5,39255.62,75400.0
Hiệu quả xe nội tỉnh chiều về,9,DBN,HUBDBN,2026-08-03,2026,8,3,168.19,1650.0
Hiệu quả xe nội tỉnh chiều về,9,DTP,HUBTGG,2026-08-08,2026,8,8,25053.43,64250.0
Hiệu quả xe nội tỉnh chiều về,9,QNH,HUBQNH,2026-08-17,2026,8,17,28.64,4300.0
Hiệu quả xe nội tỉnh chiều về,9,HTH,HUBHTH,2026-08-17,2026,8,17,8776.19,27600.0
Hiệu quả xe nội tỉnh chiều về,9,VLG,HUBVLG,2026-08-14,2026,8,14,19848.97,51700.0
Hiệu quả xe nội tỉnh chiều về,9,PHO,HUBVPC,2026-08-01,2026,8,1,92962.87,112400.0
Hiệu quả xe nội tỉnh chiều về,9,DNG,HUBQNM,2026-08-04,2026,8,4,17533.28,40450.0
Hiệu quả xe nội tỉnh chiều về,9,NBH,HUBHNM,2026-07-31,2026,7,31,10340.77,12500.0
Hiệu quả xe nội tỉnh chiều về,9,HNI,BBSDPG,2026-08-06,2026,8,6,34913.04,64800.0
Hiệu quả xe nội tỉnh chiều về,9,HCM,HUBTTO,2026-08-02,2026,8,2,18024.809999999998,46550.0
Hiệu quả xe nội tỉnh chiều về,9,DNI,HUBDNI,2026-08-01,2026,8,1,84883.36,175900.0
Hiệu quả xe nội tỉnh chiều về,9,DNG,HUBQNM,2026-08-12,2026,8,12,18729.37,50850.0
Hiệu quả xe nội tỉnh chiều về,9,NAN,HUBNAN,2026-08-07,2026,8,7,37622.770000000004,75830.0
Hiệu quả xe nội tỉnh chiều về,9,HTH,HUBHTH,2026-08-13,2026,8,13,6304.92,29250.0
Hiệu quả xe nội tỉnh chiều về,9,LSN,HUBLSN,2026-08-07,2026,8,7,18925.1,20850.0
Hiệu quả xe nội tỉnh chiều về,9,DNI,HUBBPC,2026-07-31,2026,7,31,2438.31,6400.0
Hiệu quả xe nội tỉnh chiều về,9,DTP,HUBDTP,2026-08-02,2026,8,2,23449.65,47250.0
Hiệu quả xe nội tỉnh chiều về,9,GLI,HUBBHD,2026-08-06,2026,8,6,15270.060000000001,29350.0
Hiệu quả xe nội tỉnh chiều về,9,HCM,HUBBDG,2026-08-09,2026,8,9,1664.28,1900.0
Hiệu quả xe nội tỉnh chiều về,9,DTP,HUBDTP,2026-08-17,2026,8,17,37186.44,73800.0
Hiệu quả xe nội tỉnh chiều về,9,CTO,HUBSTG,2026-08-16,2026,8,16,15612.619999999999,28750.0
Hiệu quả xe nội tỉnh chiều về,9,DLK,HUBPYN,2026-08-03,2026,8,3,10986.529999999999,32790.0
Hiệu quả xe nội tỉnh chiều về,9,PHO,HUBHBH,2026-08-14,2026,8,14,3782.49,2500.0
Hiệu quả xe nội tỉnh chiều về,9,PHO,HUBPHO,2026-08-03,2026,8,3,20643.84,56500.0
Hiệu quả xe nội tỉnh chiều về,9,QTI,HUBQTI,2026-08-17,2026,8,17,13443.439999999999,24990.0
Hiệu quả xe nội tỉnh chiều về,9,TQG,HUBTQG,2026-08-16,2026,8,16,3759.87,4950.0
Hiệu quả xe nội tỉnh chiều về,9,QTI,HUBQTI,2026-08-10,2026,8,10,13659.03,25810.0
Hiệu quả xe nội tỉnh chiều về,9,NBH,HUBNDH,2026-07-31,2026,7,31,8765.3,13000.0
Hiệu quả xe nội tỉnh chiều về,9,DNG,HUBQNM,2026-08-10,2026,8,10,19084.83,47800.0
Hiệu quả xe nội tỉnh chiều về,9,AGG,HUBKGG01,2026-08-05,2026,8,5,17477.06,42250.0
Hiệu quả xe nội tỉnh chiều về,9,HCM,HUBBDG,2026-08-01,2026,8,1,1462.98,4500.0
Hiệu quả xe nội tỉnh chiều về,9,THA,HUBTHA,2026-08-16,2026,8,16,55996.270000000004,131800.0
Hiệu quả xe nội tỉnh chiều về,9,LSN,HUBLSN,2026-08-01,2026,8,1,22691.21,20850.0
Hiệu quả xe nội tỉnh chiều về,9,HYN,HUBTBH,2026-08-11,2026,8,11,10177.52,21800.0
Hiệu quả xe nội tỉnh chiều về,9,TNN,HUBTNN,2026-08-07,2026,8,7,37092.33,61690.0
Hiệu quả xe nội tỉnh chiều về,9,HYN,HUBHYN,2026-08-11,2026,8,11,103285.43,95100.0
Hiệu quả xe nội tỉnh chiều về,9,PHO,HUBPHO,2026-08-17,2026,8,17,19903.61,56500.0
Hiệu quả xe nội tỉnh chiều về,9,LCI,HUBYBN,2026-08-11,2026,8,11,18310.85,17500.0
Hiệu quả xe nội tỉnh chiều về,9,NAN,HUBNAN,2026-08-13,2026,8,13,37743.6,75830.0
Hiệu quả xe nội tỉnh chiều về,9,HNI,BBSDPG,2026-08-13,2026,8,13,33067.46,72200.0
Hiệu quả xe nội tỉnh chiều về,9,PHO,HUBVPC,2026-08-04,2026,8,4,78670.45,108900.0
Hiệu quả xe nội tỉnh chiều về,9,TNH,HUBLAN,2026-08-03,2026,8,3,18760.54,65850.0
Hiệu quả xe nội tỉnh chiều về,9,VLG,HUBTVH,2026-08-13,2026,8,13,9901.619999999999,25300.0
Hiệu quả xe nội tỉnh chiều về,9,QTI,HUBQTI,2026-08-04,2026,8,4,14093.8,17860.0
Hiệu quả xe nội tỉnh chiều về,9,HNI,HUBYAN,2026-08-07,2026,8,7,113470.86,209400.0
Hiệu quả xe nội tỉnh chiều về,9,HNI,HUBLBN,2026-07-31,2026,7,31,2358.77,3550.0
Hiệu quả xe nội tỉnh chiều về,9,VLG,HUBTVH,2026-08-03,2026,8,3,8943.3,18600.0
Hiệu quả xe nội tỉnh chiều về,9,LSN,HUBLSN,2026-08-05,2026,8,5,22439.72,17400.0
Hiệu quả xe nội tỉnh chiều về,9,QTI,HUBQTI,2026-08-08,2026,8,8,12869.71,25810.0
Hiệu quả xe nội tỉnh chiều về,9,KHA,HUBKHA,2026-08-14,2026,8,14,24404.03,55550.0
Hiệu quả xe nội tỉnh chiều về,9,BNH,HUBBNH,2026-08-04,2026,8,4,62699.64,99800.0
Hiệu quả xe nội tỉnh chiều về,9,LDG,HUBLDG01,2026-08-10,2026,8,10,16661.93,44150.0
Hiệu quả xe nội tỉnh chiều về,9,TNH,HUBTNH,2026-08-08,2026,8,8,37185.96,61550.0
Hiệu quả xe nội tỉnh chiều về,9,LCI,HUBLCI01,2026-08-07,2026,8,7,23487.86,16000.0
Hiệu quả xe nội tỉnh chiều về,9,NAN,HUBNAN,2026-08-17,2026,8,17,41095.3,76180.0
Hiệu quả xe nội tỉnh chiều về,9,CNKT5,TTKT5,2026-08-03,2026,8,3,140785.63,203000.0
Hiệu quả xe nội tỉnh chiều về,9,HPG,HUBHDG,2026-08-03,2026,8,3,50201.68,114650.0
Hiệu quả xe nội tỉnh chiều về,9,CNKT3,TTKT3,2026-08-09,2026,8,9,178360.87,393650.0
Hiệu quả xe nội tỉnh chiều về,9,QNI,HUBKTM,2026-08-05,2026,8,5,8866.039999999999,20000.0
Hiệu quả xe nội tỉnh chiều về,9,HYN,HUBTBH,2026-07-31,2026,7,31,2700.97,3500.0
Hiệu quả xe nội tỉnh chiều về,9,TNN,HUBTNN,2026-08-16,2026,8,16,28934.09,55080.0
Hiệu quả xe nội tỉnh chiều về,9,TQG,HUBHGG,2026-08-02,2026,8,2,3711.99,4150.0
Hiệu quả xe nội tỉnh chiều về,9,HNI,HUBLBN,2026-08-09,2026,8,9,39961.16,75700.0
Hiệu quả xe nội tỉnh chiều về,9,VLG,HUBTVH,2026-08-09,2026,8,9,10895.89,13450.0
Hiệu quả xe nội tỉnh chiều về,9,HYN,HUBTBH,2026-08-07,2026,8,7,22758.13,59000.0
Hiệu quả xe nội tỉnh chiều về,9,CMU,HUBCMU,2026-08-03,2026,8,3,11732.33,36350.0
Hiệu quả xe nội tỉnh chiều về,9,QTI,HUBQTI,2026-08-13,2026,8,13,13675.539999999999,25810.0
Hiệu quả xe nội tỉnh chiều về,9,CTO,HUBSTG,2026-08-08,2026,8,8,16179.17,16900.0
Hiệu quả xe nội tỉnh chiều về,9,LDG,HUBLDG01,2026-08-04,2026,8,4,24030.94,44150.0
Hiệu quả xe nội tỉnh chiều về,9,NAN,HUBNAN,2026-08-06,2026,8,6,36151.17,78080.0
Hiệu quả xe nội tỉnh chiều về,9,TQG,HUBTQG,2026-08-08,2026,8,8,5125.299999999999,8250.0
Hiệu quả xe nội tỉnh chiều về,9,LSN,HUBLSN,2026-08-03,2026,8,3,14528.83,15750.0
Hiệu quả xe nội tỉnh chiều về,9,CNKT5,LOGBN,2026-08-11,2026,8,11,21229.87,24000.0
Hiệu quả xe nội tỉnh chiều về,9,PHO,HUBVPC,2026-08-13,2026,8,13,71640.25,107300.0
Hiệu quả xe nội tỉnh chiều về,9,CMU,HUBCMU,2026-08-14,2026,8,14,13940.32,36350.0
Hiệu quả xe nội tỉnh chiều về,9,DNG,HUBDNG,2026-08-02,2026,8,2,33452.55,59000.0
Hiệu quả xe nội tỉnh chiều về,9,KHA,HUBNTN,2026-08-08,2026,8,8,8611.04,18650.0
Hiệu quả xe nội tỉnh chiều về,9,SLA,HUBSLA,2026-08-16,2026,8,16,326.7,900.0
Hiệu quả xe nội tỉnh chiều về,9,LDG,HUBLDG01,2026-08-08,2026,8,8,18156.81,39650.0
Hiệu quả xe nội tỉnh chiều về,9,HTH,HUBHTH,2026-08-10,2026,8,10,8151.81,27600.0
Hiệu quả xe nội tỉnh chiều về,9,HUE,HUBHUE,2026-08-01,2026,8,1,18853.93,29430.0
Hiệu quả xe nội tỉnh chiều về,9,QTI,HUBQTI,2026-08-12,2026,8,12,13897.8,23190.0
Hiệu quả xe nội tỉnh chiều về,9,HCM,HUBVTU,2026-08-15,2026,8,15,30897.5,65150.0
Hiệu quả xe nội tỉnh chiều về,9,HUE,HUBHUE,2026-08-09,2026,8,9,9799.08,23530.0
Hiệu quả xe nội tỉnh chiều về,9,DNG,HUBDNG,2026-08-10,2026,8,10,59901.88,84200.0
Hiệu quả xe nội tỉnh chiều về,9,LDG,HUBLDG01,2026-08-02,2026,8,2,10742.33,39000.0
Hiệu quả xe nội tỉnh chiều về,9,NBH,HUBNBH,2026-08-17,2026,8,17,28652.0,47330.0
Hiệu quả xe nội tỉnh chiều về,9,QNI,HUBQNI,2026-08-04,2026,8,4,14631.279999999999,22940.0
Hiệu quả xe nội tỉnh chiều về,9,TQG,HUBHGG,2026-08-14,2026,8,14,3501.3999999999996,4150.0
Hiệu quả xe nội tỉnh chiều về,9,CNKT1,TTKT1,2026-08-05,2026,8,5,569617.7,978100.0
Hiệu quả xe nội tỉnh chiều về,9,CTO,HUBCTO,2026-08-02,2026,8,2,37243.63,102600.0
Hiệu quả xe nội tỉnh chiều về,9,NAN,HUBNAN,2026-08-04,2026,8,4,38008.08,78980.0
Hiệu quả xe nội tỉnh chiều về,9,HPG,HUBHPG,2026-08-14,2026,8,14,43150.06,41570.0
Hiệu quả xe nội tỉnh chiều về,9,LDG,HUBLDG03,2026-08-06,2026,8,6,10090.77,15300.0
Hiệu quả xe nội tỉnh chiều về,9,KHA,HUBKHA,2026-08-15,2026,8,15,21786.12,55550.0
Hiệu quả xe nội tỉnh chiều về,9,DLK,HUBPYN,2026-08-15,2026,8,15,13111.85,32790.0
Hiệu quả xe nội tỉnh chiều về,9,KHA,HUBKHA,2026-08-17,2026,8,17,26345.27,55550.0
Hiệu quả xe nội tỉnh chiều về,9,AGG,HUBAGG,2026-08-07,2026,8,7,34588.55,74450.0
Hiệu quả xe nội tỉnh chiều về,9,VLG,HUBVLG,2026-08-01,2026,8,1,17418.11,53600.0
Hiệu quả xe nội tỉnh chiều về,9,AGG,HUBKGG01,2026-08-03,2026,8,3,18065.74,44750.0
Hiệu quả xe nội tỉnh chiều về,9,LDG,HUBLDG03,2026-08-14,2026,8,14,10216.38,13650.0
Hiệu quả xe nội tỉnh chiều về,9,TQG,HUBTQG,2026-08-10,2026,8,10,4796.28,8250.0
Hiệu quả xe nội tỉnh chiều về,9,LDG,HUBDKG,2026-08-15,2026,8,15,19804.16,29500.0
Hiệu quả xe nội tỉnh chiều về,9,LSN,HUBLSN,2026-08-14,2026,8,14,17764.98,19200.0
Hiệu quả xe nội tỉnh chiều về,9,LDG,HUBLDG01,2026-08-11,2026,8,11,20799.4,39650.0
Hiệu quả xe nội tỉnh chiều về,9,THA,HUBTHA,2026-08-09,2026,8,9,56043.4,124900.0
Hiệu quả xe nội tỉnh chiều về,9,GLI,HUBBHD,2026-08-16,2026,8,16,12366.52,25100.0
Hiệu quả xe nội tỉnh chiều về,9,HCM,HUBVTU,2026-08-14,2026,8,14,31538.14,65150.0
Hiệu quả xe nội tỉnh chiều về,9,CTO,HUBCTO,2026-08-15,2026,8,15,40790.86,111800.0
Hiệu quả xe nội tỉnh chiều về,9,GLI,HUBGLI,2026-08-05,2026,8,5,34935.72,56780.0
Hiệu quả xe nội tỉnh chiều về,9,PHO,HUBPHO,2026-08-16,2026,8,16,21338.32,48500.0
Hiệu quả xe nội tỉnh chiều về,9,DBN,HUBDBN,2026-08-06,2026,8,6,6.0,1650.0
Hiệu quả xe nội tỉnh chiều về,9,VLG,HUBVLG,2026-08-03,2026,8,3,19702.9,55200.0
Hiệu quả xe nội tỉnh chiều về,9,HCM,HUBTTO,2026-08-11,2026,8,11,72763.26,105900.0
Hiệu quả xe nội tỉnh chiều về,9,QNI,HUBKTM,2026-08-16,2026,8,16,6965.24,20000.0
Hiệu quả xe nội tỉnh chiều về,9,HCM,HUBTTO,2026-08-03,2026,8,3,62739.82,84700.0
Hiệu quả kết nối nội tỉnh,7,DNI,HUBBPC,2026-08-04,2026,8,4,50163.64,2194.0
Hiệu quả kết nối nội tỉnh,7,CTO,HUBCTO,2026-08-03,2026,8,3,95516.69,2224.0
Hiệu quả kết nối nội tỉnh,7,HCM,HUBTTO,2026-08-05,2026,8,5,138052.85,1739.0
Hiệu quả kết nối nội tỉnh,7,KHA,HUBNTN,2026-08-13,2026,8,13,26157.88,411.0
Hiệu quả kết nối nội tỉnh,7,THA,HUBTHA,2026-08-11,2026,8,11,150964.52,4145.0
Hiệu quả kết nối nội tỉnh,7,CNKT1,TTKT1,2026-07-31,2026,7,31,183066.23,3091.4
Hiệu quả kết nối nội tỉnh,7,LDG,HUBLDG03,2026-08-04,2026,8,4,28744.72,645.0
Hiệu quả kết nối nội tỉnh,7,PHO,HUBHBH,2026-08-07,2026,8,7,35817.16,869.0
Hiệu quả kết nối nội tỉnh,7,HCM,HUBVTU,2026-08-10,2026,8,10,60147.61,1082.1
Hiệu quả kết nối nội tỉnh,7,NAN,HUBNAN,2026-08-12,2026,8,12,114920.86,3307.0
Hiệu quả kết nối nội tỉnh,7,THA,HUBTHA,2026-08-14,2026,8,14,147021.79,3903.0
Hiệu quả kết nối nội tỉnh,7,DLK,HUBDLK,2026-08-01,2026,8,1,112211.04,2498.0
Hiệu quả kết nối nội tỉnh,7,PHO,HUBPHO,2026-08-09,2026,8,9,56743.25,1695.0
Hiệu quả kết nối nội tỉnh,7,HCM,HUBTTO,2026-08-08,2026,8,8,148387.88,1718.0
Hiệu quả kết nối nội tỉnh,7,DNI,HUBBPC,2026-07-31,2026,7,31,2438.31,79.0
Hiệu quả kết nối nội tỉnh,7,DTP,HUBDTP,2026-08-13,2026,8,13,77299.51,1618.0
Hiệu quả kết nối nội tỉnh,7,DNI,HUBBPC,2026-08-02,2026,8,2,49488.13,2091.0
Hiệu quả kết nối nội tỉnh,7,DTP,HUBDTP,2026-08-10,2026,8,10,77585.49,1567.0
Hiệu quả kết nối nội tỉnh,7,LDG,HUBDKG,2026-08-08,2026,8,8,40887.9,1077.0
Hiệu quả kết nối nội tỉnh,7,LDG,HUBLDG03,2026-08-16,2026,8,16,16184.630000000001,274.0
Hiệu quả kết nối nội tỉnh,7,NBH,HUBHNM,2026-08-15,2026,8,15,63298.39,542.56
Hiệu quả kết nối nội tỉnh,7,QNH,HUBQNH,2026-08-10,2026,8,10,67418.78,1735.0
Hiệu quả kết nối nội tỉnh,7,LDG,HUBDKG,2026-08-17,2026,8,17,40830.28,1108.0
Hiệu quả kết nối nội tỉnh,7,CNKT5,LOGBN,2026-08-14,2026,8,14,94332.13,918.0
Hiệu quả kết nối nội tỉnh,7,THA,HUBTHA,2026-07-31,2026,7,31,7816.91,234.0
Hiệu quả kết nối nội tỉnh,7,QNH,HUBQNH,2026-08-11,2026,8,11,78034.33,1808.0
Hiệu quả kết nối nội tỉnh,7,GLI,HUBBHD,2026-08-15,2026,8,15,44467.369999999995,928.0
Hiệu quả kết nối nội tỉnh,7,DNG,HUBDNG,2026-08-17,2026,8,17,103558.84,1174.0
Hiệu quả kết nối nội tỉnh,7,CNKT1,TTKT1,2026-08-08,2026,8,8,935383.59,18221.8
Hiệu quả kết nối nội tỉnh,7,TQG,HUBTQG,2026-08-09,2026,8,9,11886.93,392.0
Hiệu quả kết nối nội tỉnh,7,QTI,HUBQBH,2026-08-09,2026,8,9,32498.05,1195.3
Hiệu quả kết nối nội tỉnh,7,TQG,HUBTQG,2026-08-02,2026,8,2,12583.66,384.0
Hiệu quả kết nối nội tỉnh,7,CNKT5,LOGBN,2026-08-05,2026,8,5,79141.48,953.0
Hiệu quả kết nối nội tỉnh,7,TQG,HUBHGG,2026-08-02,2026,8,2,7149.32,616.0
Hiệu quả kết nối nội tỉnh,7,HCM,HUBTTO,2026-08-15,2026,8,15,148534.56,1760.0
Hiệu quả kết nối nội tỉnh,7,THA,HUBTHA,2026-08-04,2026,8,4,143137.59,3987.0
Hiệu quả kết nối nội tỉnh,7,BNH,HUBBGG,2026-08-16,2026,8,16,98497.42,1585.0
Hiệu quả kết nối nội tỉnh,7,QTI,HUBQTI,2026-08-15,2026,8,15,27647.35,865.7
Hiệu quả kết nối nội tỉnh,7,GLI,HUBGLI,2026-08-01,2026,8,1,78400.79,2506.0
Hiệu quả kết nối nội tỉnh,7,KHA,HUBKHA,2026-08-11,2026,8,11,72185.49,1582.0
Hiệu quả kết nối nội tỉnh,7,LDG,HUBLDG03,2026-08-02,2026,8,2,22114.71,444.0
Hiệu quả kết nối nội tỉnh,7,QNH,HUBQNH,2026-08-17,2026,8,17,3664.3399999999997,104.0
Hiệu quả kết nối nội tỉnh,7,VLG,HUBVLG,2026-08-06,2026,8,6,44428.37,1054.6
Hiệu quả kết nối nội tỉnh,7,HNI,HUBTTI,2026-08-11,2026,8,11,223679.13,4272.7
Hiệu quả kết nối nội tỉnh,7,PHO,HUBVPC,2026-08-09,2026,8,9,139931.42,1612.0
Hiệu quả kết nối nội tỉnh,7,DLK,HUBDLK,2026-08-06,2026,8,6,127046.35,2529.0
Hiệu quả kết nối nội tỉnh,7,HYN,HUBTBH,2026-08-08,2026,8,8,56382.57,1074.0
Hiệu quả kết nối nội tỉnh,7,KHA,HUBNTN,2026-08-17,2026,8,17,27420.0,434.0
Hiệu quả kết nối nội tỉnh,7,VLG,HUBTVH,2026-08-08,2026,8,8,34130.55,707.8
Hiệu quả kết nối nội tỉnh,7,VLG,HUBVLG,2026-08-09,2026,8,9,33431.62,553.6
Hiệu quả kết nối nội tỉnh,7,HNI,HUBLBN,2026-08-01,2026,8,1,82573.76,1342.2
Hiệu quả kết nối nội tỉnh,7,CMU,HUBBLU,2026-08-06,2026,8,6,28089.89,700.0
Hiệu quả kết nối nội tỉnh,7,PHO,HUBHBH,2026-08-04,2026,8,4,33453.31,869.0
Hiệu quả kết nối nội tỉnh,7,LDG,HUBDKG,2026-08-09,2026,8,9,41308.13,1075.0
Hiệu quả kết nối nội tỉnh,7,TQG,HUBHGG,2026-08-10,2026,8,10,5489.44,471.0
Hiệu quả kết nối nội tỉnh,7,HPG,HUBHPG,2026-08-12,2026,8,12,120139.8,1219.0
Hiệu quả kết nối nội tỉnh,7,SLA,HUBSLA,2026-08-14,2026,8,14,1972.96,82.0
Hiệu quả kết nối nội tỉnh,7,HUE,HUBHUE,2026-08-15,2026,8,15,40169.82,816.0
Hiệu quả kết nối nội tỉnh,7,AGG,HUBKGG01,2026-08-06,2026,8,6,58866.11,1978.0
Hiệu quả kết nối nội tỉnh,7,CNKT3,TTKT3,2026-08-14,2026,8,14,747804.16,9167.5
Hiệu quả kết nối nội tỉnh,7,NBH,HUBNBH,2026-08-17,2026,8,17,62315.19,808.9
Hiệu quả kết nối nội tỉnh,7,LCI,HUBLCI01,2026-08-01,2026,8,1,49729.71,401.0
Hiệu quả kết nối nội tỉnh,7,KHA,HUBKHA,2026-07-31,2026,7,31,4653.76,131.0
Hiệu quả kết nối nội tỉnh,7,DNI,HUBDNI,2026-08-02,2026,8,2,140562.91,2881.0
Hiệu quả kết nối nội tỉnh,7,QNH,HUBQNH,2026-08-05,2026,8,5,78506.22,1808.0
Hiệu quả kết nối nội tỉnh,7,BNH,HUBBNH,2026-08-07,2026,8,7,107038.25,1576.0
Hiệu quả kết nối nội tỉnh,7,TNN,HUBTNN,2026-08-06,2026,8,6,71943.75,1200.0
Hiệu quả kết nối nội tỉnh,7,GLI,HUBBHD,2026-08-17,2026,8,17,40557.91,874.0
Hiệu quả kết nối nội tỉnh,7,NAN,HUBNAN,2026-08-14,2026,8,14,112975.41,3390.0
Hiệu quả kết nối nội tỉnh,7,CTO,HUBCTO,2026-08-11,2026,8,11,122934.61,2298.0
Hiệu quả kết nối nội tỉnh,7,DLK,HUBDLK,2026-08-11,2026,8,11,112338.06,2515.0
Hiệu quả kết nối nội tỉnh,7,PHO,HUBVPC,2026-07-31,2026,7,31,9285.35,83.0
Hiệu quả kết nối nội tỉnh,7,TQG,HUBTQG,2026-08-12,2026,8,12,15309.34,525.0
Hiệu quả kết nối nội tỉnh,7,GLI,HUBGLI,2026-08-09,2026,8,9,77645.44,2679.0
Hiệu quả kết nối nội tỉnh,7,QTI,HUBQBH,2026-08-13,2026,8,13,43095.15,1727.1
Hiệu quả kết nối nội tỉnh,7,HNI,BBSDPG,2026-08-08,2026,8,8,44298.31,1475.3
Hiệu quả kết nối nội tỉnh,7,CTO,HUBCTO,2026-08-15,2026,8,15,108238.66,2292.0
Hiệu quả kết nối nội tỉnh,7,THA,HUBTHA,2026-08-13,2026,8,13,159747.43,4221.0
Hiệu quả kết nối nội tỉnh,7,QTI,HUBQBH,2026-08-06,2026,8,6,38717.69,1727.1000000000001
Hiệu quả kết nối nội tỉnh,7,CNKT3,TTKT3,2026-07-31,2026,7,31,63190.509999999995,606.0
Hiệu quả kết nối nội tỉnh,7,LSN,HUBLSN,2026-08-06,2026,8,6,26619.4,592.0
Hiệu quả kết nối nội tỉnh,7,BNH,HUBBGG,2026-08-09,2026,8,9,101811.98,1593.0
Hiệu quả kết nối nội tỉnh,7,VLG,HUBVLG,2026-08-04,2026,8,4,41378.05,925.6
Hiệu quả kết nối nội tỉnh,7,DTP,HUBDTP,2026-08-14,2026,8,14,88424.69,1626.0
Hiệu quả kết nối nội tỉnh,7,LDG,HUBBTN,2026-08-15,2026,8,15,73163.34,2224.0
Hiệu quả kết nối nội tỉnh,7,DTP,HUBDTP,2026-08-16,2026,8,16,75827.13,1134.5
Hiệu quả kết nối nội tỉnh,7,DBN,HUBDBN,2026-08-15,2026,8,15,2282.53,185.0
Hiệu quả kết nối nội tỉnh,7,GLI,HUBBHD,2026-08-06,2026,8,6,41438.04,891.0
Hiệu quả kết nối nội tỉnh,7,PHO,HUBVPC,2026-08-05,2026,8,5,135382.99,1869.0
Hiệu quả kết nối nội tỉnh,7,GLI,HUBGLI,2026-08-05,2026,8,5,77277.14,2425.0
Hiệu quả kết nối nội tỉnh,7,GLI,HUBGLI,2026-08-10,2026,8,10,73001.2,2700.0
Hiệu quả kết nối nội tỉnh,7,HUE,HUBHUE,2026-08-09,2026,8,9,36564.44,782.0
Hiệu quả kết nối nội tỉnh,7,HNI,HUBYAN,2026-08-08,2026,8,8,144074.86,3942.1
Hiệu quả kết nối nội tỉnh,7,HNI,HUBLBN,2026-08-05,2026,8,5,87838.03,1450.1
Hiệu quả kết nối nội tỉnh,7,HYN,HUBTBH,2026-08-11,2026,8,11,26015.08,584.0
Hiệu quả kết nối nội tỉnh,7,VLG,HUBTVH,2026-08-13,2026,8,13,27107.12,707.8
Hiệu quả kết nối nội tỉnh,7,TQG,HUBTQG,2026-08-03,2026,8,3,11593.02,517.0
Hiệu quả kết nối nội tỉnh,7,QNH,HUBQNH,2026-08-01,2026,8,1,62387.95,1847.0
Hiệu quả kết nối nội tỉnh,7,HTH,HUBHTH,2026-08-02,2026,8,2,23560.73,556.5
Hiệu quả kết nối nội tỉnh,7,CMU,HUBCMU,2026-08-17,2026,8,17,53359.31,1532.0
Hiệu quả kết nối nội tỉnh,7,TNN,HUBTNN,2026-08-16,2026,8,16,65822.3,1099.0
Hiệu quả kết nối nội tỉnh,7,HCM,HUBBDG,2026-08-08,2026,8,8,1185.39,12.0
Hiệu quả kết nối nội tỉnh,7,QNH,HUBQNH,2026-08-14,2026,8,14,1168.52,19.0
Hiệu quả kết nối nội tỉnh,7,CMU,HUBCMU,2026-08-07,2026,8,7,44066.03,1532.0
Hiệu quả kết nối nội tỉnh,7,KHA,HUBNTN,2026-08-02,2026,8,2,20408.83,364.0
Hiệu quả kết nối nội tỉnh,7,HPG,HUBHPG,2026-08-05,2026,8,5,91407.09,1306.0
Hiệu quả kết nối nội tỉnh,7,NBH,HUBHNM,2026-08-10,2026,8,10,55564.96,509.12
Hiệu quả kết nối nội tỉnh,7,TNH,HUBTNH,2026-08-11,2026,8,11,3960.14,156.0
Hiệu quả kết nối nội tỉnh,7,LSN,HUBLSN,2026-08-02,2026,8,2,20151.54,592.0
Hiệu quả kết nối nội tỉnh,7,CTO,HUBSTG,2026-08-02,2026,8,2,53132.3,974.0
Hiệu quả kết nối nội tỉnh,7,HPG,HUBHDG,2026-08-14,2026,8,14,112444.87,1390.0
Hiệu quả kết nối nội tỉnh,7,TNH,HUBTNH,2026-08-14,2026,8,14,3587.69,156.0
Hiệu quả kết nối nội tỉnh,7,PHO,HUBPHO,2026-08-03,2026,8,3,45518.55,1563.0
Hiệu quả kết nối nội tỉnh,7,CNKT5,LOGBN,2026-08-08,2026,8,8,65381.76,743.0
Hiệu quả kết nối nội tỉnh,7,KHA,HUBKHA,2026-08-09,2026,8,9,60829.53,1520.0
Hiệu quả kết nối nội tỉnh,7,TNN,HUBTNN,2026-08-13,2026,8,13,76750.96,1260.0
Hiệu quả kết nối nội tỉnh,7,TNN,HUBTNN,2026-08-02,2026,8,2,57985.25,1185.0
Hiệu quả kết nối nội tỉnh,7,HNI,HUBYAN,2026-08-13,2026,8,13,152961.63,4133.2
Hiệu quả kết nối nội tỉnh,7,VLG,HUBBTE,2026-08-01,2026,8,1,82328.1,1320.0
Hiệu quả kết nối nội tỉnh,7,PHO,HUBVPC,2026-08-14,2026,8,14,173132.09,1791.0
Hiệu quả kết nối nội tỉnh,7,CNKT5,LOGBN,2026-08-03,2026,8,3,47651.99,682.0
Hiệu quả kết nối nội tỉnh,7,QNI,HUBQNI,2026-08-14,2026,8,14,28354.03,599.0
Hiệu quả kết nối nội tỉnh,7,LDG,HUBBTN,2026-08-13,2026,8,13,71777.02,2361.0
Hiệu quả kết nối nội tỉnh,7,DTP,HUBDTP,2026-08-04,2026,8,4,72373.79000000001,1567.0
Hiệu quả kết nối nội tỉnh,7,VLG,HUBTVH,2026-08-04,2026,8,4,31022.89,689.8
Hiệu quả kết nối nội tỉnh,7,CMU,HUBBLU,2026-08-11,2026,8,11,31534.63,670.0
Hiệu quả kết nối nội tỉnh,7,HCM,HUBVTU,2026-08-08,2026,8,8,71554.12,1109.9
Hiệu quả kết nối nội tỉnh,7,NBH,HUBNBH,2026-07-31,2026,7,31,5133.74,20.6
Hiệu quả kết nối nội tỉnh,7,HNI,HUBYAN,2026-08-12,2026,8,12,161386.22,4127.0
Hiệu quả kết nối nội tỉnh,7,BNH,HUBBGG,2026-08-07,2026,8,7,109692.72,1661.0
Hiệu quả kết nối nội tỉnh,7,KHA,HUBKHA,2026-08-01,2026,8,1,66757.14,1564.0
Hiệu quả kết nối nội tỉnh,7,LDG,HUBBTN,2026-08-07,2026,8,7,72905.82,2361.0
Hiệu quả kết nối nội tỉnh,7,TNH,HUBLAN,2026-08-03,2026,8,3,68013.88,2257.0
Hiệu quả kết nối nội tỉnh,7,VLG,HUBBTE,2026-08-04,2026,8,4,76076.96,1302.0
Hiệu quả kết nối nội tỉnh,7,KHA,HUBKHA,2026-08-17,2026,8,17,69527.64,1588.0
Hiệu quả kết nối nội tỉnh,7,HNI,HUBYAN,2026-08-03,2026,8,3,147022.66,4285.5
Hiệu quả kết nối nội tỉnh,7,TNN,HUBTNN,2026-08-17,2026,8,17,50865.33,1003.0
Hiệu quả kết nối nội tỉnh,7,HNI,HUBTTI,2026-08-12,2026,8,12,211013.66,4166.6
Hiệu quả kết nối nội tỉnh,7,NBH,HUBHNM,2026-08-13,2026,8,13,55570.39,542.56
Hiệu quả kết nối nội tỉnh,7,CTO,HUBSTG,2026-08-07,2026,8,7,54871.98,1086.0
Hiệu quả kết nối nội tỉnh,7,QTI,HUBQTI,2026-08-17,2026,8,17,36075.79,865.7
Hiệu quả kết nối nội tỉnh,7,CTO,HUBSTG,2026-08-03,2026,8,3,50561.75,1058.0
Hiệu quả kết nối nội tỉnh,7,CTO,HUBSTG,2026-08-01,2026,8,1,57243.130000000005,1156.0
Hiệu quả kết nối nội tỉnh,7,VLG,HUBVLG,2026-08-05,2026,8,5,44767.33,1054.6
Hiệu quả kết nối nội tỉnh,7,LCI,HUBYBN,2026-08-10,2026,8,10,37704.19,908.0
Hiệu quả kết nối nội tỉnh,7,QNI,HUBQNI,2026-08-05,2026,8,5,35532.26,877.0
Hiệu quả kết nối nội tỉnh,7,AGG,HUBAGG,2026-08-03,2026,8,3,94701.24,1927.0
Hiệu quả kết nối nội tỉnh,7,NBH,HUBHNM,2026-08-03,2026,8,3,56835.340000000004,537.22
Hiệu quả kết nối nội tỉnh,7,HPG,HUBHPG,2026-08-14,2026,8,14,128788.3,1182.0
Hiệu quả kết nối nội tỉnh,7,HCM,HUBVTU,2026-08-07,2026,8,7,72674.44,1057.5
Hiệu quả kết nối nội tỉnh,7,LDG,HUBDKG,2026-08-12,2026,8,12,41690.11,1173.0
Hiệu quả kết nối nội tỉnh,7,HPG,HUBHPG,2026-08-04,2026,8,4,110969.4,1373.0
Hiệu quả kết nối nội tỉnh,7,HCM,HUBTTO,2026-08-06,2026,8,6,133590.75,1740.0
Hiệu quả kết nối nội tỉnh,7,QTI,HUBQTI,2026-08-14,2026,8,14,35465.99,873.2
Hiệu quả kết nối nội tỉnh,7,GLI,HUBGLI,2026-08-12,2026,8,12,82199.6,2587.0
Hiệu quả kết nối nội tỉnh,7,TNN,HUBTNN,2026-08-04,2026,8,4,78457.09,1245.0
Hiệu quả kết nối nội tỉnh,7,DTP,HUBTGG,2026-08-09,2026,8,9,64662.13,1038.3
Hiệu quả kết nối nội tỉnh,7,CMU,HUBBLU,2026-08-12,2026,8,12,33228.76,700.0
Hiệu quả kết nối nội tỉnh,7,THA,HUBTHA,2026-08-17,2026,8,17,127971.95,3185.0
Hiệu quả kết nối nội tỉnh,7,DLK,HUBDLK,2026-08-17,2026,8,17,116870.85,2432.0
Hiệu quả kết nối nội tỉnh,7,HTH,HUBHTH,2026-08-06,2026,8,6,30644.85,919.3000000000001
Hiệu quả kết nối nội tỉnh,7,DLK,HUBDLK,2026-08-02,2026,8,2,97175.09,2012.0
Hiệu quả kết nối nội tỉnh,7,DNG,HUBDNG,2026-08-14,2026,8,14,129710.69,1396.0
Hiệu quả kết nối nội tỉnh,7,HCM,HUBVTU,2026-08-14,2026,8,14,82448.01,1100.1
Hiệu quả kết nối nội tỉnh,7,CNKT3,TTKT3,2026-08-03,2026,8,3,628516.4,8313.0
Hiệu quả kết nối nội tỉnh,7,HNI,HUBLBN,2026-08-02,2026,8,2,55860.57,744.7
Hiệu quả kết nối nội tỉnh,7,HNI,BBSDPG,2026-08-04,2026,8,4,41294.02,1435.3
Hiệu quả kết nối nội tỉnh,7,NAN,HUBNAN,2026-08-11,2026,8,11,103055.86,3281.0
Hiệu quả kết nối nội tỉnh,7,CNKT1,TTKT1,2026-08-11,2026,8,11,1008014.47,19090.6
Hiệu quả kết nối nội tỉnh,7,DTP,HUBTGG,2026-08-17,2026,8,17,69173.72,1077.0
Hiệu quả kết nối nội tỉnh,7,HNI,HUBLBN,2026-08-10,2026,8,10,87434.59,1510.8
Hiệu quả kết nối nội tỉnh,7,TQG,HUBTQG,2026-08-14,2026,8,14,14912.85,517.0
Hiệu quả kết nối nội tỉnh,7,DLK,HUBDLK,2026-08-13,2026,8,13,121914.39,2519.0
Hiệu quả kết nối nội tỉnh,7,HNI,BBSDPG,2026-08-05,2026,8,5,41345.6,1390.0
Hiệu quả kết nối nội tỉnh,7,HPG,HUBHPG,2026-08-11,2026,8,11,101729.34,1157.0
Hiệu quả kết nối nội tỉnh,7,CNKT3,TTKT3,2026-08-16,2026,8,16,528492.58,6360.5
Hiệu quả kết nối nội tỉnh,7,DBN,HUBDBN,2026-08-11,2026,8,11,1995.73,185.0
Hiệu quả kết nối nội tỉnh,7,LDG,HUBLDG03,2026-08-10,2026,8,10,32629.38,695.0
Hiệu quả kết nối nội tỉnh,7,HNI,BBSDPG,2026-08-07,2026,8,7,39256.94,1492.3
Hiệu quả kết nối nội tỉnh,7,LDG,HUBDKG,2026-08-05,2026,8,5,42242.59,1173.0
Hiệu quả kết nối nội tỉnh,7,HNI,HUBTTI,2026-08-16,2026,8,16,99301.4,1480.8
Hiệu quả kết nối nội tỉnh,7,NBH,HUBHNM,2026-08-11,2026,8,11,62624.48,537.22
Hiệu quả kết nối nội tỉnh,7,NBH,HUBHNM,2026-08-07,2026,8,7,57246.24,509.12
Hiệu quả kết nối nội tỉnh,7,LCI,HUBLCI01,2026-08-17,2026,8,17,32391.25,288.0
Hiệu quả kết nối nội tỉnh,7,DLK,HUBPYN,2026-08-12,2026,8,12,32280.45,1033.0
Hiệu quả kết nối nội tỉnh,7,CNKT5,LOGBN,2026-08-04,2026,8,4,79524.81,939.0
Hiệu quả kết nối nội tỉnh,7,NBH,HUBHNM,2026-08-02,2026,8,2,34044.2,275.92
Hiệu quả kết nối nội tỉnh,7,DLK,HUBPYN,2026-08-11,2026,8,11,26082.739999999998,931.0
Hiệu quả kết nối nội tỉnh,7,DTP,HUBTGG,2026-08-13,2026,8,13,80597.54000000001,1310.2
Hiệu quả kết nối nội tỉnh,7,HYN,HUBHYN,2026-08-16,2026,8,16,95611.92,675.0
Hiệu quả kết nối nội tỉnh,7,GLI,HUBGLI,2026-08-11,2026,8,11,76798.81,2324.0
Hiệu quả kết nối nội tỉnh,7,VLG,HUBTVH,2026-08-16,2026,8,16,21215.63,403.4
Hiệu quả kết nối nội tỉnh,7,HYN,HUBHYN,2026-08-12,2026,8,12,226314.32,1297.0
Hiệu quả kết nối nội tỉnh,7,QTI,HUBQBH,2026-08-10,2026,8,10,41630.93,1699.1000000000001
Hiệu quả kết nối nội tỉnh,7,CTO,HUBCTO,2026-08-02,2026,8,2,95514.24,2173.0
Hiệu quả kết nối nội tỉnh,7,DNG,HUBDNG,2026-08-03,2026,8,3,121409.09,1313.0
Hiệu quả kết nối nội tỉnh,7,BNH,HUBBNH,2026-08-04,2026,8,4,113114.43,1576.0
Hiệu quả kết nối nội tỉnh,7,HNI,HUBTTI,2026-08-08,2026,8,8,198258.62,4013.6
Hiệu quả kết nối nội tỉnh,7,HPG,HUBHDG,2026-08-15,2026,8,15,118659.1,1368.0
Hiệu quả kết nối nội tỉnh,7,LDG,HUBLDG01,2026-08-02,2026,8,2,47359.75,1310.0
Hiệu quả kết nối nội tỉnh,7,CNKT3,TTKT3,2026-08-17,2026,8,17,559616.24,8320.0
Hiệu quả kết nối nội tỉnh,7,CNKT3,TTKT3,2026-08-05,2026,8,5,765451.25,9071.5
Hiệu quả kết nối nội tỉnh,7,HNI,HUBYAN,2026-08-15,2026,8,15,136829.22,3846.0
Hiệu quả kết nối nội tỉnh,7,NBH,HUBNDH,2026-08-06,2026,8,6,7473.26,144.0
Hiệu quả kết nối nội tỉnh,7,PHO,HUBPHO,2026-08-16,2026,8,16,64999.03,1623.0
Hiệu quả kết nối nội tỉnh,7,DTP,HUBDTP,2026-08-09,2026,8,9,64295.12,1075.5
Hiệu quả kết nối nội tỉnh,7,DTP,HUBTGG,2026-08-15,2026,8,15,86706.51,1211.0
Hiệu quả kết nối nội tỉnh,7,GLI,HUBBHD,2026-08-03,2026,8,3,36206.44,874.0
Hiệu quả kết nối nội tỉnh,7,DNI,HUBDNI,2026-08-01,2026,8,1,208853.98,4032.0
Hiệu quả kết nối nội tỉnh,7,LCI,HUBLCI01,2026-08-04,2026,8,4,41786.32,401.0
Hiệu quả kết nối nội tỉnh,7,PHO,HUBPHO,2026-08-12,2026,8,12,58827.5,1689.0
Hiệu quả kết nối nội tỉnh,7,CNKT3,TTKT3,2026-08-11,2026,8,11,821886.61,8971.0
Hiệu quả kết nối nội tỉnh,7,LCI,HUBYBN,2026-08-09,2026,8,9,25683.489999999998,784.0
Hiệu quả kết nối nội tỉnh,7,DNG,HUBDNG,2026-08-16,2026,8,16,91156.97,856.0
Hiệu quả kết nối nội tỉnh,7,GLI,HUBBHD,2026-08-13,2026,8,13,43695.55,874.0
Hiệu quả kết nối nội tỉnh,7,LDG,HUBDKG,2026-08-10,2026,8,10,42190.84,1173.0
Hiệu quả kết nối nội tỉnh,7,CNKT1,TTKT1,2026-08-10,2026,8,10,898639.44,18743.9
Hiệu quả kết nối nội tỉnh,7,LCI,HUBYBN,2026-08-11,2026,8,11,36267.76,908.0
Hiệu quả kết nối nội tỉnh,7,PHO,HUBVPC,2026-08-17,2026,8,17,115488.09,1587.0
Hiệu quả kết nối nội tỉnh,7,KHA,HUBKHA,2026-08-12,2026,8,12,59293.54,1588.0
Hiệu quả kết nối nội tỉnh,7,QNH,HUBQNH,2026-08-04,2026,8,4,64292.36,1699.0
Hiệu quả kết nối nội tỉnh,7,TQG,HUBTQG,2026-08-13,2026,8,13,15887.980000000001,517.0
Hiệu quả kết nối nội tỉnh,7,GLI,HUBBHD,2026-08-14,2026,8,14,50009.63,892.0
Hiệu quả kết nối nội tỉnh,7,VLG,HUBTVH,2026-08-06,2026,8,6,29643.94,689.8
Hiệu quả kết nối nội tỉnh,7,TNN,HUBTNN,2026-08-01,2026,8,1,73330.63,1182.0
Hiệu quả kết nối nội tỉnh,7,CTO,HUBCTO,2026-08-09,2026,8,9,105789.47,2211.0
Hiệu quả kết nối nội tỉnh,7,PHO,HUBVPC,2026-08-06,2026,8,6,139265.94,1743.0
Hiệu quả kết nối nội tỉnh,7,HNI,HUBTTI,2026-08-01,2026,8,1,184581.81,4169.6
Hiệu quả kết nối nội tỉnh,7,HCM,HUBVTU,2026-08-02,2026,8,2,58679.91,1148.1000000000001
Hiệu quả kết nối nội tỉnh,7,VLG,HUBVLG,2026-08-14,2026,8,14,49921.78,1029.8
Hiệu quả kết nối nội tỉnh,7,BNH,HUBBGG,2026-08-05,2026,8,5,101670.11,1709.0
Hiệu quả kết nối nội tỉnh,7,CNKT5,LOGBN,2026-08-02,2026,8,2,52711.630000000005,589.0
Hiệu quả kết nối nội tỉnh,7,GLI,HUBBHD,2026-08-16,2026,8,16,39756.28,874.0
Hiệu quả kết nối nội tỉnh,7,LCI,HUBYBN,2026-08-02,2026,8,2,26396.64,784.0
Hiệu quả kết nối nội tỉnh,7,SLA,HUBSLA,2026-08-06,2026,8,6,1179.81,82.0
Hiệu quả kết nối nội tỉnh,7,CMU,HUBBLU,2026-08-01,2026,8,1,27489.27,700.0
Hiệu quả kết nối nội tỉnh,7,HYN,HUBHYN,2026-08-08,2026,8,8,234366.01,1300.0
Hiệu quả kết nối nội tỉnh,7,HNI,BBSDPG,2026-07-31,2026,7,31,2426.83,40.0
Hiệu quả kết nối nội tỉnh,7,CMU,HUBCMU,2026-08-09,2026,8,9,31776.26,761.0
Hiệu quả kết nối nội tỉnh,7,CNKT1,TTKT1,2026-08-14,2026,8,14,938180.38,18497.0
Hiệu quả kết nối nội tỉnh,7,LDG,HUBLDG03,2026-08-08,2026,8,8,27436.41,525.0
Hiệu quả kết nối nội tỉnh,7,HTH,HUBHTH,2026-08-08,2026,8,8,30081.91,904.8
Hiệu quả kết nối nội tỉnh,7,LDG,HUBLDG03,2026-08-17,2026,8,17,8050.16,85.0
Hiệu quả kết nối nội tỉnh,7,BNH,HUBBNH,2026-08-03,2026,8,3,113227.2,1526.0
Hiệu quả kết nối nội tỉnh,7,SLA,HUBSLA,2026-08-02,2026,8,2,1774.83,82.0
Hiệu quả kết nối nội tỉnh,7,LDG,HUBDKG,2026-08-07,2026,8,7,48883.34,1238.0
Hiệu quả kết nối nội tỉnh,7,HNI,HUBLBN,2026-08-07,2026,8,7,89810.37,1462.9
Hiệu quả kết nối nội tỉnh,7,VLG,HUBBTE,2026-08-06,2026,8,6,4545.33,86.0
Hiệu quả kết nối nội tỉnh,7,QNI,HUBKTM,2026-08-08,2026,8,8,24515.36,1067.0
Hiệu quả kết nối nội tỉnh,7,KHA,HUBNTN,2026-08-01,2026,8,1,27791.56,397.0
Hiệu quả kết nối nội tỉnh,7,KHA,HUBKHA,2026-08-02,2026,8,2,54368.16,1514.0
Hiệu quả kết nối nội tỉnh,7,PHO,HUBVPC,2026-08-12,2026,8,12,181989.97,1861.0
Hiệu quả kết nối nội tỉnh,7,LDG,HUBBTN,2026-08-10,2026,8,10,57603.77,2224.0
Hiệu quả kết nối nội tỉnh,7,LDG,HUBDKG,2026-08-14,2026,8,14,44693.38,1173.0
Hiệu quả kết nối nội tỉnh,7,NAN,HUBNAN,2026-07-31,2026,7,31,2003.45,85.0
Hiệu quả kết nối nội tỉnh,7,CMU,HUBCMU,2026-08-05,2026,8,5,45906.32,1532.0
Hiệu quả kết nối nội tỉnh,7,HPG,HUBHDG,2026-08-09,2026,8,9,62922.7,741.0
Hiệu quả kết nối nội tỉnh,7,HNI,BBSDPG,2026-08-14,2026,8,14,43995.81,1490.3
Hiệu quả kết nối nội tỉnh,7,QTI,HUBQTI,2026-08-12,2026,8,12,31422.85,873.2
Hiệu quả kết nối nội tỉnh,7,PHO,HUBVPC,2026-08-08,2026,8,8,157638.16,1766.0
Hiệu quả kết nối nội tỉnh,7,LCI,HUBYBN,2026-08-05,2026,8,5,29184.18,908.0
Hiệu quả kết nối nội tỉnh,7,HTH,HUBHTH,2026-08-16,2026,8,16,23161.08,561.4
Hiệu quả kết nối nội tỉnh,7,HNI,HUBYAN,2026-08-09,2026,8,9,68575.79,1663.8
Hiệu quả kết nối nội tỉnh,7,GLI,HUBGLI,2026-08-07,2026,8,7,90855.01,2668.0
Hiệu quả kết nối nội tỉnh,7,HCM,HUBVTU,2026-08-03,2026,8,3,64999.2,1072.4
Hiệu quả kết nối nội tỉnh,7,SLA,HUBSLA,2026-08-05,2026,8,5,1529.4,82.0
Hiệu quả kết nối nội tỉnh,7,HYN,HUBHYN,2026-08-10,2026,8,10,182391.75,1343.0
Hiệu quả kết nối nội tỉnh,7,VLG,HUBVLG,2026-08-07,2026,8,7,42252.08,1003.6
Hiệu quả kết nối nội tỉnh,7,VLG,HUBTVH,2026-08-09,2026,8,9,27882.5,480.8
Hiệu quả kết nối nội tỉnh,7,HNI,HUBTTI,2026-08-14,2026,8,14,183994.78,4005.1
Hiệu quả kết nối nội tỉnh,7,BNH,HUBBGG,2026-08-15,2026,8,15,133511.89,1819.0
Hiệu quả kết nối nội tỉnh,7,THA,HUBTHA,2026-08-08,2026,8,8,157033.86000000002,4495.0
Hiệu quả kết nối nội tỉnh,7,QNI,HUBKTM,2026-08-10,2026,8,10,22722.28,1067.0
Hiệu quả kết nối nội tỉnh,7,VLG,HUBTVH,2026-08-12,2026,8,12,31085.059999999998,707.8
Hiệu quả kết nối nội tỉnh,7,HNI,BBSDPG,2026-08-11,2026,8,11,45274.75,1575.3
Hiệu quả kết nối nội tỉnh,7,HPG,HUBHPG,2026-08-02,2026,8,2,67830.87,781.0
Hiệu quả kết nối nội tỉnh,7,NBH,HUBNDH,2026-08-03,2026,8,3,91335.92,1993.6
Hiệu quả kết nối nội tỉnh,7,SLA,HUBSLA,2026-07-31,2026,7,31,184.56,41.0
Hiệu quả kết nối nội tỉnh,7,HCM,HUBTTO,2026-08-16,2026,8,16,90926.69,893.0
Hiệu quả kết nối nội tỉnh,7,KHA,HUBKHA,2026-08-06,2026,8,6,70823.6,1522.0
Hiệu quả kết nối nội tỉnh,7,DLK,HUBDLK,2026-08-07,2026,8,7,117910.14,2515.0
Hiệu quả kết nối nội tỉnh,7,CNKT5,LOGBN,2026-08-17,2026,8,17,36475.3,517.0
Hiệu quả kết nối nội tỉnh,7,QTI,HUBQBH,2026-08-01,2026,8,1,31507.84,1539.3
Hiệu quả kết nối nội tỉnh,7,CNKT5,LOGBN,2026-08-10,2026,8,10,58449.7,695.0
Hiệu quả kết nối nội tỉnh,7,HPG,HUBHPG,2026-08-10,2026,8,10,97459.5,1167.0
Hiệu quả kết nối nội tỉnh,7,DNI,HUBBPC,2026-08-01,2026,8,1,60801.53,2182.0
Hiệu quả kết nối nội tỉnh,7,DLK,HUBDLK,2026-08-03,2026,8,3,120607.13,2519.0
Hiệu quả kết nối nội tỉnh,7,PHO,HUBVPC,2026-08-16,2026,8,16,143460.53,1506.0
Hiệu quả kết nối nội tỉnh,7,DNG,HUBQNM,2026-08-16,2026,8,16,42806.99,1880.0
Hiệu quả kết nối nội tỉnh,7,CMU,HUBCMU,2026-08-02,2026,8,2,32128.47,761.0
Hiệu quả kết nối nội tỉnh,7,QNI,HUBKTM,2026-08-01,2026,8,1,23228.76,1147.0
Hiệu quả kết nối nội tỉnh,7,PHO,HUBPHO,2026-08-02,2026,8,2,54297.79,1746.0
Hiệu quả kết nối nội tỉnh,7,QNI,HUBKTM,2026-08-05,2026,8,5,21540.96,1147.0
Hiệu quả kết nối nội tỉnh,7,HNI,HUBLBN,2026-08-03,2026,8,3,85712.73,1450.1
Hiệu quả kết nối nội tỉnh,7,CTO,HUBCTO,2026-08-14,2026,8,14,113679.45,2325.0
Hiệu quả kết nối nội tỉnh,7,LCI,HUBYBN,2026-08-14,2026,8,14,28268.76,908.0
Hiệu quả kết nối nội tỉnh,7,BNH,HUBBGG,2026-08-11,2026,8,11,133629.72,1778.0
Hiệu quả kết nối nội tỉnh,7,PHO,HUBPHO,2026-08-04,2026,8,4,54849.17,1563.0
Hiệu quả kết nối nội tỉnh,7,CNKT1,TTKT1,2026-08-02,2026,8,2,540276.9,10209.6
Hiệu quả kết nối nội tỉnh,7,CTO,HUBSTG,2026-08-11,2026,8,11,67631.08,1112.0
Hiệu quả kết nối nội tỉnh,7,BNH,HUBBGG,2026-08-01,2026,8,1,103030.76,1721.0
Hiệu quả kết nối nội tỉnh,7,HNI,BBSDPG,2026-08-09,2026,8,9,31038.29,847.0
Hiệu quả kết nối nội tỉnh,7,LDG,HUBLDG03,2026-08-15,2026,8,15,24754.93,505.0
Hiệu quả kết nối nội tỉnh,7,CNKT1,TTKT1,2026-07-30,2026,7,30,1259.19,53.0
Hiệu quả kết nối nội tỉnh,7,KHA,HUBNTN,2026-08-16,2026,8,16,22110.85,382.0
Hiệu quả kết nối nội tỉnh,7,HNI,HUBTTI,2026-08-02,2026,8,2,98108.98,1599.8
Hiệu quả kết nối nội tỉnh,7,THA,HUBTHA,2026-08-09,2026,8,9,129081.89,3535.0
Hiệu quả kết nối nội tỉnh,7,DBN,HUBDBN,2026-08-01,2026,8,1,2870.4399999999996,185.0
Hiệu quả kết nối nội tỉnh,7,HCM,HUBTTO,2026-08-10,2026,8,10,131740.32,1750.0
Hiệu quả kết nối nội tỉnh,7,NAN,HUBNAN,2026-08-16,2026,8,16,108168.63,3213.0
Hiệu quả kết nối nội tỉnh,7,KHA,HUBNTN,2026-08-06,2026,8,6,27902.01,416.0
Hiệu quả kết nối nội tỉnh,7,CTO,HUBCTO,2026-08-08,2026,8,8,114705.93,2292.0
Hiệu quả kết nối nội tỉnh,7,TNH,HUBTNH,2026-08-05,2026,8,5,79594.92,1785.0
Hiệu quả kết nối nội tỉnh,7,HNI,HUBYAN,2026-08-01,2026,8,1,133223.06,3923.0
Hiệu quả kết nối nội tỉnh,7,LDG,HUBLDG03,2026-08-13,2026,8,13,28938.670000000002,501.0
Hiệu quả kết nối nội tỉnh,7,CTO,HUBCTO,2026-08-13,2026,8,13,107398.59,2322.0
Hiệu quả kết nối nội tỉnh,7,CNKT5,TTKT5,2026-08-15,2026,8,15,193640.81,2854.6
Hiệu quả kết nối nội tỉnh,7,LCI,HUBLCI01,2026-07-31,2026,7,31,14129.689999999999,138.0
Hiệu quả kết nối nội tỉnh,7,KHA,HUBKHA,2026-08-16,2026,8,16,63272.14,1588.0
Hiệu quả kết nối nội tỉnh,7,KHA,HUBKHA,2026-08-13,2026,8,13,70456.6,1533.0
Hiệu quả kết nối nội tỉnh,7,TQG,HUBHGG,2026-08-13,2026,8,13,7841.84,616.0
Hiệu quả kết nối nội tỉnh,7,AGG,HUBAGG,2026-08-09,2026,8,9,83051.73,1587.0
Hiệu quả kết nối nội tỉnh,7,CTO,HUBCTO,2026-08-01,2026,8,1,107000.85,2268.0
Hiệu quả kết nối nội tỉnh,7,BNH,HUBBGG,2026-08-02,2026,8,2,88175.92,1703.0
Hiệu quả kết nối nội tỉnh,7,HTH,HUBHTH,2026-08-07,2026,8,7,32141.49,904.8000000000001
Hiệu quả kết nối nội tỉnh,7,TNH,HUBTNH,2026-08-16,2026,8,16,263.59,78.0
Hiệu quả kết nối nội tỉnh,7,TNN,HUBTNN,2026-07-31,2026,7,31,4525.29,64.0
Hiệu quả kết nối nội tỉnh,7,LDG,HUBLDG01,2026-08-10,2026,8,10,54381.49,1384.0
Hiệu quả kết nối nội tỉnh,7,TQG,HUBTQG,2026-08-06,2026,8,6,14338.11,517.0
Hiệu quả kết nối nội tỉnh,7,CTO,HUBSTG,2026-08-06,2026,8,6,49548.5,1086.0
Hiệu quả kết nối nội tỉnh,7,PHO,HUBHBH,2026-08-05,2026,8,5,38265.369999999995,869.0
Hiệu quả kết nối nội tỉnh,7,NBH,HUBHNM,2026-07-31,2026,7,31,10340.77,79.23
Hiệu quả kết nối nội tỉnh,7,HYN,HUBHYN,2026-08-17,2026,8,17,190466.02000000002,1233.0
Hiệu quả kết nối nội tỉnh,7,TQG,HUBHGG,2026-08-06,2026,8,6,8369.08,616.0
Hiệu quả kết nối nội tỉnh,7,BNH,HUBBGG,2026-08-04,2026,8,4,111842.2,1661.0
Hiệu quả kết nối nội tỉnh,7,HTH,HUBHTH,2026-08-10,2026,8,10,32769.88,863.2
Hiệu quả kết nối nội tỉnh,7,LCI,HUBLCI01,2026-08-13,2026,8,13,45028.32,401.0
Hiệu quả kết nối nội tỉnh,7,TNN,HUBTNN,2026-08-12,2026,8,12,76265.17,1248.0
Hiệu quả kết nối nội tỉnh,7,QNI,HUBKTM,2026-08-07,2026,8,7,23755.91,1147.0
Hiệu quả kết nối nội tỉnh,7,HPG,HUBHPG,2026-08-15,2026,8,15,113109.36,1187.0
Hiệu quả kết nối nội tỉnh,7,NBH,HUBNBH,2026-08-04,2026,8,4,66978.55,848.6
Hiệu quả kết nối nội tỉnh,7,DTP,HUBTGG,2026-07-31,2026,7,31,2425.2,28.4
Hiệu quả kết nối nội tỉnh,7,PHO,HUBVPC,2026-08-11,2026,8,11,149377.1,1949.0
Hiệu quả kết nối nội tỉnh,7,VLG,HUBVLG,2026-08-10,2026,8,10,49136.11,1054.6
Hiệu quả kết nối nội tỉnh,7,HPG,HUBHDG,2026-08-02,2026,8,2,63567.21,828.0
Hiệu quả kết nối nội tỉnh,7,DTP,HUBDTP,2026-08-05,2026,8,5,85811.98,1618.0
Hiệu quả kết nối nội tỉnh,7,GLI,HUBGLI,2026-08-03,2026,8,3,81515.53,2718.0
Hiệu quả kết nối nội tỉnh,7,QNI,HUBQNI,2026-08-07,2026,8,7,41525.65,880.0
Hiệu quả kết nối nội tỉnh,7,LDG,HUBLDG03,2026-08-06,2026,8,6,31003.76,614.0
Hiệu quả kết nối nội tỉnh,7,NBH,HUBHNM,2026-08-17,2026,8,17,38944.37,432.42
Hiệu quả kết nối nội tỉnh,7,VLG,HUBTVH,2026-08-02,2026,8,2,16942.7,346.8
Hiệu quả kết nối nội tỉnh,7,NAN,HUBNAN,2026-08-10,2026,8,10,107734.6,3213.0
Hiệu quả kết nối nội tỉnh,7,CNKT1,TTKT1,2026-08-09,2026,8,9,564638.87,9988.9
Hiệu quả kết nối nội tỉnh,7,CNKT3,TTKT3,2026-08-02,2026,8,2,474970.77,6624.5
Hiệu quả kết nối nội tỉnh,7,DNG,HUBDNG,2026-08-09,2026,8,9,100133.04,864.0
Hiệu quả kết nối nội tỉnh,7,DNG,HUBDNG,2026-08-12,2026,8,12,166856.62,1382.0
Hiệu quả kết nối nội tỉnh,7,CTO,HUBCTO,2026-08-17,2026,8,17,99693.82,2328.0
Hiệu quả kết nối nội tỉnh,7,HPG,HUBHDG,2026-08-06,2026,8,6,108405.83,1449.0
Hiệu quả kết nối nội tỉnh,7,HYN,HUBTBH,2026-08-01,2026,8,1,62121.229999999996,1085.0
Hiệu quả kết nối nội tỉnh,7,TNH,HUBTNH,2026-08-10,2026,8,10,2815.83,78.0
Hiệu quả kết nối nội tỉnh,7,PHO,HUBHBH,2026-08-10,2026,8,10,23863.1,675.0
Hiệu quả kết nối nội tỉnh,7,PHO,HUBPHO,2026-08-07,2026,8,7,62243.909999999996,1563.0
Hiệu quả kết nối nội tỉnh,7,CTO,HUBSTG,2026-08-08,2026,8,8,57909.95,970.0
Hiệu quả kết nối nội tỉnh,7,KHA,HUBNTN,2026-08-05,2026,8,5,24677.68,402.0
Hiệu quả kết nối nội tỉnh,7,LDG,HUBDKG,2026-08-16,2026,8,16,42814.03,1041.0
Hiệu quả kết nối nội tỉnh,7,LCI,HUBYBN,2026-08-08,2026,8,8,34467.0,908.0
Hiệu quả kết nối nội tỉnh,7,DTP,HUBDTP,2026-08-06,2026,8,6,65555.41,1476.0
Hiệu quả kết nối nội tỉnh,7,CTO,HUBSTG,2026-08-13,2026,8,13,70033.67,1056.0
Hiệu quả kết nối nội tỉnh,7,THA,HUBTHA,2026-08-02,2026,8,2,145126.95,4116.0
Hiệu quả kết nối nội tỉnh,7,TQG,HUBTQG,2026-08-15,2026,8,15,14151.939999999999,517.0
Hiệu quả kết nối nội tỉnh,7,QTI,HUBQBH,2026-08-15,2026,8,15,36951.95,1638.0
Hiệu quả kết nối nội tỉnh,7,CMU,HUBBLU,2026-08-08,2026,8,8,30020.52,700.0
Hiệu quả kết nối nội tỉnh,7,HYN,HUBTBH,2026-08-12,2026,8,12,42160.979999999996,823.0
Hiệu quả kết nối nội tỉnh,7,NBH,HUBHNM,2026-08-04,2026,8,4,53464.15,525.43
Hiệu quả kết nối nội tỉnh,7,TQG,HUBHGG,2026-08-12,2026,8,12,9050.380000000001,616.0
Hiệu quả kết nối nội tỉnh,7,VLG,HUBVLG,2026-08-15,2026,8,15,43138.95,1054.6
Hiệu quả kết nối nội tỉnh,7,PHO,HUBPHO,2026-08-14,2026,8,14,61080.43,1563.0
Hiệu quả kết nối nội tỉnh,7,HCM,HUBTTO,2026-08-11,2026,8,11,143139.07,1726.0
Hiệu quả kết nối nội tỉnh,7,LDG,HUBLDG01,2026-08-05,2026,8,5,48800.42,1399.0
Hiệu quả kết nối nội tỉnh,7,AGG,HUBAGG,2026-08-05,2026,8,5,97411.67,1897.0
Hiệu quả kết nối nội tỉnh,7,HCM,HUBVTU,2026-08-04,2026,8,4,78537.92,1087.4
Hiệu quả kết nối nội tỉnh,7,LDG,HUBBTN,2026-08-02,2026,8,2,61662.83,2221.0
Hiệu quả kết nối nội tỉnh,7,DNG,HUBQNM,2026-08-02,2026,8,2,36324.07,1921.0
Hiệu quả kết nối nội tỉnh,7,BNH,HUBBGG,2026-08-03,2026,8,3,88241.88,1583.0
Hiệu quả kết nối nội tỉnh,7,TNH,HUBTNH,2026-08-04,2026,8,4,81554.42,1785.0
Hiệu quả kết nối nội tỉnh,7,HCM,HUBTTO,2026-08-07,2026,8,7,146628.15,1756.0
Hiệu quả kết nối nội tỉnh,7,TQG,HUBHGG,2026-08-11,2026,8,11,8127.259999999999,616.0
Hiệu quả kết nối nội tỉnh,7,GLI,HUBBHD,2026-08-08,2026,8,8,42180.39,874.0
Hiệu quả kết nối nội tỉnh,7,HNI,HUBTTI,2026-08-05,2026,8,5,212078.89,4121.9
Hiệu quả kết nối nội tỉnh,7,HPG,HUBHDG,2026-08-07,2026,8,7,107879.13,1467.0
Hiệu quả kết nối nội tỉnh,7,QNI,HUBKTM,2026-08-09,2026,8,9,23931.42,1147.0
Hiệu quả kết nối nội tỉnh,7,HCM,HUBBDG,2026-08-01,2026,8,1,2900.9300000000003,24.0
Hiệu quả kết nối nội tỉnh,7,HCM,HUBBDG,2026-08-15,2026,8,15,3145.62,24.0
Hiệu quả kết nối nội tỉnh,7,AGG,HUBAGG,2026-08-01,2026,8,1,87292.91,1933.0
Hiệu quả kết nối nội tỉnh,7,CMU,HUBCMU,2026-08-11,2026,8,11,45285.38,1532.0
Hiệu quả kết nối nội tỉnh,7,TQG,HUBTQG,2026-08-10,2026,8,10,12764.24,525.0
Hiệu quả kết nối nội tỉnh,7,HCM,HUBTTO,2026-08-09,2026,8,9,87088.43000000001,960.0
Hiệu quả kết nối nội tỉnh,7,HNI,HUBYAN,2026-08-05,2026,8,5,127828.98,3879.7999999999997
Hiệu quả kết nối nội tỉnh,7,CNKT3,TTKT3,2026-08-08,2026,8,8,769865.09,8623.5
Hiệu quả kết nối nội tỉnh,7,VLG,HUBVLG,2026-08-08,2026,8,8,48932.51,1054.6
Hiệu quả kết nối nội tỉnh,7,HPG,HUBHDG,2026-08-08,2026,8,8,112211.48,1474.0
Hiệu quả kết nối nội tỉnh,7,HPG,HUBHDG,2026-08-03,2026,8,3,93641.59,1489.0
Hiệu quả kết nối nội tỉnh,7,NBH,HUBNDH,2026-08-04,2026,8,4,99289.37,2027.6
Hiệu quả kết nối nội tỉnh,7,CNKT5,LOGBN,2026-08-06,2026,8,6,98055.09,883.0
Hiệu quả kết nối nội tỉnh,7,BNH,HUBBGG,2026-07-31,2026,7,31,7229.79,132.0
Hiệu quả kết nối nội tỉnh,7,LDG,HUBLDG01,2026-08-15,2026,8,15,63013.01,1427.0
Hiệu quả kết nối nội tỉnh,7,TNH,HUBTNH,2026-08-06,2026,8,6,82108.96,1923.0
Hiệu quả kết nối nội tỉnh,7,TNN,HUBTNN,2026-08-08,2026,8,8,73085.25,1212.0
Hiệu quả kết nối nội tỉnh,7,HYN,HUBHYN,2026-07-31,2026,7,31,17063.3,144.0
Hiệu quả kết nối nội tỉnh,7,NAN,HUBNAN,2026-08-13,2026,8,13,108911.8,3353.0
Hiệu quả kết nối nội tỉnh,7,DTP,HUBTGG,2026-08-02,2026,8,2,59916.19,853.7
Hiệu quả kết nối nội tỉnh,7,NBH,HUBNDH,2026-08-02,2026,8,2,67524.79000000001,1698.6
Hiệu quả kết nối nội tỉnh,7,NBH,HUBNBH,2026-08-08,2026,8,8,60357.06,699.4
Hiệu quả kết nối nội tỉnh,7,NBH,HUBNBH,2026-08-16,2026,8,16,58169.48,734.7
Hiệu quả kết nối nội tỉnh,7,PHO,HUBHBH,2026-08-13,2026,8,13,33930.9,681.0
Hiệu quả kết nối nội tỉnh,7,HCM,HUBTTO,2026-08-12,2026,8,12,142497.18,1737.0
Hiệu quả kết nối nội tỉnh,7,HPG,HUBHPG,2026-08-17,2026,8,17,118613.26999999999,1162.0
Hiệu quả kết nối nội tỉnh,7,CNKT1,TTKT1,2026-08-04,2026,8,4,929490.77,19490.0
Hiệu quả kết nối nội tỉnh,7,KHA,HUBNTN,2026-08-04,2026,8,4,23716.8,406.0
Hiệu quả kết nối nội tỉnh,7,TNH,HUBLAN,2026-08-01,2026,8,1,105769.66,2632.0
Hiệu quả kết nối nội tỉnh,7,GLI,HUBBHD,2026-08-02,2026,8,2,43043.39,913.0
Hiệu quả kết nối nội tỉnh,7,NBH,HUBHNM,2026-08-06,2026,8,6,56104.45,573.13
Hiệu quả kết nối nội tỉnh,7,HUE,HUBHUE,2026-08-17,2026,8,17,43887.61,834.0
Hiệu quả kết nối nội tỉnh,7,PHO,HUBPHO,2026-08-15,2026,8,15,65478.17,1538.0
Hiệu quả kết nối nội tỉnh,7,QNI,HUBKTM,2026-08-15,2026,8,15,27342.14,1161.0
Hiệu quả kết nối nội tỉnh,7,CNKT5,TTKT5,2026-08-02,2026,8,2,90316.83,1595.6
Hiệu quả kết nối nội tỉnh,7,DLK,HUBDLK,2026-07-31,2026,7,31,6274.870000000001,107.0
Hiệu quả kết nối nội tỉnh,7,CNKT5,TTKT5,2026-08-09,2026,8,9,106269.69,1718.5
Hiệu quả kết nối nội tỉnh,7,QTI,HUBQBH,2026-08-08,2026,8,8,36991.97,1434.2
Hiệu quả kết nối nội tỉnh,7,CNKT5,TTKT5,2026-08-04,2026,8,4,190860.34,2880.4
Hiệu quả kết nối nội tỉnh,7,DTP,HUBDTP,2026-08-02,2026,8,2,60872.53,1016.5
Hiệu quả kết nối nội tỉnh,7,DNG,HUBDNG,2026-08-01,2026,8,1,138507.36,1292.0
Hiệu quả kết nối nội tỉnh,7,HPG,HUBHDG,2026-08-11,2026,8,11,116720.32,1448.0
Hiệu quả kết nối nội tỉnh,7,TNN,HUBTNN,2026-08-03,2026,8,3,66246.69,1242.0
Hiệu quả kết nối nội tỉnh,7,KHA,HUBNTN,2026-08-12,2026,8,12,23597.45,402.0
Hiệu quả kết nối nội tỉnh,7,DNG,HUBDNG,2026-08-05,2026,8,5,174241.02,1462.0
Hiệu quả kết nối nội tỉnh,7,DLK,HUBPYN,2026-08-04,2026,8,4,23933.16,931.0
Hiệu quả kết nối nội tỉnh,7,VLG,HUBBTE,2026-08-02,2026,8,2,48448.75,819.0
Hiệu quả kết nối nội tỉnh,7,AGG,HUBKGG01,2026-08-05,2026,8,5,67530.49,1919.0
Hiệu quả kết nối nội tỉnh,7,HNI,BBSDPG,2026-08-17,2026,8,17,36605.43,1290.3
Hiệu quả kết nối nội tỉnh,7,HYN,HUBTBH,2026-08-05,2026,8,5,59522.19,1451.0
Hiệu quả kết nối nội tỉnh,7,HPG,HUBHDG,2026-08-10,2026,8,10,97574.43,1424.0
Hiệu quả kết nối nội tỉnh,7,QTI,HUBQBH,2026-08-03,2026,8,3,36890.05,1727.1
Hiệu quả kết nối nội tỉnh,7,TQG,HUBHGG,2026-08-08,2026,8,8,7586.81,616.0
Hiệu quả kết nối nội tỉnh,7,GLI,HUBGLI,2026-08-15,2026,8,15,91270.89,2668.0
Hiệu quả kết nối nội tỉnh,7,QTI,HUBQTI,2026-08-09,2026,8,9,26226.31,503.7
Hiệu quả kết nối nội tỉnh,7,CNKT5,TTKT5,2026-08-01,2026,8,1,146710.29,2567.1
Hiệu quả kết nối nội tỉnh,7,BNH,HUBBGG,2026-08-12,2026,8,12,125966.76,1731.0
Hiệu quả kết nối nội tỉnh,7,DTP,HUBTGG,2026-08-16,2026,8,16,74540.72,1030.9
Hiệu quả kết nối nội tỉnh,7,CNKT1,TTKT1,2026-08-06,2026,8,6,946259.73,19010.7
Hiệu quả kết nối nội tỉnh,7,LDG,HUBBTN,2026-07-31,2026,7,31,5828.38,370.0
Hiệu quả kết nối nội tỉnh,7,PHO,HUBVPC,2026-08-07,2026,8,7,150373.2,1796.0
Hiệu quả kết nối nội tỉnh,7,LDG,HUBLDG01,2026-08-07,2026,8,7,58586.33,1399.0
Hiệu quả kết nối nội tỉnh,7,CNKT3,TTKT3,2026-08-07,2026,8,7,729957.14,8899.5
Hiệu quả kết nối nội tỉnh,7,DLK,HUBPYN,2026-08-05,2026,8,5,34392.55,1033.0
Hiệu quả kết nối nội tỉnh,7,TNH,HUBTNH,2026-08-02,2026,8,2,55006.77,1330.0
Hiệu quả kết nối nội tỉnh,7,HUE,HUBHUE,2026-08-03,2026,8,3,47577.52,866.0
Hiệu quả kết nối nội tỉnh,7,CNKT1,TTKT1,2026-08-01,2026,8,1,903212.86,19321.8
Hiệu quả kết nối nội tỉnh,7,HYN,HUBTBH,2026-08-10,2026,8,10,64807.54,1460.0
Hiệu quả kết nối nội tỉnh,7,TQG,HUBHGG,2026-08-09,2026,8,9,5829.16,616.0
Hiệu quả kết nối nội tỉnh,7,CTO,HUBSTG,2026-08-04,2026,8,4,53686.71,1086.0
Hiệu quả kết nối nội tỉnh,7,LDG,HUBLDG03,2026-08-09,2026,8,9,25092.48,444.0
Hiệu quả kết nối nội tỉnh,7,AGG,HUBAGG,2026-08-08,2026,8,8,91827.01,1927.0
Hiệu quả kết nối nội tỉnh,7,DTP,HUBTGG,2026-08-05,2026,8,5,76257.83,1156.9
Hiệu quả kết nối nội tỉnh,7,DLK,HUBPYN,2026-08-10,2026,8,10,34597.65,1033.0
Hiệu quả kết nối nội tỉnh,7,QNI,HUBKTM,2026-08-04,2026,8,4,17195.45,913.0
Hiệu quả kết nối nội tỉnh,7,TQG,HUBTQG,2026-08-01,2026,8,1,14824.52,517.0
Hiệu quả kết nối nội tỉnh,7,HNI,BBSDPG,2026-08-15,2026,8,15,39319.87,1483.3
Hiệu quả kết nối nội tỉnh,7,PHO,HUBPHO,2026-08-17,2026,8,17,42610.44,1671.0
Hiệu quả kết nối nội tỉnh,7,VLG,HUBBTE,2026-07-31,2026,7,31,4949.049999999999,108.0
Hiệu quả kết nối nội tỉnh,7,HCM,HUBVTU,2026-08-17,2026,8,17,72293.98,1068.9
Hiệu quả kết nối nội tỉnh,7,QTI,HUBQTI,2026-08-13,2026,8,13,37807.83,865.7
Hiệu quả kết nối nội tỉnh,7,DTP,HUBTGG,2026-08-10,2026,8,10,83920.99,1210.4
Hiệu quả kết nối nội tỉnh,7,LDG,HUBLDG03,2026-08-14,2026,8,14,33221.74,635.0
Hiệu quả kết nối nội tỉnh,7,HNI,HUBTTI,2026-08-04,2026,8,4,200077.48,4116.9
Hiệu quả kết nối nội tỉnh,7,HCM,HUBVTU,2026-08-09,2026,8,9,69778.28,1109.9
Hiệu quả kết nối nội tỉnh,7,DBN,HUBDBN,2026-08-06,2026,8,6,2937.09,185.0
Hiệu quả kết nối nội tỉnh,7,BNH,HUBBNH,2026-08-01,2026,8,1,98908.27,1492.0
Hiệu quả kết nối nội tỉnh,7,VLG,HUBTVH,2026-08-07,2026,8,7,28473.97,707.8
Hiệu quả kết nối nội tỉnh,7,DLK,HUBDLK,2026-08-10,2026,8,10,126715.88,2535.0
Hiệu quả kết nối nội tỉnh,7,PHO,HUBHBH,2026-08-09,2026,8,9,19978.71,675.0
Hiệu quả kết nối nội tỉnh,7,CMU,HUBCMU,2026-08-08,2026,8,8,43744.72,1532.0
Hiệu quả kết nối nội tỉnh,7,VLG,HUBTVH,2026-08-17,2026,8,17,38422.76,707.8
Hiệu quả kết nối nội tỉnh,7,LDG,HUBLDG03,2026-08-01,2026,8,1,26726.86,444.0
Hiệu quả kết nối nội tỉnh,7,GLI,HUBGLI,2026-08-14,2026,8,14,85487.68,2498.0
Hiệu quả kết nối nội tỉnh,7,KHA,HUBNTN,2026-08-08,2026,8,8,32048.55,416.0
Hiệu quả kết nối nội tỉnh,7,CTO,HUBCTO,2026-08-16,2026,8,16,99734.69,2214.0
Hiệu quả kết nối nội tỉnh,7,NBH,HUBHNM,2026-08-08,2026,8,8,59310.600000000006,525.43
Hiệu quả kết nối nội tỉnh,7,DNG,HUBQNM,2026-08-13,2026,8,13,57026.13,2276.0
Hiệu quả kết nối nội tỉnh,7,TNN,HUBTNN,2026-08-14,2026,8,14,88677.53,1268.0
Hiệu quả kết nối nội tỉnh,7,QNI,HUBQNI,2026-08-04,2026,8,4,29126.46,774.0
Hiệu quả kết nối nội tỉnh,7,CNKT1,TTKT1,2026-08-05,2026,8,5,891779.31,18623.8
Hiệu quả kết nối nội tỉnh,7,TQG,HUBHGG,2026-08-14,2026,8,14,8080.08,616.0
Hiệu quả kết nối nội tỉnh,7,DNG,HUBDNG,2026-08-10,2026,8,10,142770.65,1253.0
Hiệu quả kết nối nội tỉnh,7,HNI,HUBLBN,2026-08-04,2026,8,4,82604.69,1397.7
Hiệu quả kết nối nội tỉnh,7,HCM,HUBTTO,2026-08-03,2026,8,3,117207.91,1546.0
Hiệu quả kết nối nội tỉnh,7,HNI,HUBLBN,2026-08-08,2026,8,8,84936.47,1514.2
Hiệu quả kết nối nội tỉnh,7,LSN,HUBLSN,2026-08-11,2026,8,11,26894.75,626.0
Hiệu quả kết nối nội tỉnh,7,QNI,HUBQNI,2026-08-09,2026,8,9,37699.08,903.0
Hiệu quả kết nối nội tỉnh,7,PHO,HUBVPC,2026-08-10,2026,8,10,154368.47,1904.0
Hiệu quả kết nối nội tỉnh,7,HTH,HUBHTH,2026-08-15,2026,8,15,29948.690000000002,863.2
Hiệu quả kết nối nội tỉnh,7,QNH,HUBQNH,2026-08-03,2026,8,3,68789.52,1819.0
Hiệu quả kết nối nội tỉnh,7,HTH,HUBHTH,2026-08-11,2026,8,11,27863.85,904.8
Hiệu quả kết nối nội tỉnh,7,AGG,HUBKGG01,2026-08-02,2026,8,2,53419.21,1319.0
Hiệu quả kết nối nội tỉnh,7,PHO,HUBVPC,2026-08-15,2026,8,15,145706.33,1822.0
Hiệu quả kết nối nội tỉnh,7,HCM,HUBVTU,2026-08-16,2026,8,16,72278.99,1059.6
Hiệu quả kết nối nội tỉnh,7,GLI,HUBBHD,2026-08-01,2026,8,1,34610.36,891.0
Hiệu quả kết nối nội tỉnh,7,HYN,HUBTBH,2026-08-04,2026,8,4,61658.37,1472.0
Hiệu quả kết nối nội tỉnh,7,BNH,HUBBNH,2026-08-10,2026,8,10,7709.969999999999,106.0
Hiệu quả kết nối nội tỉnh,7,QNI,HUBQNI,2026-08-12,2026,8,12,38799.52,912.0
Hiệu quả kết nối nội tỉnh,7,DTP,HUBDTP,2026-08-07,2026,8,7,83791.63,1567.0
Hiệu quả kết nối nội tỉnh,7,LDG,HUBDKG,2026-08-13,2026,8,13,41240.07,1173.0
Hiệu quả kết nối nội tỉnh,7,NAN,HUBNAN,2026-08-05,2026,8,5,112341.15,3382.0
Hiệu quả kết nối nội tỉnh,7,NBH,HUBNDH,2026-08-05,2026,8,5,92689.85,2037.6
Hiệu quả kết nối nội tỉnh,7,HNI,HUBTTI,2026-08-06,2026,8,6,208092.89,4130.4
Hiệu quả kết nối nội tỉnh,7,CMU,HUBBLU,2026-08-10,2026,8,10,39511.71,700.0
Hiệu quả kết nối nội tỉnh,7,GLI,HUBGLI,2026-08-08,2026,8,8,89678.5,2761.0
Hiệu quả kết nối nội tỉnh,7,CNKT5,TTKT5,2026-08-06,2026,8,6,195039.1,3029.7
Hiệu quả kết nối nội tỉnh,7,LSN,HUBLSN,2026-08-10,2026,8,10,29521.3,592.0
Hiệu quả kết nối nội tỉnh,7,NBH,HUBHNM,2026-08-01,2026,8,1,60893.98,573.13
Hiệu quả kết nối nội tỉnh,7,HPG,HUBHPG,2026-08-16,2026,8,16,72095.57,731.0
Hiệu quả kết nối nội tỉnh,7,NAN,HUBNAN,2026-08-04,2026,8,4,99805.37,3394.0
Hiệu quả kết nối nội tỉnh,7,DTP,HUBDTP,2026-08-12,2026,8,12,81721.47,1450.0
Hiệu quả kết nối nội tỉnh,7,HYN,HUBHYN,2026-08-03,2026,8,3,242335.22,1272.0
Hiệu quả kết nối nội tỉnh,7,KHA,HUBNTN,2026-08-09,2026,8,9,23738.88,372.0
Hiệu quả kết nối nội tỉnh,7,DTP,HUBTGG,2026-08-03,2026,8,3,75779.45999999999,1156.9
Hiệu quả kết nối nội tỉnh,7,HNI,HUBYAN,2026-08-07,2026,8,7,142340.68,4035.9
Hiệu quả kết nối nội tỉnh,7,THA,HUBTHA,2026-08-05,2026,8,5,135605.87,3987.0
Hiệu quả kết nối nội tỉnh,7,DLK,HUBPYN,2026-08-15,2026,8,15,36136.29,1012.0
Hiệu quả kết nối nội tỉnh,7,CMU,HUBCMU,2026-08-10,2026,8,10,57947.91,1532.0
Hiệu quả kết nối nội tỉnh,7,HCM,HUBVTU,2026-07-31,2026,7,31,11713.29,195.0
Hiệu quả kết nối nội tỉnh,7,HCM,HUBTTO,2026-08-04,2026,8,4,133785.66,1645.0
Hiệu quả kết nối nội tỉnh,7,TNN,HUBBKN,2026-08-01,2026,8,1,3076.23,178.0
Hiệu quả kết nối nội tỉnh,7,QNI,HUBQNI,2026-08-03,2026,8,3,37975.54,889.0
Hiệu quả kết nối nội tỉnh,7,DNI,HUBBPC,2026-08-06,2026,8,6,59699.78,2157.0
Hiệu quả kết nối nội tỉnh,7,GLI,HUBGLI,2026-08-02,2026,8,2,83576.38,2668.0
Hiệu quả kết nối nội tỉnh,7,DTP,HUBDTP,2026-08-15,2026,8,15,80550.05,1556.6
Hiệu quả kết nối nội tỉnh,7,HUE,HUBHUE,2026-08-02,2026,8,2,44632.35,873.0
Hiệu quả kết nối nội tỉnh,7,TNN,HUBTNN,2026-08-09,2026,8,9,62787.13,1129.0
Hiệu quả kết nối nội tỉnh,7,HYN,HUBHYN,2026-08-09,2026,8,9,100705.53,690.0
Hiệu quả kết nối nội tỉnh,7,SLA,HUBSLA,2026-08-15,2026,8,15,249.37,41.0
Hiệu quả kết nối nội tỉnh,7,DNI,HUBDNI,2026-07-31,2026,7,31,6941.74,70.0
Hiệu quả kết nối nội tỉnh,7,QTI,HUBQTI,2026-08-08,2026,8,8,33906.17,865.7
Hiệu quả kết nối nội tỉnh,7,QNH,HUBQNH,2026-08-12,2026,8,12,21678.09,632.0
Hiệu quả kết nối nội tỉnh,7,LSN,HUBLSN,2026-08-07,2026,8,7,32129.07,660.0
Hiệu quả kết nối nội tỉnh,7,HYN,HUBHYN,2026-08-15,2026,8,15,233601.3,1307.0
Hiệu quả kết nối nội tỉnh,7,PHO,HUBHBH,2026-08-11,2026,8,11,29018.16,681.0
Hiệu quả kết nối nội tỉnh,7,TQG,HUBTQG,2026-08-04,2026,8,4,12894.82,517.0
Hiệu quả kết nối nội tỉnh,7,TNH,HUBTNH,2026-08-08,2026,8,8,81599.24,1785.0
Hiệu quả kết nối nội tỉnh,7,KHA,HUBKHA,2026-08-07,2026,8,7,73313.77,1588.0
Hiệu quả kết nối nội tỉnh,7,AGG,HUBAGG,2026-08-07,2026,8,7,92703.48,1957.0
Hiệu quả kết nối nội tỉnh,7,DBN,HUBDBN,2026-08-13,2026,8,13,2605.73,185.0
Hiệu quả kết nối nội tỉnh,7,AGG,HUBAGG,2026-08-02,2026,8,2,66863.32,1311.0
Hiệu quả kết nối nội tỉnh,7,DLK,HUBPYN,2026-08-17,2026,8,17,27931.55,1033.0
Hiệu quả kết nối nội tỉnh,7,SLA,HUBSLA,2026-08-13,2026,8,13,1927.72,82.0
Hiệu quả kết nối nội tỉnh,7,VLG,HUBVLG,2026-08-02,2026,8,2,27513.52,475.2
Hiệu quả kết nối nội tỉnh,7,HPG,HUBHDG,2026-08-05,2026,8,5,98307.64,1416.0
Hiệu quả kết nối nội tỉnh,7,CNKT5,TTKT5,2026-07-31,2026,7,31,35612.37,245.2
Hiệu quả kết nối nội tỉnh,7,QTI,HUBQTI,2026-08-11,2026,8,11,31337.84,704.0
Hiệu quả kết nối nội tỉnh,7,LDG,HUBLDG01,2026-08-09,2026,8,9,46038.16,1245.0
Hiệu quả kết nối nội tỉnh,7,LCI,HUBLCI01,2026-08-06,2026,8,6,45723.0,401.0
Hiệu quả kết nối nội tỉnh,7,TNH,HUBTNH,2026-08-09,2026,8,9,49012.52,998.0
Hiệu quả kết nối nội tỉnh,7,HYN,HUBTBH,2026-08-14,2026,8,14,38992.619999999995,810.0
Hiệu quả kết nối nội tỉnh,7,HPG,HUBHDG,2026-08-17,2026,8,17,102297.64,1378.0
Hiệu quả kết nối nội tỉnh,7,LDG,HUBBTN,2026-08-06,2026,8,6,75454.19,2224.0
Hiệu quả kết nối nội tỉnh,7,CNKT3,TTKT3,2026-08-04,2026,8,4,823963.89,9347.5
Hiệu quả kết nối nội tỉnh,7,DNG,HUBQNM,2026-08-09,2026,8,9,44451.78,1910.0
Hiệu quả kết nối nội tỉnh,7,BNH,HUBBNH,2026-08-05,2026,8,5,114196.74,1547.0
Hiệu quả kết nối nội tỉnh,7,QTI,HUBQBH,2026-08-11,2026,8,11,27888.72,1195.3
Hiệu quả kết nối nội tỉnh,7,VLG,HUBVLG,2026-08-03,2026,8,3,46701.02,950.4
Hiệu quả kết nối nội tỉnh,7,DLK,HUBPYN,2026-08-01,2026,8,1,38537.29,1033.0
Hiệu quả kết nối nội tỉnh,7,HTH,HUBHTH,2026-08-14,2026,8,14,33319.29,909.1
Hiệu quả kết nối nội tỉnh,7,QTI,HUBQTI,2026-08-02,2026,8,2,25339.4,508.0
Hiệu quả kết nối nội tỉnh,7,TNH,HUBTNH,2026-08-07,2026,8,7,87222.19,1815.0
Hiệu quả kết nối nội tỉnh,7,CNKT1,TTKT1,2026-08-17,2026,8,17,614579.61,14641.9
Hiệu quả kết nối nội tỉnh,7,CNKT5,TTKT5,2026-08-03,2026,8,3,179026.54,3012.0
Hiệu quả kết nối nội tỉnh,7,CTO,HUBSTG,2026-08-05,2026,8,5,54181.229999999996,1086.0
Hiệu quả kết nối nội tỉnh,7,HNI,BBSDPG,2026-08-13,2026,8,13,42733.95,1468.3
Hiệu quả kết nối nội tỉnh,7,AGG,HUBKGG01,2026-08-03,2026,8,3,65843.02,1927.0
Hiệu quả kết nối nội tỉnh,7,GLI,HUBGLI,2026-08-17,2026,8,17,90296.69,2552.0
Hiệu quả kết nối nội tỉnh,7,CMU,HUBCMU,2026-08-12,2026,8,12,45728.86,1532.0
Hiệu quả kết nối nội tỉnh,7,HNI,HUBYAN,2026-08-11,2026,8,11,149634.66,4011.9
Hiệu quả kết nối nội tỉnh,7,HCM,HUBTTO,2026-08-17,2026,8,17,113017.14,1408.0
Hiệu quả kết nối nội tỉnh,7,LDG,HUBBTN,2026-08-05,2026,8,5,62934.08,2224.0
Hiệu quả kết nối nội tỉnh,7,NBH,HUBNBH,2026-08-07,2026,8,7,73865.31,876.4
Hiệu quả kết nối nội tỉnh,7,THA,HUBTHA,2026-08-10,2026,8,10,140238.88,3928.0
Hiệu quả kết nối nội tỉnh,7,DLK,HUBPYN,2026-08-09,2026,8,9,29528.09,931.0
Hiệu quả kết nối nội tỉnh,7,DLK,HUBDLK,2026-08-14,2026,8,14,131007.09,2539.0
Hiệu quả kết nối nội tỉnh,7,NAN,HUBNAN,2026-08-07,2026,8,7,112629.07,3353.0
Hiệu quả kết nối nội tỉnh,7,CTO,HUBCTO,2026-08-10,2026,8,10,105687.22,2122.0
Hiệu quả kết nối nội tỉnh,7,PHO,HUBHBH,2026-08-14,2026,8,14,9462.29,180.0
Hiệu quả kết nối nội tỉnh,7,DBN,HUBDBN,2026-07-31,2026,7,31,610.22,6.0
Hiệu quả kết nối nội tỉnh,7,KHA,HUBNTN,2026-08-03,2026,8,3,26069.09,416.0
Hiệu quả kết nối nội tỉnh,7,LDG,HUBLDG01,2026-08-08,2026,8,8,56038.909999999996,1351.0
Hiệu quả kết nối nội tỉnh,7,TQG,HUBHGG,2026-08-04,2026,8,4,7985.780000000001,616.0
Hiệu quả kết nối nội tỉnh,7,HUE,HUBHUE,2026-08-07,2026,8,7,41338.979999999996,778.0
Hiệu quả kết nối nội tỉnh,7,THA,HUBTHA,2026-08-07,2026,8,7,153406.51,4244.0
Hiệu quả kết nối nội tỉnh,7,LDG,HUBBTN,2026-08-16,2026,8,16,69201.0,2221.0
Hiệu quả kết nối nội tỉnh,7,HPG,HUBHDG,2026-08-13,2026,8,13,102561.57,1442.0
Hiệu quả kết nối nội tỉnh,7,LSN,HUBLSN,2026-08-17,2026,8,17,19214.31,508.0
Hiệu quả kết nối nội tỉnh,7,QNH,HUBQNH,2026-08-07,2026,8,7,73549.02,1767.0
Hiệu quả kết nối nội tỉnh,7,NBH,HUBNBH,2026-08-14,2026,8,14,79023.85,867.8000000000001
Hiệu quả kết nối nội tỉnh,7,HNI,BBSDPG,2026-08-12,2026,8,12,41763.1,1442.3
Hiệu quả kết nối nội tỉnh,7,GLI,HUBBHD,2026-08-12,2026,8,12,39567.24,874.0
Hiệu quả kết nối nội tỉnh,7,HCM,HUBVTU,2026-08-15,2026,8,15,79500.45,1100.1
Hiệu quả kết nối nội tỉnh,7,BNH,HUBBNH,2026-08-08,2026,8,8,63187.020000000004,1038.0
Hiệu quả kết nối nội tỉnh,7,HUE,HUBHUE,2026-08-01,2026,8,1,47229.2,873.0
Hiệu quả kết nối nội tỉnh,7,DNG,HUBQNM,2026-08-14,2026,8,14,62809.48,2331.0
Hiệu quả kết nối nội tỉnh,7,DTP,HUBDTP,2026-08-03,2026,8,3,79056.94,1567.1
Hiệu quả kết nối nội tỉnh,7,TNN,HUBTNN,2026-08-10,2026,8,10,74261.5,1260.0
Hiệu quả kết nối nội tỉnh,7,DLK,HUBPYN,2026-08-03,2026,8,3,34779.07,1033.0
Hiệu quả kết nối nội tỉnh,7,QNH,HUBQNH,2026-08-06,2026,8,6,62115.24,1800.0
Hiệu quả kết nối nội tỉnh,7,DLK,HUBDLK,2026-08-12,2026,8,12,113878.13,2525.0
Hiệu quả kết nối nội tỉnh,7,HNI,HUBYAN,2026-08-02,2026,8,2,58675.3,1351.9
Hiệu quả kết nối nội tỉnh,7,LCI,HUBLCI01,2026-08-15,2026,8,15,53637.73,401.0
Hiệu quả kết nối nội tỉnh,7,QTI,HUBQTI,2026-08-01,2026,8,1,34010.72,875.5
Hiệu quả kết nối nội tỉnh,7,CNKT1,TTKT1,2026-08-13,2026,8,13,957632.5,18821.4
Hiệu quả kết nối nội tỉnh,7,CNKT5,TTKT5,2026-08-13,2026,8,13,191040.31,2551.7
Hiệu quả kết nối nội tỉnh,7,LSN,HUBLSN,2026-08-08,2026,8,8,25814.43,592.0
Hiệu quả kết nối nội tỉnh,7,NAN,HUBNAN,2026-08-03,2026,8,3,91090.72,3327.0
Hiệu quả kết nối nội tỉnh,7,LCI,HUBLCI01,2026-08-05,2026,8,5,44633.45,401.0
Hiệu quả kết nối nội tỉnh,7,CNKT5,LOGBN,2026-08-13,2026,8,13,93735.02,1077.0
Hiệu quả kết nối nội tỉnh,7,HYN,HUBHYN,2026-08-02,2026,8,2,65666.91,750.0
Hiệu quả kết nối nội tỉnh,7,CTO,HUBCTO,2026-08-05,2026,8,5,110750.28,2328.0
Hiệu quả kết nối nội tỉnh,7,QNI,HUBKTM,2026-08-03,2026,8,3,23053.65,1081.0
Hiệu quả kết nối nội tỉnh,7,HNI,HUBYAN,2026-08-14,2026,8,14,154656.22,3954.7
Hiệu quả kết nối nội tỉnh,7,HUE,HUBHUE,2026-08-04,2026,8,4,43080.86,866.0
Hiệu quả kết nối nội tỉnh,7,HPG,HUBHDG,2026-08-16,2026,8,16,55171.51,793.0
Hiệu quả kết nối nội tỉnh,7,TNH,HUBLAN,2026-08-02,2026,8,2,80523.81,2315.0
Hiệu quả kết nối nội tỉnh,7,CNKT3,TTKT3,2026-08-13,2026,8,13,776233.94,9011.0
Hiệu quả kết nối nội tỉnh,7,CMU,HUBBLU,2026-08-14,2026,8,14,28459.27,700.0
Hiệu quả kết nối nội tỉnh,7,LCI,HUBLCI01,2026-08-03,2026,8,3,46906.42,401.0
Hiệu quả kết nối nội tỉnh,7,PHO,HUBPHO,2026-08-08,2026,8,8,58390.450000000004,1458.0
Hiệu quả kết nối nội tỉnh,7,DNG,HUBDNG,2026-08-15,2026,8,15,132450.76,1356.0
Hiệu quả kết nối nội tỉnh,7,DLK,HUBPYN,2026-08-16,2026,8,16,32199.72,982.0
Hiệu quả kết nối nội tỉnh,7,VLG,HUBVLG,2026-08-12,2026,8,12,42973.31,1054.6
Hiệu quả kết nối nội tỉnh,7,QNI,HUBQNI,2026-08-01,2026,8,1,33578.25,889.0
Hiệu quả kết nối nội tỉnh,7,CNKT5,TTKT5,2026-08-11,2026,8,11,215504.85,2776.4
Hiệu quả kết nối nội tỉnh,7,QTI,HUBQBH,2026-08-02,2026,8,2,32527.82,1216.2
Hiệu quả kết nối nội tỉnh,7,DBN,HUBDBN,2026-08-12,2026,8,12,2873.9700000000003,98.0
Hiệu quả kết nối nội tỉnh,7,LDG,HUBLDG03,2026-08-07,2026,8,7,24781.97,544.0
Hiệu quả kết nối nội tỉnh,7,HUE,HUBHUE,2026-08-05,2026,8,5,47182.4,866.0
Hiệu quả kết nối nội tỉnh,7,HCM,HUBTTO,2026-08-02,2026,8,2,73339.58,792.0
Hiệu quả kết nối nội tỉnh,7,LDG,HUBBTN,2026-08-03,2026,8,3,63126.21,1978.0
Hiệu quả kết nối nội tỉnh,7,HCM,HUBVTU,2026-08-01,2026,8,1,79075.43000000001,1148.1
Hiệu quả kết nối nội tỉnh,7,CTO,HUBCTO,2026-08-12,2026,8,12,115891.83,2289.0
Hiệu quả kết nối nội tỉnh,7,HTH,HUBHTH,2026-08-01,2026,8,1,27633.76,904.8000000000001
Hiệu quả kết nối nội tỉnh,7,CMU,HUBBLU,2026-08-02,2026,8,2,18238.04,350.0
Hiệu quả kết nối nội tỉnh,7,NAN,HUBNAN,2026-08-06,2026,8,6,102810.45,3382.0
Hiệu quả kết nối nội tỉnh,7,NBH,HUBNBH,2026-08-13,2026,8,13,76960.58,875.3000000000001
Hiệu quả kết nối nội tỉnh,7,CMU,HUBBLU,2026-08-15,2026,8,15,26893.42,700.0
Hiệu quả kết nối nội tỉnh,7,HCM,HUBVTU,2026-08-06,2026,8,6,73573.49,1082.1
Hiệu quả kết nối nội tỉnh,7,HNI,BBSDPG,2026-08-16,2026,8,16,31511.230000000003,1021.0
Hiệu quả kết nối nội tỉnh,7,LCI,HUBYBN,2026-08-12,2026,8,12,38586.9,908.0
Hiệu quả kết nối nội tỉnh,7,QNI,HUBQNI,2026-08-11,2026,8,11,35932.49,774.0
Hiệu quả kết nối nội tỉnh,7,HNI,HUBYAN,2026-07-31,2026,7,31,11109.84,541.4
Hiệu quả kết nối nội tỉnh,7,CMU,HUBBLU,2026-08-16,2026,8,16,19163.850000000002,350.0
Hiệu quả kết nối nội tỉnh,7,HTH,HUBHTH,2026-08-05,2026,8,5,30818.329999999998,919.3
Hiệu quả kết nối nội tỉnh,7,CTO,HUBCTO,2026-08-04,2026,8,4,102755.29,2172.0
Hiệu quả kết nối nội tỉnh,7,QNI,HUBKTM,2026-08-12,2026,8,12,23778.059999999998,1147.0
Hiệu quả kết nối nội tỉnh,7,HNI,BBSDPG,2026-08-06,2026,8,6,43502.37,1435.3
Hiệu quả kết nối nội tỉnh,7,BNH,HUBBNH,2026-08-06,2026,8,6,114538.41,1602.0
Hiệu quả kết nối nội tỉnh,7,VLG,HUBVLG,2026-08-01,2026,8,1,50928.22,950.4
Hiệu quả kết nối nội tỉnh,7,LDG,HUBBTN,2026-08-08,2026,8,8,74057.0,2224.0
Hiệu quả kết nối nội tỉnh,7,DTP,HUBTGG,2026-08-08,2026,8,8,82083.83,1133.9
Hiệu quả kết nối nội tỉnh,7,HPG,HUBHDG,2026-08-04,2026,8,4,97185.81,1496.0
Hiệu quả kết nối nội tỉnh,7,QNH,HUBQNH,2026-08-15,2026,8,15,4340.93,104.0
Hiệu quả kết nối nội tỉnh,7,KHA,HUBNTN,2026-08-15,2026,8,15,23917.95,406.0
Hiệu quả kết nối nội tỉnh,7,DLK,HUBPYN,2026-08-06,2026,8,6,37725.79,1020.0
Hiệu quả kết nối nội tỉnh,7,QTI,HUBQBH,2026-08-12,2026,8,12,37647.76,1539.3
Hiệu quả kết nối nội tỉnh,7,CMU,HUBBLU,2026-08-17,2026,8,17,33684.54,700.0
Hiệu quả kết nối nội tỉnh,7,DNG,HUBDNG,2026-08-02,2026,8,2,84186.18000000001,943.0
Hiệu quả kết nối nội tỉnh,7,QNI,HUBKTM,2026-08-02,2026,8,2,21538.77,1147.0
Hiệu quả kết nối nội tỉnh,7,HUE,HUBHUE,2026-08-11,2026,8,11,37683.95,792.0
Hiệu quả kết nối nội tỉnh,7,SLA,HUBSLA,2026-08-17,2026,8,17,1176.18,41.0
Hiệu quả kết nối nội tỉnh,7,CNKT5,TTKT5,2026-08-12,2026,8,12,192708.13,2771.4
Hiệu quả kết nối nội tỉnh,7,LDG,HUBBTN,2026-08-14,2026,8,14,72705.95999999999,2224.0
Hiệu quả kết nối nội tỉnh,7,CMU,HUBCMU,2026-08-01,2026,8,1,45434.59,1532.0
Hiệu quả kết nối nội tỉnh,7,HPG,HUBHPG,2026-08-03,2026,8,3,77757.42,1339.0
Hiệu quả kết nối nội tỉnh,7,KHA,HUBNTN,2026-08-14,2026,8,14,34302.409999999996,425.0
Hiệu quả kết nối nội tỉnh,7,HYN,HUBTBH,2026-08-09,2026,8,9,43327.93,991.0
Hiệu quả kết nối nội tỉnh,7,GLI,HUBBHD,2026-08-05,2026,8,5,41852.840000000004,891.0
Hiệu quả kết nối nội tỉnh,7,DLK,HUBPYN,2026-08-07,2026,8,7,34557.12,1033.0
Hiệu quả kết nối nội tỉnh,7,NAN,HUBNAN,2026-08-02,2026,8,2,87632.64,3205.0
Hiệu quả kết nối nội tỉnh,7,DNG,HUBDNG,2026-08-11,2026,8,11,138495.19,1161.0
Hiệu quả kết nối nội tỉnh,7,DTP,HUBDTP,2026-08-01,2026,8,1,84970.0,1567.0
Hiệu quả kết nối nội tỉnh,7,DNG,HUBDNG,2026-08-08,2026,8,8,127343.25,1307.0
Hiệu quả kết nối nội tỉnh,7,HYN,HUBHYN,2026-08-06,2026,8,6,177549.36,1334.0
Hiệu quả kết nối nội tỉnh,7,PHO,HUBVPC,2026-08-03,2026,8,3,123014.33,1870.0
Hiệu quả kết nối nội tỉnh,7,QTI,HUBQTI,2026-08-04,2026,8,4,26185.45,704.0
Hiệu quả kết nối nội tỉnh,7,NBH,HUBNBH,2026-08-06,2026,8,6,69622.37,875.3
Hiệu quả kết nối nội tỉnh,7,HTH,HUBHTH,2026-08-04,2026,8,4,27426.04,904.8
Hiệu quả kết nối nội tỉnh,7,CMU,HUBCMU,2026-08-15,2026,8,15,45038.049999999996,1532.0
Hiệu quả kết nối nội tỉnh,7,CMU,HUBBLU,2026-08-09,2026,8,9,21347.15,350.0
Hiệu quả kết nối nội tỉnh,7,PHO,HUBVPC,2026-08-13,2026,8,13,147708.59,1834.0
Hiệu quả kết nối nội tỉnh,7,DBN,HUBDBN,2026-08-04,2026,8,4,2548.73,185.0
Hiệu quả kết nối nội tỉnh,7,HNI,HUBTTI,2026-08-10,2026,8,10,211984.24,4509.6
Hiệu quả kết nối nội tỉnh,7,CMU,HUBBLU,2026-08-03,2026,8,3,38304.17,700.0
Hiệu quả kết nối nội tỉnh,7,LDG,HUBBTN,2026-08-12,2026,8,12,72500.49,2224.0
Hiệu quả kết nối nội tỉnh,7,LDG,HUBBTN,2026-08-17,2026,8,17,58840.87,1946.5
Hiệu quả kết nối nội tỉnh,7,AGG,HUBAGG,2026-08-10,2026,8,10,87714.2,1795.0
Hiệu quả kết nối nội tỉnh,7,LDG,HUBDKG,2026-08-15,2026,8,15,48727.229999999996,1173.0
Hiệu quả kết nối nội tỉnh,7,LCI,HUBLCI01,2026-08-11,2026,8,11,41670.2,401.0
Hiệu quả kết nối nội tỉnh,7,VLG,HUBVLG,2026-07-31,2026,7,31,3669.07,24.8
Hiệu quả kết nối nội tỉnh,7,TNN,HUBTNN,2026-08-15,2026,8,15,73659.05,1182.0
Hiệu quả kết nối nội tỉnh,7,LDG,HUBLDG03,2026-08-11,2026,8,11,26687.59,444.0
Hiệu quả kết nối nội tỉnh,7,HNI,HUBLBN,2026-08-11,2026,8,11,99362.26,1429.2
Hiệu quả kết nối nội tỉnh,7,CNKT5,LOGBN,2026-08-01,2026,8,1,86195.53,1061.0
Hiệu quả kết nối nội tỉnh,7,GLI,HUBBHD,2026-08-09,2026,8,9,38366.07,874.0
Hiệu quả kết nối nội tỉnh,7,HNI,HUBLBN,2026-07-31,2026,7,31,2358.77,93.3
Hiệu quả kết nối nội tỉnh,7,TQG,HUBTQG,2026-08-08,2026,8,8,13460.5,525.0
Hiệu quả kết nối nội tỉnh,7,LDG,HUBLDG01,2026-08-01,2026,8,1,63927.96,1349.0
Hiệu quả kết nối nội tỉnh,7,NAN,HUBNAN,2026-08-09,2026,8,9,93396.92,3213.0
Hiệu quả kết nối nội tỉnh,7,DLK,HUBDLK,2026-08-09,2026,8,9,108345.58,2211.0
Hiệu quả kết nối nội tỉnh,7,QTI,HUBQBH,2026-08-07,2026,8,7,40362.08,1330.8
Hiệu quả kết nối nội tỉnh,7,LSN,HUBLSN,2026-08-09,2026,8,9,23728.89,592.0
Hiệu quả kết nối nội tỉnh,7,HNI,HUBTTI,2026-08-13,2026,8,13,195864.66,4078.6
Hiệu quả kết nối nội tỉnh,7,PHO,HUBHBH,2026-08-02,2026,8,2,34899.880000000005,869.0
Hiệu quả kết nối nội tỉnh,7,VLG,HUBTVH,2026-08-11,2026,8,11,31809.57,707.8
Hiệu quả kết nối nội tỉnh,7,THA,HUBTHA,2026-08-01,2026,8,1,143656.54,4184.0
Hiệu quả kết nối nội tỉnh,7,HYN,HUBHYN,2026-08-11,2026,8,11,204191.86,1316.0
Hiệu quả kết nối nội tỉnh,7,HCM,HUBVTU,2026-08-13,2026,8,13,94642.26,1100.1
Hiệu quả kết nối nội tỉnh,7,LDG,HUBLDG01,2026-07-31,2026,7,31,924.06,71.0
Hiệu quả kết nối nội tỉnh,7,SLA,HUBSLA,2026-08-01,2026,8,1,1047.34,82.0
Hiệu quả kết nối nội tỉnh,7,LCI,HUBLCI01,2026-08-07,2026,8,7,43831.13,401.0
Hiệu quả kết nối nội tỉnh,7,CNKT5,LOGBN,2026-08-09,2026,8,9,56032.270000000004,757.0
Hiệu quả kết nối nội tỉnh,7,DTP,HUBTGG,2026-08-11,2026,8,11,78086.67,1271.5
Hiệu quả kết nối nội tỉnh,7,HPG,HUBHPG,2026-08-09,2026,8,9,69367.73999999999,704.0
Hiệu quả kết nối nội tỉnh,7,CMU,HUBBLU,2026-08-04,2026,8,4,31092.010000000002,700.0
Hiệu quả kết nối nội tỉnh,7,LSN,HUBLSN,2026-08-16,2026,8,16,22896.15,626.0
Hiệu quả kết nối nội tỉnh,7,SLA,HUBSLA,2026-08-16,2026,8,16,1397.5800000000002,82.0
Hiệu quả kết nối nội tỉnh,7,QNI,HUBQNI,2026-08-16,2026,8,16,28168.53,878.0
Hiệu quả kết nối nội tỉnh,7,LDG,HUBDKG,2026-07-31,2026,7,31,5110.48,81.0
Hiệu quả kết nối nội tỉnh,7,HNI,HUBYAN,2026-08-04,2026,8,4,141898.75,3908.1
Hiệu quả kết nối nội tỉnh,7,SLA,HUBSLA,2026-08-04,2026,8,4,1165.75,82.0
Hiệu quả kết nối nội tỉnh,7,QNI,HUBQNI,2026-08-06,2026,8,6,39057.81,889.0
Hiệu quả kết nối nội tỉnh,7,NAN,HUBNAN,2026-08-17,2026,8,17,96014.02,3329.0
Hiệu quả kết nối nội tỉnh,7,HNI,BBSDPG,2026-08-01,2026,8,1,43339.85,1438.3
Hiệu quả kết nối nội tỉnh,7,CMU,HUBCMU,2026-08-03,2026,8,3,51088.26,1532.0
Hiệu quả kết nối nội tỉnh,7,LDG,HUBDKG,2026-08-06,2026,8,6,47413.14,1172.0
Hiệu quả kết nối nội tỉnh,7,TNH,HUBTNH,2026-08-12,2026,8,12,3623.96,156.0
Hiệu quả kết nối nội tỉnh,7,DLK,HUBDLK,2026-08-04,2026,8,4,101625.41,2499.0
Hiệu quả kết nối nội tỉnh,7,DLK,HUBDLK,2026-08-08,2026,8,8,112568.57,2515.0
Hiệu quả kết nối nội tỉnh,7,HUE,HUBHUE,2026-08-06,2026,8,6,49448.47,873.0
Hiệu quả kết nối nội tỉnh,7,PHO,HUBPHO,2026-08-13,2026,8,13,62501.21,1599.0
Hiệu quả kết nối nội tỉnh,7,SLA,HUBSLA,2026-08-07,2026,8,7,1588.8700000000001,82.0
Hiệu quả kết nối nội tỉnh,7,DLK,HUBPYN,2026-08-02,2026,8,2,27573.579999999998,931.0
Hiệu quả kết nối nội tỉnh,7,VLG,HUBVLG,2026-08-13,2026,8,13,39843.54,1029.8
Hiệu quả kết nối nội tỉnh,7,AGG,HUBKGG01,2026-08-07,2026,8,7,63109.69,1993.0
Hiệu quả kết nối nội tỉnh,7,TQG,HUBTQG,2026-08-05,2026,8,5,13719.04,517.0
Hiệu quả kết nối nội tỉnh,7,DNG,HUBDNG,2026-08-07,2026,8,7,159421.62,1283.0
Hiệu quả kết nối nội tỉnh,7,HTH,HUBHTH,2026-08-09,2026,8,9,22327.67,556.5
Hiệu quả kết nối nội tỉnh,7,QNI,HUBKTM,2026-08-13,2026,8,13,22360.8,1067.0
Hiệu quả kết nối nội tỉnh,7,HCM,HUBTTO,2026-08-14,2026,8,14,138345.53,1758.0
Hiệu quả kết nối nội tỉnh,7,DLK,HUBPYN,2026-08-14,2026,8,14,32119.2,1033.0
Hiệu quả kết nối nội tỉnh,7,DLK,HUBDLK,2026-08-15,2026,8,15,118133.17,2473.0
Hiệu quả kết nối nội tỉnh,7,CNKT5,LOGBN,2026-08-16,2026,8,16,64897.23,544.0
Hiệu quả kết nối nội tỉnh,7,QNI,HUBKTM,2026-08-06,2026,8,6,24364.79,1147.0
Hiệu quả kết nối nội tỉnh,7,CNKT1,TTKT1,2026-08-07,2026,8,7,936645.06,18977.1
Hiệu quả kết nối nội tỉnh,7,LDG,HUBBTN,2026-08-11,2026,8,11,77827.5,2224.0
Hiệu quả kết nối nội tỉnh,7,KHA,HUBNTN,2026-08-07,2026,8,7,27935.39,415.0
Hiệu quả kết nối nội tỉnh,7,NBH,HUBNBH,2026-08-02,2026,8,2,46583.26,802.1
Hiệu quả kết nối nội tỉnh,7,QTI,HUBQTI,2026-08-05,2026,8,5,31315.32,865.7
Hiệu quả kết nối nội tỉnh,7,PHO,HUBPHO,2026-08-11,2026,8,11,57169.26,1671.0
Hiệu quả kết nối nội tỉnh,7,QNI,HUBQNI,2026-08-08,2026,8,8,35699.2,877.0
Hiệu quả kết nối nội tỉnh,7,AGG,HUBAGG,2026-08-06,2026,8,6,92773.27,1927.0
Hiệu quả kết nối nội tỉnh,7,VLG,HUBTVH,2026-08-03,2026,8,3,35177.34,689.8
Hiệu quả kết nối nội tỉnh,7,DNG,HUBQNM,2026-08-08,2026,8,8,61369.61,2267.0
Hiệu quả kết nối nội tỉnh,7,TNH,HUBTNH,2026-08-01,2026,8,1,80769.22,1785.0
Hiệu quả kết nối nội tỉnh,7,VLG,HUBBTE,2026-08-03,2026,8,3,80034.14,1147.0
Hiệu quả kết nối nội tỉnh,7,HUE,HUBHUE,2026-08-14,2026,8,14,43122.4,816.0
Hiệu quả kết nối nội tỉnh,7,TQG,HUBHGG,2026-08-07,2026,8,7,3109.59,306.0
Hiệu quả kết nối nội tỉnh,7,HTH,HUBHTH,2026-08-17,2026,8,17,36203.24,909.1
Hiệu quả kết nối nội tỉnh,7,NBH,HUBNBH,2026-08-15,2026,8,15,59636.11,727.2
Hiệu quả kết nối nội tỉnh,7,HPG,HUBHPG,2026-08-06,2026,8,6,102541.05,1420.0
Hiệu quả kết nối nội tỉnh,7,AGG,HUBKGG01,2026-08-01,2026,8,1,68420.34,1901.0
Hiệu quả kết nối nội tỉnh,7,PHO,HUBHBH,2026-08-06,2026,8,6,37155.479999999996,869.0
Hiệu quả kết nối nội tỉnh,7,QTI,HUBQBH,2026-08-14,2026,8,14,40190.17,1727.1
Hiệu quả kết nối nội tỉnh,7,VLG,HUBTVH,2026-08-14,2026,8,14,32615.23,707.8
Hiệu quả kết nối nội tỉnh,7,KHA,HUBKHA,2026-08-10,2026,8,10,70544.92,1588.0
Hiệu quả kết nối nội tỉnh,7,DLK,HUBDLK,2026-08-05,2026,8,5,110445.08,2490.0
Hiệu quả kết nối nội tỉnh,7,QTI,HUBQTI,2026-08-10,2026,8,10,37571.51,865.7
Hiệu quả kết nối nội tỉnh,7,DNG,HUBDNG,2026-08-06,2026,8,6,171825.44,1408.0
Hiệu quả kết nối nội tỉnh,7,TNH,HUBTNH,2026-07-31,2026,7,31,7217.58,232.0
Hiệu quả kết nối nội tỉnh,7,DTP,HUBTGG,2026-08-01,2026,8,1,83435.14,1195.6
Hiệu quả kết nối nội tỉnh,7,LDG,HUBLDG01,2026-08-04,2026,8,4,60823.5,1393.0
Hiệu quả kết nối nội tỉnh,7,HUE,HUBHUE,2026-08-12,2026,8,12,41483.75,809.0
Hiệu quả kết nối nội tỉnh,7,NBH,HUBNDH,2026-07-31,2026,7,31,8765.3,136.0
Hiệu quả kết nối nội tỉnh,7,CTO,HUBSTG,2026-08-09,2026,8,9,65647.49,1043.0
Hiệu quả kết nối nội tỉnh,7,HCM,HUBBDG,2026-08-09,2026,8,9,1664.28,12.0
Hiệu quả kết nối nội tỉnh,7,LCI,HUBLCI01,2026-08-09,2026,8,9,41835.47,401.0
Hiệu quả kết nối nội tỉnh,7,TQG,HUBTQG,2026-08-11,2026,8,11,13363.61,517.0
Hiệu quả kết nối nội tỉnh,7,LDG,HUBLDG01,2026-08-11,2026,8,11,50756.090000000004,1351.0
Hiệu quả kết nối nội tỉnh,7,LCI,HUBYBN,2026-08-03,2026,8,3,25307.18,908.0
Hiệu quả kết nối nội tỉnh,7,NBH,HUBNBH,2026-08-10,2026,8,10,78390.43000000001,895.6
Hiệu quả kết nối nội tỉnh,7,HNI,BBSDPG,2026-08-10,2026,8,10,43733.99,1487.3
Hiệu quả kết nối nội tỉnh,7,PHO,HUBPHO,2026-08-06,2026,8,6,53320.51,1671.0
Hiệu quả kết nối nội tỉnh,7,LDG,HUBBTN,2026-08-04,2026,8,4,66408.8,2361.0
Hiệu quả kết nối nội tỉnh,7,LSN,HUBLSN,2026-08-05,2026,8,5,32904.79,673.0
Hiệu quả kết nối nội tỉnh,7,PHO,HUBHBH,2026-08-03,2026,8,3,33545.32,869.0
Hiệu quả kết nối nội tỉnh,7,CNKT1,TTKT1,2026-08-16,2026,8,16,554480.8,9762.7
Hiệu quả kết nối nội tỉnh,7,HNI,HUBLBN,2026-08-17,2026,8,17,73818.61,1202.8
Hiệu quả kết nối nội tỉnh,7,QNH,HUBQNH,2026-08-09,2026,8,9,49035.13,1279.0
Hiệu quả kết nối nội tỉnh,7,TNH,HUBTNH,2026-08-03,2026,8,3,62864.98,1541.0
Hiệu quả kết nối nội tỉnh,7,QTI,HUBQBH,2026-08-16,2026,8,16,27987.239999999998,1195.3
Hiệu quả kết nối nội tỉnh,7,TQG,HUBHGG,2026-08-05,2026,8,5,8121.19,616.0
Hiệu quả kết nối nội tỉnh,7,VLG,HUBVLG,2026-08-11,2026,8,11,44585.61,1054.6
Hiệu quả kết nối nội tỉnh,7,HNI,HUBTTI,2026-08-03,2026,8,3,193915.84,4198.4
Hiệu quả kết nối nội tỉnh,7,QTI,HUBQTI,2026-08-03,2026,8,3,42786.37,973.7
Hiệu quả kết nối nội tỉnh,7,DNG,HUBDNG,2026-08-13,2026,8,13,158975.34,1376.0
Hiệu quả kết nối nội tỉnh,7,QNI,HUBKTM,2026-08-11,2026,8,11,21273.399999999998,1007.0
Hiệu quả kết nối nội tỉnh,7,HCM,HUBVTU,2026-08-05,2026,8,5,66447.3,1009.6
Hiệu quả kết nối nội tỉnh,7,THA,HUBTHA,2026-08-03,2026,8,3,124870.63,4242.0
Hiệu quả kết nối nội tỉnh,7,PHO,HUBPHO,2026-08-10,2026,8,10,43529.74,1671.0
Hiệu quả kết nối nội tỉnh,7,BNH,HUBBGG,2026-08-17,2026,8,17,85853.67,1353.0
Hiệu quả kết nối nội tỉnh,7,LCI,HUBYBN,2026-08-13,2026,8,13,34102.340000000004,908.0
Hiệu quả kết nối nội tỉnh,7,QTI,HUBQBH,2026-08-17,2026,8,17,36097.17,1664.2
Hiệu quả kết nối nội tỉnh,7,QNI,HUBQNI,2026-08-10,2026,8,10,41960.7,889.0
Hiệu quả kết nối nội tỉnh,7,TQG,HUBHGG,2026-08-16,2026,8,16,7001.59,616.0
Hiệu quả kết nối nội tỉnh,7,CNKT1,TTKT1,2026-08-15,2026,8,15,865065.7,17950.0
Hiệu quả kết nối nội tỉnh,7,QNH,HUBQNH,2026-08-02,2026,8,2,44685.81,1289.0
Hiệu quả kết nối nội tỉnh,7,NBH,HUBNBH,2026-08-11,2026,8,11,82410.34,847.5
Hiệu quả kết nối nội tỉnh,7,CTO,HUBSTG,2026-08-15,2026,8,15,68659.75,1156.0
Hiệu quả kết nối nội tỉnh,7,CTO,HUBSTG,2026-08-12,2026,8,12,66145.48,1056.0
Hiệu quả kết nối nội tỉnh,7,VLG,HUBVLG,2026-08-16,2026,8,16,33282.7,578.4
Hiệu quả kết nối nội tỉnh,7,LCI,HUBYBN,2026-08-17,2026,8,17,25725.57,665.0
Hiệu quả kết nối nội tỉnh,7,DTP,HUBTGG,2026-08-06,2026,8,6,81498.47,1152.5
Hiệu quả kết nối nội tỉnh,7,CMU,HUBCMU,2026-08-16,2026,8,16,31891.97,761.0
Hiệu quả kết nối nội tỉnh,7,LSN,HUBLSN,2026-08-14,2026,8,14,29500.190000000002,627.0
Hiệu quả kết nối nội tỉnh,7,DBN,HUBDBN,2026-08-03,2026,8,3,2335.12,185.0
Hiệu quả kết nối nội tỉnh,7,CNKT5,LOGBN,2026-08-07,2026,8,7,88686.89,880.0
Hiệu quả kết nối nội tỉnh,7,NBH,HUBNBH,2026-08-01,2026,8,1,68305.98,765.9
Hiệu quả kết nối nội tỉnh,7,HNI,BBSDPG,2026-08-02,2026,8,2,27075.43,899.0
Hiệu quả kết nối nội tỉnh,7,THA,HUBTHA,2026-08-06,2026,8,6,149166.89,4114.0
Hiệu quả kết nối nội tỉnh,7,SLA,HUBSLA,2026-08-03,2026,8,3,778.71,82.0
Hiệu quả kết nối nội tỉnh,7,NBH,HUBHNM,2026-08-09,2026,8,9,43298.43,292.23
Hiệu quả kết nối nội tỉnh,7,NBH,HUBHNM,2026-08-16,2026,8,16,46860.57,545.03
Hiệu quả kết nối nội tỉnh,7,LDG,HUBDKG,2026-08-01,2026,8,1,43577.04,1173.0
Hiệu quả kết nối nội tỉnh,7,VLG,HUBTVH,2026-08-15,2026,8,15,34199.85,707.8
Hiệu quả kết nối nội tỉnh,7,DTP,HUBDTP,2026-08-11,2026,8,11,82356.07,1625.0
Hiệu quả kết nối nội tỉnh,7,LCI,HUBYBN,2026-08-06,2026,8,6,25497.09,908.0
Hiệu quả kết nối nội tỉnh,7,CTO,HUBSTG,2026-08-16,2026,8,16,60675.12,1086.0
Hiệu quả kết nối nội tỉnh,7,TNH,HUBTNH,2026-08-13,2026,8,13,3827.95,156.0
Hiệu quả kết nối nội tỉnh,7,VLG,HUBTVH,2026-08-10,2026,8,10,32509.63,707.8
Hiệu quả kết nối nội tỉnh,7,CNKT5,TTKT5,2026-08-07,2026,8,7,179361.85,2902.4
Hiệu quả kết nối nội tỉnh,7,CTO,HUBSTG,2026-08-10,2026,8,10,64305.24,1043.0
Hiệu quả kết nối nội tỉnh,7,KHA,HUBNTN,2026-08-11,2026,8,11,25892.89,416.0
Hiệu quả kết nối nội tỉnh,7,CMU,HUBCMU,2026-08-04,2026,8,4,39585.45,1532.0
Hiệu quả kết nối nội tỉnh,7,HTH,HUBHTH,2026-08-03,2026,8,3,32680.38,904.8
Hiệu quả kết nối nội tỉnh,7,QNH,HUBQNH,2026-08-08,2026,8,8,67387.73,1819.0
Hiệu quả kết nối nội tỉnh,7,DNG,HUBQNM,2026-08-17,2026,8,17,68150.86,2276.0
Hiệu quả kết nối nội tỉnh,7,CTO,HUBCTO,2026-07-31,2026,7,31,5924.98,54.0
Hiệu quả kết nối nội tỉnh,7,QTI,HUBQTI,2026-08-07,2026,8,7,32175.1,865.7
Hiệu quả kết nối nội tỉnh,7,HYN,HUBTBH,2026-08-06,2026,8,6,62284.06,1391.0
Hiệu quả kết nối nội tỉnh,7,HYN,HUBTBH,2026-08-02,2026,8,2,46283.12,1006.0
Hiệu quả kết nối nội tỉnh,7,CMU,HUBBLU,2026-08-07,2026,8,7,26701.17,700.0
Hiệu quả kết nối nội tỉnh,7,NBH,HUBNBH,2026-08-09,2026,8,9,64611.96,727.2
Hiệu quả kết nối nội tỉnh,7,LCI,HUBLCI01,2026-08-12,2026,8,12,38437.15,401.0
Hiệu quả kết nối nội tỉnh,7,PHO,HUBHBH,2026-08-12,2026,8,12,32474.989999999998,681.0
Hiệu quả kết nối nội tỉnh,7,HPG,HUBHPG,2026-08-13,2026,8,13,107846.5,1105.0
Hiệu quả kết nối nội tỉnh,7,BNH,HUBBGG,2026-08-13,2026,8,13,119227.64,1748.0
Hiệu quả kết nối nội tỉnh,7,HYN,HUBHYN,2026-08-13,2026,8,13,268233.58,1298.0
Hiệu quả kết nối nội tỉnh,7,HNI,HUBLBN,2026-08-15,2026,8,15,85838.47,1402.8
Hiệu quả kết nối nội tỉnh,7,LDG,HUBLDG03,2026-08-03,2026,8,3,36603.94,695.0
Hiệu quả kết nối nội tỉnh,7,VLG,HUBTVH,2026-08-01,2026,8,1,37163.85,689.8
Hiệu quả kết nối nội tỉnh,7,QNH,HUBQNH,2026-08-13,2026,8,13,12938.06,242.0
Hiệu quả kết nối nội tỉnh,7,HNI,HUBTTI,2026-07-31,2026,7,31,20887.920000000002,697.0
Hiệu quả kết nối nội tỉnh,7,PHO,HUBVPC,2026-08-02,2026,8,2,115559.05,1569.0
Hiệu quả kết nối nội tỉnh,7,LDG,HUBDKG,2026-08-03,2026,8,3,42897.56,1173.0
Hiệu quả kết nối nội tỉnh,7,NAN,HUBNAN,2026-08-15,2026,8,15,115996.83,3463.0
Hiệu quả kết nối nội tỉnh,7,NBH,HUBNBH,2026-08-05,2026,8,5,64691.81,867.8000000000001
Hiệu quả kết nối nội tỉnh,7,QTI,HUBQTI,2026-08-06,2026,8,6,35673.99,865.7
Hiệu quả kết nối nội tỉnh,7,LDG,HUBDKG,2026-08-11,2026,8,11,49670.490000000005,1173.0
Hiệu quả kết nối nội tỉnh,7,CNKT5,LOGBN,2026-08-12,2026,8,12,96569.87,903.0
Hiệu quả kết nối nội tỉnh,7,CNKT5,TTKT5,2026-08-16,2026,8,16,111272.76,1626.0
Hiệu quả kết nối nội tỉnh,7,TQG,HUBHGG,2026-08-03,2026,8,3,8088.98,616.0
Hiệu quả kết nối nội tỉnh,7,BNH,HUBBGG,2026-08-08,2026,8,8,119712.3,1769.0
Hiệu quả kết nối nội tỉnh,7,CMU,HUBBLU,2026-08-13,2026,8,13,29295.97,700.0
Hiệu quả kết nối nội tỉnh,7,HCM,HUBTTO,2026-07-31,2026,7,31,5322.9400000000005,126.0
Hiệu quả kết nối nội tỉnh,7,CNKT3,TTKT3,2026-08-10,2026,8,10,665252.16,8393.5
Hiệu quả kết nối nội tỉnh,7,HNI,HUBLBN,2026-08-12,2026,8,12,99407.14,1488.9
Hiệu quả kết nối nội tỉnh,7,HNI,HUBYAN,2026-08-10,2026,8,10,153307.16,4049.4
Hiệu quả kết nối nội tỉnh,7,LSN,HUBLSN,2026-08-01,2026,8,1,33969.79,626.0
Hiệu quả kết nối nội tỉnh,7,DBN,HUBDBN,2026-08-14,2026,8,14,2614.62,185.0
Hiệu quả kết nối nội tỉnh,7,LCI,HUBYBN,2026-07-31,2026,7,31,4968.549999999999,139.0
Hiệu quả kết nối nội tỉnh,7,TNH,HUBLAN,2026-07-31,2026,7,31,15284.43,224.0
Hiệu quả kết nối nội tỉnh,7,PHO,HUBPHO,2026-08-01,2026,8,1,54855.86,1563.0
Hiệu quả kết nối nội tỉnh,7,DNG,HUBDNG,2026-08-04,2026,8,4,105319.86,1246.0
Hiệu quả kết nối nội tỉnh,7,BNH,HUBBGG,2026-08-14,2026,8,14,123451.58,1653.0
Hiệu quả kết nối nội tỉnh,7,LDG,HUBLDG01,2026-08-03,2026,8,3,46007.38,1328.0
Hiệu quả kết nối nội tỉnh,7,LCI,HUBLCI01,2026-08-10,2026,8,10,41649.74,401.0
Hiệu quả kết nối nội tỉnh,7,HCM,HUBTTO,2026-08-01,2026,8,1,134960.04,1671.0
Hiệu quả kết nối nội tỉnh,7,AGG,HUBAGG,2026-07-31,2026,7,31,2724.09,13.0
Hiệu quả kết nối nội tỉnh,7,CNKT3,TTKT3,2026-08-09,2026,8,9,517956.55,6586.5
Hiệu quả kết nối nội tỉnh,7,CNKT3,TTKT3,2026-08-15,2026,8,15,774644.76,8646.0
Hiệu quả kết nối nội tỉnh,7,LCI,HUBLCI01,2026-08-16,2026,8,16,39022.18,401.0
Hiệu quả kết nối nội tỉnh,7,LCI,HUBYBN,2026-08-01,2026,8,1,31221.22,908.0
Hiệu quả kết nối nội tỉnh,7,LDG,HUBBTN,2026-08-09,2026,8,9,68727.97,2221.0
Hiệu quả kết nối nội tỉnh,7,DTP,HUBTGG,2026-08-14,2026,8,14,86096.27,1310.2
Hiệu quả kết nối nội tỉnh,7,DNG,HUBQNM,2026-08-06,2026,8,6,57934.63,2276.0
Hiệu quả kết nối nội tỉnh,7,HTH,HUBHTH,2026-08-13,2026,8,13,29493.04,919.3
Hiệu quả kết nối nội tỉnh,7,HUE,HUBHUE,2026-08-08,2026,8,8,39961.270000000004,782.0
Hiệu quả kết nối nội tỉnh,7,QNI,HUBKTM,2026-08-14,2026,8,14,25285.65,1067.0
Hiệu quả kết nối nội tỉnh,7,PHO,HUBVPC,2026-08-04,2026,8,4,141807.38,1835.0
Hiệu quả kết nối nội tỉnh,7,QTI,HUBQBH,2026-08-05,2026,8,5,35835.16,1727.1
Hiệu quả kết nối nội tỉnh,7,GLI,HUBBHD,2026-08-07,2026,8,7,44235.39,874.0
Hiệu quả kết nối nội tỉnh,7,DNG,HUBQNM,2026-08-07,2026,8,7,57667.76,2169.0
Hiệu quả kết nối nội tỉnh,7,LDG,HUBLDG01,2026-08-13,2026,8,13,56651.2,1306.0
Hiệu quả kết nối nội tỉnh,7,HNI,HUBTTI,2026-08-15,2026,8,15,193249.37,3789.4
Hiệu quả kết nối nội tỉnh,7,KHA,HUBKHA,2026-08-08,2026,8,8,70980.97,1576.0
Hiệu quả kết nối nội tỉnh,7,LDG,HUBBTN,2026-08-01,2026,8,1,66495.78,2361.0
Hiệu quả kết nối nội tỉnh,7,HYN,HUBTBH,2026-08-03,2026,8,3,64103.55,1524.0
Hiệu quả kết nối nội tỉnh,7,HUE,HUBHUE,2026-08-10,2026,8,10,43721.25,776.0
Hiệu quả kết nối nội tỉnh,7,SLA,HUBSLA,2026-08-08,2026,8,8,1185.01,82.0
Hiệu quả kết nối nội tỉnh,7,HYN,HUBTBH,2026-07-31,2026,7,31,2700.97,60.0
Hiệu quả kết nối nội tỉnh,7,GLI,HUBBHD,2026-08-10,2026,8,10,44817.93,874.0
Hiệu quả kết nối nội tỉnh,7,CNKT5,TTKT5,2026-08-14,2026,8,14,183114.88,2585.4
Hiệu quả kết nối nội tỉnh,7,HNI,HUBTTI,2026-08-17,2026,8,17,158551.3,2942.8
Hiệu quả kết nối nội tỉnh,7,DTP,HUBDTP,2026-08-08,2026,8,8,88103.45,1626.0
Hiệu quả kết nối nội tỉnh,7,LCI,HUBLCI01,2026-08-02,2026,8,2,42862.19,401.0
Hiệu quả kết nối nội tỉnh,7,HYN,HUBHYN,2026-08-01,2026,8,1,178700.88,1307.0
Hiệu quả kết nối nội tỉnh,7,LDG,HUBLDG01,2026-08-12,2026,8,12,57860.0,1357.0
Hiệu quả kết nối nội tỉnh,7,SLA,HUBSLA,2026-08-10,2026,8,10,1001.8399999999999,82.0
Hiệu quả kết nối nội tỉnh,7,DTP,HUBDTP,2026-08-17,2026,8,17,78465.97,1509.0
Hiệu quả kết nối nội tỉnh,7,HNI,HUBTTI,2026-08-09,2026,8,9,116632.38,1733.8
Hiệu quả kết nối nội tỉnh,7,HNI,HUBLBN,2026-08-16,2026,8,16,55990.81,805.6
Hiệu quả kết nối nội tỉnh,7,DNG,HUBQNM,2026-08-10,2026,8,10,62633.61,2246.0
Hiệu quả kết nối nội tỉnh,7,QNI,HUBQNI,2026-08-15,2026,8,15,39909.76,912.0
Hiệu quả kết nối nội tỉnh,7,NBH,HUBNDH,2026-08-01,2026,8,1,93993.7,1809.0
Hiệu quả kết nối nội tỉnh,7,HYN,HUBTBH,2026-08-13,2026,8,13,29120.03,592.0
Hiệu quả kết nối nội tỉnh,7,GLI,HUBGLI,2026-08-04,2026,8,4,74276.08,2567.0
Hiệu quả kết nối nội tỉnh,7,TQG,HUBTQG,2026-08-17,2026,8,17,13492.21,465.0
Hiệu quả kết nối nội tỉnh,7,LDG,HUBLDG03,2026-08-05,2026,8,5,27542.11,494.0
Hiệu quả kết nối nội tỉnh,7,DNG,HUBQNM,2026-08-03,2026,8,3,62997.47,2276.0
Hiệu quả kết nối nội tỉnh,7,HYN,HUBHYN,2026-08-04,2026,8,4,189475.46,1307.0
Hiệu quả kết nối nội tỉnh,7,HYN,HUBHYN,2026-08-14,2026,8,14,222581.48,1334.0
Hiệu quả kết nối nội tỉnh,7,NBH,HUBHNM,2026-08-14,2026,8,14,55822.49,541.01
Hiệu quả kết nối nội tỉnh,7,HPG,HUBHPG,2026-08-07,2026,8,7,99919.06,1314.0
Hiệu quả kết nối nội tỉnh,7,PHO,HUBHBH,2026-08-01,2026,8,1,36146.86,869.0
Hiệu quả kết nối nội tỉnh,7,LDG,HUBDKG,2026-08-02,2026,8,2,39476.64,1041.0
Hiệu quả kết nối nội tỉnh,7,LDG,HUBLDG01,2026-08-06,2026,8,6,56745.78,1351.0
Hiệu quả kết nối nội tỉnh,7,TNN,HUBTNN,2026-08-07,2026,8,7,73416.23,1157.0
Hiệu quả kết nối nội tỉnh,7,LCI,HUBYBN,2026-08-16,2026,8,16,28577.32,784.0
Hiệu quả kết nối nội tỉnh,7,CMU,HUBCMU,2026-08-06,2026,8,6,43923.22,1532.0
Hiệu quả kết nối nội tỉnh,7,SLA,HUBSLA,2026-08-09,2026,8,9,1161.65,82.0
Hiệu quả kết nối nội tỉnh,7,CNKT1,TTKT1,2026-08-03,2026,8,3,871522.49,19157.4
Hiệu quả kết nối nội tỉnh,7,LSN,HUBLSN,2026-08-04,2026,8,4,29072.17,592.0
Hiệu quả kết nối nội tỉnh,7,TQG,HUBHGG,2026-08-15,2026,8,15,7276.38,616.0
Hiệu quả kết nối nội tỉnh,7,SLA,HUBSLA,2026-08-12,2026,8,12,1469.93,82.0
Hiệu quả kết nối nội tỉnh,7,CNKT5,TTKT5,2026-08-05,2026,8,5,183736.5,2926.0
Hiệu quả kết nối nội tỉnh,7,GLI,HUBGLI,2026-08-16,2026,8,16,76857.65,2660.0
Hiệu quả kết nối nội tỉnh,7,DNG,HUBQNM,2026-08-12,2026,8,12,59809.13,2276.0
Hiệu quả kết nối nội tỉnh,7,CNKT5,TTKT5,2026-08-08,2026,8,8,197824.85,2792.4
Hiệu quả kết nối nội tỉnh,7,HPG,HUBHDG,2026-08-01,2026,8,1,100707.68000000001,1445.0
Hiệu quả kết nối nội tỉnh,7,CTO,HUBSTG,2026-08-17,2026,8,17,49367.55,1141.0
Hiệu quả kết nối nội tỉnh,7,DNG,HUBDNG,2026-07-31,2026,7,31,6010.700000000001,57.0
Hiệu quả kết nối nội tỉnh,7,LCI,HUBYBN,2026-08-04,2026,8,4,28977.21,908.0
Hiệu quả kết nối nội tỉnh,7,BNH,HUBBGG,2026-08-06,2026,8,6,117203.33,1771.0
Hiệu quả kết nối nội tỉnh,7,TNH,HUBTNH,2026-08-15,2026,8,15,4166.4,156.0
Hiệu quả kết nối nội tỉnh,7,HYN,HUBHYN,2026-08-05,2026,8,5,182807.66,1334.0
Hiệu quả kết nối nội tỉnh,7,LSN,HUBLSN,2026-08-13,2026,8,13,27036.65,660.0
Hiệu quả kết nối nội tỉnh,7,NBH,HUBNBH,2026-08-03,2026,8,3,52535.68,840.0
Hiệu quả kết nối nội tỉnh,7,HNI,HUBYAN,2026-08-06,2026,8,6,148590.08,3917.9
Hiệu quả kết nối nội tỉnh,7,HNI,HUBLBN,2026-08-09,2026,8,9,68431.93,1004.4
Hiệu quả kết nối nội tỉnh,7,SLA,HUBSLA,2026-08-11,2026,8,11,1289.47,82.0
Hiệu quả kết nối nội tỉnh,7,DBN,HUBDBN,2026-08-05,2026,8,5,2539.9700000000003,185.0
Hiệu quả kết nối nội tỉnh,7,HCM,HUBVTU,2026-08-11,2026,8,11,75683.8,1082.1
Hiệu quả kết nối nội tỉnh,7,NBH,HUBHNM,2026-08-12,2026,8,12,58548.54,606.57
Hiệu quả kết nối nội tỉnh,7,HNI,HUBTTI,2026-08-07,2026,8,7,213438.71,3958.6
Hiệu quả kết nối nội tỉnh,7,GLI,HUBBHD,2026-08-04,2026,8,4,36548.26,856.0
Hiệu quả kết nối nội tỉnh,7,TNN,HUBTNN,2026-08-11,2026,8,11,87817.37,1240.0
Hiệu quả kết nối nội tỉnh,7,DBN,HUBDBN,2026-08-08,2026,8,8,2780.31,185.0
Hiệu quả kết nối nội tỉnh,7,CMU,HUBCMU,2026-08-13,2026,8,13,42220.59,1484.0
Hiệu quả kết nối nội tỉnh,7,LCI,HUBYBN,2026-08-15,2026,8,15,30282.739999999998,908.0
Hiệu quả kết nối nội tỉnh,7,HNI,HUBLBN,2026-08-13,2026,8,13,89894.98,1434.2
Hiệu quả kết nối nội tỉnh,7,LSN,HUBLSN,2026-08-12,2026,8,12,26097.010000000002,593.0
Hiệu quả kết nối nội tỉnh,7,HYN,HUBHYN,2026-08-07,2026,8,7,240365.74,1344.0
Hiệu quả kết nối nội tỉnh,7,DNI,HUBBPC,2026-08-03,2026,8,3,63370.26,2182.0
Hiệu quả kết nối nội tỉnh,7,GLI,HUBGLI,2026-08-13,2026,8,13,86135.81,2628.0
Hiệu quả kết nối nội tỉnh,7,LCI,HUBLCI01,2026-08-14,2026,8,14,47724.77,401.0
Hiệu quả kết nối nội tỉnh,7,CNKT5,LOGBN,2026-07-31,2026,7,31,24660.79,194.0
Hiệu quả kết nối nội tỉnh,7,QTI,HUBQBH,2026-08-04,2026,8,4,27062.96,1539.3
Hiệu quả kết nối nội tỉnh,7,HCM,HUBTTO,2026-08-13,2026,8,13,141903.65,1732.0
Hiệu quả kết nối nội tỉnh,7,HNI,HUBLBN,2026-08-14,2026,8,14,97238.52,1551.3
Hiệu quả kết nối nội tỉnh,7,CTO,HUBSTG,2026-08-14,2026,8,14,70762.92,1056.0
Hiệu quả kết nối nội tỉnh,7,HNI,HUBYAN,2026-08-16,2026,8,16,58797.0,1562.8
Hiệu quả kết nối nội tỉnh,7,CNKT1,TTKT1,2026-08-12,2026,8,12,956516.13,18613.8
Hiệu quả kết nối nội tỉnh,7,AGG,HUBKGG01,2026-08-04,2026,8,4,55240.45,1964.0
Hiệu quả kết nối nội tỉnh,7,LCI,HUBYBN,2026-08-07,2026,8,7,37574.56,908.0
Hiệu quả kết nối nội tỉnh,7,PHO,HUBVPC,2026-08-01,2026,8,1,154956.2,1869.0
Hiệu quả kết nối nội tỉnh,7,DNG,HUBQNM,2026-08-05,2026,8,5,56888.94,2267.0
Hiệu quả kết nối nội tỉnh,7,LSN,HUBLSN,2026-08-03,2026,8,3,22382.05,592.0
Hiệu quả kết nối nội tỉnh,7,HNI,HUBLBN,2026-08-06,2026,8,6,99100.17,1433.7
Hiệu quả kết nối nội tỉnh,7,HUE,HUBHUE,2026-08-16,2026,8,16,38140.52,816.0
Hiệu quả kết nối nội tỉnh,7,DLK,HUBDLK,2026-08-16,2026,8,16,116005.73,2199.0
Hiệu quả kết nối nội tỉnh,7,KHA,HUBKHA,2026-08-04,2026,8,4,65684.83,1564.0
Hiệu quả kết nối nội tỉnh,7,LSN,HUBLSN,2026-08-15,2026,8,15,29756.760000000002,593.0
Hiệu quả kết nối nội tỉnh,7,THA,HUBTHA,2026-08-15,2026,8,15,152668.58,4067.0
Hiệu quả kết nối nội tỉnh,7,HCM,HUBVTU,2026-08-12,2026,8,12,89739.37,1127.9
Hiệu quả kết nối nội tỉnh,7,HNI,HUBYAN,2026-08-17,2026,8,17,140483.05,2757.6
Hiệu quả kết nối nội tỉnh,7,THA,HUBTHA,2026-08-12,2026,8,12,157111.2,4061.0
Hiệu quả kết nối nội tỉnh,7,QNH,HUBQNH,2026-07-31,2026,7,31,8055.33,468.0
Hiệu quả kết nối nội tỉnh,7,KHA,HUBKHA,2026-08-15,2026,8,15,70252.77,1588.0
Hiệu quả kết nối nội tỉnh,7,DNG,HUBQNM,2026-08-15,2026,8,15,61557.63,2276.0
Hiệu quả kết nối nội tỉnh,7,LDG,HUBDKG,2026-08-04,2026,8,4,47284.78,1303.0
Hiệu quả kết nối nội tỉnh,7,CTO,HUBCTO,2026-08-07,2026,8,7,116117.49,2294.0
Hiệu quả kết nối nội tỉnh,7,KHA,HUBNTN,2026-08-10,2026,8,10,26616.64,416.0
Hiệu quả kết nối nội tỉnh,7,QTI,HUBQTI,2026-08-16,2026,8,16,25608.06,503.7
Hiệu quả kết nối nội tỉnh,7,LDG,HUBLDG01,2026-08-16,2026,8,16,43026.479999999996,926.0
Hiệu quả kết nối nội tỉnh,7,KHA,HUBKHA,2026-08-14,2026,8,14,71737.42,1588.0
Hiệu quả kết nối nội tỉnh,7,DNG,HUBQNM,2026-08-04,2026,8,4,45631.72,2136.0
Hiệu quả kết nối nội tỉnh,7,CNKT5,TTKT5,2026-08-17,2026,8,17,118257.68,2260.7
Hiệu quả kết nối nội tỉnh,7,HPG,HUBHPG,2026-08-01,2026,8,1,123261.69,1340.0
Hiệu quả kết nối nội tỉnh,7,THA,HUBTHA,2026-08-16,2026,8,16,127658.15000000001,3426.0
Hiệu quả kết nối nội tỉnh,7,CMU,HUBCMU,2026-08-14,2026,8,14,44401.28,1532.0
Hiệu quả kết nối nội tỉnh,7,VLG,HUBVLG,2026-08-17,2026,8,17,46185.93,1054.6
Hiệu quả kết nối nội tỉnh,7,CNKT3,TTKT3,2026-08-01,2026,8,1,694970.23,8299.0
Hiệu quả kết nối nội tỉnh,7,GLI,HUBBHD,2026-08-11,2026,8,11,39325.46,874.0
Hiệu quả kết nối nội tỉnh,7,CNKT3,TTKT3,2026-08-06,2026,8,6,741338.82,9113.5
Hiệu quả kết nối nội tỉnh,7,NBH,HUBHNM,2026-08-05,2026,8,5,52357.38,573.13
Hiệu quả kết nối nội tỉnh,7,CMU,HUBBLU,2026-08-05,2026,8,5,29261.27,700.0
Hiệu quả kết nối nội tỉnh,7,CTO,HUBCTO,2026-08-06,2026,8,6,116510.47,2228.0
Hiệu quả kết nối nội tỉnh,7,TNH,HUBLAN,2026-08-04,2026,8,4,7663.71,34.0
Hiệu quả kết nối nội tỉnh,7,DNG,HUBQNM,2026-08-01,2026,8,1,56280.35,2239.0
Hiệu quả kết nối nội tỉnh,7,HTH,HUBHTH,2026-08-12,2026,8,12,30340.61,863.2
Hiệu quả kết nối nội tỉnh,7,DTP,HUBTGG,2026-08-07,2026,8,7,82940.31,1191.5
Hiệu quả kết nối nội tỉnh,7,HNI,BBSDPG,2026-08-03,2026,8,3,41951.58,1452.3
Hiệu quả kết nối nội tỉnh,7,KHA,HUBKHA,2026-08-05,2026,8,5,62837.0,1546.0
Hiệu quả kết nối nội tỉnh,7,DTP,HUBTGG,2026-08-12,2026,8,12,85311.77,1299.9
Hiệu quả kết nối nội tỉnh,7,GLI,HUBGLI,2026-08-06,2026,8,6,88193.62,2599.0
Hiệu quả kết nối nội tỉnh,7,AGG,HUBAGG,2026-08-04,2026,8,4,91199.08,1927.0
Hiệu quả kết nối nội tỉnh,7,HPG,HUBHDG,2026-08-12,2026,8,12,116991.78,1468.0
Hiệu quả kết nối nội tỉnh,7,QNI,HUBKTM,2026-08-16,2026,8,16,23509.9,1147.0
Hiệu quả kết nối nội tỉnh,7,DBN,HUBDBN,2026-08-10,2026,8,10,2595.5,185.0
Hiệu quả kết nối nội tỉnh,7,DLK,HUBPYN,2026-08-13,2026,8,13,36771.46,1033.0
Hiệu quả kết nối nội tỉnh,7,PHO,HUBHBH,2026-08-08,2026,8,8,29886.72,675.0
Hiệu quả kết nối nội tỉnh,7,CNKT5,LOGBN,2026-08-15,2026,8,15,97217.45999999999,925.0
Hiệu quả kết nối nội tỉnh,7,TQG,HUBTQG,2026-08-07,2026,8,7,16901.01,517.0
Hiệu quả kết nối nội tỉnh,7,TQG,HUBTQG,2026-08-16,2026,8,16,13314.96,384.0
Hiệu quả kết nối nội tỉnh,7,TNN,HUBTNN,2026-08-05,2026,8,5,80005.77,1276.0
Hiệu quả kết nối nội tỉnh,7,HYN,HUBTBH,2026-08-07,2026,8,7,66740.65,1460.0
Hiệu quả kết nối nội tỉnh,7,QNI,HUBQNI,2026-08-02,2026,8,2,27654.44,866.0
Hiệu quả kết nối nội tỉnh,7,DLK,HUBPYN,2026-08-08,2026,8,8,37241.52,1033.0
Hiệu quả kết nối nội tỉnh,7,DBN,HUBDBN,2026-08-07,2026,8,7,2782.96,185.0
Hiệu quả kết nối nội tỉnh,7,DNI,HUBBPC,2026-08-05,2026,8,5,61611.1,2182.0
Hiệu quả kết nối nội tỉnh,7,NBH,HUBNBH,2026-08-12,2026,8,12,72484.96,875.3000000000001
Hiệu quả kết nối nội tỉnh,7,TQG,HUBHGG,2026-08-17,2026,8,17,9176.84,616.0
Hiệu quả kết nối nội tỉnh,7,KHA,HUBKHA,2026-08-03,2026,8,3,68260.82,1576.0
Hiệu quả kết nối nội tỉnh,7,NAN,HUBNAN,2026-08-01,2026,8,1,106793.37,3369.0
Hiệu quả kết nối nội tỉnh,7,LCI,HUBLCI01,2026-08-08,2026,8,8,54070.52,401.0
Hiệu quả kết nối nội tỉnh,7,BNH,HUBBNH,2026-07-31,2026,7,31,23586.739999999998,264.0
Hiệu quả kết nối nội tỉnh,7,HPG,HUBHPG,2026-08-08,2026,8,8,90620.78,1130.0
Hiệu quả kết nối nội tỉnh,7,CNKT5,TTKT5,2026-08-10,2026,8,10,165077.06,2600.0
Hiệu quả kết nối nội tỉnh,7,NAN,HUBNAN,2026-08-08,2026,8,8,118303.68,3369.0
Hiệu quả kết nối nội tỉnh,7,CNKT3,TTKT3,2026-08-12,2026,8,12,736320.72,8933.5
Hiệu quả kết nối nội tỉnh,7,TQG,HUBHGG,2026-08-01,2026,8,1,7436.92,616.0
Hiệu quả kết nối nội tỉnh,7,LDG,HUBLDG01,2026-08-14,2026,8,14,58326.33,1392.0
Hiệu quả kết nối nội tỉnh,7,LDG,HUBLDG03,2026-08-12,2026,8,12,37501.62,653.0
Hiệu quả kết nối nội tỉnh,7,DNG,HUBQNM,2026-08-11,2026,8,11,52780.57,2313.0
Hiệu quả kết nối nội tỉnh,7,HUE,HUBHUE,2026-08-13,2026,8,13,42521.270000000004,772.0
Hiệu quả kết nối nội tỉnh,7,BNH,HUBBGG,2026-08-10,2026,8,10,118753.02,1785.0
Hiệu quả kết nối nội tỉnh,7,CNKT5,LOGBN,2026-08-11,2026,8,11,104581.65,976.0
Hiệu quả kết nối nội tỉnh,7,DBN,HUBDBN,2026-08-17,2026,8,17,1468.13,179.0
Hiệu quả kết nối nội tỉnh,7,DTP,HUBTGG,2026-08-04,2026,8,4,75599.29,1185.3
Hiệu quả kết nối nội tỉnh,7,PHO,HUBPHO,2026-08-05,2026,8,5,50548.62,1671.0
Hiệu quả kết nối nội tỉnh,7,TNN,HUBBKN,2026-08-02,2026,8,2,929.91,8.0
Hiệu quả kết nối nội tỉnh,7,VLG,HUBTVH,2026-08-05,2026,8,5,27050.65,689.8
Hiệu quả xe nội miền chiều đi,15,DNI,HUBDNI,2026-08-05,2026,8,5,11655.41,17000.0
Hiệu quả xe nội miền chiều đi,15,DNI,HUBBPC,2026-08-03,2026,8,3,1831.6,4500.0
Hiệu quả xe nội miền chiều đi,15,CNKT5,TTKT5,2026-08-13,2026,8,13,852360.67,1245700.0
Hiệu quả xe nội miền chiều đi,15,CNKT3,TTKT3,2026-08-04,2026,8,4,400908.34,579100.0
Hiệu quả xe nội miền chiều đi,15,CNKT3,TTKT3,2026-08-10,2026,8,10,340291.46999999986,568600.0
Hiệu quả xe nội miền chiều đi,15,CNKT3,DCCNKT3,2026-08-15,2026,8,15,87419.06999999999,132300.0
Hiệu quả xe nội miền chiều đi,15,HCM,HUBBDG,2026-08-07,2026,8,7,24613.24,27550.0
Hiệu quả xe nội miền chiều đi,15,CNKT5,TTKT5,2026-08-17,2026,8,17,395948.62,804500.0
Hiệu quả xe nội miền chiều đi,15,CNKT2,TTKT2,2026-08-02,2026,8,2,69436.92,80800.0
Hiệu quả xe nội miền chiều đi,15,CNKT3,DCCNKT3,2026-08-17,2026,8,17,33949.66,61000.0
Hiệu quả xe nội miền chiều đi,15,QNI,HUBKTM,2026-08-07,2026,8,7,3369.89,3500.0
Hiệu quả xe nội miền chiều đi,15,HCM,HUBTAN,2026-08-15,2026,8,15,4483.18,6150.0
Hiệu quả xe nội miền chiều đi,15,KHA,HUBKHA,2026-08-11,2026,8,11,13067.84,14500.0
Hiệu quả xe nội miền chiều đi,15,KHA,HUBKHA,2026-08-15,2026,8,15,9641.39,14500.0
Hiệu quả xe nội miền chiều đi,15,KHA,HUBKHA,2026-08-04,2026,8,4,9700.65,14500.0
Hiệu quả xe nội miền chiều đi,15,TNH,HUBLAN,2026-08-12,2026,8,12,3828.09,5100.0
Hiệu quả xe nội miền chiều đi,15,LDG,HUBLDG01,2026-07-31,2026,7,31,1430.84,5000.0
Hiệu quả xe nội miền chiều đi,15,PHO,HUBVPC,2026-08-12,2026,8,12,21803.97,25700.0
Hiệu quả xe nội miền chiều đi,15,VLG,HUBBTE,2026-07-31,2026,7,31,12469.86,10500.0
Hiệu quả xe nội miền chiều đi,15,DNI,HUBBPC,2026-07-31,2026,7,31,1534.3,4500.0
Hiệu quả xe nội miền chiều đi,15,DNI,HUBDNI,2026-08-08,2026,8,8,11057.89,15000.0
Hiệu quả xe nội miền chiều đi,15,TNH,HUBLAN,2026-08-15,2026,8,15,2626.24,5100.0
Hiệu quả xe nội miền chiều đi,15,CNKT4,TTKT4,2026-08-07,2026,8,7,189521.11999999997,242000.0
Hiệu quả xe nội miền chiều đi,15,HCM,HUBBDG,2026-08-05,2026,8,5,24370.02,27550.0
Hiệu quả xe nội miền chiều đi,15,DNI,HUBDNI,2026-08-09,2026,8,9,4867.91,8000.0
Hiệu quả xe nội miền chiều đi,15,CNKT2,TTKT2,2026-08-17,2026,8,17,40312.65,65800.0
Hiệu quả xe nội miền chiều đi,15,CNKT2,TTKT2,2026-08-07,2026,8,7,77996.05,102800.0
Hiệu quả xe nội miền chiều đi,15,HCM,HUBTAN,2026-08-05,2026,8,5,3926.26,6150.0
Hiệu quả xe nội miền chiều đi,15,HCM,HUBVTU,2026-08-01,2026,8,1,2460.14,5000.0
Hiệu quả xe nội miền chiều đi,15,HCM,HUBVTU,2026-08-07,2026,8,7,2776.62,5000.0
Hiệu quả xe nội miền chiều đi,15,HPG,HUBHPG,2026-08-06,2026,8,6,1212.49,1900.0
Hiệu quả xe nội miền chiều đi,15,HYN,HUBHYN,2026-08-11,2026,8,11,6603.0,5100.0
Hiệu quả xe nội miền chiều đi,15,KHA,HUBKHA,2026-08-01,2026,8,1,9351.01,14500.0
Hiệu quả xe nội miền chiều đi,15,KHA,HUBKHA,2026-08-14,2026,8,14,11282.2,14500.0
Hiệu quả xe nội miền chiều đi,15,LDG,HUBLDG01,2026-08-11,2026,8,11,2998.06,5000.0
Hiệu quả xe nội miền chiều đi,15,DNI,HUBDNI,2026-08-10,2026,8,10,10654.720000000001,9000.0
Hiệu quả xe nội miền chiều đi,15,CNKT3,TTKT3,2026-08-01,2026,8,1,393720.20000000007,592600.0
Hiệu quả xe nội miền chiều đi,15,CNKT3,TTKT3,2026-07-31,2026,7,31,134826.34999999998,187400.0
Hiệu quả xe nội miền chiều đi,15,CNKT4,TTKT4,2026-08-09,2026,8,9,172917.12,218700.0
Hiệu quả xe nội miền chiều đi,15,CNKT2,TTKT2,2026-08-10,2026,8,10,81912.4,107900.0
Hiệu quả xe nội miền chiều đi,15,CNKT2,TTKT2,2026-08-05,2026,8,5,72432.15,102800.0
Hiệu quả xe nội miền chiều đi,15,CNKT2,TTKT2,2026-08-04,2026,8,4,62906.22,101200.0
Hiệu quả xe nội miền chiều đi,15,GLI,HUBBHD,2026-08-09,2026,8,9,1165.42,1900.0
Hiệu quả xe nội miền chiều đi,15,HPG,HUBHPG,2026-08-13,2026,8,13,1039.08,1900.0
Hiệu quả xe nội miền chiều đi,15,HYN,HUBHYN,2026-08-04,2026,8,4,8180.41,5100.0
Hiệu quả xe nội miền chiều đi,15,KHA,HUBKHA,2026-08-05,2026,8,5,12258.91,14500.0
Hiệu quả xe nội miền chiều đi,15,PHO,HUBVPC,2026-08-13,2026,8,13,17153.4,20600.0
Hiệu quả xe nội miền chiều đi,15,VLG,HUBBTE,2026-08-15,2026,8,15,13293.43,15000.0
Hiệu quả xe nội miền chiều đi,15,DNI,HUBBPC,2026-08-01,2026,8,1,1929.03,4500.0
Hiệu quả xe nội miền chiều đi,15,DNI,HUBBPC,2026-08-11,2026,8,11,2437.82,4500.0
Hiệu quả xe nội miền chiều đi,15,CNKT3,TTKT3,2026-08-14,2026,8,14,394979.05000000005,552300.0
Hiệu quả xe nội miền chiều đi,15,CNKT4,TTKT4,2026-08-04,2026,8,4,198885.98000000004,250000.0
Hiệu quả xe nội miền chiều đi,15,CNKT4,TTKT4,2026-08-03,2026,8,3,156644.99,228900.0
Hiệu quả xe nội miền chiều đi,15,TNH,HUBLAN,2026-08-13,2026,8,13,2111.38,5100.0
Hiệu quả xe nội miền chiều đi,15,CNKT2,TTKT2,2026-08-14,2026,8,14,68644.85,89400.0
Hiệu quả xe nội miền chiều đi,15,QNI,HUBKTM,2026-08-10,2026,8,10,3560.42,3500.0
Hiệu quả xe nội miền chiều đi,15,GLI,HUBBHD,2026-08-07,2026,8,7,1208.02,1900.0
Hiệu quả xe nội miền chiều đi,15,HCM,HUBVTU,2026-08-06,2026,8,6,2694.27,5000.0
Hiệu quả xe nội miền chiều đi,15,HYN,HUBHYN,2026-08-12,2026,8,12,6578.0,5100.0
Hiệu quả xe nội miền chiều đi,15,KHA,HUBKHA,2026-08-02,2026,8,2,7608.6900000000005,14500.0
Hiệu quả xe nội miền chiều đi,15,LDG,HUBLDG01,2026-08-14,2026,8,14,1706.65,5000.0
Hiệu quả xe nội miền chiều đi,15,CNKT5,TTKT5,2026-08-04,2026,8,4,793631.4200000002,1205900.0
Hiệu quả xe nội miền chiều đi,15,CNKT5,TTKT5,2026-08-09,2026,8,9,688006.8500000001,1036100.0
Hiệu quả xe nội miền chiều đi,15,CNKT3,DCCNKT3,2026-07-31,2026,7,31,45941.24,60400.0
Hiệu quả xe nội miền chiều đi,15,CNKT3,TTKT3,2026-08-07,2026,8,7,409434.43000000005,569100.0
Hiệu quả xe nội miền chiều đi,15,GLI,HUBBHD,2026-08-10,2026,8,10,1482.6,1900.0
Hiệu quả xe nội miền chiều đi,15,CNKT2,TTKT2,2026-08-11,2026,8,11,47449.729999999996,85900.0
Hiệu quả xe nội miền chiều đi,15,CNKT3,TTKT3,2026-08-17,2026,8,17,217290.24000000005,359700.0
Hiệu quả xe nội miền chiều đi,15,QNI,HUBKTM,2026-08-04,2026,8,4,3937.09,3500.0
Hiệu quả xe nội miền chiều đi,15,QNI,HUBKTM,2026-08-15,2026,8,15,3816.01,3500.0
Hiệu quả xe nội miền chiều đi,15,GLI,HUBBHD,2026-08-05,2026,8,5,1424.89,1900.0
Hiệu quả xe nội miền chiều đi,15,HCM,HUBVTU,2026-08-15,2026,8,15,2056.65,5000.0
Hiệu quả xe nội miền chiều đi,15,HCM,HUBTAN,2026-08-07,2026,8,7,6677.22,6150.0
Hiệu quả xe nội miền chiều đi,15,HCM,HUBVTU,2026-08-08,2026,8,8,2295.72,5000.0
Hiệu quả xe nội miền chiều đi,15,HYN,HUBHYN,2026-08-16,2026,8,16,6639.56,5100.0
Hiệu quả xe nội miền chiều đi,15,KHA,HUBKHA,2026-08-09,2026,8,9,10496.369999999999,14500.0
Hiệu quả xe nội miền chiều đi,15,TNH,HUBLAN,2026-08-02,2026,8,2,3899.97,5100.0
Hiệu quả xe nội miền chiều đi,15,TNH,HUBLAN,2026-08-01,2026,8,1,4204.19,5100.0
Hiệu quả xe nội miền chiều đi,15,PHO,HUBVPC,2026-08-11,2026,8,11,25769.2,30700.0
Hiệu quả xe nội miền chiều đi,15,VLG,HUBBTE,2026-08-10,2026,8,10,16901.0,15000.0
Hiệu quả xe nội miền chiều đi,15,VLG,HUBBTE,2026-08-09,2026,8,9,4748.62,4500.0
Hiệu quả xe nội miền chiều đi,15,DNI,HUBBPC,2026-08-10,2026,8,10,2749.77,4500.0
Hiệu quả xe nội miền chiều đi,15,DNI,HUBDNI,2026-08-12,2026,8,12,11314.65,12500.0
Hiệu quả xe nội miền chiều đi,15,CNKT3,DCCNKT3,2026-08-12,2026,8,12,86409.15999999999,121400.0
Hiệu quả xe nội miền chiều đi,15,GLI,HUBBHD,2026-07-31,2026,7,31,1009.25,1900.0
Hiệu quả xe nội miền chiều đi,15,TNH,HUBLAN,2026-08-07,2026,8,7,3037.02,5100.0
Hiệu quả xe nội miền chiều đi,15,GLI,HUBBHD,2026-08-15,2026,8,15,921.02,1900.0
Hiệu quả xe nội miền chiều đi,15,HCM,HUBVTU,2026-08-04,2026,8,4,2499.91,5000.0
Hiệu quả xe nội miền chiều đi,15,HCM,HUBVTU,2026-08-12,2026,8,12,2376.73,5000.0
Hiệu quả xe nội miền chiều đi,15,KHA,HUBKHA,2026-08-03,2026,8,3,10076.25,14500.0
Hiệu quả xe nội miền chiều đi,15,KHA,HUBKHA,2026-08-06,2026,8,6,9991.99,14500.0
Hiệu quả xe nội miền chiều đi,15,TNH,HUBLAN,2026-08-04,2026,8,4,895.29,5100.0
Hiệu quả xe nội miền chiều đi,15,LDG,HUBLDG01,2026-08-05,2026,8,5,2595.62,5000.0
Hiệu quả xe nội miền chiều đi,15,PHO,HUBVPC,2026-08-01,2026,8,1,17162.9,25800.0
Hiệu quả xe nội miền chiều đi,15,VLG,HUBBTE,2026-08-02,2026,8,2,6743.07,4500.0
Hiệu quả xe nội miền chiều đi,15,CNKT4,TTKT4,2026-08-15,2026,8,15,208877.77999999997,252900.0
Hiệu quả xe nội miền chiều đi,15,CNKT3,TTKT3,2026-08-06,2026,8,6,414405.62999999995,568300.0
Hiệu quả xe nội miền chiều đi,15,HCM,HUBBDG,2026-08-13,2026,8,13,24788.219999999998,27550.0
Hiệu quả xe nội miền chiều đi,15,CNKT2,TTKT2,2026-08-16,2026,8,16,58350.350000000006,74100.0
Hiệu quả xe nội miền chiều đi,15,CNKT3,DCCNKT3,2026-08-10,2026,8,10,71730.10999999999,122100.0
Hiệu quả xe nội miền chiều đi,15,CNKT3,DCCNKT3,2026-08-11,2026,8,11,85789.57,124300.0
Hiệu quả xe nội miền chiều đi,15,HCM,HUBBDG,2026-07-31,2026,7,31,16119.63,20500.0
Hiệu quả xe nội miền chiều đi,15,HCM,HUBTAN,2026-08-03,2026,8,3,7663.6900000000005,6150.0
Hiệu quả xe nội miền chiều đi,15,HCM,HUBVTU,2026-08-13,2026,8,13,3113.49,5000.0
Hiệu quả xe nội miền chiều đi,15,HCM,HUBTAN,2026-08-04,2026,8,4,5500.8099999999995,6150.0
Hiệu quả xe nội miền chiều đi,15,CNKT5,TTKT5,2026-08-08,2026,8,8,803328.6300000001,1162400.0
Hiệu quả xe nội miền chiều đi,15,TNH,HUBLAN,2026-08-08,2026,8,8,2638.02,5100.0
Hiệu quả xe nội miền chiều đi,15,CNKT3,DCCNKT3,2026-08-08,2026,8,8,85069.07,112800.0
Hiệu quả xe nội miền chiều đi,15,CNKT3,DCCNKT3,2026-08-05,2026,8,5,92341.55000000002,118500.0
Hiệu quả xe nội miền chiều đi,15,CNKT5,TTKT5,2026-08-07,2026,8,7,839412.5799999998,1218200.0
Hiệu quả xe nội miền chiều đi,15,HCM,HUBBDG,2026-08-08,2026,8,8,16881.809999999998,23050.0
Hiệu quả xe nội miền chiều đi,15,CNKT5,TTKT5,2026-08-11,2026,8,11,855386.54,1202300.0
Hiệu quả xe nội miền chiều đi,15,GLI,HUBBHD,2026-08-08,2026,8,8,2069.65,1900.0
Hiệu quả xe nội miền chiều đi,15,HCM,HUBTAN,2026-08-06,2026,8,6,4599.34,6150.0
Hiệu quả xe nội miền chiều đi,15,HCM,HUBTAN,2026-08-10,2026,8,10,4858.2699999999995,6150.0
Hiệu quả xe nội miền chiều đi,15,HYN,HUBHYN,2026-08-13,2026,8,13,6127.0,5100.0
Hiệu quả xe nội miền chiều đi,15,HYN,HUBHYN,2026-08-15,2026,8,15,7635.0,5100.0
Hiệu quả xe nội miền chiều đi,15,PHO,HUBVPC,2026-08-06,2026,8,6,20193.92,25700.0
Hiệu quả xe nội miền chiều đi,15,CNKT3,DCCNKT3,2026-08-02,2026,8,2,66132.72,109900.0
Hiệu quả xe nội miền chiều đi,15,CNKT4,TTKT4,2026-08-05,2026,8,5,170520.72,225100.0
Hiệu quả xe nội miền chiều đi,15,CNKT4,TTKT4,2026-08-13,2026,8,13,208058.73000000004,250000.0
Hiệu quả xe nội miền chiều đi,15,CNKT5,TTKT5,2026-08-12,2026,8,12,825987.4099999999,1210600.0
Hiệu quả xe nội miền chiều đi,15,QNI,HUBKTM,2026-07-31,2026,7,31,3532.44,3500.0
Hiệu quả xe nội miền chiều đi,15,CNKT3,DCCNKT3,2026-08-16,2026,8,16,70311.61,108300.0
Hiệu quả xe nội miền chiều đi,15,QNI,HUBKTM,2026-08-11,2026,8,11,3845.03,3500.0
Hiệu quả xe nội miền chiều đi,15,HCM,HUBTAN,2026-08-11,2026,8,11,4370.71,6150.0
Hiệu quả xe nội miền chiều đi,15,HPG,HUBHPG,2026-08-05,2026,8,5,1387.17,1900.0
Hiệu quả xe nội miền chiều đi,15,HYN,HUBHYN,2026-08-01,2026,8,1,5472.0,5100.0
Hiệu quả xe nội miền chiều đi,15,HYN,HUBHYN,2026-08-05,2026,8,5,5003.0,5100.0
Hiệu quả xe nội miền chiều đi,15,KHA,HUBKHA,2026-08-16,2026,8,16,7805.340000000001,14500.0
Hiệu quả xe nội miền chiều đi,15,LDG,HUBLDG01,2026-08-02,2026,8,2,851.75,5000.0
Hiệu quả xe nội miền chiều đi,15,DNI,HUBBPC,2026-08-14,2026,8,14,2158.98,4500.0
Hiệu quả xe nội miền chiều đi,15,CNKT3,DCCNKT3,2026-08-03,2026,8,3,73708.28,118500.0
Hiệu quả xe nội miền chiều đi,15,CNKT3,DCCNKT3,2026-08-14,2026,8,14,98121.5,129400.0
Hiệu quả xe nội miền chiều đi,15,CNKT4,TTKT4,2026-08-17,2026,8,17,89305.14000000001,153800.0
Hiệu quả xe nội miền chiều đi,15,CNKT5,TTKT5,2026-08-06,2026,8,6,878097.8299999997,1235900.0
Hiệu quả xe nội miền chiều đi,15,CNKT3,DCCNKT3,2026-08-09,2026,8,9,71888.48000000001,105400.0
Hiệu quả xe nội miền chiều đi,15,QNI,HUBKTM,2026-08-02,2026,8,2,2718.48,3500.0
Hiệu quả xe nội miền chiều đi,15,CNKT2,TTKT2,2026-08-06,2026,8,6,75969.16,99300.0
Hiệu quả xe nội miền chiều đi,15,TNH,HUBLAN,2026-08-11,2026,8,11,3378.0,5100.0
Hiệu quả xe nội miền chiều đi,15,QNI,HUBKTM,2026-08-08,2026,8,8,3349.36,3500.0
Hiệu quả xe nội miền chiều đi,15,VLG,HUBBTE,2026-08-16,2026,8,16,4193.03,4500.0
Hiệu quả xe nội miền chiều đi,15,DNI,HUBBPC,2026-08-05,2026,8,5,1915.66,4500.0
Hiệu quả xe nội miền chiều đi,15,DNI,HUBBPC,2026-08-08,2026,8,8,1459.89,4500.0
Hiệu quả xe nội miền chiều đi,15,CNKT3,DCCNKT3,2026-08-06,2026,8,6,87278.90000000001,118500.0
Hiệu quả xe nội miền chiều đi,15,QNI,HUBKTM,2026-08-09,2026,8,9,3469.91,3500.0
Hiệu quả xe nội miền chiều đi,15,QNI,HUBKTM,2026-08-16,2026,8,16,3375.42,3500.0
Hiệu quả xe nội miền chiều đi,15,QNI,HUBKTM,2026-08-14,2026,8,14,3763.86,3500.0
Hiệu quả xe nội miền chiều đi,15,GLI,HUBBHD,2026-08-12,2026,8,12,1690.19,1900.0
Hiệu quả xe nội miền chiều đi,15,HCM,HUBBDG,2026-08-17,2026,8,17,6498.32,900.0
Hiệu quả xe nội miền chiều đi,15,HCM,HUBTAN,2026-08-14,2026,8,14,4455.21,6150.0
Hiệu quả xe nội miền chiều đi,15,HPG,HUBHPG,2026-08-07,2026,8,7,1716.26,1900.0
Hiệu quả xe nội miền chiều đi,15,HYN,HUBHYN,2026-08-08,2026,8,8,5642.0,5100.0
Hiệu quả xe nội miền chiều đi,15,TNH,HUBLAN,2026-08-05,2026,8,5,4996.95,5100.0
Hiệu quả xe nội miền chiều đi,15,LDG,HUBLDG01,2026-08-01,2026,8,1,2365.2,5000.0
Hiệu quả xe nội miền chiều đi,15,PHO,HUBVPC,2026-08-07,2026,8,7,19415.600000000002,25700.0
Hiệu quả xe nội miền chiều đi,15,DNI,HUBDNI,2026-08-03,2026,8,3,2578.6,4500.0
Hiệu quả xe nội miền chiều đi,15,CNKT5,TTKT5,2026-08-05,2026,8,5,710997.37,1190500.0
Hiệu quả xe nội miền chiều đi,15,CNKT4,TTKT4,2026-08-10,2026,8,10,179549.21,247800.0
Hiệu quả xe nội miền chiều đi,15,CNKT4,TTKT4,2026-08-14,2026,8,14,190284.72999999998,234700.0
Hiệu quả xe nội miền chiều đi,15,CNKT2,TTKT2,2026-07-31,2026,7,31,29214.59,40500.0
Hiệu quả xe nội miền chiều đi,15,CNKT2,TTKT2,2026-08-01,2026,8,1,73641.52000000002,101200.0
Hiệu quả xe nội miền chiều đi,15,HCM,HUBBDG,2026-08-06,2026,8,6,33348.549999999996,27800.0
Hiệu quả xe nội miền chiều đi,15,GLI,HUBBHD,2026-08-16,2026,8,16,1212.78,1900.0
Hiệu quả xe nội miền chiều đi,15,QNI,HUBKTM,2026-08-13,2026,8,13,3892.2,3500.0
Hiệu quả xe nội miền chiều đi,15,HCM,HUBBDG,2026-08-01,2026,8,1,19951.050000000003,23050.0
Hiệu quả xe nội miền chiều đi,15,HCM,HUBBDG,2026-08-03,2026,8,3,24108.519999999997,27550.0
Hiệu quả xe nội miền chiều đi,15,HCM,HUBBDG,2026-08-15,2026,8,15,23053.230000000003,23050.0
Hiệu quả xe nội miền chiều đi,15,HCM,HUBTAN,2026-08-12,2026,8,12,4522.44,6150.0
Hiệu quả xe nội miền chiều đi,15,HPG,HUBHPG,2026-08-10,2026,8,10,1700.82,1900.0
Hiệu quả xe nội miền chiều đi,15,KHA,HUBKHA,2026-08-17,2026,8,17,3700.9700000000003,6150.0
Hiệu quả xe nội miền chiều đi,15,TNH,HUBLAN,2026-08-16,2026,8,16,977.9,5100.0
Hiệu quả xe nội miền chiều đi,15,LDG,HUBLDG01,2026-08-07,2026,8,7,2391.27,5000.0
Hiệu quả xe nội miền chiều đi,15,LDG,HUBLDG01,2026-08-15,2026,8,15,2506.3,5000.0
Hiệu quả xe nội miền chiều đi,15,CNKT3,TTKT3,2026-08-08,2026,8,8,422094.27,579100.0
Hiệu quả xe nội miền chiều đi,15,TNH,HUBLAN,2026-08-06,2026,8,6,3925.79,5100.0
Hiệu quả xe nội miền chiều đi,15,TNH,HUBLAN,2026-08-14,2026,8,14,2283.74,5100.0
Hiệu quả xe nội miền chiều đi,15,CNKT2,TTKT2,2026-08-09,2026,8,9,43325.380000000005,67400.0
Hiệu quả xe nội miền chiều đi,15,CNKT4,TTKT4,2026-07-31,2026,7,31,76738.61000000002,83100.0
Hiệu quả xe nội miền chiều đi,15,HCM,HUBVTU,2026-08-11,2026,8,11,2524.13,5000.0
Hiệu quả xe nội miền chiều đi,15,HPG,HUBHPG,2026-08-01,2026,8,1,4179.95,1900.0
Hiệu quả xe nội miền chiều đi,15,HYN,HUBHYN,2026-08-09,2026,8,9,5530.0,5100.0
Hiệu quả xe nội miền chiều đi,15,KHA,HUBKHA,2026-08-12,2026,8,12,12060.02,14500.0
Hiệu quả xe nội miền chiều đi,15,DNI,HUBDNI,2026-08-14,2026,8,14,4850.65,8000.0
Hiệu quả xe nội miền chiều đi,15,PHO,HUBVPC,2026-08-02,2026,8,2,10918.810000000001,15400.0
Hiệu quả xe nội miền chiều đi,15,PHO,HUBVPC,2026-08-03,2026,8,3,14560.980000000001,20600.0
Hiệu quả xe nội miền chiều đi,15,PHO,HUBVPC,2026-08-15,2026,8,15,16796.71,20500.0
Hiệu quả xe nội miền chiều đi,15,PHO,HUBVPC,2026-08-10,2026,8,10,20872.190000000002,25700.0
Hiệu quả xe nội miền chiều đi,15,VLG,HUBBTE,2026-08-07,2026,8,7,9887.77,7000.0
Hiệu quả xe nội miền chiều đi,15,CNKT5,TTKT5,2026-08-01,2026,8,1,786186.65,1197000.0
Hiệu quả xe nội miền chiều đi,15,DNI,HUBDNI,2026-08-01,2026,8,1,9692.76,16000.0
Hiệu quả xe nội miền chiều đi,15,CNKT5,TTKT5,2026-08-15,2026,8,15,805681.4099999999,1192800.0
Hiệu quả xe nội miền chiều đi,15,CNKT4,TTKT4,2026-08-11,2026,8,11,195656.90999999995,238200.0
Hiệu quả xe nội miền chiều đi,15,CNKT3,TTKT3,2026-08-13,2026,8,13,438112.2,589900.0
Hiệu quả xe nội miền chiều đi,15,CNKT5,TTKT5,2026-08-10,2026,8,10,679020.31,1138400.0
Hiệu quả xe nội miền chiều đi,15,GLI,HUBBHD,2026-08-14,2026,8,14,1817.1,1900.0
Hiệu quả xe nội miền chiều đi,15,GLI,HUBBHD,2026-08-06,2026,8,6,2657.14,1900.0
Hiệu quả xe nội miền chiều đi,15,GLI,HUBBHD,2026-08-04,2026,8,4,2531.67,1900.0
Hiệu quả xe nội miền chiều đi,15,CNKT3,TTKT3,2026-08-11,2026,8,11,420806.44999999995,555700.0
Hiệu quả xe nội miền chiều đi,15,HCM,HUBVTU,2026-08-03,2026,8,3,2871.49,5000.0
Hiệu quả xe nội miền chiều đi,15,KHA,HUBKHA,2026-07-31,2026,7,31,3801.92,8350.0
Hiệu quả xe nội miền chiều đi,15,DNI,HUBDNI,2026-08-16,2026,8,16,4851.19,8000.0
Hiệu quả xe nội miền chiều đi,15,VLG,HUBBTE,2026-08-01,2026,8,1,15742.460000000001,12150.0
Hiệu quả xe nội miền chiều đi,15,VLG,HUBBTE,2026-08-05,2026,8,5,24426.43,23000.0
Hiệu quả xe nội miền chiều đi,15,CNKT5,TTKT5,2026-08-02,2026,8,2,666070.93,1074700.0
Hiệu quả xe nội miền chiều đi,15,CNKT5,TTKT5,2026-07-31,2026,7,31,303382.08,359400.0
Hiệu quả xe nội miền chiều đi,15,DNI,HUBDNI,2026-08-06,2026,8,6,18162.64,17000.0
Hiệu quả xe nội miền chiều đi,15,CNKT3,TTKT3,2026-08-02,2026,8,2,275012.49000000005,427000.0
Hiệu quả xe nội miền chiều đi,15,CNKT3,DCCNKT3,2026-08-04,2026,8,4,87834.34000000001,117900.0
Hiệu quả xe nội miền chiều đi,15,CNKT3,DCCNKT3,2026-08-07,2026,8,7,96339.57,128100.0
Hiệu quả xe nội miền chiều đi,15,HCM,HUBBDG,2026-08-14,2026,8,14,37819.83,40800.0
Hiệu quả xe nội miền chiều đi,15,CNKT5,TTKT5,2026-08-16,2026,8,16,697930.8799999999,1065700.0
Hiệu quả xe nội miền chiều đi,15,QNI,HUBKTM,2026-08-06,2026,8,6,3618.07,3500.0
Hiệu quả xe nội miền chiều đi,15,QNI,HUBKTM,2026-08-12,2026,8,12,3087.72,3500.0
Hiệu quả xe nội miền chiều đi,15,HCM,HUBVTU,2026-08-05,2026,8,5,2445.51,5000.0
Hiệu quả xe nội miền chiều đi,15,HPG,HUBHPG,2026-08-03,2026,8,3,1552.19,1900.0
Hiệu quả xe nội miền chiều đi,15,HPG,HUBHPG,2026-08-08,2026,8,8,1078.48,1900.0
Hiệu quả xe nội miền chiều đi,15,HYN,HUBHYN,2026-08-06,2026,8,6,5447.1,5100.0
Hiệu quả xe nội miền chiều đi,15,HYN,HUBHYN,2026-08-17,2026,8,17,5788.02,5100.0
Hiệu quả xe nội miền chiều đi,15,KHA,HUBKHA,2026-08-07,2026,8,7,11615.73,14500.0
Hiệu quả xe nội miền chiều đi,15,LDG,HUBLDG01,2026-08-12,2026,8,12,1761.68,5000.0
Hiệu quả xe nội miền chiều đi,15,LDG,HUBLDG01,2026-08-09,2026,8,9,1853.81,5000.0
Hiệu quả xe nội miền chiều đi,15,PHO,HUBVPC,2026-08-04,2026,8,4,19710.0,25600.0
Hiệu quả xe nội miền chiều đi,15,PHO,HUBVPC,2026-08-08,2026,8,8,21832.02,25700.0
Hiệu quả xe nội miền chiều đi,15,VLG,HUBBTE,2026-08-12,2026,8,12,17499.67,18500.0
Hiệu quả xe nội miền chiều đi,15,VLG,HUBBTE,2026-08-08,2026,8,8,20682.65,23000.0
Hiệu quả xe nội miền chiều đi,15,VLG,HUBBTE,2026-08-06,2026,8,6,16582.99,18500.0
Hiệu quả xe nội miền chiều đi,15,CNKT5,TTKT5,2026-08-03,2026,8,3,661790.3500000001,1165900.0
Hiệu quả xe nội miền chiều đi,15,DNI,HUBDNI,2026-08-07,2026,8,7,13269.06,17000.0
Hiệu quả xe nội miền chiều đi,15,CNKT4,TTKT4,2026-08-12,2026,8,12,147273.19999999995,217100.0
Hiệu quả xe nội miền chiều đi,15,CNKT4,TTKT4,2026-08-08,2026,8,8,206962.40000000002,252000.0
Hiệu quả xe nội miền chiều đi,15,CNKT3,TTKT3,2026-08-12,2026,8,12,407163.62,569900.0
Hiệu quả xe nội miền chiều đi,15,QNI,HUBKTM,2026-08-01,2026,8,1,2852.17,3500.0
Hiệu quả xe nội miền chiều đi,15,CNKT2,TTKT2,2026-08-12,2026,8,12,64726.75,91000.0
Hiệu quả xe nội miền chiều đi,15,GLI,HUBBHD,2026-08-13,2026,8,13,1638.15,1900.0
Hiệu quả xe nội miền chiều đi,15,HCM,HUBVTU,2026-08-14,2026,8,14,2185.7,5000.0
Hiệu quả xe nội miền chiều đi,15,HPG,HUBHPG,2026-08-11,2026,8,11,1180.03,1900.0
Hiệu quả xe nội miền chiều đi,15,HYN,HUBHYN,2026-08-14,2026,8,14,5107.0,5100.0
Hiệu quả xe nội miền chiều đi,15,LDG,HUBLDG01,2026-08-08,2026,8,8,1306.89,5000.0
Hiệu quả xe nội miền chiều đi,15,LDG,HUBLDG01,2026-08-06,2026,8,6,1852.75,5000.0
Hiệu quả xe nội miền chiều đi,15,PHO,HUBVPC,2026-08-09,2026,8,9,29701.489999999998,25700.0
Hiệu quả xe nội miền chiều đi,15,PHO,HUBVPC,2026-08-14,2026,8,14,15650.22,20500.0
Hiệu quả xe nội miền chiều đi,15,DNI,HUBBPC,2026-08-04,2026,8,4,2567.8,4500.0
Hiệu quả xe nội miền chiều đi,15,DNI,HUBBPC,2026-08-15,2026,8,15,1739.96,3500.0
Hiệu quả xe nội miền chiều đi,15,CNKT2,TTKT2,2026-08-15,2026,8,15,70913.34999999999,96100.0
Hiệu quả xe nội miền chiều đi,15,GLI,HUBBHD,2026-08-02,2026,8,2,980.68,1900.0
Hiệu quả xe nội miền chiều đi,15,GLI,HUBBHD,2026-08-01,2026,8,1,1748.96,1900.0
Hiệu quả xe nội miền chiều đi,15,HCM,HUBBDG,2026-08-10,2026,8,10,33414.77,27550.0
Hiệu quả xe nội miền chiều đi,15,HCM,HUBBDG,2026-08-04,2026,8,4,22255.97,27550.0
Hiệu quả xe nội miền chiều đi,15,HCM,HUBBDG,2026-08-11,2026,8,11,24958.85,27550.0
Hiệu quả xe nội miền chiều đi,15,HPG,HUBHPG,2026-08-12,2026,8,12,1379.66,1900.0
Hiệu quả xe nội miền chiều đi,15,HPG,HUBHPG,2026-08-15,2026,8,15,1207.99,1900.0
Hiệu quả xe nội miền chiều đi,15,HPG,HUBHPG,2026-08-04,2026,8,4,2225.52,1900.0
Hiệu quả xe nội miền chiều đi,15,HYN,HUBHYN,2026-08-07,2026,8,7,4682.0,5100.0
Hiệu quả xe nội miền chiều đi,15,KHA,HUBKHA,2026-08-08,2026,8,8,9559.95,14500.0
Hiệu quả xe nội miền chiều đi,15,KHA,HUBKHA,2026-08-10,2026,8,10,10878.74,14500.0
Hiệu quả xe nội miền chiều đi,15,LDG,HUBLDG01,2026-08-16,2026,8,16,1623.2,5000.0
Hiệu quả xe nội miền chiều đi,15,PHO,HUBVPC,2026-07-31,2026,7,31,7920.4400000000005,10200.0
Hiệu quả xe nội miền chiều đi,15,PHO,HUBVPC,2026-08-17,2026,8,17,13914.89,20500.0
Hiệu quả xe nội miền chiều đi,15,VLG,HUBBTE,2026-08-14,2026,8,14,17130.32,18500.0
Hiệu quả xe nội miền chiều đi,15,VLG,HUBBTE,2026-08-11,2026,8,11,17158.09,18500.0
Hiệu quả xe nội miền chiều đi,15,DNI,HUBDNI,2026-08-15,2026,8,15,12555.310000000001,12500.0
Hiệu quả xe nội miền chiều đi,15,CNKT3,TTKT3,2026-08-03,2026,8,3,313812.79,562100.0
Hiệu quả xe nội miền chiều đi,15,CNKT3,DCCNKT3,2026-08-01,2026,8,1,86196.20000000001,125200.0
Hiệu quả xe nội miền chiều đi,15,CNKT3,DCCNKT3,2026-08-13,2026,8,13,90580.4,121400.0
Hiệu quả xe nội miền chiều đi,15,GLI,HUBBHD,2026-08-11,2026,8,11,1790.32,1900.0
Hiệu quả xe nội miền chiều đi,15,HCM,HUBVTU,2026-08-10,2026,8,10,3459.0,5000.0
Hiệu quả xe nội miền chiều đi,15,HCM,HUBTAN,2026-08-17,2026,8,17,1740.91,1650.0
Hiệu quả xe nội miền chiều đi,15,HYN,HUBHYN,2026-08-02,2026,8,2,5307.0,5100.0
Hiệu quả xe nội miền chiều đi,15,HYN,HUBHYN,2026-08-03,2026,8,3,7847.15,5100.0
Hiệu quả xe nội miền chiều đi,15,KHA,HUBKHA,2026-08-13,2026,8,13,10032.740000000002,14500.0
Hiệu quả xe nội miền chiều đi,15,DNI,HUBDNI,2026-08-02,2026,8,2,4212.79,8000.0
Hiệu quả xe nội miền chiều đi,15,LDG,HUBLDG01,2026-08-04,2026,8,4,1977.5,5000.0
Hiệu quả xe nội miền chiều đi,15,VLG,HUBBTE,2026-08-13,2026,8,13,13328.24,15000.0
Hiệu quả xe nội miền chiều đi,15,DNI,HUBBPC,2026-08-06,2026,8,6,2024.64,4500.0
Hiệu quả xe nội miền chiều đi,15,DNI,HUBDNI,2026-08-11,2026,8,11,8545.46,12500.0
Hiệu quả xe nội miền chiều đi,15,CNKT5,TTKT5,2026-08-14,2026,8,14,827321.03,1204400.0
Hiệu quả xe nội miền chiều đi,15,CNKT4,TTKT4,2026-08-16,2026,8,16,184530.34000000003,241300.0
Hiệu quả xe nội miền chiều đi,15,CNKT3,TTKT3,2026-08-05,2026,8,5,417422.57000000007,571800.0
Hiệu quả xe nội miền chiều đi,15,CNKT2,TTKT2,2026-08-03,2026,8,3,64719.73999999999,107900.0
Hiệu quả xe nội miền chiều đi,15,CNKT2,TTKT2,2026-08-08,2026,8,8,72236.79999999999,96100.0
Hiệu quả xe nội miền chiều đi,15,GLI,HUBBHD,2026-08-03,2026,8,3,1533.84,1900.0
Hiệu quả xe nội miền chiều đi,15,CNKT4,TTKT4,2026-08-01,2026,8,1,178992.02999999997,222200.0
Hiệu quả xe nội miền chiều đi,15,HPG,HUBHPG,2026-08-17,2026,8,17,1558.3,1900.0
Hiệu quả xe nội miền chiều đi,15,TNH,HUBLAN,2026-08-09,2026,8,9,2923.48,5100.0
Hiệu quả xe nội miền chiều đi,15,LDG,HUBLDG01,2026-08-10,2026,8,10,1605.53,5000.0
Hiệu quả xe nội miền chiều đi,15,LDG,HUBLDG01,2026-08-13,2026,8,13,3402.61,5000.0
Hiệu quả xe nội miền chiều đi,15,PHO,HUBVPC,2026-08-16,2026,8,16,10970.53,10300.0
Hiệu quả xe nội miền chiều đi,15,VLG,HUBBTE,2026-08-03,2026,8,3,18821.66,15650.0
Hiệu quả xe nội miền chiều đi,15,DNI,HUBDNI,2026-08-04,2026,8,4,16036.4,19500.0
Hiệu quả xe nội miền chiều đi,15,DNI,HUBBPC,2026-08-07,2026,8,7,2297.43,4500.0
Hiệu quả xe nội miền chiều đi,15,DNI,HUBBPC,2026-08-12,2026,8,12,1221.14,4500.0
Hiệu quả xe nội miền chiều đi,15,DNI,HUBBPC,2026-08-13,2026,8,13,1929.25,4500.0
Hiệu quả xe nội miền chiều đi,15,DNI,HUBDNI,2026-08-13,2026,8,13,9060.84,12500.0
Hiệu quả xe nội miền chiều đi,15,CNKT3,TTKT3,2026-08-09,2026,8,9,308768.23000000004,455700.0
Hiệu quả xe nội miền chiều đi,15,CNKT3,TTKT3,2026-08-15,2026,8,15,458448.9799999999,572700.0
Hiệu quả xe nội miền chiều đi,15,CNKT4,TTKT4,2026-08-06,2026,8,6,194201.56,243600.0
Hiệu quả xe nội miền chiều đi,15,HCM,HUBBDG,2026-08-12,2026,8,12,27387.68,27850.0
Hiệu quả xe nội miền chiều đi,15,CNKT3,TTKT3,2026-08-16,2026,8,16,277826.42,396600.0
Hiệu quả xe nội miền chiều đi,15,CNKT2,TTKT2,2026-08-13,2026,8,13,72511.67,96100.0
Hiệu quả xe nội miền chiều đi,15,QNI,HUBKTM,2026-08-03,2026,8,3,2968.28,3500.0
Hiệu quả xe nội miền chiều đi,15,QNI,HUBKTM,2026-08-05,2026,8,5,3837.66,3500.0
Hiệu quả xe nội miền chiều đi,15,CNKT4,TTKT4,2026-08-02,2026,8,2,196974.84,243300.0
Hiệu quả xe nội miền chiều đi,15,HCM,HUBTAN,2026-08-01,2026,8,1,5330.96,6150.0
Hiệu quả xe nội miền chiều đi,15,HCM,HUBTAN,2026-08-13,2026,8,13,7292.11,6150.0
Hiệu quả xe nội miền chiều đi,15,HCM,HUBTAN,2026-08-08,2026,8,8,7530.110000000001,6150.0
Hiệu quả xe nội miền chiều đi,15,HPG,HUBHPG,2026-08-14,2026,8,14,834.83,1900.0
Hiệu quả xe nội miền chiều đi,15,LDG,HUBLDG01,2026-08-03,2026,8,3,924.74,5000.0
Hiệu quả xe nội miền chiều đi,15,PHO,HUBVPC,2026-08-05,2026,8,5,17673.83,20600.0
Hiệu quả xe nội miền chiều đi,15,VLG,HUBBTE,2026-08-04,2026,8,4,9297.779999999999,7000.0
Hiệu quả xe nội miền chiều về,16,DNI,HUBDNI,2026-08-02,2026,8,2,780.0,4500.0
Hiệu quả xe nội miền chiều về,16,DNI,HUBDNI,2026-08-05,2026,8,5,9547.46,17000.0
Hiệu quả xe nội miền chiều về,16,DNI,HUBDNI,2026-08-03,2026,8,3,8506.300000000001,12500.0
Hiệu quả xe nội miền chiều về,16,CNKT3,TTKT3,2026-08-05,2026,8,5,367452.45,567700.0
Hiệu quả xe nội miền chiều về,16,HCM,HUBTAN,2026-08-09,2026,8,9,1121.59,1650.0
Hiệu quả xe nội miền chiều về,16,HCM,HUBBDG,2026-08-04,2026,8,4,7585.24,11550.0
Hiệu quả xe nội miền chiều về,16,HCM,HUBTAN,2026-08-12,2026,8,12,1040.73,1650.0
Hiệu quả xe nội miền chiều về,16,HYN,HUBHYN,2026-08-15,2026,8,15,5860.5,5100.0
Hiệu quả xe nội miền chiều về,16,KHA,HUBKHA,2026-08-13,2026,8,13,9896.869999999999,14500.0
Hiệu quả xe nội miền chiều về,16,CNKT2,TTKT2,2026-08-14,2026,8,14,58532.55,101200.0
Hiệu quả xe nội miền chiều về,16,CNKT2,TTKT2,2026-08-13,2026,8,13,64015.9,96100.0
Hiệu quả xe nội miền chiều về,16,CNKT4,TTKT4,2026-08-11,2026,8,11,117745.66000000002,214200.0
Hiệu quả xe nội miền chiều về,16,CNKT3,TTKT3,2026-08-10,2026,8,10,328979.23000000004,493400.0
Hiệu quả xe nội miền chiều về,16,CNKT3,TTKT3,2026-08-01,2026,8,1,345824.8399999999,573700.0
Hiệu quả xe nội miền chiều về,16,HCM,HUBBDG,2026-07-31,2026,7,31,2888.99,4500.0
Hiệu quả xe nội miền chiều về,16,HCM,HUBTAN,2026-08-05,2026,8,5,4309.26,6150.0
Hiệu quả xe nội miền chiều về,16,HYN,HUBHYN,2026-08-16,2026,8,16,23618.61,5100.0
Hiệu quả xe nội miền chiều về,16,KHA,HUBKHA,2026-08-08,2026,8,8,9985.89,14500.0
Hiệu quả xe nội miền chiều về,16,LDG,HUBLDG01,2026-08-05,2026,8,5,3068.8,5000.0
Hiệu quả xe nội miền chiều về,16,CNKT2,TTKT2,2026-08-11,2026,8,11,69317.23999999999,97700.0
Hiệu quả xe nội miền chiều về,16,GLI,HUBBHD,2026-08-11,2026,8,11,1894.66,1900.0
Hiệu quả xe nội miền chiều về,16,GLI,HUBBHD,2026-08-09,2026,8,9,1804.34,1900.0
Hiệu quả xe nội miền chiều về,16,CNKT4,TTKT4,2026-08-17,2026,8,17,56919.74,148600.0
Hiệu quả xe nội miền chiều về,16,CNKT4,TTKT4,2026-08-03,2026,8,3,112004.62999999999,228900.0
Hiệu quả xe nội miền chiều về,16,DNI,HUBDNI,2026-08-08,2026,8,8,9527.27,12500.0
Hiệu quả xe nội miền chiều về,16,CNKT5,TTKT5,2026-08-08,2026,8,8,836362.9200000002,1182200.0
Hiệu quả xe nội miền chiều về,16,TNH,HUBLAN,2026-08-08,2026,8,8,541.37,5100.0
Hiệu quả xe nội miền chiều về,16,CNKT3,DCCNKT3,2026-08-06,2026,8,6,57574.12,108300.0
Hiệu quả xe nội miền chiều về,16,CNKT5,TTKT5,2026-08-10,2026,8,10,791013.0800000003,1138700.0
Hiệu quả xe nội miền chiều về,16,TNH,HUBLAN,2026-08-02,2026,8,2,506.7,5100.0
Hiệu quả xe nội miền chiều về,16,HCM,HUBTAN,2026-08-08,2026,8,8,5497.26,6150.0
Hiệu quả xe nội miền chiều về,16,HCM,HUBVTU,2026-08-11,2026,8,11,2448.2,5000.0
Hiệu quả xe nội miền chiều về,16,HYN,HUBHYN,2026-08-17,2026,8,17,8412.5,5100.0
Hiệu quả xe nội miền chiều về,16,HYN,HUBHYN,2026-08-11,2026,8,11,5073.2,5100.0
Hiệu quả xe nội miền chiều về,16,HYN,HUBHYN,2026-08-08,2026,8,8,11221.15,5100.0
Hiệu quả xe nội miền chiều về,16,KHA,HUBKHA,2026-08-16,2026,8,16,6564.879999999999,14500.0
Hiệu quả xe nội miền chiều về,16,VLG,HUBBTE,2026-08-07,2026,8,7,7185.58,15000.0
Hiệu quả xe nội miền chiều về,16,TNH,HUBLAN,2026-08-16,2026,8,16,485.12,5100.0
Hiệu quả xe nội miền chiều về,16,GLI,HUBBHD,2026-08-02,2026,8,2,2578.04,1900.0
Hiệu quả xe nội miền chiều về,16,CNKT2,TTKT2,2026-08-09,2026,8,9,42879.74,74100.0
Hiệu quả xe nội miền chiều về,16,QNI,HUBKTM,2026-08-03,2026,8,3,2004.0,3500.0
Hiệu quả xe nội miền chiều về,16,QNI,HUBKTM,2026-08-05,2026,8,5,3056.86,3500.0
Hiệu quả xe nội miền chiều về,16,CNKT4,TTKT4,2026-08-09,2026,8,9,87487.66,214900.0
Hiệu quả xe nội miền chiều về,16,DNI,HUBBPC,2026-08-01,2026,8,1,3889.7,4500.0
Hiệu quả xe nội miền chiều về,16,DNI,HUBDNI,2026-08-09,2026,8,9,2098.98,4500.0
Hiệu quả xe nội miền chiều về,16,DNI,HUBBPC,2026-08-12,2026,8,12,3205.43,4500.0
Hiệu quả xe nội miền chiều về,16,CNKT3,TTKT3,2026-08-15,2026,8,15,349995.66000000003,546200.0
Hiệu quả xe nội miền chiều về,16,CNKT3,TTKT3,2026-08-11,2026,8,11,382835.9000000001,547200.0
Hiệu quả xe nội miền chiều về,16,CNKT3,TTKT3,2026-08-13,2026,8,13,352850.92999999993,562500.0
Hiệu quả xe nội miền chiều về,16,HCM,HUBTAN,2026-08-01,2026,8,1,2555.54,4500.0
Hiệu quả xe nội miền chiều về,16,HCM,HUBVTU,2026-08-15,2026,8,15,2636.98,5000.0
Hiệu quả xe nội miền chiều về,16,GLI,HUBBHD,2026-08-05,2026,8,5,1873.44,1900.0
Hiệu quả xe nội miền chiều về,16,DNI,HUBBPC,2026-08-09,2026,8,9,3780.61,4500.0
Hiệu quả xe nội miền chiều về,16,DNI,HUBDNI,2026-08-04,2026,8,4,8701.05,15000.0
Hiệu quả xe nội miền chiều về,16,DNI,HUBBPC,2026-08-04,2026,8,4,4792.79,4500.0
Hiệu quả xe nội miền chiều về,16,CNKT3,DCCNKT3,2026-08-14,2026,8,14,62209.57000000001,103200.0
Hiệu quả xe nội miền chiều về,16,HCM,HUBTAN,2026-07-31,2026,7,31,3643.05,6150.0
Hiệu quả xe nội miền chiều về,16,HYN,HUBHYN,2026-08-03,2026,8,3,9701.38,5100.0
Hiệu quả xe nội miền chiều về,16,HYN,HUBHYN,2026-08-09,2026,8,9,5776.82,5100.0
Hiệu quả xe nội miền chiều về,16,VLG,HUBBTE,2026-08-06,2026,8,6,6650.879999999999,15000.0
Hiệu quả xe nội miền chiều về,16,CNKT2,TTKT2,2026-08-10,2026,8,10,60978.7,91000.0
Hiệu quả xe nội miền chiều về,16,QNI,HUBKTM,2026-08-11,2026,8,11,3887.48,3500.0
Hiệu quả xe nội miền chiều về,16,GLI,HUBBHD,2026-08-15,2026,8,15,1976.49,1900.0
Hiệu quả xe nội miền chiều về,16,DNI,HUBBPC,2026-08-06,2026,8,6,3801.31,4500.0
Hiệu quả xe nội miền chiều về,16,DNI,HUBDNI,2026-08-11,2026,8,11,7907.46,12500.0
Hiệu quả xe nội miền chiều về,16,DNI,HUBBPC,2026-08-13,2026,8,13,4396.43,4500.0
Hiệu quả xe nội miền chiều về,16,DNI,HUBBPC,2026-08-14,2026,8,14,4982.57,4500.0
Hiệu quả xe nội miền chiều về,16,CNKT5,TTKT5,2026-08-13,2026,8,13,857910.6399999999,1211200.0
Hiệu quả xe nội miền chiều về,16,CNKT3,TTKT3,2026-08-08,2026,8,8,333686.8,548400.0
Hiệu quả xe nội miền chiều về,16,HCM,HUBTAN,2026-08-02,2026,8,2,517.97,1650.0
Hiệu quả xe nội miền chiều về,16,HCM,HUBVTU,2026-08-14,2026,8,14,5303.719999999999,10000.0
Hiệu quả xe nội miền chiều về,16,HCM,HUBVTU,2026-08-12,2026,8,12,2390.27,5000.0
Hiệu quả xe nội miền chiều về,16,HYN,HUBHYN,2026-08-13,2026,8,13,5911.0,5100.0
Hiệu quả xe nội miền chiều về,16,KHA,HUBKHA,2026-08-04,2026,8,4,9475.19,14500.0
Hiệu quả xe nội miền chiều về,16,LDG,HUBLDG01,2026-08-13,2026,8,13,3007.24,5000.0
Hiệu quả xe nội miền chiều về,16,VLG,HUBBTE,2026-08-05,2026,8,5,3785.43,7000.0
Hiệu quả xe nội miền chiều về,16,VLG,HUBBTE,2026-08-03,2026,8,3,3626.76,8000.0
Hiệu quả xe nội miền chiều về,16,CNKT2,TTKT2,2026-08-05,2026,8,5,66773.56,102800.0
Hiệu quả xe nội miền chiều về,16,QNI,HUBKTM,2026-08-09,2026,8,9,3495.88,3500.0
Hiệu quả xe nội miền chiều về,16,CNKT4,TTKT4,2026-08-05,2026,8,5,115056.63,223800.0
Hiệu quả xe nội miền chiều về,16,DNI,HUBBPC,2026-08-07,2026,8,7,4072.56,4500.0
Hiệu quả xe nội miền chiều về,16,CNKT5,TTKT5,2026-07-31,2026,7,31,441570.29000000004,619200.0
Hiệu quả xe nội miền chiều về,16,HCM,HUBBDG,2026-08-05,2026,8,5,4543.02,23050.0
Hiệu quả xe nội miền chiều về,16,CNKT3,TTKT3,2026-08-09,2026,8,9,271398.89999999997,509800.0
Hiệu quả xe nội miền chiều về,16,CNKT4,TTKT4,2026-08-16,2026,8,16,88294.81,204900.0
Hiệu quả xe nội miền chiều về,16,HCM,HUBVTU,2026-08-08,2026,8,8,4897.52,10000.0
Hiệu quả xe nội miền chiều về,16,HCM,HUBBDG,2026-08-03,2026,8,3,3802.0199999999995,5400.0
Hiệu quả xe nội miền chiều về,16,LDG,HUBLDG01,2026-08-07,2026,8,7,3254.01,5000.0
Hiệu quả xe nội miền chiều về,16,VLG,HUBBTE,2026-08-04,2026,8,4,8742.689999999999,10500.0
Hiệu quả xe nội miền chiều về,16,CNKT3,DCCNKT3,2026-08-10,2026,8,10,62648.67,101600.0
Hiệu quả xe nội miền chiều về,16,CNKT2,TTKT2,2026-08-08,2026,8,8,66002.09,107900.0
Hiệu quả xe nội miền chiều về,16,GLI,HUBBHD,2026-08-07,2026,8,7,2476.31,1900.0
Hiệu quả xe nội miền chiều về,16,GLI,HUBBHD,2026-08-12,2026,8,12,2321.68,1900.0
Hiệu quả xe nội miền chiều về,16,GLI,HUBBHD,2026-08-14,2026,8,14,2755.92,1900.0
Hiệu quả xe nội miền chiều về,16,CNKT3,DCCNKT3,2026-08-03,2026,8,3,52780.3,100300.0
Hiệu quả xe nội miền chiều về,16,CNKT3,TTKT3,2026-08-14,2026,8,14,372884.36000000004,550000.0
Hiệu quả xe nội miền chiều về,16,CNKT5,TTKT5,2026-08-07,2026,8,7,858724.8900000002,1227600.0
Hiệu quả xe nội miền chiều về,16,CNKT3,DCCNKT3,2026-07-31,2026,7,31,43603.950000000004,57500.0
Hiệu quả xe nội miền chiều về,16,HCM,HUBBDG,2026-08-08,2026,8,8,7447.16,10650.0
Hiệu quả xe nội miền chiều về,16,HCM,HUBVTU,2026-08-07,2026,8,7,2058.05,5000.0
Hiệu quả xe nội miền chiều về,16,HYN,HUBHYN,2026-08-05,2026,8,5,8678.0,5100.0
Hiệu quả xe nội miền chiều về,16,KHA,HUBKHA,2026-07-31,2026,7,31,8728.65,12850.0
Hiệu quả xe nội miền chiều về,16,KHA,HUBKHA,2026-08-14,2026,8,14,9531.4,14500.0
Hiệu quả xe nội miền chiều về,16,LDG,HUBLDG01,2026-08-04,2026,8,4,3107.35,5000.0
Hiệu quả xe nội miền chiều về,16,LDG,HUBLDG01,2026-08-09,2026,8,9,3808.43,5000.0
Hiệu quả xe nội miền chiều về,16,LDG,HUBLDG01,2026-08-10,2026,8,10,2620.63,5000.0
Hiệu quả xe nội miền chiều về,16,VLG,HUBBTE,2026-08-12,2026,8,12,6255.73,18500.0
Hiệu quả xe nội miền chiều về,16,CNKT2,TTKT2,2026-08-17,2026,8,17,20441.88,47900.0
Hiệu quả xe nội miền chiều về,16,GLI,HUBBHD,2026-08-13,2026,8,13,2099.67,1900.0
Hiệu quả xe nội miền chiều về,16,DNI,HUBDNI,2026-07-31,2026,7,31,11093.4,12500.0
Hiệu quả xe nội miền chiều về,16,CNKT3,TTKT3,2026-08-12,2026,8,12,377627.11,565400.0
Hiệu quả xe nội miền chiều về,16,CNKT3,DCCNKT3,2026-08-16,2026,8,16,47228.350000000006,111200.0
Hiệu quả xe nội miền chiều về,16,HCM,HUBBDG,2026-08-07,2026,8,7,6325.860000000001,11800.0
Hiệu quả xe nội miền chiều về,16,HCM,HUBTAN,2026-08-06,2026,8,6,4647.25,6150.0
Hiệu quả xe nội miền chiều về,16,HCM,HUBTAN,2026-08-07,2026,8,7,5092.139999999999,6150.0
Hiệu quả xe nội miền chiều về,16,HCM,HUBVTU,2026-08-13,2026,8,13,1381.99,5000.0
Hiệu quả xe nội miền chiều về,16,HPG,HUBHDG,2026-07-31,2026,7,31,174.93,1650.0
Hiệu quả xe nội miền chiều về,16,HYN,HUBHYN,2026-08-07,2026,8,7,7023.0,5100.0
Hiệu quả xe nội miền chiều về,16,HYN,HUBHYN,2026-08-06,2026,8,6,5753.0,5100.0
Hiệu quả xe nội miền chiều về,16,KHA,HUBKHA,2026-08-07,2026,8,7,9895.07,14500.0
Hiệu quả xe nội miền chiều về,16,LDG,HUBLDG01,2026-08-03,2026,8,3,1849.57,5000.0
Hiệu quả xe nội miền chiều về,16,TNH,HUBLAN,2026-08-07,2026,8,7,257.66,5100.0
Hiệu quả xe nội miền chiều về,16,DNI,HUBDNI,2026-08-12,2026,8,12,7993.98,8000.0
Hiệu quả xe nội miền chiều về,16,GLI,HUBBHD,2026-08-10,2026,8,10,1670.32,1900.0
Hiệu quả xe nội miền chiều về,16,GLI,HUBBHD,2026-08-04,2026,8,4,2712.95,1900.0
Hiệu quả xe nội miền chiều về,16,CNKT4,TTKT4,2026-08-15,2026,8,15,105626.64000000001,230200.0
Hiệu quả xe nội miền chiều về,16,CNKT4,TTKT4,2026-08-13,2026,8,13,121428.47,226000.0
Hiệu quả xe nội miền chiều về,16,DNI,HUBDNI,2026-08-16,2026,8,16,1918.31,4500.0
Hiệu quả xe nội miền chiều về,16,CNKT5,TTKT5,2026-08-02,2026,8,2,621326.2199999999,1069500.0
Hiệu quả xe nội miền chiều về,16,CNKT5,TTKT5,2026-08-03,2026,8,3,777257.9299999998,1137200.0
Hiệu quả xe nội miền chiều về,16,CNKT5,TTKT5,2026-08-01,2026,8,1,805500.7399999998,1204100.0
Hiệu quả xe nội miền chiều về,16,CNKT5,TTKT5,2026-08-17,2026,8,17,302464.0899999999,516200.0
Hiệu quả xe nội miền chiều về,16,CNKT5,TTKT5,2026-08-14,2026,8,14,864711.62,1230100.0
Hiệu quả xe nội miền chiều về,16,CNKT3,TTKT3,2026-08-02,2026,8,2,223503.9,504900.0
Hiệu quả xe nội miền chiều về,16,CNKT3,TTKT3,2026-08-06,2026,8,6,355470.35,559000.0
Hiệu quả xe nội miền chiều về,16,CNKT3,DCCNKT3,2026-08-13,2026,8,13,59465.0,111200.0
Hiệu quả xe nội miền chiều về,16,HCM,HUBBDG,2026-08-09,2026,8,9,2090.86,9650.0
Hiệu quả xe nội miền chiều về,16,CNKT3,TTKT3,2026-08-16,2026,8,16,234019.81000000003,475300.0
Hiệu quả xe nội miền chiều về,16,HCM,HUBBDG,2026-08-17,2026,8,17,352.86,900.0
Hiệu quả xe nội miền chiều về,16,HCM,HUBVTU,2026-08-05,2026,8,5,3360.32,5000.0
Hiệu quả xe nội miền chiều về,16,HYN,HUBHYN,2026-08-01,2026,8,1,16378.0,5100.0
Hiệu quả xe nội miền chiều về,16,KHA,HUBKHA,2026-08-02,2026,8,2,8087.88,14500.0
Hiệu quả xe nội miền chiều về,16,VLG,HUBBTE,2026-08-10,2026,8,10,2552.6,4500.0
Hiệu quả xe nội miền chiều về,16,QNI,HUBKTM,2026-08-04,2026,8,4,2606.02,3500.0
Hiệu quả xe nội miền chiều về,16,CNKT5,TTKT5,2026-08-04,2026,8,4,887198.96,1219000.0
Hiệu quả xe nội miền chiều về,16,CNKT5,TTKT5,2026-08-16,2026,8,16,642274.6900000001,1038300.0
Hiệu quả xe nội miền chiều về,16,CNKT5,TTKT5,2026-08-09,2026,8,9,667156.6699999999,1042800.0
Hiệu quả xe nội miền chiều về,16,CNKT3,DCCNKT3,2026-08-04,2026,8,4,59078.71000000001,99700.0
Hiệu quả xe nội miền chiều về,16,CNKT3,DCCNKT3,2026-08-15,2026,8,15,57235.310000000005,106100.0
Hiệu quả xe nội miền chiều về,16,HCM,HUBBDG,2026-08-13,2026,8,13,7780.06,19550.0
Hiệu quả xe nội miền chiều về,16,HCM,HUBVTU,2026-08-02,2026,8,2,2433.05,5000.0
Hiệu quả xe nội miền chiều về,16,HCM,HUBBDG,2026-08-06,2026,8,6,11226.16,32050.0
Hiệu quả xe nội miền chiều về,16,HCM,HUBVTU,2026-08-04,2026,8,4,2681.77,5000.0
Hiệu quả xe nội miền chiều về,16,KHA,HUBKHA,2026-08-10,2026,8,10,10484.51,14500.0
Hiệu quả xe nội miền chiều về,16,KHA,HUBKHA,2026-08-15,2026,8,15,9969.35,14500.0
Hiệu quả xe nội miền chiều về,16,VLG,HUBBTE,2026-08-08,2026,8,8,8990.45,15000.0
Hiệu quả xe nội miền chiều về,16,CNKT2,TTKT2,2026-08-12,2026,8,12,63760.68000000001,96100.0
Hiệu quả xe nội miền chiều về,16,QNI,HUBKTM,2026-08-16,2026,8,16,4037.48,3500.0
Hiệu quả xe nội miền chiều về,16,QNI,HUBKTM,2026-08-10,2026,8,10,1446.2,3500.0
Hiệu quả xe nội miền chiều về,16,CNKT4,TTKT4,2026-08-02,2026,8,2,83797.9,185100.0
Hiệu quả xe nội miền chiều về,16,DNI,HUBDNI,2026-08-14,2026,8,14,12451.27,17000.0
Hiệu quả xe nội miền chiều về,16,HCM,HUBTAN,2026-08-11,2026,8,11,7139.19,10650.0
Hiệu quả xe nội miền chiều về,16,HCM,HUBBDG,2026-08-10,2026,8,10,3698.9700000000003,5400.0
Hiệu quả xe nội miền chiều về,16,HYN,HUBHYN,2026-08-12,2026,8,12,8995.21,5100.0
Hiệu quả xe nội miền chiều về,16,KHA,HUBKHA,2026-08-09,2026,8,9,8806.439999999999,14500.0
Hiệu quả xe nội miền chiều về,16,LDG,HUBLDG01,2026-08-06,2026,8,6,2696.09,5000.0
Hiệu quả xe nội miền chiều về,16,VLG,HUBBTE,2026-08-02,2026,8,2,6556.530000000001,9650.0
Hiệu quả xe nội miền chiều về,16,VLG,HUBBTE,2026-08-16,2026,8,16,7353.98,15000.0
Hiệu quả xe nội miền chiều về,16,CNKT2,TTKT2,2026-08-01,2026,8,1,69278.66,104700.0
Hiệu quả xe nội miền chiều về,16,CNKT2,TTKT2,2026-08-03,2026,8,3,66764.98000000001,101200.0
Hiệu quả xe nội miền chiều về,16,GLI,HUBBHD,2026-08-03,2026,8,3,1930.24,1900.0
Hiệu quả xe nội miền chiều về,16,CNKT4,TTKT4,2026-08-10,2026,8,10,116286.46999999999,210700.0
Hiệu quả xe nội miền chiều về,16,DNI,HUBDNI,2026-08-01,2026,8,1,5245.339999999999,11500.0
Hiệu quả xe nội miền chiều về,16,DNI,HUBDNI,2026-08-10,2026,8,10,8098.56,12500.0
Hiệu quả xe nội miền chiều về,16,CNKT5,TTKT5,2026-08-15,2026,8,15,855868.7499999999,1220200.0
Hiệu quả xe nội miền chiều về,16,TNH,HUBLAN,2026-08-14,2026,8,14,688.13,5100.0
Hiệu quả xe nội miền chiều về,16,HCM,HUBBDG,2026-08-14,2026,8,14,9056.720000000001,19550.0
Hiệu quả xe nội miền chiều về,16,KHA,HUBKHA,2026-08-06,2026,8,6,11224.5,14500.0
Hiệu quả xe nội miền chiều về,16,KHA,HUBKHA,2026-08-12,2026,8,12,10366.87,14500.0
Hiệu quả xe nội miền chiều về,16,LDG,HUBLDG01,2026-08-01,2026,8,1,3017.28,5000.0
Hiệu quả xe nội miền chiều về,16,LDG,HUBLDG01,2026-08-16,2026,8,16,3259.39,5000.0
Hiệu quả xe nội miền chiều về,16,LDG,HUBLDG01,2026-08-15,2026,8,15,3272.75,5000.0
Hiệu quả xe nội miền chiều về,16,VLG,HUBBTE,2026-08-09,2026,8,9,8144.550000000001,15000.0
Hiệu quả xe nội miền chiều về,16,CNKT2,TTKT2,2026-07-31,2026,7,31,33372.9,41800.0
Hiệu quả xe nội miền chiều về,16,QNI,HUBKTM,2026-08-08,2026,8,8,3913.62,3500.0
Hiệu quả xe nội miền chiều về,16,CNKT4,TTKT4,2026-08-06,2026,8,6,103899.15000000001,214200.0
Hiệu quả xe nội miền chiều về,16,CNKT4,TTKT4,2026-08-12,2026,8,12,111730.6,201100.0
Hiệu quả xe nội miền chiều về,16,CNKT3,DCCNKT3,2026-08-05,2026,8,5,60896.2,100300.0
Hiệu quả xe nội miền chiều về,16,CNKT5,TTKT5,2026-08-06,2026,8,6,877037.19,1200100.0
Hiệu quả xe nội miền chiều về,16,CNKT4,TTKT4,2026-08-14,2026,8,14,114647.72,207800.0
Hiệu quả xe nội miền chiều về,16,HCM,HUBTAN,2026-08-13,2026,8,13,9753.970000000001,12300.0
Hiệu quả xe nội miền chiều về,16,HCM,HUBTAN,2026-08-15,2026,8,15,8048.32,12300.0
Hiệu quả xe nội miền chiều về,16,HCM,HUBVTU,2026-07-31,2026,7,31,2492.22,5000.0
Hiệu quả xe nội miền chiều về,16,HCM,HUBBDG,2026-08-11,2026,8,11,4169.79,23050.0
Hiệu quả xe nội miền chiều về,16,HYN,HUBHYN,2026-08-02,2026,8,2,5418.0,5100.0
Hiệu quả xe nội miền chiều về,16,VLG,HUBBTE,2026-08-11,2026,8,11,6937.829999999999,15000.0
Hiệu quả xe nội miền chiều về,16,CNKT2,TTKT2,2026-08-02,2026,8,2,43814.909999999996,85900.0
Hiệu quả xe nội miền chiều về,16,QNI,HUBKTM,2026-08-07,2026,8,7,3389.1,3500.0
Hiệu quả xe nội miền chiều về,16,CNKT4,TTKT4,2026-07-31,2026,7,31,30183.44,45100.0
Hiệu quả xe nội miền chiều về,16,CNKT3,TTKT3,2026-08-03,2026,8,3,323028.2899999999,478700.0
Hiệu quả xe nội miền chiều về,16,CNKT3,DCCNKT3,2026-08-09,2026,8,9,44251.88999999999,108300.0
Hiệu quả xe nội miền chiều về,16,CNKT3,DCCNKT3,2026-08-02,2026,8,2,43212.23,95200.0
Hiệu quả xe nội miền chiều về,16,CNKT3,DCCNKT3,2026-08-01,2026,8,1,54010.450000000004,115000.0
Hiệu quả xe nội miền chiều về,16,HCM,HUBBDG,2026-08-16,2026,8,16,1670.82,9650.0
Hiệu quả xe nội miền chiều về,16,HCM,HUBVTU,2026-08-06,2026,8,6,2687.6,5000.0
Hiệu quả xe nội miền chiều về,16,HCM,HUBTAN,2026-08-04,2026,8,4,4602.87,6150.0
Hiệu quả xe nội miền chiều về,16,KHA,HUBKHA,2026-08-17,2026,8,17,1408.6,1650.0
Hiệu quả xe nội miền chiều về,16,LDG,HUBLDG01,2026-08-12,2026,8,12,3813.79,5000.0
Hiệu quả xe nội miền chiều về,16,VLG,HUBBTE,2026-08-14,2026,8,14,8434.369999999999,15000.0
Hiệu quả xe nội miền chiều về,16,TNH,HUBLAN,2026-08-11,2026,8,11,203.25,5100.0
Hiệu quả xe nội miền chiều về,16,GLI,HUBBHD,2026-08-06,2026,8,6,2467.94,1900.0
Hiệu quả xe nội miền chiều về,16,TNH,HUBLAN,2026-08-05,2026,8,5,262.0,5100.0
Hiệu quả xe nội miền chiều về,16,CNKT3,DCCNKT3,2026-08-11,2026,8,11,63946.74,113500.0
Hiệu quả xe nội miền chiều về,16,CNKT3,DCCNKT3,2026-08-17,2026,8,17,10097.14,34200.0
Hiệu quả xe nội miền chiều về,16,KHA,HUBKHA,2026-08-11,2026,8,11,10822.49,14500.0
Hiệu quả xe nội miền chiều về,16,VLG,HUBBTE,2026-08-15,2026,8,15,7181.710000000001,15000.0
Hiệu quả xe nội miền chiều về,16,CNKT5,TTKT5,2026-08-11,2026,8,11,912605.6600000001,1196600.0
Hiệu quả xe nội miền chiều về,16,QNI,HUBKTM,2026-08-01,2026,8,1,3056.84,3500.0
Hiệu quả xe nội miền chiều về,16,CNKT4,TTKT4,2026-08-04,2026,8,4,124956.13999999998,218000.0
Hiệu quả xe nội miền chiều về,16,DNI,HUBDNI,2026-08-06,2026,8,6,10223.29,12500.0
Hiệu quả xe nội miền chiều về,16,DNI,HUBBPC,2026-08-05,2026,8,5,4226.64,4500.0
Hiệu quả xe nội miền chiều về,16,DNI,HUBBPC,2026-08-16,2026,8,16,3665.59,3500.0
Hiệu quả xe nội miền chiều về,16,CNKT3,TTKT3,2026-08-04,2026,8,4,357617.3500000001,550600.0
Hiệu quả xe nội miền chiều về,16,CNKT3,DCCNKT3,2026-08-08,2026,8,8,58123.09,107700.0
Hiệu quả xe nội miền chiều về,16,CNKT3,DCCNKT3,2026-08-07,2026,8,7,60972.92999999999,112800.0
Hiệu quả xe nội miền chiều về,16,TNH,HUBLAN,2026-08-09,2026,8,9,490.67,5100.0
Hiệu quả xe nội miền chiều về,16,CNKT5,TTKT5,2026-08-05,2026,8,5,891504.76,1230500.0
Hiệu quả xe nội miền chiều về,16,HCM,HUBBDG,2026-08-01,2026,8,1,5672.04,26650.0
Hiệu quả xe nội miền chiều về,16,CNKT3,TTKT3,2026-08-17,2026,8,17,73799.37999999999,180000.0
Hiệu quả xe nội miền chiều về,16,HCM,HUBBDG,2026-08-02,2026,8,2,1727.64,9650.0
Hiệu quả xe nội miền chiều về,16,CNKT3,TTKT3,2026-07-30,2026,7,30,8052.02,8000.0
Hiệu quả xe nội miền chiều về,16,HYN,HUBHYN,2026-08-04,2026,8,4,6310.0,5100.0
Hiệu quả xe nội miền chiều về,16,KHA,HUBKHA,2026-08-01,2026,8,1,10910.88,14500.0
Hiệu quả xe nội miền chiều về,16,KHA,HUBKHA,2026-08-03,2026,8,3,9948.46,14500.0
Hiệu quả xe nội miền chiều về,16,LDG,HUBLDG01,2026-08-02,2026,8,2,3497.09,5000.0
Hiệu quả xe nội miền chiều về,16,CNKT2,TTKT2,2026-08-16,2026,8,16,44188.8,79200.0
Hiệu quả xe nội miền chiều về,16,QNI,HUBKTM,2026-08-17,2026,8,17,1261.32,3500.0
Hiệu quả xe nội miền chiều về,16,CNKT2,TTKT2,2026-08-06,2026,8,6,66252.83,109500.0
Hiệu quả xe nội miền chiều về,16,CNKT2,TTKT2,2026-08-07,2026,8,7,62700.95999999999,97700.0
Hiệu quả xe nội miền chiều về,16,QNI,HUBKTM,2026-08-12,2026,8,12,4054.62,3500.0
Hiệu quả xe nội miền chiều về,16,DNI,HUBBPC,2026-08-02,2026,8,2,3806.32,4500.0
Hiệu quả xe nội miền chiều về,16,DNI,HUBDNI,2026-08-13,2026,8,13,9837.99,12500.0
Hiệu quả xe nội miền chiều về,16,TNH,HUBLAN,2026-08-12,2026,8,12,393.04,5100.0
Hiệu quả xe nội miền chiều về,16,CNKT3,TTKT3,2026-08-07,2026,8,7,343789.32000000007,560800.0
Hiệu quả xe nội miền chiều về,16,TNH,HUBLAN,2026-08-13,2026,8,13,339.75,5100.0
Hiệu quả xe nội miền chiều về,16,DNI,HUBDNI,2026-08-07,2026,8,7,7453.26,8000.0
Hiệu quả xe nội miền chiều về,16,CNKT3,TTKT3,2026-07-31,2026,7,31,238822.80000000002,303800.0
Hiệu quả xe nội miền chiều về,16,KHA,HUBKHA,2026-08-05,2026,8,5,10367.53,14500.0
Hiệu quả xe nội miền chiều về,16,LDG,HUBLDG01,2026-08-11,2026,8,11,3913.35,5000.0
Hiệu quả xe nội miền chiều về,16,VLG,HUBBTE,2026-08-01,2026,8,1,6934.82,10500.0
Hiệu quả xe nội miền chiều về,16,TNH,HUBLAN,2026-08-06,2026,8,6,178.75,5100.0
Hiệu quả xe nội miền chiều về,16,QNI,HUBKTM,2026-08-14,2026,8,14,4628.93,3500.0
Hiệu quả xe nội miền chiều về,16,GLI,HUBBHD,2026-08-16,2026,8,16,2657.57,1900.0
Hiệu quả xe nội miền chiều về,16,CNKT2,TTKT2,2026-08-04,2026,8,4,60169.259999999995,96100.0
Hiệu quả xe nội miền chiều về,16,GLI,HUBBHD,2026-08-08,2026,8,8,2452.22,1900.0
Hiệu quả xe nội miền chiều về,16,DNI,HUBBPC,2026-08-08,2026,8,8,4516.97,4500.0
Hiệu quả xe nội miền chiều về,16,HCM,HUBBDG,2026-08-12,2026,8,12,10980.13,24350.0
Hiệu quả xe nội miền chiều về,16,CNKT3,DCCNKT3,2026-08-12,2026,8,12,61125.01,114100.0
Hiệu quả xe nội miền chiều về,16,HCM,HUBBDG,2026-08-15,2026,8,15,7142.77,10900.0
Hiệu quả xe nội miền chiều về,16,HYN,HUBHYN,2026-08-14,2026,8,14,11656.0,5100.0
Hiệu quả xe nội miền chiều về,16,LDG,HUBLDG01,2026-08-17,2026,8,17,1452.12,5000.0
Hiệu quả xe nội miền chiều về,16,VLG,HUBBTE,2026-08-17,2026,8,17,3430.88,4500.0
Hiệu quả xe nội miền chiều về,16,VLG,HUBBTE,2026-08-13,2026,8,13,6913.630000000001,15000.0
Hiệu quả xe nội miền chiều về,16,CNKT5,TTKT5,2026-08-12,2026,8,12,908721.4800000002,1238400.0
Hiệu quả xe nội miền chiều về,16,CNKT2,TTKT2,2026-08-15,2026,8,15,64885.119999999995,96100.0
Hiệu quả xe nội miền chiều về,16,QNI,HUBKTM,2026-08-02,2026,8,2,3225.17,3500.0
Hiệu quả xe nội miền chiều về,16,GLI,HUBBHD,2026-08-17,2026,8,17,1378.39,1900.0
Hiệu quả xe nội miền chiều về,16,GLI,HUBBHD,2026-08-01,2026,8,1,2134.61,1900.0
Hiệu quả xe nội miền chiều về,16,QNI,HUBKTM,2026-08-06,2026,8,6,3478.13,3500.0
Hiệu quả xe nội miền chiều về,16,QNI,HUBKTM,2026-08-13,2026,8,13,2646.9,3500.0
Hiệu quả xe nội miền chiều về,16,QNI,HUBKTM,2026-08-15,2026,8,15,4063.12,3500.0
Hiệu quả xe nội miền chiều về,16,CNKT4,TTKT4,2026-08-07,2026,8,7,119862.51999999999,214500.0
Hiệu quả xe nội miền chiều về,16,DNI,HUBBPC,2026-08-15,2026,8,15,4579.19,4500.0
Hiệu quả xe nội miền chiều về,16,DNI,HUBBPC,2026-08-11,2026,8,11,4143.32,4500.0
Hiệu quả xe nội miền chiều về,16,TNH,HUBLAN,2026-08-01,2026,8,1,506.31,5100.0
Hiệu quả xe nội miền chiều về,16,HCM,HUBTAN,2026-08-03,2026,8,3,3425.7,4500.0
Hiệu quả xe nội miền chiều về,16,LDG,HUBLDG01,2026-08-14,2026,8,14,3681.94,5000.0
Hiệu quả xe nội miền chiều về,16,LDG,HUBLDG01,2026-08-08,2026,8,8,3109.5,5000.0
Hiệu quả xe nội miền chiều về,16,DNI,HUBDNI,2026-08-15,2026,8,15,8046.77,8000.0
Hiệu quả xe nội miền chiều về,16,CNKT4,TTKT4,2026-08-01,2026,8,1,107782.17,211300.0
Hiệu quả xe nội miền chiều về,16,CNKT4,TTKT4,2026-08-08,2026,8,8,109788.46999999999,220900.0
Hiệu quả xe liên miền,18,CNKT5,LOGBN,2026-08-08,2026,8,8,365076.5,533300.0
Hiệu quả xe liên miền,18,CNKT2,TTKT2,2026-08-10,2026,8,10,94941.42,118700.0
Hiệu quả xe liên miền,18,LDG,HUBLDG03,2026-07-29,2026,7,29,3742.74,13000.0
Hiệu quả xe liên miền,18,CNKT2,TTKT2,2026-08-02,2026,8,2,114741.82,147700.0
Hiệu quả xe liên miền,18,CNKT4,TTKT4,2026-08-02,2026,8,2,57482.74,77800.0
Hiệu quả xe liên miền,18,CNKT5,LOGBN,2026-08-01,2026,8,1,394995.24000000005,547800.0
Hiệu quả xe liên miền,18,CNKT4,TTKT4,2026-08-11,2026,8,11,48824.06,59900.0
Hiệu quả xe liên miền,18,TNH,HUBLAN,2026-08-06,2026,8,6,8187.0,13000.0
Hiệu quả xe liên miền,18,DLK,HUBDLK,2026-08-11,2026,8,11,16553.69,21000.0
Hiệu quả xe liên miền,18,HYN,HUBHYN,2026-08-03,2026,8,3,6187.0,8000.0
Hiệu quả xe liên miền,18,CNKT5,LOGBN,2026-07-25,2026,7,25,15803.189999999999,16000.0
Hiệu quả xe liên miền,18,KHA,HUBKHA,2026-08-08,2026,8,8,8270.9,13000.0
Hiệu quả xe liên miền,18,CNKT5,TTKT5,2026-08-11,2026,8,11,220933.91000000003,278800.0
Hiệu quả xe liên miền,18,CNKT4,TTKT4,2026-07-31,2026,7,31,46281.87999999999,54900.0
Hiệu quả xe liên miền,18,CNKT2,TTKT2,2026-08-16,2026,8,16,59673.16,81800.0
Hiệu quả xe liên miền,18,LDG,HUBBTN,2026-08-06,2026,8,6,7604.08,8000.0
Hiệu quả xe liên miền,18,DNI,HUBBPC,2026-08-06,2026,8,6,14422.59,16000.0
Hiệu quả xe liên miền,18,KHA,HUBKHA,2026-08-09,2026,8,9,4665.4,13000.0
Hiệu quả xe liên miền,18,HCM,HUBBDG,2026-08-13,2026,8,13,9765.44,8000.0
Hiệu quả xe liên miền,18,THA,HUBTHA,2026-08-06,2026,8,6,22091.15,24000.0
Hiệu quả xe liên miền,18,GLI,HUBGLI,2026-07-31,2026,7,31,11650.76,21000.0
Hiệu quả xe liên miền,18,LDG,HUBLDG03,2026-08-04,2026,8,4,22407.72,39000.0
Hiệu quả xe liên miền,18,LDG,HUBBTN,2026-08-04,2026,8,4,6982.08,8000.0
Hiệu quả xe liên miền,18,LDG,HUBDKG,2026-08-07,2026,8,7,8259.07,13000.0
Hiệu quả xe liên miền,18,CNKT5,TTKT5,2026-08-07,2026,8,7,202655.85,271600.0
Hiệu quả xe liên miền,18,HYN,HUBHYN,2026-08-11,2026,8,11,5833.0,8000.0
Hiệu quả xe liên miền,18,CNKT5,LOGBN,2026-08-02,2026,8,2,374633.66000000003,543600.0
Hiệu quả xe liên miền,18,LDG,HUBBTN,2026-08-09,2026,8,9,6277.5,13000.0
Hiệu quả xe liên miền,18,CNKT5,TTKT5,2026-08-14,2026,8,14,205160.88999999998,254200.0
Hiệu quả xe liên miền,18,HYN,HUBHYN,2026-08-15,2026,8,15,7135.72,8000.0
Hiệu quả xe liên miền,18,CNKT5,TTKT5,2026-08-04,2026,8,4,208135.52,277100.0
Hiệu quả xe liên miền,18,HYN,HUBHYN,2026-07-30,2026,7,30,6325.01,8000.0
Hiệu quả xe liên miền,18,LDG,HUBLDG03,2026-08-09,2026,8,9,7896.62,21000.0
Hiệu quả xe liên miền,18,HCM,HUBBDG,2026-08-08,2026,8,8,5631.63,8000.0
Hiệu quả xe liên miền,18,HCM,HUBBDG,2026-08-06,2026,8,6,7346.77,8000.0
Hiệu quả xe liên miền,18,LDG,HUBDKG,2026-08-13,2026,8,13,8822.46,13000.0
Hiệu quả xe liên miền,18,LDG,HUBLDG03,2026-08-06,2026,8,6,12099.21,14700.0
Hiệu quả xe liên miền,18,CNKT5,TTKT5,2026-08-01,2026,8,1,190560.11000000002,260700.0
Hiệu quả xe liên miền,18,LDG,HUBBTN,2026-08-11,2026,8,11,8120.85,8000.0
Hiệu quả xe liên miền,18,LDG,HUBBTN,2026-07-30,2026,7,30,8407.69,13000.0
Hiệu quả xe liên miền,18,LDG,HUBBTN,2026-07-31,2026,7,31,7282.81,8000.0
Hiệu quả xe liên miền,18,DNI,HUBBPC,2026-08-08,2026,8,8,8122.18,8000.0
Hiệu quả xe liên miền,18,KHA,HUBNTN,2026-08-05,2026,8,5,6404.08,13000.0
Hiệu quả xe liên miền,18,KHA,HUBNTN,2026-08-15,2026,8,15,5476.12,8000.0
Hiệu quả xe liên miền,18,DLK,HUBDLK,2026-08-07,2026,8,7,9157.89,13000.0
Hiệu quả xe liên miền,18,CNKT5,TTKT5,2026-08-05,2026,8,5,183029.24,243300.0
Hiệu quả xe liên miền,18,CNKT5,LOGBN,2026-08-10,2026,8,10,269460.69999999995,409800.0
Hiệu quả xe liên miền,18,GLI,HUBGLI,2026-08-09,2026,8,9,8678.92,14700.0
Hiệu quả xe liên miền,18,CNKT3,TTKT3,2026-08-10,2026,8,10,99808.73999999999,136500.0
Hiệu quả xe liên miền,18,CNKT2,TTKT2,2026-08-08,2026,8,8,139121.66,170600.0
Hiệu quả xe liên miền,18,KHA,HUBNTN,2026-08-06,2026,8,6,4706.1,13000.0
Hiệu quả xe liên miền,18,TNH,HUBLAN,2026-08-11,2026,8,11,15272.0,26000.0
Hiệu quả xe liên miền,18,CNKT3,TTKT3,2026-08-12,2026,8,12,140539.76,193300.0
Hiệu quả xe liên miền,18,LDG,HUBDKG,2026-07-30,2026,7,30,9987.37,13000.0
Hiệu quả xe liên miền,18,LDG,HUBLDG03,2026-07-30,2026,7,30,11995.82,16000.0
Hiệu quả xe liên miền,18,LDG,HUBLDG03,2026-08-13,2026,8,13,18534.72,29000.0
Hiệu quả xe liên miền,18,HCM,HUBBDG,2026-08-05,2026,8,5,7420.98,8000.0
Hiệu quả xe liên miền,18,TNH,HUBLAN,2026-07-26,2026,7,26,7647.12,8000.0
Hiệu quả xe liên miền,18,LDG,HUBDKG,2026-08-03,2026,8,3,6972.61,13000.0
Hiệu quả xe liên miền,18,LDG,HUBDKG,2026-08-12,2026,8,12,10460.6,13000.0
Hiệu quả xe liên miền,18,KHA,HUBNTN,2026-08-01,2026,8,1,6849.59,8000.0
Hiệu quả xe liên miền,18,KHA,HUBKHA,2026-08-12,2026,8,12,8143.22,13000.0
Hiệu quả xe liên miền,18,CNKT5,TTKT5,2026-08-02,2026,8,2,192790.50999999998,244300.0
Hiệu quả xe liên miền,18,LDG,HUBBTN,2026-08-02,2026,8,2,5280.46,13000.0
Hiệu quả xe liên miền,18,LDG,HUBDKG,2026-08-10,2026,8,10,10005.67,13000.0
Hiệu quả xe liên miền,18,CNKT4,TTKT4,2026-08-01,2026,8,1,36999.130000000005,41900.0
Hiệu quả xe liên miền,18,DNI,HUBBPC,2026-07-30,2026,7,30,8000.57,8000.0
Hiệu quả xe liên miền,18,DNI,HUBBPC,2026-08-14,2026,8,14,16391.64,15000.0
Hiệu quả xe liên miền,18,HCM,HUBBDG,2026-08-14,2026,8,14,15980.24,8000.0
Hiệu quả xe liên miền,18,THA,HUBTHA,2026-07-30,2026,7,30,23894.93,24000.0
Hiệu quả xe liên miền,18,LDG,HUBDKG,2026-08-01,2026,8,1,7409.41,8000.0
Hiệu quả xe liên miền,18,DLK,HUBDLK,2026-07-31,2026,7,31,18420.93,26000.0
Hiệu quả xe liên miền,18,LDG,HUBDKG,2026-07-31,2026,7,31,10947.54,13000.0
Hiệu quả xe liên miền,18,GLI,HUBGLI,2026-08-12,2026,8,12,12523.490000000002,21000.0
Hiệu quả xe liên miền,18,KHA,HUBNTN,2026-07-31,2026,7,31,5127.63,13000.0
Hiệu quả xe liên miền,18,LDG,HUBLDG03,2026-08-12,2026,8,12,7389.04,8000.0
Hiệu quả xe liên miền,18,CNKT3,TTKT3,2026-08-11,2026,8,11,129571.50000000001,173500.0
Hiệu quả xe liên miền,18,LDG,HUBDKG,2026-08-05,2026,8,5,8474.41,13000.0
Hiệu quả xe liên miền,18,LDG,HUBLDG03,2026-08-10,2026,8,10,10139.09,16000.0
Hiệu quả xe liên miền,18,CNKT3,TTKT3,2026-07-31,2026,7,31,91860.76999999999,104100.0
Hiệu quả xe liên miền,18,LDG,HUBBTN,2026-08-08,2026,8,8,6999.94,8000.0
Hiệu quả xe liên miền,18,CNKT3,TTKT3,2026-08-13,2026,8,13,108990.66,144400.0
Hiệu quả xe liên miền,18,GLI,HUBGLI,2026-08-03,2026,8,3,11567.91,14700.0
Hiệu quả xe liên miền,18,HCM,HUBBDG,2026-07-29,2026,7,29,20448.32,16000.0
Hiệu quả xe liên miền,18,HCM,HUBBDG,2026-08-02,2026,8,2,9015.72,8000.0
Hiệu quả xe liên miền,18,THA,HUBTHA,2026-08-10,2026,8,10,14273.56,16000.0
Hiệu quả xe liên miền,18,KHA,HUBKHA,2026-07-31,2026,7,31,6839.84,13000.0
Hiệu quả xe liên miền,18,KHA,HUBNTN,2026-08-08,2026,8,8,5966.57,8000.0
Hiệu quả xe liên miền,18,CNKT5,LOGBN,2026-08-11,2026,8,11,484211.6099999999,698200.0
Hiệu quả xe liên miền,18,CNKT2,TTKT2,2026-08-09,2026,8,9,141673.91,187300.0
Hiệu quả xe liên miền,18,CNKT2,TTKT2,2026-08-12,2026,8,12,150914.66999999998,185300.0
Hiệu quả xe liên miền,18,GLI,HUBGLI,2026-08-05,2026,8,5,13942.560000000001,21000.0
Hiệu quả xe liên miền,18,CNKT5,TTKT5,2026-08-03,2026,8,3,164881.8,216800.0
Hiệu quả xe liên miền,18,CNKT5,TTKT5,2026-08-09,2026,8,9,207336.13999999998,270900.0
Hiệu quả xe liên miền,18,CNKT4,TTKT4,2026-08-09,2026,8,9,46165.619999999995,54900.0
Hiệu quả xe liên miền,18,CNKT3,TTKT3,2026-08-14,2026,8,14,108024.02,140000.0
Hiệu quả xe liên miền,18,CNKT2,TTKT2,2026-08-15,2026,8,15,146790.94999999998,195200.0
Hiệu quả xe liên miền,18,CNKT5,TTKT5,2026-07-31,2026,7,31,183144.56,261700.0
Hiệu quả xe liên miền,18,CNKT5,TTKT5,2026-08-08,2026,8,8,174676.18,253100.0
Hiệu quả xe liên miền,18,CNKT4,TTKT4,2026-08-12,2026,8,12,46544.75,54900.0
Hiệu quả xe liên miền,18,DLK,HUBDLK,2026-08-15,2026,8,15,10502.71,13000.0
Hiệu quả xe liên miền,18,CNKT5,LOGBN,2026-08-16,2026,8,16,67716.69,100800.0
Hiệu quả xe liên miền,18,LDG,HUBDKG,2026-08-04,2026,8,4,14472.83,13000.0
Hiệu quả xe liên miền,18,HYN,HUBHYN,2026-08-10,2026,8,10,6643.38,8000.0
Hiệu quả xe liên miền,18,THA,HUBTHA,2026-07-29,2026,7,29,14972.130000000001,16000.0
Hiệu quả xe liên miền,18,THA,HUBTHA,2026-08-16,2026,8,16,7352.67,8000.0
Hiệu quả xe liên miền,18,CNKT5,LOGBN,2026-08-06,2026,8,6,411969.45000000007,598100.0
Hiệu quả xe liên miền,18,CNKT5,LOGBN,2026-07-30,2026,7,30,297057.93,421300.0
Hiệu quả xe liên miền,18,GLI,HUBGLI,2026-08-10,2026,8,10,11427.37,19700.0
Hiệu quả xe liên miền,18,GLI,HUBGLI,2026-08-06,2026,8,6,11762.14,19700.0
Hiệu quả xe liên miền,18,LDG,HUBLDG03,2026-08-01,2026,8,1,24455.989999999998,14700.0
Hiệu quả xe liên miền,18,KHA,HUBKHA,2026-08-15,2026,8,15,7445.34,6700.0
Hiệu quả xe liên miền,18,DLK,HUBDLK,2026-08-12,2026,8,12,17313.59,26000.0
Hiệu quả xe liên miền,18,KHA,HUBNTN,2026-07-30,2026,7,30,6585.45,13000.0
Hiệu quả xe liên miền,18,DNI,HUBBPC,2026-08-13,2026,8,13,7640.35,8000.0
Hiệu quả xe liên miền,18,HYN,HUBHYN,2026-08-08,2026,8,8,7047.9,8000.0
Hiệu quả xe liên miền,18,HYN,HUBHYN,2026-08-04,2026,8,4,5325.45,8000.0
Hiệu quả xe liên miền,18,CNKT4,TTKT4,2026-08-03,2026,8,3,29787.74,37000.0
Hiệu quả xe liên miền,18,LDG,HUBLDG03,2026-08-08,2026,8,8,17000.239999999998,29000.0
Hiệu quả xe liên miền,18,CNKT5,LOGBN,2026-08-15,2026,8,15,361603.34,525200.0
Hiệu quả xe liên miền,18,CNKT5,TTKT5,2026-08-12,2026,8,12,208026.99999999997,268400.0
Hiệu quả xe liên miền,18,KHA,HUBKHA,2026-08-11,2026,8,11,16037.39,13000.0
Hiệu quả xe liên miền,18,HYN,HUBHYN,2026-08-01,2026,8,1,5815.78,8000.0
Hiệu quả xe liên miền,18,CNKT5,TTKT5,2026-08-16,2026,8,16,43697.12,60100.0
Hiệu quả xe liên miền,18,CNKT4,TTKT4,2026-08-14,2026,8,14,42105.61,49900.0
Hiệu quả xe liên miền,18,CNKT4,TTKT4,2026-08-10,2026,8,10,37218.189999999995,46900.0
Hiệu quả xe liên miền,18,KHA,HUBKHA,2026-08-05,2026,8,5,21491.190000000002,26000.0
Hiệu quả xe liên miền,18,DNI,HUBBPC,2026-08-11,2026,8,11,8010.9,8000.0
Hiệu quả xe liên miền,18,GLI,HUBGLI,2026-08-11,2026,8,11,15262.779999999999,21000.0
Hiệu quả xe liên miền,18,LDG,HUBBTN,2026-08-05,2026,8,5,6318.79,8000.0
Hiệu quả xe liên miền,18,THA,HUBTHA,2026-08-11,2026,8,11,30149.23,32000.0
Hiệu quả xe liên miền,18,THA,HUBTHA,2026-07-31,2026,7,31,37844.24,40000.0
Hiệu quả xe liên miền,18,GLI,HUBGLI,2026-08-04,2026,8,4,13474.150000000001,14700.0
Hiệu quả xe liên miền,18,CNKT4,TTKT4,2026-07-30,2026,7,30,25658.01,33900.0
Hiệu quả xe liên miền,18,CNKT2,TTKT2,2026-08-06,2026,8,6,139582.03,171900.0
Hiệu quả xe liên miền,18,CNKT2,TTKT2,2026-07-31,2026,7,31,148032.36000000002,183600.0
Hiệu quả xe liên miền,18,CNKT4,TTKT4,2026-08-06,2026,8,6,40645.16,49900.0
Hiệu quả xe liên miền,18,CNKT4,TTKT4,2026-08-07,2026,8,7,52523.53,69700.0
Hiệu quả xe liên miền,18,LDG,HUBBTN,2026-08-10,2026,8,10,6242.07,8000.0
Hiệu quả xe liên miền,18,DLK,HUBDLK,2026-08-14,2026,8,14,18787.29,26000.0
Hiệu quả xe liên miền,18,DNI,HUBBPC,2026-08-05,2026,8,5,16241.73,16000.0
Hiệu quả xe liên miền,18,THA,HUBTHA,2026-08-03,2026,8,3,38706.19,40000.0
Hiệu quả xe liên miền,18,THA,HUBTHA,2026-08-07,2026,8,7,30457.170000000002,32000.0
Hiệu quả xe liên miền,18,HYN,HUBHYN,2026-08-12,2026,8,12,6817.0,8000.0
Hiệu quả xe liên miền,18,DLK,HUBDLK,2026-08-01,2026,8,1,19690.190000000002,26000.0
Hiệu quả xe liên miền,18,KHA,HUBNTN,2026-08-12,2026,8,12,4501.43,8000.0
Hiệu quả xe liên miền,18,KHA,HUBNTN,2026-08-14,2026,8,14,5908.1,13000.0
Hiệu quả xe liên miền,18,CNKT2,TTKT2,2026-07-30,2026,7,30,44775.86,49900.0
Hiệu quả xe liên miền,18,CNKT5,LOGBN,2026-08-09,2026,8,9,400863.23000000004,558900.0
Hiệu quả xe liên miền,18,DLK,HUBDLK,2026-08-02,2026,8,2,15143.41,26000.0
Hiệu quả xe liên miền,18,CNKT2,TTKT2,2026-08-04,2026,8,4,108820.60999999999,134700.0
Hiệu quả xe liên miền,18,KHA,HUBKHA,2026-08-06,2026,8,6,8708.22,13000.0
Hiệu quả xe liên miền,18,LDG,HUBLDG03,2026-08-11,2026,8,11,4927.98,8000.0
Hiệu quả xe liên miền,18,CNKT2,TTKT2,2026-08-13,2026,8,13,122187.61,151300.0
Hiệu quả xe liên miền,18,CNKT3,TTKT3,2026-08-16,2026,8,16,47793.44,51800.0
Hiệu quả xe liên miền,18,GLI,HUBGLI,2026-08-15,2026,8,15,12333.150000000001,21000.0
Hiệu quả xe liên miền,18,CNKT4,TTKT4,2026-08-04,2026,8,4,36716.34,46900.0
Hiệu quả xe liên miền,18,LDG,HUBLDG03,2026-08-02,2026,8,2,7432.58,16000.0
Hiệu quả xe liên miền,18,HCM,HUBBDG,2026-08-04,2026,8,4,8467.58,8000.0
Hiệu quả xe liên miền,18,HCM,HUBBDG,2026-08-07,2026,8,7,7017.41,8000.0
Hiệu quả xe liên miền,18,THA,HUBTHA,2026-08-02,2026,8,2,14373.46,16000.0
Hiệu quả xe liên miền,18,THA,HUBTHA,2026-08-05,2026,8,5,29867.33,32000.0
Hiệu quả xe liên miền,18,GLI,HUBGLI,2026-08-01,2026,8,1,9362.41,21000.0
Hiệu quả xe liên miền,18,KHA,HUBKHA,2026-08-14,2026,8,14,6857.94,13000.0
Hiệu quả xe liên miền,18,CNKT5,LOGBN,2026-08-05,2026,8,5,434999.02,630200.0
Hiệu quả xe liên miền,18,CNKT4,TTKT4,2026-08-08,2026,8,8,46649.380000000005,59900.0
Hiệu quả xe liên miền,18,KHA,HUBKHA,2026-08-10,2026,8,10,10437.92,13000.0
Hiệu quả xe liên miền,18,GLI,HUBGLI,2026-07-30,2026,7,30,10705.11,21000.0
Hiệu quả xe liên miền,18,DNI,HUBBPC,2026-07-31,2026,7,31,8833.6,8000.0
Hiệu quả xe liên miền,18,LDG,HUBDKG,2026-08-15,2026,8,15,11005.55,13000.0
Hiệu quả xe liên miền,18,HCM,HUBBDG,2026-07-31,2026,7,31,20468.63,16000.0
Hiệu quả xe liên miền,18,THA,HUBTHA,2026-08-08,2026,8,8,23630.09,24000.0
Hiệu quả xe liên miền,18,KHA,HUBKHA,2026-08-13,2026,8,13,11684.76,13000.0
Hiệu quả xe liên miền,18,LDG,HUBBTN,2026-08-01,2026,8,1,6045.49,8000.0
Hiệu quả xe liên miền,18,KHA,HUBKHA,2026-07-30,2026,7,30,10329.22,8000.0
Hiệu quả xe liên miền,18,KHA,HUBKHA,2026-08-03,2026,8,3,9181.28,13000.0
Hiệu quả xe liên miền,18,CNKT5,TTKT5,2026-08-06,2026,8,6,189986.44,241800.0
Hiệu quả xe liên miền,18,HYN,HUBHYN,2026-08-06,2026,8,6,9701.52,8000.0
Hiệu quả xe liên miền,18,DLK,HUBDLK,2026-08-05,2026,8,5,26954.82,39000.0
Hiệu quả xe liên miền,18,CNKT3,TTKT3,2026-07-28,2026,7,28,10107.63,17900.0
Hiệu quả xe liên miền,18,CNKT4,TTKT4,2026-08-05,2026,8,5,51327.16,64800.0
Hiệu quả xe liên miền,18,CNKT4,TTKT4,2026-08-13,2026,8,13,42410.41,51800.0
Hiệu quả xe liên miền,18,HCM,HUBBDG,2026-08-10,2026,8,10,11295.91,8000.0
Hiệu quả xe liên miền,18,THA,HUBTHA,2026-08-01,2026,8,1,30280.21,32000.0
Hiệu quả xe liên miền,18,THA,HUBTHA,2026-08-04,2026,8,4,22241.079999999998,24000.0
Hiệu quả xe liên miền,18,THA,HUBTHA,2026-08-15,2026,8,15,7031.03,8000.0
Hiệu quả xe liên miền,18,LDG,HUBBTN,2026-08-14,2026,8,14,7099.14,8000.0
Hiệu quả xe liên miền,18,KHA,HUBNTN,2026-08-04,2026,8,4,6333.4,8000.0
Hiệu quả xe liên miền,18,DLK,HUBDLK,2026-08-04,2026,8,4,9519.22,13000.0
Hiệu quả xe liên miền,18,LDG,HUBBTN,2026-08-12,2026,8,12,7123.11,8000.0
Hiệu quả xe liên miền,18,CNKT5,LOGBN,2026-07-31,2026,7,31,461866.58999999997,676200.0
Hiệu quả xe liên miền,18,CNKT5,LOGBN,2026-08-04,2026,8,4,442117.24999999994,629600.0
Hiệu quả xe liên miền,18,CNKT5,LOGBN,2026-08-13,2026,8,13,457682.24,656700.0
Hiệu quả xe liên miền,18,CNKT5,LOGBN,2026-08-12,2026,8,12,390631.97000000003,589000.0
Hiệu quả xe liên miền,18,LDG,HUBBTN,2026-08-15,2026,8,15,7494.65,8000.0
Hiệu quả xe liên miền,18,DLK,HUBDLK,2026-08-13,2026,8,13,22663.21,26000.0
Hiệu quả xe liên miền,18,TNH,HUBLAN,2026-08-14,2026,8,14,13745.5,26000.0
Hiệu quả xe liên miền,18,DLK,HUBDLK,2026-07-30,2026,7,30,19181.260000000002,26000.0
Hiệu quả xe liên miền,18,CNKT4,TTKT4,2026-08-16,2026,8,16,14663.03,17900.0
Hiệu quả xe liên miền,18,HYN,HUBHYN,2026-08-13,2026,8,13,7219.15,13000.0
Hiệu quả xe liên miền,18,KHA,HUBNTN,2026-08-11,2026,8,11,6496.9,6700.0
Hiệu quả xe liên miền,18,CNKT4,TTKT4,2026-08-15,2026,8,15,36689.43,43800.0
Hiệu quả xe liên miền,18,TNH,HUBLAN,2026-08-07,2026,8,7,7433.0,13000.0
Hiệu quả xe liên miền,18,CNKT2,TTKT2,2026-08-07,2026,8,7,136956.79,178700.0
Hiệu quả xe liên miền,18,CNKT2,TTKT2,2026-08-11,2026,8,11,135297.78,174300.0
Hiệu quả xe liên miền,18,CNKT3,TTKT3,2026-08-04,2026,8,4,110769.56,137700.0
Hiệu quả xe liên miền,18,CNKT3,TTKT3,2026-08-05,2026,8,5,127103.13,164100.0
Hiệu quả xe liên miền,18,LDG,HUBDKG,2026-08-09,2026,8,9,7283.74,8000.0
Hiệu quả xe liên miền,18,CNKT2,TTKT2,2026-08-03,2026,8,3,135319.78999999998,175600.0
Hiệu quả xe liên miền,18,LDG,HUBLDG03,2026-08-03,2026,8,3,5502.62,8000.0
Hiệu quả xe liên miền,18,CNKT2,TTKT2,2026-08-14,2026,8,14,131021.68000000001,168800.0
Hiệu quả xe liên miền,18,CNKT2,TTKT2,2026-08-05,2026,8,5,142468.62999999998,181900.0
Hiệu quả xe liên miền,18,HYN,HUBHYN,2026-07-31,2026,7,31,7028.35,8000.0
Hiệu quả xe liên miền,18,CNKT4,TTKT4,2026-07-29,2026,7,29,8633.56,13000.0
Hiệu quả xe liên miền,18,DNI,HUBBPC,2026-08-09,2026,8,9,15630.03,16000.0
Hiệu quả xe liên miền,18,CNKT5,TTKT5,2026-07-28,2026,7,28,6118.31,8000.0
Hiệu quả xe liên miền,18,GLI,HUBGLI,2026-08-02,2026,8,2,9706.45,26000.0
Hiệu quả xe liên miền,18,LDG,HUBDKG,2026-08-02,2026,8,2,12298.81,13000.0
Hiệu quả xe liên miền,18,KHA,HUBNTN,2026-08-13,2026,8,13,6812.79,13000.0
Hiệu quả xe liên miền,18,LDG,HUBBTN,2026-08-07,2026,8,7,6790.99,8000.0
Hiệu quả xe liên miền,18,CNKT3,TTKT3,2026-08-09,2026,8,9,90977.31,121700.0
Hiệu quả xe liên miền,18,CNKT5,TTKT5,2026-08-10,2026,8,10,167233.73,225400.0
Hiệu quả xe liên miền,18,CNKT5,LOGBN,2026-08-14,2026,8,14,397413.09,550100.0
Hiệu quả xe liên miền,18,CNKT3,TTKT3,2026-08-06,2026,8,6,140595.85,167000.0
Hiệu quả xe liên miền,18,LDG,HUBDKG,2026-08-06,2026,8,6,9226.37,13000.0
Hiệu quả xe liên miền,18,CNKT5,TTKT5,2026-07-29,2026,7,29,19904.92,16000.0
Hiệu quả xe liên miền,18,CNKT3,TTKT3,2026-07-30,2026,7,30,98141.41,137800.0
Hiệu quả xe liên miền,18,GLI,HUBGLI,2026-08-14,2026,8,14,14569.220000000001,21000.0
Hiệu quả xe liên miền,18,KHA,HUBNTN,2026-08-07,2026,8,7,7159.18,13000.0
Hiệu quả xe liên miền,18,LDG,HUBDKG,2026-08-08,2026,8,8,11350.22,13000.0
Hiệu quả xe liên miền,18,CNKT5,LOGBN,2026-07-29,2026,7,29,82876.84,96900.0
Hiệu quả xe liên miền,18,CNKT3,TTKT3,2026-08-01,2026,8,1,115447.84,160700.0
Hiệu quả xe liên miền,18,CNKT5,TTKT5,2026-08-15,2026,8,15,143873.37,198100.0
Hiệu quả xe liên miền,18,DLK,HUBDLK,2026-08-10,2026,8,10,24430.08,21000.0
Hiệu quả xe liên miền,18,LDG,HUBLDG03,2026-08-07,2026,8,7,7959.12,8000.0
Hiệu quả xe liên miền,18,GLI,HUBGLI,2026-08-07,2026,8,7,13495.34,26000.0
Hiệu quả xe liên miền,18,KHA,HUBNTN,2026-08-03,2026,8,3,6279.36,8000.0
Hiệu quả xe liên miền,18,LDG,HUBLDG03,2026-08-14,2026,8,14,10545.39,16000.0
Hiệu quả xe liên miền,18,TNH,HUBLAN,2026-07-31,2026,7,31,8330.7,13000.0
Hiệu quả xe liên miền,18,DNI,HUBBPC,2026-08-01,2026,8,1,7870.03,8000.0
Hiệu quả xe liên miền,18,DNI,HUBBPC,2026-08-04,2026,8,4,7844.82,8000.0
Hiệu quả xe liên miền,18,LDG,HUBDKG,2026-08-14,2026,8,14,9730.12,13000.0
Hiệu quả xe liên miền,18,THA,HUBTHA,2026-08-12,2026,8,12,41010.030000000006,40000.0
Hiệu quả xe liên miền,18,THA,HUBTHA,2026-08-13,2026,8,13,43056.56,40000.0
Hiệu quả xe liên miền,18,HYN,HUBHYN,2026-08-14,2026,8,14,6400.39,8000.0
Hiệu quả xe liên miền,18,HYN,HUBHYN,2026-08-07,2026,8,7,6266.05,8000.0
Hiệu quả xe liên miền,18,LDG,HUBBTN,2026-08-13,2026,8,13,6560.56,8000.0
Hiệu quả xe liên miền,18,CNKT5,LOGBN,2026-08-07,2026,8,7,460268.11,668100.0
Hiệu quả xe liên miền,18,CNKT3,TTKT3,2026-08-07,2026,8,7,147392.64,181500.0
Hiệu quả xe liên miền,18,CNKT3,TTKT3,2026-08-08,2026,8,8,121583.07999999997,167400.0
Hiệu quả xe liên miền,18,CNKT3,TTKT3,2026-08-02,2026,8,2,97438.73000000001,131500.0
Hiệu quả xe liên miền,18,CNKT5,TTKT5,2026-07-30,2026,7,30,136922.56999999998,167700.0
Hiệu quả xe liên miền,18,CNKT3,TTKT3,2026-08-15,2026,8,15,92881.17000000001,126600.0
Hiệu quả xe liên miền,18,DLK,HUBDLK,2026-08-06,2026,8,6,17637.4,21000.0
Hiệu quả xe liên miền,18,CNKT5,TTKT5,2026-08-13,2026,8,13,205593.76,285100.0
Hiệu quả xe liên miền,18,CNKT2,TTKT2,2026-08-01,2026,8,1,90551.76,117500.0
Hiệu quả xe liên miền,18,HYN,HUBHYN,2026-08-05,2026,8,5,4115.08,8000.0
Hiệu quả xe liên miền,18,DLK,HUBDLK,2026-08-03,2026,8,3,19623.46,21000.0
Hiệu quả xe liên miền,18,GLI,HUBGLI,2026-08-08,2026,8,8,10583.470000000001,21000.0
Hiệu quả xe liên miền,18,LDG,HUBLDG03,2026-07-31,2026,7,31,11307.189999999999,16000.0
Hiệu quả xe liên miền,18,KHA,HUBKHA,2026-08-02,2026,8,2,3222.82,13000.0
Hiệu quả xe liên miền,18,GLI,HUBGLI,2026-08-13,2026,8,13,11720.73,21000.0
Hiệu quả xe liên miền,18,KHA,HUBKHA,2026-08-07,2026,8,7,6910.09,13000.0
Hiệu quả xe liên miền,18,DLK,HUBDLK,2026-08-09,2026,8,9,13590.49,21000.0
Hiệu quả xe liên miền,18,CNKT5,LOGBN,2026-08-03,2026,8,3,298309.07999999996,448800.0
Hiệu quả xe liên miền,18,KHA,HUBNTN,2026-08-10,2026,8,10,5731.49,13000.0
Hiệu quả xe liên miền,18,LDG,HUBLDG03,2026-08-05,2026,8,5,9599.61,16000.0
Hiệu quả xe liên miền,18,LDG,HUBLDG03,2026-08-15,2026,8,15,15733.07,14700.0
Hiệu quả xe liên miền,18,LDG,HUBBTN,2026-08-03,2026,8,3,7546.21,13000.0
Hiệu quả xe liên miền,18,CNKT3,TTKT3,2026-07-29,2026,7,29,8270.3,13000.0
Hiệu quả xe liên miền,18,DNI,HUBBPC,2026-08-02,2026,8,2,15263.38,16000.0
Hiệu quả xe liên miền,18,DLK,HUBDLK,2026-08-08,2026,8,8,16103.279999999999,21000.0
Hiệu quả xe liên miền,18,LDG,HUBDKG,2026-08-11,2026,8,11,7468.22,8000.0
Hiệu quả xe liên miền,18,CNKT3,TTKT3,2026-08-03,2026,8,3,112717.19,154300.0
Hiệu quả xe liên miền,18,HCM,HUBBDG,2026-08-12,2026,8,12,19574.550000000003,16000.0
Hiệu quả xe liên miền,18,THA,HUBTHA,2026-08-09,2026,8,9,37559.369999999995,40000.0
Hiệu quả xe liên miền,18,THA,HUBTHA,2026-08-14,2026,8,14,16812.62,16000.0
Hiệu quả xe liên miền,18,KHA,HUBKHA,2026-08-01,2026,8,1,10342.24,13000.0
Hiệu quả kết nối nội miền,17,DNI,HUBDNI,2026-08-07,2026,8,7,20722.32,188.0
Hiệu quả kết nối nội miền,17,DNI,HUBBPC,2026-08-12,2026,8,12,4426.57,188.0
Hiệu quả kết nối nội miền,17,CNKT3,TTKT3,2026-08-08,2026,8,8,755781.07,22326.0
Hiệu quả kết nối nội miền,17,HCM,HUBBDG,2026-08-07,2026,8,7,30939.100000000002,790.5
Hiệu quả kết nối nội miền,17,CNKT5,TTKT5,2026-08-05,2026,8,5,1602502.13,61252.0
Hiệu quả kết nối nội miền,17,CNKT3,TTKT3,2026-07-30,2026,7,30,8052.02,338.0
Hiệu quả kết nối nội miền,17,CNKT2,TTKT2,2026-08-16,2026,8,16,102539.15000000001,5621.0
Hiệu quả kết nối nội miền,17,QNI,HUBKTM,2026-08-10,2026,8,10,5006.62,498.0
Hiệu quả kết nối nội miền,17,CNKT5,TTKT5,2026-08-12,2026,8,12,1734708.8900000004,62554.0
Hiệu quả kết nối nội miền,17,HCM,HUBBDG,2026-08-05,2026,8,5,28913.04,1214.5
Hiệu quả kết nối nội miền,17,GLI,HUBBHD,2026-08-02,2026,8,2,3558.72,442.0
Hiệu quả kết nối nội miền,17,GLI,HUBBHD,2026-07-31,2026,7,31,1009.25,221.0
Hiệu quả kết nối nội miền,17,CNKT4,TTKT4,2026-08-03,2026,8,3,268649.62,10582.0
Hiệu quả kết nối nội miền,17,HPG,HUBHPG,2026-08-13,2026,8,13,1039.08,115.0
Hiệu quả kết nối nội miền,17,KHA,HUBKHA,2026-08-06,2026,8,6,21216.49,2383.0
Hiệu quả kết nối nội miền,17,KHA,HUBKHA,2026-08-11,2026,8,11,23890.329999999998,2383.0
Hiệu quả kết nối nội miền,17,KHA,HUBKHA,2026-08-01,2026,8,1,20261.89,2383.0
Hiệu quả kết nối nội miền,17,KHA,HUBKHA,2026-08-09,2026,8,9,19302.809999999998,2383.0
Hiệu quả kết nối nội miền,17,LDG,HUBLDG01,2026-08-03,2026,8,3,2774.31,462.0
Hiệu quả kết nối nội miền,17,PHO,HUBVPC,2026-08-08,2026,8,8,21832.02,375.0
Hiệu quả kết nối nội miền,17,CNKT5,TTKT5,2026-08-09,2026,8,9,1355163.5199999998,54668.0
Hiệu quả kết nối nội miền,17,CNKT3,DCCNKT3,2026-08-03,2026,8,3,126488.58,7530.0
Hiệu quả kết nối nội miền,17,CNKT3,DCCNKT3,2026-08-16,2026,8,16,117539.96000000002,7245.0
Hiệu quả kết nối nội miền,17,CNKT5,TTKT5,2026-08-06,2026,8,6,1755135.0199999998,61621.0
Hiệu quả kết nối nội miền,17,HCM,HUBBDG,2026-08-08,2026,8,8,24328.97,718.5
Hiệu quả kết nối nội miền,17,GLI,HUBBHD,2026-08-06,2026,8,6,5125.08,442.0
Hiệu quả kết nối nội miền,17,GLI,HUBBHD,2026-08-13,2026,8,13,3737.82,442.0
Hiệu quả kết nối nội miền,17,CNKT2,TTKT2,2026-08-17,2026,8,17,60754.53,3109.0
Hiệu quả kết nối nội miền,17,QNI,HUBKTM,2026-08-11,2026,8,11,7732.51,498.0
Hiệu quả kết nối nội miền,17,CNKT3,DCCNKT3,2026-07-31,2026,7,31,89545.19000000002,4097.0
Hiệu quả kết nối nội miền,17,TNH,HUBLAN,2026-08-01,2026,8,1,4710.5,268.0
Hiệu quả kết nối nội miền,17,TNH,HUBLAN,2026-08-05,2026,8,5,5258.95,268.0
Hiệu quả kết nối nội miền,17,QNI,HUBKTM,2026-08-02,2026,8,2,5943.65,498.0
Hiệu quả kết nối nội miền,17,HCM,HUBTAN,2026-08-15,2026,8,15,12531.5,154.5
Hiệu quả kết nối nội miền,17,HCM,HUBVTU,2026-07-31,2026,7,31,2492.22,80.0
Hiệu quả kết nối nội miền,17,HCM,HUBTAN,2026-08-08,2026,8,8,13027.37,102.5
Hiệu quả kết nối nội miền,17,HPG,HUBHPG,2026-08-05,2026,8,5,1387.17,115.0
Hiệu quả kết nối nội miền,17,HPG,HUBHPG,2026-08-17,2026,8,17,1558.3,115.0
Hiệu quả kết nối nội miền,17,KHA,HUBKHA,2026-08-03,2026,8,3,20024.71,2383.0
Hiệu quả kết nối nội miền,17,LDG,HUBLDG01,2026-08-06,2026,8,6,4548.84,462.0
Hiệu quả kết nối nội miền,17,VLG,HUBBTE,2026-08-12,2026,8,12,23755.399999999998,972.0
Hiệu quả kết nối nội miền,17,VLG,HUBBTE,2026-08-09,2026,8,9,12893.17,486.0
Hiệu quả kết nối nội miền,17,CNKT5,TTKT5,2026-08-01,2026,8,1,1591687.3900000001,61548.0
Hiệu quả kết nối nội miền,17,DNI,HUBDNI,2026-07-31,2026,7,31,11093.4,94.0
Hiệu quả kết nối nội miền,17,CNKT3,DCCNKT3,2026-08-05,2026,8,5,153237.75,7530.0
Hiệu quả kết nối nội miền,17,CNKT5,TTKT5,2026-08-10,2026,8,10,1470033.3900000004,58002.0
Hiệu quả kết nối nội miền,17,CNKT2,TTKT2,2026-08-14,2026,8,14,127177.4,6631.0
Hiệu quả kết nối nội miền,17,CNKT4,TTKT4,2026-08-17,2026,8,17,146224.88000000006,5911.0
Hiệu quả kết nối nội miền,17,HCM,HUBBDG,2026-08-04,2026,8,4,29841.210000000003,790.5
Hiệu quả kết nối nội miền,17,HCM,HUBTAN,2026-08-02,2026,8,2,517.97,32.0
Hiệu quả kết nối nội miền,17,HCM,HUBTAN,2026-08-11,2026,8,11,11509.900000000001,122.5
Hiệu quả kết nối nội miền,17,HYN,HUBHYN,2026-08-02,2026,8,2,10725.0,132.0
Hiệu quả kết nối nội miền,17,HYN,HUBHYN,2026-08-05,2026,8,5,13681.0,132.0
Hiệu quả kết nối nội miền,17,HYN,HUBHYN,2026-08-13,2026,8,13,12038.0,132.0
Hiệu quả kết nối nội miền,17,KHA,HUBKHA,2026-08-07,2026,8,7,21510.800000000003,2383.0
Hiệu quả kết nối nội miền,17,KHA,HUBKHA,2026-08-05,2026,8,5,22626.44,2383.0
Hiệu quả kết nối nội miền,17,PHO,HUBVPC,2026-08-06,2026,8,6,20193.92,375.0
Hiệu quả kết nối nội miền,17,PHO,HUBVPC,2026-08-12,2026,8,12,21803.97,375.0
Hiệu quả kết nối nội miền,17,VLG,HUBBTE,2026-08-13,2026,8,13,20241.870000000003,677.0
Hiệu quả kết nối nội miền,17,DNI,HUBBPC,2026-08-13,2026,8,13,6325.68,188.0
Hiệu quả kết nối nội miền,17,CNKT3,TTKT3,2026-08-05,2026,8,5,784875.0199999999,22850.0
Hiệu quả kết nối nội miền,17,CNKT3,DCCNKT3,2026-08-14,2026,8,14,160331.06999999998,7670.0
Hiệu quả kết nối nội miền,17,HCM,HUBBDG,2026-08-02,2026,8,2,1727.64,259.0
Hiệu quả kết nối nội miền,17,TNH,HUBLAN,2026-08-02,2026,8,2,4406.67,268.0
Hiệu quả kết nối nội miền,17,QNI,HUBKTM,2026-07-31,2026,7,31,3532.44,249.0
Hiệu quả kết nối nội miền,17,CNKT4,TTKT4,2026-08-08,2026,8,8,316750.8699999999,8975.0
Hiệu quả kết nối nội miền,17,HCM,HUBTAN,2026-08-09,2026,8,9,1121.59,32.0
Hiệu quả kết nối nội miền,17,HCM,HUBVTU,2026-08-10,2026,8,10,3459.0,80.0
Hiệu quả kết nối nội miền,17,HCM,HUBTAN,2026-08-04,2026,8,4,10103.68,102.5
Hiệu quả kết nối nội miền,17,HCM,HUBVTU,2026-08-13,2026,8,13,4495.48,160.0
Hiệu quả kết nối nội miền,17,HPG,HUBHPG,2026-08-10,2026,8,10,1700.82,115.0
Hiệu quả kết nối nội miền,17,HPG,HUBHDG,2026-07-31,2026,7,31,174.93,86.0
Hiệu quả kết nối nội miền,17,HYN,HUBHYN,2026-08-03,2026,8,3,17548.53,132.0
Hiệu quả kết nối nội miền,17,HYN,HUBHYN,2026-08-09,2026,8,9,11306.82,132.0
Hiệu quả kết nối nội miền,17,KHA,HUBKHA,2026-08-13,2026,8,13,19929.61,2383.0
Hiệu quả kết nối nội miền,17,KHA,HUBKHA,2026-08-04,2026,8,4,19175.84,2383.0
Hiệu quả kết nối nội miền,17,PHO,HUBVPC,2026-08-04,2026,8,4,19710.0,375.0
Hiệu quả kết nối nội miền,17,VLG,HUBBTE,2026-08-02,2026,8,2,13299.6,488.0
Hiệu quả kết nối nội miền,17,VLG,HUBBTE,2026-08-05,2026,8,5,28211.86,677.0
Hiệu quả kết nối nội miền,17,DNI,HUBBPC,2026-08-08,2026,8,8,5976.860000000001,188.0
Hiệu quả kết nối nội miền,17,CNKT3,DCCNKT3,2026-08-12,2026,8,12,147534.17,7725.0
Hiệu quả kết nối nội miền,17,TNH,HUBLAN,2026-08-04,2026,8,4,895.29,134.0
Hiệu quả kết nối nội miền,17,TNH,HUBLAN,2026-08-08,2026,8,8,3179.39,268.0
Hiệu quả kết nối nội miền,17,TNH,HUBLAN,2026-08-13,2026,8,13,2451.13,268.0
Hiệu quả kết nối nội miền,17,GLI,HUBBHD,2026-08-15,2026,8,15,2897.51,442.0
Hiệu quả kết nối nội miền,17,GLI,HUBBHD,2026-08-07,2026,8,7,3684.33,442.0
Hiệu quả kết nối nội miền,17,CNKT4,TTKT4,2026-08-02,2026,8,2,280772.73999999993,8661.0
Hiệu quả kết nối nội miền,17,CNKT4,TTKT4,2026-08-09,2026,8,9,260404.78,10161.0
Hiệu quả kết nối nội miền,17,CNKT4,TTKT4,2026-08-11,2026,8,11,313402.56999999995,10065.0
Hiệu quả kết nối nội miền,17,HCM,HUBTAN,2026-08-05,2026,8,5,8235.52,102.5
Hiệu quả kết nối nội miền,17,HCM,HUBTAN,2026-08-17,2026,8,17,1740.91,32.0
Hiệu quả kết nối nội miền,17,HCM,HUBVTU,2026-08-12,2026,8,12,4767.0,160.0
Hiệu quả kết nối nội miền,17,HPG,HUBHPG,2026-08-08,2026,8,8,1078.48,115.0
Hiệu quả kết nối nội miền,17,LDG,HUBLDG01,2026-08-14,2026,8,14,5388.59,462.0
Hiệu quả kết nối nội miền,17,PHO,HUBVPC,2026-08-07,2026,8,7,19415.600000000002,375.0
Hiệu quả kết nối nội miền,17,PHO,HUBVPC,2026-08-05,2026,8,5,17673.83,300.0
Hiệu quả kết nối nội miền,17,DNI,HUBDNI,2026-08-06,2026,8,6,28385.93,237.0
Hiệu quả kết nối nội miền,17,CNKT5,TTKT5,2026-08-14,2026,8,14,1692032.65,62240.0
Hiệu quả kết nối nội miền,17,CNKT3,TTKT3,2026-08-11,2026,8,11,803642.3500000002,22492.0
Hiệu quả kết nối nội miền,17,CNKT3,TTKT3,2026-08-13,2026,8,13,790963.1299999999,23026.0
Hiệu quả kết nối nội miền,17,HCM,HUBBDG,2026-08-06,2026,8,6,44574.70999999999,1274.5
Hiệu quả kết nối nội miền,17,QNI,HUBKTM,2026-08-09,2026,8,9,6965.79,498.0
Hiệu quả kết nối nội miền,17,QNI,HUBKTM,2026-08-05,2026,8,5,6894.52,498.0
Hiệu quả kết nối nội miền,17,HCM,HUBTAN,2026-08-01,2026,8,1,7886.499999999999,70.5
Hiệu quả kết nối nội miền,17,HCM,HUBTAN,2026-08-13,2026,8,13,17046.08,154.5
Hiệu quả kết nối nội miền,17,HCM,HUBVTU,2026-08-15,2026,8,15,4693.63,160.0
Hiệu quả kết nối nội miền,17,HCM,HUBVTU,2026-08-05,2026,8,5,5805.83,160.0
Hiệu quả kết nối nội miền,17,HYN,HUBHYN,2026-08-07,2026,8,7,11705.0,132.0
Hiệu quả kết nối nội miền,17,HYN,HUBHYN,2026-08-17,2026,8,17,14200.52,132.0
Hiệu quả kết nối nội miền,17,HYN,HUBHYN,2026-08-11,2026,8,11,11676.2,132.0
Hiệu quả kết nối nội miền,17,KHA,HUBKHA,2026-07-31,2026,7,31,12530.57,1744.0
Hiệu quả kết nối nội miền,17,LDG,HUBLDG01,2026-08-09,2026,8,9,5662.24,462.0
Hiệu quả kết nối nội miền,17,VLG,HUBBTE,2026-08-14,2026,8,14,25564.690000000002,825.0
Hiệu quả kết nối nội miền,17,TNH,HUBLAN,2026-08-14,2026,8,14,2971.87,268.0
Hiệu quả kết nối nội miền,17,HCM,HUBVTU,2026-08-02,2026,8,2,2433.05,80.0
Hiệu quả kết nối nội miền,17,LDG,HUBLDG01,2026-08-11,2026,8,11,6911.41,462.0
Hiệu quả kết nối nội miền,17,LDG,HUBLDG01,2026-08-10,2026,8,10,4226.16,462.0
Hiệu quả kết nối nội miền,17,PHO,HUBVPC,2026-08-15,2026,8,15,16796.71,300.0
Hiệu quả kết nối nội miền,17,VLG,HUBBTE,2026-08-03,2026,8,3,22448.42,932.0
Hiệu quả kết nối nội miền,17,VLG,HUBBTE,2026-08-16,2026,8,16,11547.01,486.0
Hiệu quả kết nối nội miền,17,DNI,HUBDNI,2026-08-03,2026,8,3,11084.900000000001,143.0
Hiệu quả kết nối nội miền,17,DNI,HUBBPC,2026-08-01,2026,8,1,5818.73,188.0
Hiệu quả kết nối nội miền,17,DNI,HUBDNI,2026-08-09,2026,8,9,6966.889999999999,94.0
Hiệu quả kết nối nội miền,17,CNKT3,TTKT3,2026-08-15,2026,8,15,808444.64,22489.0
Hiệu quả kết nối nội miền,17,CNKT3,TTKT3,2026-08-07,2026,8,7,753223.7500000001,22992.0
Hiệu quả kết nối nội miền,17,TNH,HUBLAN,2026-08-16,2026,8,16,1463.02,268.0
Hiệu quả kết nối nội miền,17,TNH,HUBLAN,2026-08-11,2026,8,11,3581.25,268.0
Hiệu quả kết nối nội miền,17,CNKT3,TTKT3,2026-07-31,2026,7,31,373649.1500000001,13124.0
Hiệu quả kết nối nội miền,17,CNKT2,TTKT2,2026-08-01,2026,8,1,142920.18,7146.0
Hiệu quả kết nối nội miền,17,HYN,HUBHYN,2026-08-08,2026,8,8,16863.15,132.0
Hiệu quả kết nối nội miền,17,LDG,HUBLDG01,2026-08-02,2026,8,2,4348.84,462.0
Hiệu quả kết nối nội miền,17,LDG,HUBLDG01,2026-08-16,2026,8,16,4882.59,462.0
Hiệu quả kết nối nội miền,17,PHO,HUBVPC,2026-08-02,2026,8,2,10918.810000000001,225.0
Hiệu quả kết nối nội miền,17,DNI,HUBBPC,2026-08-11,2026,8,11,6581.139999999999,188.0
Hiệu quả kết nối nội miền,17,CNKT5,TTKT5,2026-08-04,2026,8,4,1680830.3799999994,61276.0
Hiệu quả kết nối nội miền,17,CNKT3,DCCNKT3,2026-08-13,2026,8,13,150045.40000000002,7725.0
Hiệu quả kết nối nội miền,17,CNKT3,TTKT3,2026-08-14,2026,8,14,767863.41,22022.0
Hiệu quả kết nối nội miền,17,CNKT3,TTKT3,2026-08-02,2026,8,2,498516.3900000001,19351.0
Hiệu quả kết nối nội miền,17,HCM,HUBBDG,2026-08-11,2026,8,11,29128.640000000003,1214.5
Hiệu quả kết nối nội miền,17,TNH,HUBLAN,2026-08-15,2026,8,15,2626.24,134.0
Hiệu quả kết nối nội miền,17,CNKT2,TTKT2,2026-08-06,2026,8,6,142221.98999999996,7367.0
Hiệu quả kết nối nội miền,17,CNKT2,TTKT2,2026-08-04,2026,8,4,123075.47999999998,6793.0
Hiệu quả kết nối nội miền,17,GLI,HUBBHD,2026-08-16,2026,8,16,3870.3500000000004,442.0
Hiệu quả kết nối nội miền,17,CNKT4,TTKT4,2026-08-06,2026,8,6,298100.7100000001,8771.0
Hiệu quả kết nối nội miền,17,CNKT4,TTKT4,2026-08-12,2026,8,12,259003.79999999996,8170.0
Hiệu quả kết nối nội miền,17,HYN,HUBHYN,2026-08-01,2026,8,1,21850.0,132.0
Hiệu quả kết nối nội miền,17,HYN,HUBHYN,2026-08-06,2026,8,6,11200.1,132.0
Hiệu quả kết nối nội miền,17,LDG,HUBLDG01,2026-08-01,2026,8,1,5382.48,462.0
Hiệu quả kết nối nội miền,17,PHO,HUBVPC,2026-08-17,2026,8,17,13914.89,300.0
Hiệu quả kết nối nội miền,17,VLG,HUBBTE,2026-08-01,2026,8,1,22677.280000000002,827.0
Hiệu quả kết nối nội miền,17,DNI,HUBBPC,2026-07-31,2026,7,31,1534.3,94.0
Hiệu quả kết nối nội miền,17,DNI,HUBDNI,2026-08-01,2026,8,1,14938.099999999999,237.0
Hiệu quả kết nối nội miền,17,DNI,HUBBPC,2026-08-15,2026,8,15,6319.15,188.0
Hiệu quả kết nối nội miền,17,DNI,HUBBPC,2026-08-09,2026,8,9,3780.61,94.0
Hiệu quả kết nối nội miền,17,CNKT5,TTKT5,2026-08-16,2026,8,16,1340205.5699999998,55059.0
Hiệu quả kết nối nội miền,17,CNKT3,DCCNKT3,2026-08-06,2026,8,6,144853.02,7725.0
Hiệu quả kết nối nội miền,17,CNKT3,DCCNKT3,2026-08-15,2026,8,15,144654.38,7717.0
Hiệu quả kết nối nội miền,17,CNKT3,TTKT3,2026-08-09,2026,8,9,580167.1300000001,20395.0
Hiệu quả kết nối nội miền,17,CNKT3,TTKT3,2026-08-10,2026,8,10,669270.6999999998,21546.0
Hiệu quả kết nối nội miền,17,CNKT2,TTKT2,2026-08-09,2026,8,9,86205.12000000001,5090.0
Hiệu quả kết nối nội miền,17,QNI,HUBKTM,2026-08-08,2026,8,8,7262.98,498.0
Hiệu quả kết nối nội miền,17,GLI,HUBBHD,2026-08-08,2026,8,8,4521.87,442.0
Hiệu quả kết nối nội miền,17,CNKT4,TTKT4,2026-08-01,2026,8,1,286774.19999999995,9883.0
Hiệu quả kết nối nội miền,17,TNH,HUBLAN,2026-08-09,2026,8,9,3414.15,268.0
Hiệu quả kết nối nội miền,17,CNKT4,TTKT4,2026-07-31,2026,7,31,106922.05,3715.0
Hiệu quả kết nối nội miền,17,HCM,HUBTAN,2026-08-06,2026,8,6,9246.59,102.5
Hiệu quả kết nối nội miền,17,HYN,HUBHYN,2026-08-04,2026,8,4,14490.41,132.0
Hiệu quả kết nối nội miền,17,VLG,HUBBTE,2026-08-11,2026,8,11,24095.92,825.0
Hiệu quả kết nối nội miền,17,CNKT5,TTKT5,2026-08-02,2026,8,2,1287397.1500000001,56367.0
Hiệu quả kết nối nội miền,17,DNI,HUBBPC,2026-08-05,2026,8,5,6142.3,188.0
Hiệu quả kết nối nội miền,17,DNI,HUBBPC,2026-08-03,2026,8,3,1831.6,94.0
Hiệu quả kết nối nội miền,17,HCM,HUBBDG,2026-08-12,2026,8,12,38367.81,1047.5
Hiệu quả kết nối nội miền,17,CNKT4,TTKT4,2026-08-14,2026,8,14,304932.45,8664.0
Hiệu quả kết nối nội miền,17,HCM,HUBBDG,2026-08-03,2026,8,3,27910.539999999997,724.5
Hiệu quả kết nối nội miền,17,GLI,HUBBHD,2026-08-17,2026,8,17,1378.39,221.0
Hiệu quả kết nối nội miền,17,HCM,HUBTAN,2026-07-31,2026,7,31,3643.05,52.0
Hiệu quả kết nối nội miền,17,HCM,HUBVTU,2026-08-08,2026,8,8,7193.24,240.0
Hiệu quả kết nối nội miền,17,HYN,HUBHYN,2026-08-12,2026,8,12,15573.21,132.0
Hiệu quả kết nối nội miền,17,HYN,HUBHYN,2026-08-14,2026,8,14,16763.0,132.0
Hiệu quả kết nối nội miền,17,PHO,HUBVPC,2026-08-03,2026,8,3,14560.980000000001,300.0
Hiệu quả kết nối nội miền,17,PHO,HUBVPC,2026-08-16,2026,8,16,10970.53,150.0
Hiệu quả kết nối nội miền,17,VLG,HUBBTE,2026-08-17,2026,8,17,3430.88,147.0
Hiệu quả kết nối nội miền,17,VLG,HUBBTE,2026-08-08,2026,8,8,29673.1,822.0
Hiệu quả kết nối nội miền,17,DNI,HUBDNI,2026-08-10,2026,8,10,18753.280000000002,192.0
Hiệu quả kết nối nội miền,17,DNI,HUBBPC,2026-08-10,2026,8,10,2749.77,94.0
Hiệu quả kết nối nội miền,17,DNI,HUBDNI,2026-08-13,2026,8,13,18898.83,188.0
Hiệu quả kết nối nội miền,17,DNI,HUBDNI,2026-08-16,2026,8,16,6769.5,94.0
Hiệu quả kết nối nội miền,17,CNKT5,TTKT5,2026-08-15,2026,8,15,1661550.1600000001,62258.0
Hiệu quả kết nối nội miền,17,CNKT3,TTKT3,2026-08-16,2026,8,16,511846.2300000001,17845.0
Hiệu quả kết nối nội miền,17,CNKT3,DCCNKT3,2026-08-07,2026,8,7,157312.50000000003,8272.0
Hiệu quả kết nối nội miền,17,CNKT3,DCCNKT3,2026-08-09,2026,8,9,116140.37,7245.0
Hiệu quả kết nối nội miền,17,HCM,HUBBDG,2026-08-14,2026,8,14,46876.55,1246.5
Hiệu quả kết nối nội miền,17,CNKT2,TTKT2,2026-08-13,2026,8,13,136527.57,6556.0
Hiệu quả kết nối nội miền,17,QNI,HUBKTM,2026-08-06,2026,8,6,7096.200000000001,498.0
Hiệu quả kết nối nội miền,17,GLI,HUBBHD,2026-08-10,2026,8,10,3152.92,442.0
Hiệu quả kết nối nội miền,17,CNKT2,TTKT2,2026-08-11,2026,8,11,116766.96999999997,6179.0
Hiệu quả kết nối nội miền,17,QNI,HUBKTM,2026-08-12,2026,8,12,7142.34,498.0
Hiệu quả kết nối nội miền,17,HCM,HUBTAN,2026-08-10,2026,8,10,4858.2699999999995,50.5
Hiệu quả kết nối nội miền,17,HPG,HUBHPG,2026-08-15,2026,8,15,1207.99,115.0
Hiệu quả kết nối nội miền,17,HPG,HUBHPG,2026-08-04,2026,8,4,2225.52,115.0
Hiệu quả kết nối nội miền,17,HPG,HUBHPG,2026-08-06,2026,8,6,1212.49,115.0
Hiệu quả kết nối nội miền,17,HYN,HUBHYN,2026-08-15,2026,8,15,13495.5,132.0
Hiệu quả kết nối nội miền,17,HYN,HUBHYN,2026-08-16,2026,8,16,30258.170000000002,132.0
Hiệu quả kết nối nội miền,17,PHO,HUBVPC,2026-08-09,2026,8,9,29701.489999999998,375.0
Hiệu quả kết nối nội miền,17,PHO,HUBVPC,2026-08-01,2026,8,1,17162.9,375.0
Hiệu quả kết nối nội miền,17,PHO,HUBVPC,2026-07-31,2026,7,31,7920.4400000000005,150.0
Hiệu quả kết nối nội miền,17,CNKT5,TTKT5,2026-08-03,2026,8,3,1439048.28,58729.0
Hiệu quả kết nối nội miền,17,DNI,HUBDNI,2026-08-02,2026,8,2,4992.79,94.0
Hiệu quả kết nối nội miền,17,DNI,HUBBPC,2026-08-02,2026,8,2,3806.32,94.0
Hiệu quả kết nối nội miền,17,DNI,HUBBPC,2026-08-06,2026,8,6,5825.95,188.0
Hiệu quả kết nối nội miền,17,DNI,HUBDNI,2026-08-15,2026,8,15,20602.08,139.0
Hiệu quả kết nối nội miền,17,HCM,HUBBDG,2026-08-13,2026,8,13,32568.280000000002,1017.5
Hiệu quả kết nối nội miền,17,CNKT2,TTKT2,2026-08-03,2026,8,3,131484.71999999997,7463.0
Hiệu quả kết nối nội miền,17,GLI,HUBBHD,2026-08-01,2026,8,1,3883.57,442.0
Hiệu quả kết nối nội miền,17,CNKT2,TTKT2,2026-07-31,2026,7,31,62587.490000000005,3453.0
Hiệu quả kết nối nội miền,17,GLI,HUBBHD,2026-08-09,2026,8,9,2969.76,442.0
Hiệu quả kết nối nội miền,17,QNI,HUBKTM,2026-08-15,2026,8,15,7879.13,498.0
Hiệu quả kết nối nội miền,17,GLI,HUBBHD,2026-08-11,2026,8,11,3684.98,442.0
Hiệu quả kết nối nội miền,17,KHA,HUBKHA,2026-08-17,2026,8,17,5109.57,639.0
Hiệu quả kết nối nội miền,17,LDG,HUBLDG01,2026-07-31,2026,7,31,1430.84,231.0
Hiệu quả kết nối nội miền,17,PHO,HUBVPC,2026-08-13,2026,8,13,17153.4,300.0
Hiệu quả kết nối nội miền,17,DNI,HUBDNI,2026-08-04,2026,8,4,24737.449999999997,335.0
Hiệu quả kết nối nội miền,17,CNKT3,TTKT3,2026-08-12,2026,8,12,784790.73,22633.0
Hiệu quả kết nối nội miền,17,CNKT3,TTKT3,2026-08-03,2026,8,3,636841.0800000001,21305.0
Hiệu quả kết nối nội miền,17,CNKT3,TTKT3,2026-08-04,2026,8,4,758525.6900000001,22111.0
Hiệu quả kết nối nội miền,17,CNKT3,TTKT3,2026-08-17,2026,8,17,291089.61999999994,7919.0
Hiệu quả kết nối nội miền,17,CNKT5,TTKT5,2026-08-11,2026,8,11,1767992.1999999997,60846.0
Hiệu quả kết nối nội miền,17,CNKT3,DCCNKT3,2026-08-01,2026,8,1,140206.65,8229.0
Hiệu quả kết nối nội miền,17,CNKT3,DCCNKT3,2026-08-17,2026,8,17,44046.8,3238.0
Hiệu quả kết nối nội miền,17,HCM,HUBBDG,2026-08-01,2026,8,1,25623.090000000004,1172.5
Hiệu quả kết nối nội miền,17,CNKT2,TTKT2,2026-08-05,2026,8,5,139205.71,7126.0
Hiệu quả kết nối nội miền,17,CNKT2,TTKT2,2026-08-08,2026,8,8,138238.89,7174.0
Hiệu quả kết nối nội miền,17,CNKT4,TTKT4,2026-08-05,2026,8,5,285577.35,10054.0
Hiệu quả kết nối nội miền,17,HCM,HUBBDG,2026-08-17,2026,8,17,6851.179999999999,136.0
Hiệu quả kết nối nội miền,17,HCM,HUBVTU,2026-08-03,2026,8,3,2871.49,80.0
Hiệu quả kết nối nội miền,17,HPG,HUBHPG,2026-08-03,2026,8,3,1552.19,115.0
Hiệu quả kết nối nội miền,17,KHA,HUBKHA,2026-08-08,2026,8,8,19545.84,2383.0
Hiệu quả kết nối nội miền,17,LDG,HUBLDG01,2026-08-17,2026,8,17,1452.12,231.0
Hiệu quả kết nối nội miền,17,LDG,HUBLDG01,2026-08-07,2026,8,7,5645.280000000001,462.0
Hiệu quả kết nối nội miền,17,LDG,HUBLDG01,2026-08-08,2026,8,8,4416.39,462.0
Hiệu quả kết nối nội miền,17,CNKT5,TTKT5,2026-07-31,2026,7,31,744952.37,32638.0
Hiệu quả kết nối nội miền,17,DNI,HUBBPC,2026-08-14,2026,8,14,7141.549999999999,188.0
Hiệu quả kết nối nội miền,17,CNKT3,DCCNKT3,2026-08-11,2026,8,11,149736.31,7725.0
Hiệu quả kết nối nội miền,17,HCM,HUBBDG,2026-08-15,2026,8,15,30196.0,718.5
Hiệu quả kết nối nội miền,17,QNI,HUBKTM,2026-08-14,2026,8,14,8392.79,498.0
Hiệu quả kết nối nội miền,17,QNI,HUBKTM,2026-08-01,2026,8,1,5909.01,498.0
Hiệu quả kết nối nội miền,17,QNI,HUBKTM,2026-08-16,2026,8,16,7412.9,498.0
Hiệu quả kết nối nội miền,17,CNKT4,TTKT4,2026-08-15,2026,8,15,314504.4199999999,10390.0
Hiệu quả kết nối nội miền,17,TNH,HUBLAN,2026-08-06,2026,8,6,4104.54,268.0
Hiệu quả kết nối nội miền,17,QNI,HUBKTM,2026-08-17,2026,8,17,1261.32,249.0
Hiệu quả kết nối nội miền,17,HCM,HUBTAN,2026-08-03,2026,8,3,11089.390000000001,70.5
Hiệu quả kết nối nội miền,17,HCM,HUBVTU,2026-08-14,2026,8,14,7489.42,240.0
Hiệu quả kết nối nội miền,17,HCM,HUBTAN,2026-08-12,2026,8,12,5563.17,82.5
Hiệu quả kết nối nội miền,17,HPG,HUBHPG,2026-08-11,2026,8,11,1180.03,115.0
Hiệu quả kết nối nội miền,17,PHO,HUBVPC,2026-08-11,2026,8,11,25769.2,450.0
Hiệu quả kết nối nội miền,17,VLG,HUBBTE,2026-08-06,2026,8,6,23233.870000000003,825.0
Hiệu quả kết nối nội miền,17,VLG,HUBBTE,2026-08-07,2026,8,7,17073.35,532.0
Hiệu quả kết nối nội miền,17,DNI,HUBDNI,2026-08-08,2026,8,8,20585.16,237.0
Hiệu quả kết nối nội miền,17,DNI,HUBDNI,2026-08-12,2026,8,12,19308.629999999997,139.0
Hiệu quả kết nối nội miền,17,CNKT5,TTKT5,2026-08-08,2026,8,8,1639691.5500000005,59490.0
Hiệu quả kết nối nội miền,17,CNKT5,TTKT5,2026-08-07,2026,8,7,1698137.47,62180.0
Hiệu quả kết nối nội miền,17,CNKT3,TTKT3,2026-08-01,2026,8,1,739545.04,23080.0
Hiệu quả kết nối nội miền,17,GLI,HUBBHD,2026-08-03,2026,8,3,3464.08,442.0
Hiệu quả kết nối nội miền,17,QNI,HUBKTM,2026-08-03,2026,8,3,4972.280000000001,498.0
Hiệu quả kết nối nội miền,17,GLI,HUBBHD,2026-08-14,2026,8,14,4573.02,442.0
Hiệu quả kết nối nội miền,17,CNKT4,TTKT4,2026-08-16,2026,8,16,272825.1500000001,9028.0
Hiệu quả kết nối nội miền,17,CNKT4,TTKT4,2026-08-10,2026,8,10,295835.68000000005,8763.0
Hiệu quả kết nối nội miền,17,HPG,HUBHPG,2026-08-14,2026,8,14,834.83,115.0
Hiệu quả kết nối nội miền,17,KHA,HUBKHA,2026-08-16,2026,8,16,14370.220000000001,2383.0
Hiệu quả kết nối nội miền,17,KHA,HUBKHA,2026-08-15,2026,8,15,19610.74,2383.0
Hiệu quả kết nối nội miền,17,KHA,HUBKHA,2026-08-02,2026,8,2,15696.570000000002,2383.0
Hiệu quả kết nối nội miền,17,LDG,HUBLDG01,2026-08-13,2026,8,13,6409.85,462.0
Hiệu quả kết nối nội miền,17,VLG,HUBBTE,2026-08-15,2026,8,15,20475.14,677.0
Hiệu quả kết nối nội miền,17,VLG,HUBBTE,2026-08-04,2026,8,4,18040.47,534.0
Hiệu quả kết nối nội miền,17,DNI,HUBBPC,2026-08-16,2026,8,16,3665.59,94.0
Hiệu quả kết nối nội miền,17,CNKT5,TTKT5,2026-08-13,2026,8,13,1710271.31,61846.0
Hiệu quả kết nối nội miền,17,CNKT3,DCCNKT3,2026-08-02,2026,8,2,109344.95000000001,7000.0
Hiệu quả kết nối nội miền,17,HCM,HUBBDG,2026-08-09,2026,8,9,2090.86,259.0
Hiệu quả kết nối nội miền,17,GLI,HUBBHD,2026-08-04,2026,8,4,5244.62,442.0
Hiệu quả kết nối nội miền,17,GLI,HUBBHD,2026-08-05,2026,8,5,3298.33,442.0
Hiệu quả kết nối nội miền,17,GLI,HUBBHD,2026-08-12,2026,8,12,4011.87,442.0
Hiệu quả kết nối nội miền,17,HCM,HUBBDG,2026-07-31,2026,7,31,19008.62,524.0
Hiệu quả kết nối nội miền,17,HCM,HUBVTU,2026-08-01,2026,8,1,2460.14,80.0
Hiệu quả kết nối nội miền,17,HCM,HUBVTU,2026-08-11,2026,8,11,4972.33,160.0
Hiệu quả kết nối nội miền,17,LDG,HUBLDG01,2026-08-05,2026,8,5,5664.42,462.0
Hiệu quả kết nối nội miền,17,PHO,HUBVPC,2026-08-14,2026,8,14,15650.22,300.0
Hiệu quả kết nối nội miền,17,VLG,HUBBTE,2026-07-31,2026,7,31,12469.86,342.0
Hiệu quả kết nối nội miền,17,HCM,HUBBDG,2026-08-10,2026,8,10,37113.74,724.5
Hiệu quả kết nối nội miền,17,CNKT2,TTKT2,2026-08-02,2026,8,2,113251.82999999999,5912.0
Hiệu quả kết nối nội miền,17,CNKT2,TTKT2,2026-08-10,2026,8,10,142891.09999999998,6706.0
Hiệu quả kết nối nội miền,17,QNI,HUBKTM,2026-08-07,2026,8,7,6758.99,498.0
Hiệu quả kết nối nội miền,17,CNKT4,TTKT4,2026-08-13,2026,8,13,329487.2,10583.0
Hiệu quả kết nối nội miền,17,HCM,HUBVTU,2026-08-06,2026,8,6,5381.87,160.0
Hiệu quả kết nối nội miền,17,HCM,HUBTAN,2026-08-07,2026,8,7,11769.36,102.5
Hiệu quả kết nối nội miền,17,HCM,HUBTAN,2026-08-14,2026,8,14,4455.21,50.5
Hiệu quả kết nối nội miền,17,HPG,HUBHPG,2026-08-07,2026,8,7,1716.26,115.0
Hiệu quả kết nối nội miền,17,KHA,HUBKHA,2026-08-10,2026,8,10,21363.25,2383.0
Hiệu quả kết nối nội miền,17,KHA,HUBKHA,2026-08-12,2026,8,12,22426.89,2383.0
Hiệu quả kết nối nội miền,17,LDG,HUBLDG01,2026-08-15,2026,8,15,5779.05,462.0
Hiệu quả kết nối nội miền,17,PHO,HUBVPC,2026-08-10,2026,8,10,20872.190000000002,375.0
Hiệu quả kết nối nội miền,17,VLG,HUBBTE,2026-08-10,2026,8,10,19453.6,486.0
Hiệu quả kết nối nội miền,17,DNI,HUBDNI,2026-08-14,2026,8,14,17301.92,188.0
Hiệu quả kết nối nội miền,17,DNI,HUBDNI,2026-08-11,2026,8,11,16452.92,188.0
Hiệu quả kết nối nội miền,17,TNH,HUBLAN,2026-08-12,2026,8,12,4221.13,268.0
Hiệu quả kết nối nội miền,17,CNKT3,DCCNKT3,2026-08-04,2026,8,4,146913.05000000002,7483.0
Hiệu quả kết nối nội miền,17,CNKT3,TTKT3,2026-08-06,2026,8,6,769875.9799999999,21884.0
Hiệu quả kết nối nội miền,17,CNKT3,DCCNKT3,2026-08-10,2026,8,10,134378.78,7530.0
Hiệu quả kết nối nội miền,17,CNKT2,TTKT2,2026-08-15,2026,8,15,135798.47000000003,6556.0
Hiệu quả kết nối nội miền,17,CNKT2,TTKT2,2026-08-12,2026,8,12,128487.43000000001,6464.0
Hiệu quả kết nối nội miền,17,CNKT2,TTKT2,2026-08-07,2026,8,7,140697.01,6793.0
Hiệu quả kết nối nội miền,17,QNI,HUBKTM,2026-08-04,2026,8,4,6543.110000000001,498.0
Hiệu quả kết nối nội miền,17,CNKT4,TTKT4,2026-08-04,2026,8,4,323842.12,9273.0
Hiệu quả kết nối nội miền,17,HPG,HUBHPG,2026-08-12,2026,8,12,1379.66,115.0
Hiệu quả kết nối nội miền,17,KHA,HUBKHA,2026-08-14,2026,8,14,20813.600000000002,2383.0
Hiệu quả kết nối nội miền,17,LDG,HUBLDG01,2026-08-04,2026,8,4,5084.85,462.0
Hiệu quả kết nối nội miền,17,DNI,HUBDNI,2026-08-05,2026,8,5,21202.87,286.0
Hiệu quả kết nối nội miền,17,DNI,HUBBPC,2026-08-04,2026,8,4,7360.59,188.0
Hiệu quả kết nối nội miền,17,DNI,HUBBPC,2026-08-07,2026,8,7,6369.99,188.0
Hiệu quả kết nối nội miền,17,CNKT5,TTKT5,2026-08-17,2026,8,17,698412.7099999998,27469.0
Hiệu quả kết nối nội miền,17,CNKT3,DCCNKT3,2026-08-08,2026,8,8,143192.16,7465.0
Hiệu quả kết nối nội miền,17,TNH,HUBLAN,2026-08-07,2026,8,7,3294.68,268.0
Hiệu quả kết nối nội miền,17,HCM,HUBBDG,2026-08-16,2026,8,16,1670.82,259.0
Hiệu quả kết nối nội miền,17,QNI,HUBKTM,2026-08-13,2026,8,13,6539.1,498.0
Hiệu quả kết nối nội miền,17,CNKT4,TTKT4,2026-08-07,2026,8,7,309383.64,10215.0
Hiệu quả kết nối nội miền,17,HCM,HUBVTU,2026-08-04,2026,8,4,5181.68,160.0
Hiệu quả kết nối nội miền,17,HCM,HUBVTU,2026-08-07,2026,8,7,4834.67,160.0
Hiệu quả kết nối nội miền,17,HPG,HUBHPG,2026-08-01,2026,8,1,4179.95,115.0
Hiệu quả kết nối nội miền,17,LDG,HUBLDG01,2026-08-12,2026,8,12,5575.47,462.0
Tỷ lệ nhập đúng tải kiện 12.5s,5,GLI,HUBGLI,2026-08-01,2026,8,1,7994.0,8025.0
Tỷ lệ nhập đúng tải kiện 12.5s,5,HUE,HUBHUE,2026-08-01,2026,8,1,4348.0,4615.0
Tỷ lệ nhập đúng tải kiện 12.5s,5,QNI,HUBQNI,2026-08-01,2026,8,1,3635.0,3781.0
Tỷ lệ nhập đúng tải kiện 12.5s,5,SLA,HUBSLA,2026-08-01,2026,8,1,332.0,403.0
Tỷ lệ nhập đúng tải kiện 12.5s,5,DTP,HUBTGG,2026-08-01,2026,8,1,7635.0,7795.0
Tỷ lệ nhập đúng tải kiện 12.5s,5,THA,HUBTHA,2026-08-01,2026,8,1,10945.0,11823.0
Tỷ lệ nhập đúng tải kiện 12.5s,5,CMU,HUBCMU,2026-08-02,2026,8,2,5564.0,5800.0
Tỷ lệ nhập đúng tải kiện 12.5s,5,SLA,HUBSLA,2026-08-02,2026,8,2,327.0,372.0
Tỷ lệ nhập đúng tải kiện 12.5s,5,VLG,HUBTVH,2026-08-02,2026,8,2,2732.0,2732.0
Tỷ lệ nhập đúng tải kiện 12.5s,5,LCI,HUBYBN,2026-08-02,2026,8,2,2776.0,3098.0
Tỷ lệ nhập đúng tải kiện 12.5s,5,TQG,HUBHGG,2026-08-03,2026,8,3,1417.0,1417.0
Tỷ lệ nhập đúng tải kiện 12.5s,5,HTH,HUBHTH,2026-08-03,2026,8,3,3046.0,3362.0
Tỷ lệ nhập đúng tải kiện 12.5s,5,HYN,HUBHYN,2026-08-03,2026,8,3,8456.0,8911.0
Tỷ lệ nhập đúng tải kiện 12.5s,5,LCI,HUBLCI01,2026-08-03,2026,8,3,2358.0,3261.0
Tỷ lệ nhập đúng tải kiện 12.5s,5,HNI,HUBTTI,2026-08-04,2026,8,4,15224.0,16885.0
Tỷ lệ nhập đúng tải kiện 12.5s,5,TNN,HUBBKN,2026-08-06,2026,8,6,824.0,831.0
Tỷ lệ nhập đúng tải kiện 12.5s,5,CMU,HUBCMU,2026-08-06,2026,8,6,6071.0,6422.0
Tỷ lệ nhập đúng tải kiện 12.5s,5,GLI,HUBGLI,2026-08-06,2026,8,6,7136.0,7215.0
Tỷ lệ nhập đúng tải kiện 12.5s,5,HPG,HUBHDG,2026-08-06,2026,8,6,9267.0,9618.0
Tỷ lệ nhập đúng tải kiện 12.5s,5,HNI,HUBYAN,2026-08-06,2026,8,6,11402.0,12952.0
Tỷ lệ nhập đúng tải kiện 12.5s,5,QTI,HUBQTI,2026-08-07,2026,8,7,3457.0,3519.0
Tỷ lệ nhập đúng tải kiện 12.5s,5,TNN,HUBTNN,2026-08-07,2026,8,7,6066.0,7852.0
Tỷ lệ nhập đúng tải kiện 12.5s,5,LCI,HUBYBN,2026-08-07,2026,8,7,2841.0,3579.0
Tỷ lệ nhập đúng tải kiện 12.5s,5,TNN,HUBBKN,2026-08-08,2026,8,8,827.0,861.0
Tỷ lệ nhập đúng tải kiện 12.5s,5,DNI,HUBDNI,2026-08-08,2026,8,8,19064.0,19625.0
Tỷ lệ nhập đúng tải kiện 12.5s,5,DNG,HUBQNM,2026-08-08,2026,8,8,6151.0,6371.0
Tỷ lệ nhập đúng tải kiện 12.5s,5,VLG,HUBBTE,2026-08-09,2026,8,9,7331.0,7884.0
Tỷ lệ nhập đúng tải kiện 12.5s,5,HTH,HUBHTH,2026-08-09,2026,8,9,3551.0,3551.0
Tỷ lệ nhập đúng tải kiện 12.5s,5,KHA,HUBKHA,2026-08-09,2026,8,9,2477.0,4890.0
Tỷ lệ nhập đúng tải kiện 12.5s,5,THA,HUBTHA,2026-08-09,2026,8,9,9849.0,10770.0
Tỷ lệ nhập đúng tải kiện 12.5s,5,HCM,HUBTTO,2026-08-09,2026,8,9,10048.0,10898.0
Tỷ lệ nhập đúng tải kiện 12.5s,5,HTH,HUBHTH,2026-08-10,2026,8,10,2913.0,3081.0
Tỷ lệ nhập đúng tải kiện 12.5s,5,QNH,HUBQNH,2026-08-10,2026,8,10,5099.0,7006.0
Tỷ lệ nhập đúng tải kiện 12.5s,5,QTI,HUBQTI,2026-08-10,2026,8,10,2904.0,2904.0
Tỷ lệ nhập đúng tải kiện 12.5s,5,HCM,HUBTAN,2026-08-10,2026,8,10,7047.0,7862.0
Tỷ lệ nhập đúng tải kiện 12.5s,5,CNKT5,LOGBN,2026-08-10,2026,8,10,36617.0,37381.0
Tỷ lệ nhập đúng tải kiện 12.5s,5,CMU,HUBCMU,2026-08-11,2026,8,11,5423.0,6295.0
Tỷ lệ nhập đúng tải kiện 12.5s,5,CTO,HUBSTG,2026-08-11,2026,8,11,6232.0,6232.0
Tỷ lệ nhập đúng tải kiện 12.5s,5,BNH,HUBBNH,2026-08-12,2026,8,12,10010.0,10517.0
Tỷ lệ nhập đúng tải kiện 12.5s,5,PHO,HUBHBH,2026-08-12,2026,8,12,3708.0,3708.0
Tỷ lệ nhập đúng tải kiện 12.5s,5,HPG,HUBHPG,2026-08-13,2026,8,13,10236.0,10567.0
Tỷ lệ nhập đúng tải kiện 12.5s,5,LCU,HUBLCU,2026-08-13,2026,8,13,724.0,724.0
Tỷ lệ nhập đúng tải kiện 12.5s,5,LDG,HUBLDG01,2026-08-13,2026,8,13,4742.0,6107.0
Tỷ lệ nhập đúng tải kiện 12.5s,5,HNI,HUBYAN,2026-08-13,2026,8,13,8787.0,9656.0
Tỷ lệ nhập đúng tải kiện 12.5s,5,PHO,HUBHBH,2026-08-14,2026,8,14,3802.0,3802.0
Tỷ lệ nhập đúng tải kiện 12.5s,5,HYN,HUBHYN,2026-08-14,2026,8,14,8384.0,8472.0
Tỷ lệ nhập đúng tải kiện 12.5s,5,HUE,HUBHUE,2026-08-17,2026,8,17,4121.0,4724.0
Tỷ lệ nhập đúng tải kiện 12.5s,5,QNH,HUBQNH,2026-08-17,2026,8,17,5221.0,6284.0
Tỷ lệ nhập đúng tải kiện 12.5s,5,HCM,HUBTAN,2026-08-17,2026,8,17,4537.0,5026.0
Tỷ lệ nhập đúng tải kiện 12.5s,5,HCM,HUBVTU,2026-08-17,2026,8,17,6546.0,7112.0
Tỷ lệ nhập đúng tải kiện 12.5s,5,HCM,HUBHCM,2026-08-01,2026,8,1,198.0,445.0
Tỷ lệ nhập đúng tải kiện 12.5s,5,QTI,HUBQBH,2026-08-01,2026,8,1,3873.0,4018.0
Tỷ lệ nhập đúng tải kiện 12.5s,5,AGG,HUBKGG01,2026-08-02,2026,8,2,6525.0,6921.0
Tỷ lệ nhập đúng tải kiện 12.5s,5,LDG,HUBLDG03,2026-08-02,2026,8,2,2759.0,3223.0
Tỷ lệ nhập đúng tải kiện 12.5s,5,TNH,HUBTNH,2026-08-02,2026,8,2,5748.0,5854.0
Tỷ lệ nhập đúng tải kiện 12.5s,5,QNI,HUBQNI,2026-08-03,2026,8,3,3853.0,4092.0
Tỷ lệ nhập đúng tải kiện 12.5s,5,BNH,HUBBNH,2026-08-04,2026,8,4,9403.0,12136.0
Tỷ lệ nhập đúng tải kiện 12.5s,5,DNI,HUBDNI,2026-08-04,2026,8,4,17358.0,18834.0
Tỷ lệ nhập đúng tải kiện 12.5s,5,DTP,HUBDTP,2026-08-04,2026,8,4,8026.0,8064.0
Tỷ lệ nhập đúng tải kiện 12.5s,5,TQG,HUBHGG,2026-08-04,2026,8,4,1640.0,1641.0
Tỷ lệ nhập đúng tải kiện 12.5s,5,HNI,BBSDPG,2026-08-06,2026,8,6,13995.0,14875.0
Tỷ lệ nhập đúng tải kiện 12.5s,5,CBG,HUBCBG,2026-08-06,2026,8,6,1031.0,1031.0
Tỷ lệ nhập đúng tải kiện 12.5s,5,QNI,HUBQNI,2026-08-06,2026,8,6,3307.0,3311.0
Tỷ lệ nhập đúng tải kiện 12.5s,5,AGG,HUBAGG,2026-08-07,2026,8,7,9553.0,9825.0
Tỷ lệ nhập đúng tải kiện 12.5s,5,VLG,HUBBTE,2026-08-07,2026,8,7,8893.0,9276.0
Tỷ lệ nhập đúng tải kiện 12.5s,5,HYN,HUBTBH,2026-08-07,2026,8,7,7501.0,7553.0
Tỷ lệ nhập đúng tải kiện 12.5s,5,BNH,HUBBNH,2026-08-08,2026,8,8,7335.0,9476.0
Tỷ lệ nhập đúng tải kiện 12.5s,5,DNI,HUBBPC,2026-08-10,2026,8,10,5349.0,5349.0
Tỷ lệ nhập đúng tải kiện 12.5s,5,HUE,HUBHUE,2026-08-10,2026,8,10,4629.0,4880.0
Tỷ lệ nhập đúng tải kiện 12.5s,5,SLA,HUBSLA,2026-08-10,2026,8,10,135.0,188.0
Tỷ lệ nhập đúng tải kiện 12.5s,5,BNH,HUBBNH,2026-08-11,2026,8,11,9922.0,10415.0
Tỷ lệ nhập đúng tải kiện 12.5s,5,QNI,HUBKTM,2026-08-11,2026,8,11,2246.0,2255.0
Tỷ lệ nhập đúng tải kiện 12.5s,5,KHA,HUBKHA,2026-08-12,2026,8,12,5599.0,7132.0
Tỷ lệ nhập đúng tải kiện 12.5s,5,QNI,HUBQNI,2026-08-12,2026,8,12,3325.0,3485.0
Tỷ lệ nhập đúng tải kiện 12.5s,5,HNI,BBSDPG,2026-08-13,2026,8,13,13631.0,14866.0
Tỷ lệ nhập đúng tải kiện 12.5s,5,LCI,HUBLCI01,2026-08-13,2026,8,13,2319.0,3680.0
Tỷ lệ nhập đúng tải kiện 12.5s,5,NAN,HUBNAN,2026-08-13,2026,8,13,10832.0,11889.0
Tỷ lệ nhập đúng tải kiện 12.5s,5,HNI,BBSDPG,2026-08-14,2026,8,14,11213.0,11849.0
Tỷ lệ nhập đúng tải kiện 12.5s,5,PHO,HUBHBH,2026-08-17,2026,8,17,3120.0,3120.0
Tỷ lệ nhập đúng tải kiện 12.5s,5,HNI,HUBHNI,2026-08-17,2026,8,17,3.0,3.0
Tỷ lệ nhập đúng tải kiện 12.5s,5,CMU,HUBBLU,2026-08-01,2026,8,1,3454.0,3455.0
Tỷ lệ nhập đúng tải kiện 12.5s,5,QNH,HUBQNH,2026-08-01,2026,8,1,6339.0,7862.0
Tỷ lệ nhập đúng tải kiện 12.5s,5,AGG,HUBAGG,2026-08-02,2026,8,2,7589.0,7738.0
Tỷ lệ nhập đúng tải kiện 12.5s,5,PHO,HUBVPC,2026-08-02,2026,8,2,7555.0,8686.0
Tỷ lệ nhập đúng tải kiện 12.5s,5,DNG,HUBDNG,2026-08-03,2026,8,3,10.0,12.0
Tỷ lệ nhập đúng tải kiện 12.5s,5,TNH,HUBLAN,2026-08-03,2026,8,3,8147.0,9457.0
Tỷ lệ nhập đúng tải kiện 12.5s,5,LSN,HUBLSN,2026-08-03,2026,8,3,1932.0,1932.0
Tỷ lệ nhập đúng tải kiện 12.5s,5,TNH,HUBTNH,2026-08-03,2026,8,3,6191.0,6212.0
Tỷ lệ nhập đúng tải kiện 12.5s,5,PHO,HUBVPC,2026-08-03,2026,8,3,9101.0,10125.0
Tỷ lệ nhập đúng tải kiện 12.5s,5,DLK,HUBDLK,2026-08-04,2026,8,4,9379.0,10800.0
Tỷ lệ nhập đúng tải kiện 12.5s,5,GLI,HUBGLI,2026-08-04,2026,8,4,7176.0,7221.0
Tỷ lệ nhập đúng tải kiện 12.5s,5,LDG,HUBDKG,2026-08-06,2026,8,6,4286.0,4434.0
Tỷ lệ nhập đúng tải kiện 12.5s,5,DNG,HUBDNG,2026-08-06,2026,8,6,17.0,18.0
Tỷ lệ nhập đúng tải kiện 12.5s,5,NBH,HUBHNM,2026-08-06,2026,8,6,4043.0,4517.0
Tỷ lệ nhập đúng tải kiện 12.5s,5,DBN,HUBDBN,2026-08-07,2026,8,7,330.0,331.0
Tỷ lệ nhập đúng tải kiện 12.5s,5,NBH,HUBNBH,2026-08-07,2026,8,7,4746.0,4839.0
Tỷ lệ nhập đúng tải kiện 12.5s,5,HCM,HUBTTO,2026-08-07,2026,8,7,14418.0,15347.0
Tỷ lệ nhập đúng tải kiện 12.5s,5,GLI,HUBGLI,2026-08-08,2026,8,8,7718.0,8583.0
Tỷ lệ nhập đúng tải kiện 12.5s,5,QTI,HUBQBH,2026-08-08,2026,8,8,4547.0,4710.0
Tỷ lệ nhập đúng tải kiện 12.5s,5,CBG,HUBCBG,2026-08-09,2026,8,9,955.0,957.0
Tỷ lệ nhập đúng tải kiện 12.5s,5,GLI,HUBGLI,2026-08-09,2026,8,9,5070.0,5111.0
Tỷ lệ nhập đúng tải kiện 12.5s,5,NBH,HUBHNM,2026-08-09,2026,8,9,2504.0,2625.0
Tỷ lệ nhập đúng tải kiện 12.5s,5,CBG,HUBCBG,2026-08-10,2026,8,10,736.0,760.0
Tỷ lệ nhập đúng tải kiện 12.5s,5,PHO,HUBPHO,2026-08-10,2026,8,10,5341.0,5437.0
Tỷ lệ nhập đúng tải kiện 12.5s,5,DNG,HUBQNM,2026-08-10,2026,8,10,5109.0,5126.0
Tỷ lệ nhập đúng tải kiện 12.5s,5,CNKT4,TTKT4,2026-08-10,2026,8,10,23993.0,24167.0
Tỷ lệ nhập đúng tải kiện 12.5s,5,LCU,HUBLCU,2026-08-11,2026,8,11,650.0,652.0
Tỷ lệ nhập đúng tải kiện 12.5s,5,HNI,HUBLBN,2026-08-13,2026,8,13,7930.0,8681.0
Tỷ lệ nhập đúng tải kiện 12.5s,5,LDG,HUBLDG03,2026-08-13,2026,8,13,4135.0,4315.0
Tỷ lệ nhập đúng tải kiện 12.5s,5,PHO,HUBPHO,2026-08-13,2026,8,13,6318.0,6587.0
Tỷ lệ nhập đúng tải kiện 12.5s,5,CTO,HUBSTG,2026-08-13,2026,8,13,6521.0,6521.0
Tỷ lệ nhập đúng tải kiện 12.5s,5,BNH,HUBBNH,2026-08-14,2026,8,14,9734.0,10513.0
Tỷ lệ nhập đúng tải kiện 12.5s,5,TQG,HUBHGG,2026-08-14,2026,8,14,1538.0,1544.0
Tỷ lệ nhập đúng tải kiện 12.5s,5,TNN,HUBTNN,2026-08-14,2026,8,14,6506.0,8076.0
Tỷ lệ nhập đúng tải kiện 12.5s,5,AGG,HUBKGG01,2026-08-17,2026,8,17,5608.0,5767.0
Tỷ lệ nhập đúng tải kiện 12.5s,5,SLA,HUBSLA,2026-08-17,2026,8,17,116.0,226.0
Tỷ lệ nhập đúng tải kiện 12.5s,5,DTP,HUBTGG,2026-08-17,2026,8,17,6363.0,6378.0
Tỷ lệ nhập đúng tải kiện 12.5s,5,TNH,HUBTNH,2026-08-17,2026,8,17,6331.0,6592.0
Tỷ lệ nhập đúng tải kiện 12.5s,5,CNKT5,TTKT5,2026-08-17,2026,8,17,70449.0,72213.0
Tỷ lệ nhập đúng tải kiện 12.5s,5,LDG,HUBLDG03,2026-08-01,2026,8,1,3396.0,3424.0
Tỷ lệ nhập đúng tải kiện 12.5s,5,NBH,HUBHNM,2026-08-02,2026,8,2,3201.0,3201.0
Tỷ lệ nhập đúng tải kiện 12.5s,5,HTH,HUBHTH,2026-08-02,2026,8,2,3797.0,3797.0
Tỷ lệ nhập đúng tải kiện 12.5s,5,DNG,HUBQNM,2026-08-02,2026,8,2,4871.0,4963.0
Tỷ lệ nhập đúng tải kiện 12.5s,5,CTO,HUBCTO,2026-08-03,2026,8,3,46.0,46.0
Tỷ lệ nhập đúng tải kiện 12.5s,5,SLA,HUBSLA,2026-08-03,2026,8,3,231.0,250.0
Tỷ lệ nhập đúng tải kiện 12.5s,5,TQG,HUBTQG,2026-08-03,2026,8,3,1768.0,1769.0
Tỷ lệ nhập đúng tải kiện 12.5s,5,VLG,HUBTVH,2026-08-03,2026,8,3,4064.0,4064.0
Tỷ lệ nhập đúng tải kiện 12.5s,5,VLG,HUBVLG,2026-08-03,2026,8,3,3646.0,4030.0
Tỷ lệ nhập đúng tải kiện 12.5s,5,AGG,HUBAGG,2026-08-04,2026,8,4,9517.0,9855.0
Tỷ lệ nhập đúng tải kiện 12.5s,5,DBN,HUBDBN,2026-08-04,2026,8,4,696.0,696.0
Tỷ lệ nhập đúng tải kiện 12.5s,5,LDG,HUBLDG01,2026-08-04,2026,8,4,5589.0,6951.0
Tỷ lệ nhập đúng tải kiện 12.5s,5,DBN,HUBDBN,2026-08-06,2026,8,6,299.0,299.0
Tỷ lệ nhập đúng tải kiện 12.5s,5,PHO,HUBVPC,2026-08-06,2026,8,6,10235.0,11527.0
Tỷ lệ nhập đúng tải kiện 12.5s,5,GLI,HUBBHD,2026-08-07,2026,8,7,1862.0,1864.0
Tỷ lệ nhập đúng tải kiện 12.5s,5,LDG,HUBBTN,2026-08-07,2026,8,7,7517.0,8415.0
Tỷ lệ nhập đúng tải kiện 12.5s,5,CMU,HUBCMU,2026-08-07,2026,8,7,5874.0,6221.0
Tỷ lệ nhập đúng tải kiện 12.5s,5,NBH,HUBNDH,2026-08-07,2026,8,7,8572.0,8573.0
Tỷ lệ nhập đúng tải kiện 12.5s,5,QTI,HUBQBH,2026-08-07,2026,8,7,3956.0,4346.0
Tỷ lệ nhập đúng tải kiện 12.5s,5,VLG,HUBTVH,2026-08-07,2026,8,7,4246.0,4246.0
Tỷ lệ nhập đúng tải kiện 12.5s,5,CMU,HUBBLU,2026-08-08,2026,8,8,3810.0,3810.0
Tỷ lệ nhập đúng tải kiện 12.5s,5,DNI,HUBBPC,2026-08-08,2026,8,8,6112.0,6147.0
Tỷ lệ nhập đúng tải kiện 12.5s,5,CBG,HUBCBG,2026-08-08,2026,8,8,1004.0,1036.0
Tỷ lệ nhập đúng tải kiện 12.5s,5,DTP,HUBDTP,2026-08-08,2026,8,8,8877.0,8904.0
Tỷ lệ nhập đúng tải kiện 12.5s,5,TQG,HUBHGG,2026-08-08,2026,8,8,1718.0,1718.0
Tỷ lệ nhập đúng tải kiện 12.5s,5,HTH,HUBHTH,2026-08-08,2026,8,8,4173.0,4179.0
Tỷ lệ nhập đúng tải kiện 12.5s,5,HNI,HUBLBN,2026-08-08,2026,8,8,7981.0,8494.0
Tỷ lệ nhập đúng tải kiện 12.5s,5,LDG,HUBLDG03,2026-08-08,2026,8,8,4414.0,4454.0
Tỷ lệ nhập đúng tải kiện 12.5s,5,BNH,HUBBGG,2026-08-09,2026,8,9,9551.0,10964.0
Tỷ lệ nhập đúng tải kiện 12.5s,5,AGG,HUBKGG01,2026-08-09,2026,8,9,7580.0,7615.0
Tỷ lệ nhập đúng tải kiện 12.5s,5,DTP,HUBTGG,2026-08-09,2026,8,9,6705.0,6707.0
Tỷ lệ nhập đúng tải kiện 12.5s,5,VLG,HUBTVH,2026-08-09,2026,8,9,3697.0,3697.0
Tỷ lệ nhập đúng tải kiện 12.5s,5,CTO,HUBCTO,2026-08-10,2026,8,10,58.0,58.0
Tỷ lệ nhập đúng tải kiện 12.5s,5,DBN,HUBDBN,2026-08-10,2026,8,10,437.0,437.0
Tỷ lệ nhập đúng tải kiện 12.5s,5,NBH,HUBNDH,2026-08-10,2026,8,10,7572.0,7580.0
Tỷ lệ nhập đúng tải kiện 12.5s,5,LCI,HUBYBN,2026-08-10,2026,8,10,2484.0,2700.0
Tỷ lệ nhập đúng tải kiện 12.5s,5,CNKT3,TTKT3,2026-08-10,2026,8,10,23870.0,27467.0
Tỷ lệ nhập đúng tải kiện 12.5s,5,LDG,HUBLDG01,2026-08-11,2026,8,11,3826.0,5244.0
Tỷ lệ nhập đúng tải kiện 12.5s,5,HNI,BBSDPG,2026-08-12,2026,8,12,15479.0,16138.0
Tỷ lệ nhập đúng tải kiện 12.5s,5,GLI,HUBGLI,2026-08-12,2026,8,12,5799.0,5814.0
Tỷ lệ nhập đúng tải kiện 12.5s,5,VLG,HUBVLG,2026-08-12,2026,8,12,4309.0,4447.0
Tỷ lệ nhập đúng tải kiện 12.5s,5,HCM,HUBBDG,2026-08-13,2026,8,13,6120.0,7836.0
Tỷ lệ nhập đúng tải kiện 12.5s,5,LCU,HUBLCU,2026-08-14,2026,8,14,780.0,780.0
Tỷ lệ nhập đúng tải kiện 12.5s,5,LDG,HUBLDG03,2026-08-17,2026,8,17,3337.0,3602.0
Tỷ lệ nhập đúng tải kiện 12.5s,5,DLK,HUBPYN,2026-08-17,2026,8,17,2348.0,2348.0
Tỷ lệ nhập đúng tải kiện 12.5s,5,DTP,HUBDTP,2026-08-01,2026,8,1,8072.0,8251.0
Tỷ lệ nhập đúng tải kiện 12.5s,5,PHO,HUBHBH,2026-08-01,2026,8,1,3546.0,3901.0
Tỷ lệ nhập đúng tải kiện 12.5s,5,NBH,HUBNBH,2026-08-01,2026,8,1,5137.0,5137.0
Tỷ lệ nhập đúng tải kiện 12.5s,5,HCM,HUBTAN,2026-08-01,2026,8,1,3633.0,3868.0
Tỷ lệ nhập đúng tải kiện 12.5s,5,HNI,BBSDPG,2026-08-02,2026,8,2,7953.0,8123.0
Tỷ lệ nhập đúng tải kiện 12.5s,5,GLI,HUBGLI,2026-08-02,2026,8,2,8052.0,8107.0
Tỷ lệ nhập đúng tải kiện 12.5s,5,TQG,HUBHGG,2026-08-02,2026,8,2,1475.0,1475.0
Tỷ lệ nhập đúng tải kiện 12.5s,5,HCM,HUBBDG,2026-08-03,2026,8,3,6629.0,9292.0
Tỷ lệ nhập đúng tải kiện 12.5s,5,BNH,HUBBGG,2026-08-03,2026,8,3,10328.0,10940.0
Tỷ lệ nhập đúng tải kiện 12.5s,5,TNN,HUBBKN,2026-08-03,2026,8,3,689.0,689.0
Tỷ lệ nhập đúng tải kiện 12.5s,5,CMU,HUBBLU,2026-08-03,2026,8,3,3626.0,3626.0
Tỷ lệ nhập đúng tải kiện 12.5s,5,GLI,HUBBHD,2026-08-04,2026,8,4,2501.0,2501.0
Tỷ lệ nhập đúng tải kiện 12.5s,5,HPG,HUBHPG,2026-08-04,2026,8,4,13390.0,13793.0
Tỷ lệ nhập đúng tải kiện 12.5s,5,HTH,HUBHTH,2026-08-04,2026,8,4,4291.0,4292.0
Tỷ lệ nhập đúng tải kiện 12.5s,5,NBH,HUBNBH,2026-08-04,2026,8,4,4957.0,5075.0
Tỷ lệ nhập đúng tải kiện 12.5s,5,NBH,HUBNDH,2026-08-04,2026,8,4,8739.0,8742.0
Tỷ lệ nhập đúng tải kiện 12.5s,5,TNN,HUBTNN,2026-08-04,2026,8,4,6564.0,7923.0
Tỷ lệ nhập đúng tải kiện 12.5s,5,TQG,HUBTQG,2026-08-04,2026,8,4,2130.0,2177.0
Tỷ lệ nhập đúng tải kiện 12.5s,5,HPG,HUBHPG,2026-08-06,2026,8,6,11011.0,11840.0
Tỷ lệ nhập đúng tải kiện 12.5s,5,QTI,HUBQBH,2026-08-06,2026,8,6,3719.0,3953.0
Tỷ lệ nhập đúng tải kiện 12.5s,5,TNH,HUBTNH,2026-08-06,2026,8,6,6798.0,6828.0
Tỷ lệ nhập đúng tải kiện 12.5s,5,TQG,HUBTQG,2026-08-06,2026,8,6,2374.0,2375.0
Tỷ lệ nhập đúng tải kiện 12.5s,5,CTO,HUBCTO,2026-08-08,2026,8,8,65.0,65.0
Tỷ lệ nhập đúng tải kiện 12.5s,5,HYN,HUBHYN,2026-08-08,2026,8,8,9290.0,9302.0
Tỷ lệ nhập đúng tải kiện 12.5s,5,LCI,HUBLCI01,2026-08-08,2026,8,8,1812.0,3479.0
Tỷ lệ nhập đúng tải kiện 12.5s,5,LSN,HUBLSN,2026-08-08,2026,8,8,1620.0,2225.0
Tỷ lệ nhập đúng tải kiện 12.5s,5,HYN,HUBTBH,2026-08-08,2026,8,8,6563.0,6615.0
Tỷ lệ nhập đúng tải kiện 12.5s,5,BNH,HUBBNH,2026-08-09,2026,8,9,5647.0,7195.0
Tỷ lệ nhập đúng tải kiện 12.5s,5,LDG,HUBDKG,2026-08-09,2026,8,9,3128.0,3554.0
Tỷ lệ nhập đúng tải kiện 12.5s,5,DLK,HUBDLK,2026-08-09,2026,8,9,5721.0,8614.0
Tỷ lệ nhập đúng tải kiện 12.5s,5,HUE,HUBHUE,2026-08-09,2026,8,9,4661.0,4699.0
Tỷ lệ nhập đúng tải kiện 12.5s,5,LCI,HUBLCI01,2026-08-09,2026,8,9,2142.0,3640.0
Tỷ lệ nhập đúng tải kiện 12.5s,5,HCM,HUBVTU,2026-08-09,2026,8,9,4921.0,5753.0
Tỷ lệ nhập đúng tải kiện 12.5s,5,GLI,HUBBHD,2026-08-10,2026,8,10,2063.0,2063.0
Tỷ lệ nhập đúng tải kiện 12.5s,5,CMU,HUBBLU,2026-08-10,2026,8,10,3693.0,3693.0
Tỷ lệ nhập đúng tải kiện 12.5s,5,HNI,HUBLBN,2026-08-10,2026,8,10,7282.0,7851.0
Tỷ lệ nhập đúng tải kiện 12.5s,5,HNI,HUBTTI,2026-08-10,2026,8,10,14778.0,16254.0
Tỷ lệ nhập đúng tải kiện 12.5s,5,VLG,HUBBTE,2026-08-11,2026,8,11,10183.0,10450.0
Tỷ lệ nhập đúng tải kiện 12.5s,5,CTO,HUBCTO,2026-08-11,2026,8,11,66.0,72.0
Tỷ lệ nhập đúng tải kiện 12.5s,5,LSN,HUBLSN,2026-08-11,2026,8,11,2382.0,2382.0
Tỷ lệ nhập đúng tải kiện 12.5s,5,CBG,HUBCBG,2026-08-12,2026,8,12,1081.0,1081.0
Tỷ lệ nhập đúng tải kiện 12.5s,5,LCU,HUBLCU,2026-08-12,2026,8,12,689.0,692.0
Tỷ lệ nhập đúng tải kiện 12.5s,5,NBH,HUBNDH,2026-08-12,2026,8,12,7969.0,7969.0
Tỷ lệ nhập đúng tải kiện 12.5s,5,HCM,HUBVTU,2026-08-12,2026,8,12,6970.0,7535.0
Tỷ lệ nhập đúng tải kiện 12.5s,5,CMU,HUBBLU,2026-08-13,2026,8,13,3822.0,3822.0
Tỷ lệ nhập đúng tải kiện 12.5s,5,TNH,HUBLAN,2026-08-13,2026,8,13,9888.0,11237.0
Tỷ lệ nhập đúng tải kiện 12.5s,5,QNI,HUBQNI,2026-08-13,2026,8,13,3251.0,3303.0
Tỷ lệ nhập đúng tải kiện 12.5s,5,HCM,HUBVTU,2026-08-13,2026,8,13,6711.0,7127.0
Tỷ lệ nhập đúng tải kiện 12.5s,5,HCM,HUBBDG,2026-08-14,2026,8,14,8787.0,10518.0
Tỷ lệ nhập đúng tải kiện 12.5s,5,CTO,HUBCTO,2026-08-14,2026,8,14,41.0,41.0
Tỷ lệ nhập đúng tải kiện 12.5s,5,DBN,HUBDBN,2026-08-14,2026,8,14,717.0,717.0
Tỷ lệ nhập đúng tải kiện 12.5s,5,DTP,HUBDTP,2026-08-14,2026,8,14,8260.0,8439.0
Tỷ lệ nhập đúng tải kiện 12.5s,5,HCM,HUBVTU,2026-08-14,2026,8,14,7193.0,7636.0
Tỷ lệ nhập đúng tải kiện 12.5s,5,HPG,HUBHDG,2026-08-17,2026,8,17,8807.0,8853.0
Tỷ lệ nhập đúng tải kiện 12.5s,5,NBH,HUBHNM,2026-08-17,2026,8,17,3300.0,3655.0
Tỷ lệ nhập đúng tải kiện 12.5s,5,TNH,HUBLAN,2026-08-17,2026,8,17,8506.0,9026.0
Tỷ lệ nhập đúng tải kiện 12.5s,5,HNI,HUBYAN,2026-08-17,2026,8,17,9638.0,11221.0
Tỷ lệ nhập đúng tải kiện 12.5s,5,LDG,HUBDKG,2026-08-01,2026,8,1,3501.0,3584.0
Tỷ lệ nhập đúng tải kiện 12.5s,5,DLK,HUBPYN,2026-08-01,2026,8,1,3212.0,3212.0
Tỷ lệ nhập đúng tải kiện 12.5s,5,HNI,HUBYAN,2026-08-01,2026,8,1,9857.0,11014.0
Tỷ lệ nhập đúng tải kiện 12.5s,5,GLI,HUBBHD,2026-08-02,2026,8,2,1576.0,1577.0
Tỷ lệ nhập đúng tải kiện 12.5s,5,HPG,HUBHDG,2026-08-02,2026,8,2,5834.0,5887.0
Tỷ lệ nhập đúng tải kiện 12.5s,5,DNI,HUBDNI,2026-08-03,2026,8,3,16396.0,18193.0
Tỷ lệ nhập đúng tải kiện 12.5s,5,NAN,HUBNAN,2026-08-03,2026,8,3,9874.0,10020.0
Tỷ lệ nhập đúng tải kiện 12.5s,5,NBH,HUBNDH,2026-08-03,2026,8,3,8243.0,8246.0
Tỷ lệ nhập đúng tải kiện 12.5s,5,HCM,HUBVTU,2026-08-03,2026,8,3,5336.0,6485.0
Tỷ lệ nhập đúng tải kiện 12.5s,5,CBG,HUBCBG,2026-08-04,2026,8,4,1136.0,1137.0
Tỷ lệ nhập đúng tải kiện 12.5s,5,GLI,HUBBHD,2026-08-06,2026,8,6,2326.0,2327.0
Tỷ lệ nhập đúng tải kiện 12.5s,5,DNI,HUBDNI,2026-08-06,2026,8,6,15844.0,17194.0
Tỷ lệ nhập đúng tải kiện 12.5s,5,HUE,HUBHUE,2026-08-06,2026,8,6,4192.0,4521.0
Tỷ lệ nhập đúng tải kiện 12.5s,5,KHA,HUBKHA,2026-08-06,2026,8,6,3950.0,6814.0
Tỷ lệ nhập đúng tải kiện 12.5s,5,THA,HUBTHA,2026-08-06,2026,8,6,12007.0,14053.0
Tỷ lệ nhập đúng tải kiện 12.5s,5,HCM,HUBTTO,2026-08-06,2026,8,6,14886.0,15846.0
Tỷ lệ nhập đúng tải kiện 12.5s,5,CMU,HUBBLU,2026-08-07,2026,8,7,2998.0,3027.0
Tỷ lệ nhập đúng tải kiện 12.5s,5,SLA,HUBSLA,2026-08-07,2026,8,7,200.0,236.0
Tỷ lệ nhập đúng tải kiện 12.5s,5,DTP,HUBTGG,2026-08-07,2026,8,7,8577.0,8580.0
Tỷ lệ nhập đúng tải kiện 12.5s,5,AGG,HUBAGG,2026-08-08,2026,8,8,9924.0,10359.0
Tỷ lệ nhập đúng tải kiện 12.5s,5,CMU,HUBCMU,2026-08-08,2026,8,8,5766.0,6399.0
Tỷ lệ nhập đúng tải kiện 12.5s,5,DLK,HUBPYN,2026-08-08,2026,8,8,3127.0,3282.0
Tỷ lệ nhập đúng tải kiện 12.5s,5,CMU,HUBBLU,2026-08-09,2026,8,9,3145.0,3259.0
Tỷ lệ nhập đúng tải kiện 12.5s,5,PHO,HUBPHO,2026-08-09,2026,8,9,5458.0,5520.0
Tỷ lệ nhập đúng tải kiện 12.5s,5,QNH,HUBQNH,2026-08-09,2026,8,9,5543.0,8134.0
Tỷ lệ nhập đúng tải kiện 12.5s,5,QNI,HUBQNI,2026-08-09,2026,8,9,2823.0,2845.0
Tỷ lệ nhập đúng tải kiện 12.5s,5,TQG,HUBTQG,2026-08-09,2026,8,9,2088.0,2089.0
Tỷ lệ nhập đúng tải kiện 12.5s,5,LDG,HUBLDG01,2026-08-10,2026,8,10,3320.0,4153.0
Tỷ lệ nhập đúng tải kiện 12.5s,5,NBH,HUBNBH,2026-08-10,2026,8,10,4238.0,4238.0
Tỷ lệ nhập đúng tải kiện 12.5s,5,LCI,HUBLCI01,2026-08-11,2026,8,11,2349.0,4096.0
Tỷ lệ nhập đúng tải kiện 12.5s,5,PHO,HUBVPC,2026-08-11,2026,8,11,10112.0,11086.0
Tỷ lệ nhập đúng tải kiện 12.5s,5,LDG,HUBBTN,2026-08-12,2026,8,12,7528.0,7675.0
Tỷ lệ nhập đúng tải kiện 12.5s,5,HNI,HUBHNI,2026-08-12,2026,8,12,1.0,1.0
Tỷ lệ nhập đúng tải kiện 12.5s,5,LCI,HUBYBN,2026-08-12,2026,8,12,3342.0,3410.0
Tỷ lệ nhập đúng tải kiện 12.5s,5,DLK,HUBDLK,2026-08-13,2026,8,13,10138.0,12430.0
Tỷ lệ nhập đúng tải kiện 12.5s,5,VLG,HUBVLG,2026-08-13,2026,8,13,4727.0,5033.0
Tỷ lệ nhập đúng tải kiện 12.5s,5,LCI,HUBYBN,2026-08-14,2026,8,14,2889.0,2910.0
Tỷ lệ nhập đúng tải kiện 12.5s,5,HNI,BBSDPG,2026-08-17,2026,8,17,12273.0,13760.0
Tỷ lệ nhập đúng tải kiện 12.5s,5,VLG,HUBBTE,2026-08-17,2026,8,17,8803.0,9178.0
Tỷ lệ nhập đúng tải kiện 12.5s,5,DLK,HUBDLK,2026-08-17,2026,8,17,7911.0,8664.0
Tỷ lệ nhập đúng tải kiện 12.5s,5,HNI,HUBLBN,2026-08-17,2026,8,17,7260.0,7776.0
Tỷ lệ nhập đúng tải kiện 12.5s,5,KHA,HUBNTN,2026-08-17,2026,8,17,2611.0,2612.0
Tỷ lệ nhập đúng tải kiện 12.5s,5,TNN,HUBTNN,2026-08-17,2026,8,17,6200.0,6691.0
Tỷ lệ nhập đúng tải kiện 12.5s,5,DNG,HUBDNG,2026-08-01,2026,8,1,2.0,2.0
Tỷ lệ nhập đúng tải kiện 12.5s,5,QTI,HUBQTI,2026-08-01,2026,8,1,3786.0,3790.0
Tỷ lệ nhập đúng tải kiện 12.5s,5,PHO,HUBHBH,2026-08-02,2026,8,2,3234.0,3594.0
Tỷ lệ nhập đúng tải kiện 12.5s,5,THA,HUBTHA,2026-08-02,2026,8,2,12983.0,13374.0
Tỷ lệ nhập đúng tải kiện 12.5s,5,QTI,HUBQTI,2026-08-03,2026,8,3,3479.0,3479.0
Tỷ lệ nhập đúng tải kiện 12.5s,5,VLG,HUBBTE,2026-08-04,2026,8,4,10609.0,11145.0
Tỷ lệ nhập đúng tải kiện 12.5s,5,HCM,HUBTTO,2026-08-04,2026,8,4,16231.0,17127.0
Tỷ lệ nhập đúng tải kiện 12.5s,5,VLG,HUBBTE,2026-08-06,2026,8,6,9701.0,10963.0
Tỷ lệ nhập đúng tải kiện 12.5s,5,CTO,HUBCTO,2026-08-06,2026,8,6,37.0,37.0
Tỷ lệ nhập đúng tải kiện 12.5s,5,TQG,HUBHGG,2026-08-06,2026,8,6,1710.0,1710.0
Tỷ lệ nhập đúng tải kiện 12.5s,5,LDG,HUBLDG01,2026-08-06,2026,8,6,4266.0,6833.0
Tỷ lệ nhập đúng tải kiện 12.5s,5,VLG,HUBVLG,2026-08-06,2026,8,6,4379.0,4711.0
Tỷ lệ nhập đúng tải kiện 12.5s,5,LCI,HUBYBN,2026-08-06,2026,8,6,2991.0,3480.0
Tỷ lệ nhập đúng tải kiện 12.5s,5,HPG,HUBHPG,2026-08-07,2026,8,7,11493.0,11799.0
Tỷ lệ nhập đúng tải kiện 12.5s,5,LDG,HUBLDG01,2026-08-07,2026,8,7,4433.0,6513.0
Tỷ lệ nhập đúng tải kiện 12.5s,5,PHO,HUBPHO,2026-08-07,2026,8,7,7834.0,7837.0
Tỷ lệ nhập đúng tải kiện 12.5s,5,KHA,HUBKHA,2026-08-08,2026,8,8,5810.0,8469.0
Tỷ lệ nhập đúng tải kiện 12.5s,5,NBH,HUBNBH,2026-08-08,2026,8,8,4336.0,4336.0
Tỷ lệ nhập đúng tải kiện 12.5s,5,HNI,HUBYAN,2026-08-08,2026,8,8,9943.0,11342.0
Tỷ lệ nhập đúng tải kiện 12.5s,5,QTI,HUBQBH,2026-08-09,2026,8,9,2880.0,3080.0
Tỷ lệ nhập đúng tải kiện 12.5s,5,PHO,HUBVPC,2026-08-09,2026,8,9,9707.0,10182.0
Tỷ lệ nhập đúng tải kiện 12.5s,5,DNG,HUBDNG,2026-08-10,2026,8,10,1919.0,1919.0
Tỷ lệ nhập đúng tải kiện 12.5s,5,BNH,HUBBGG,2026-08-11,2026,8,11,11299.0,12697.0
Tỷ lệ nhập đúng tải kiện 12.5s,5,CMU,HUBBLU,2026-08-11,2026,8,11,3644.0,3644.0
Tỷ lệ nhập đúng tải kiện 12.5s,5,CBG,HUBCBG,2026-08-11,2026,8,11,984.0,984.0
Tỷ lệ nhập đúng tải kiện 12.5s,5,TNH,HUBLAN,2026-08-11,2026,8,11,11383.0,12892.0
Tỷ lệ nhập đúng tải kiện 12.5s,5,LDG,HUBLDG03,2026-08-11,2026,8,11,3682.0,3723.0
Tỷ lệ nhập đúng tải kiện 12.5s,5,GLI,HUBBHD,2026-08-12,2026,8,12,2029.0,2035.0
Tỷ lệ nhập đúng tải kiện 12.5s,5,HYN,HUBHYN,2026-08-12,2026,8,12,7500.0,7579.0
Tỷ lệ nhập đúng tải kiện 12.5s,5,QNI,HUBKTM,2026-08-12,2026,8,12,2350.0,2364.0
Tỷ lệ nhập đúng tải kiện 12.5s,5,LDG,HUBLDG01,2026-08-12,2026,8,12,5504.0,6465.0
Tỷ lệ nhập đúng tải kiện 12.5s,5,CBG,HUBCBG,2026-08-13,2026,8,13,1097.0,1097.0
Tỷ lệ nhập đúng tải kiện 12.5s,5,QNH,HUBQNH,2026-08-13,2026,8,13,7433.0,9179.0
Tỷ lệ nhập đúng tải kiện 12.5s,5,VLG,HUBBTE,2026-08-14,2026,8,14,9622.0,9952.0
Tỷ lệ nhập đúng tải kiện 12.5s,5,CBG,HUBCBG,2026-08-14,2026,8,14,1001.0,1001.0
Tỷ lệ nhập đúng tải kiện 12.5s,5,LSN,HUBLSN,2026-08-14,2026,8,14,2313.0,2313.0
Tỷ lệ nhập đúng tải kiện 12.5s,5,QNI,HUBQNI,2026-08-14,2026,8,14,3613.0,3675.0
Tỷ lệ nhập đúng tải kiện 12.5s,5,SLA,HUBSLA,2026-08-14,2026,8,14,292.0,373.0
Tỷ lệ nhập đúng tải kiện 12.5s,5,CTO,HUBSTG,2026-08-14,2026,8,14,6488.0,6489.0
Tỷ lệ nhập đúng tải kiện 12.5s,5,HNI,HUBTTI,2026-08-14,2026,8,14,14293.0,15389.0
Tỷ lệ nhập đúng tải kiện 12.5s,5,LCI,HUBLCI01,2026-08-17,2026,8,17,1619.0,3263.0
Tỷ lệ nhập đúng tải kiện 12.5s,5,CTO,HUBCTO,2026-08-01,2026,8,1,4.0,4.0
Tỷ lệ nhập đúng tải kiện 12.5s,5,HYN,HUBHYN,2026-08-02,2026,8,2,4445.0,4838.0
Tỷ lệ nhập đúng tải kiện 12.5s,5,NAN,HUBNAN,2026-08-02,2026,8,2,9690.0,9842.0
Tỷ lệ nhập đúng tải kiện 12.5s,5,NBH,HUBNDH,2026-08-02,2026,8,2,5941.0,5979.0
Tỷ lệ nhập đúng tải kiện 12.5s,5,PHO,HUBPHO,2026-08-02,2026,8,2,6168.0,6168.0
Tỷ lệ nhập đúng tải kiện 12.5s,5,HCM,HUBTTO,2026-08-02,2026,8,2,9021.0,9313.0
Tỷ lệ nhập đúng tải kiện 12.5s,5,VLG,HUBBTE,2026-08-03,2026,8,3,8680.0,9847.0
Tỷ lệ nhập đúng tải kiện 12.5s,5,LDG,HUBBTN,2026-08-03,2026,8,3,7026.0,7360.0
Tỷ lệ nhập đúng tải kiện 12.5s,5,NBH,HUBNBH,2026-08-03,2026,8,3,4061.0,4064.0
Tỷ lệ nhập đúng tải kiện 12.5s,5,DTP,HUBTGG,2026-08-03,2026,8,3,6768.0,6768.0
Tỷ lệ nhập đúng tải kiện 12.5s,5,THA,HUBTHA,2026-08-03,2026,8,3,10201.0,11445.0
Tỷ lệ nhập đúng tải kiện 12.5s,5,DLK,HUBPYN,2026-08-04,2026,8,4,3098.0,3104.0
Tỷ lệ nhập đúng tải kiện 12.5s,5,HNI,HUBYAN,2026-08-04,2026,8,4,11376.0,12557.0
Tỷ lệ nhập đúng tải kiện 12.5s,5,HCM,HUBTAN,2026-08-06,2026,8,6,5561.0,6163.0
Tỷ lệ nhập đúng tải kiện 12.5s,5,HYN,HUBTBH,2026-08-06,2026,8,6,7377.0,7438.0
Tỷ lệ nhập đúng tải kiện 12.5s,5,HCM,HUBHCM,2026-08-07,2026,8,7,83.0,83.0
Tỷ lệ nhập đúng tải kiện 12.5s,5,TQG,HUBHGG,2026-08-07,2026,8,7,1640.0,1641.0
Tỷ lệ nhập đúng tải kiện 12.5s,5,HNI,HUBLBN,2026-08-07,2026,8,7,7590.0,8032.0
Tỷ lệ nhập đúng tải kiện 12.5s,5,LSN,HUBLSN,2026-08-07,2026,8,7,2643.0,2836.0
Tỷ lệ nhập đúng tải kiện 12.5s,5,TNH,HUBTNH,2026-08-07,2026,8,7,8810.0,9519.0
Tỷ lệ nhập đúng tải kiện 12.5s,5,DTP,HUBTGG,2026-08-08,2026,8,8,7842.0,7863.0
Tỷ lệ nhập đúng tải kiện 12.5s,5,HCM,HUBVTU,2026-08-08,2026,8,8,6592.0,6800.0
Tỷ lệ nhập đúng tải kiện 12.5s,5,HNI,BBSDPG,2026-08-09,2026,8,9,5922.0,6941.0
Tỷ lệ nhập đúng tải kiện 12.5s,5,VLG,HUBVLG,2026-08-09,2026,8,9,3833.0,4091.0
Tỷ lệ nhập đúng tải kiện 12.5s,5,TQG,HUBHGG,2026-08-10,2026,8,10,809.0,812.0
Tỷ lệ nhập đúng tải kiện 12.5s,5,KHA,HUBKHA,2026-08-10,2026,8,10,4366.0,6418.0
Tỷ lệ nhập đúng tải kiện 12.5s,5,LDG,HUBBTN,2026-08-11,2026,8,11,6662.0,7120.0
Tỷ lệ nhập đúng tải kiện 12.5s,5,HUE,HUBHUE,2026-08-11,2026,8,11,4049.0,4084.0
Tỷ lệ nhập đúng tải kiện 12.5s,5,VLG,HUBVLG,2026-08-11,2026,8,11,4805.0,4820.0
Tỷ lệ nhập đúng tải kiện 12.5s,5,AGG,HUBKGG01,2026-08-12,2026,8,12,7372.0,7458.0
Tỷ lệ nhập đúng tải kiện 12.5s,5,DNG,HUBQNM,2026-08-12,2026,8,12,5260.0,5304.0
Tỷ lệ nhập đúng tải kiện 12.5s,5,PHO,HUBVPC,2026-08-12,2026,8,12,10887.0,12030.0
Tỷ lệ nhập đúng tải kiện 12.5s,5,GLI,HUBGLI,2026-08-13,2026,8,13,5415.0,5715.0
Tỷ lệ nhập đúng tải kiện 12.5s,5,PHO,HUBHBH,2026-08-13,2026,8,13,3967.0,3967.0
Tỷ lệ nhập đúng tải kiện 12.5s,5,HPG,HUBHDG,2026-08-13,2026,8,13,8846.0,8960.0
Tỷ lệ nhập đúng tải kiện 12.5s,5,KHA,HUBNTN,2026-08-13,2026,8,13,3233.0,3288.0
Tỷ lệ nhập đúng tải kiện 12.5s,5,SLA,HUBSLA,2026-08-13,2026,8,13,339.0,366.0
Tỷ lệ nhập đúng tải kiện 12.5s,5,THA,HUBTHA,2026-08-13,2026,8,13,11332.0,12807.0
Tỷ lệ nhập đúng tải kiện 12.5s,5,CMU,HUBBLU,2026-08-14,2026,8,14,3358.0,3358.0
Tỷ lệ nhập đúng tải kiện 12.5s,5,GLI,HUBBHD,2026-08-17,2026,8,17,1851.0,1851.0
Tỷ lệ nhập đúng tải kiện 12.5s,5,LDG,HUBBTN,2026-08-17,2026,8,17,5882.0,6278.0
Tỷ lệ nhập đúng tải kiện 12.5s,5,GLI,HUBGLI,2026-08-17,2026,8,17,5844.0,5894.0
Tỷ lệ nhập đúng tải kiện 12.5s,5,HPG,HUBHPG,2026-08-17,2026,8,17,8586.0,8798.0
Tỷ lệ nhập đúng tải kiện 12.5s,5,NBH,HUBNDH,2026-08-17,2026,8,17,7651.0,7652.0
Tỷ lệ nhập đúng tải kiện 12.5s,5,HNI,HUBTTI,2026-08-17,2026,8,17,15097.0,16692.0
Tỷ lệ nhập đúng tải kiện 12.5s,5,LCI,HUBYBN,2026-08-17,2026,8,17,2652.0,2775.0
Tỷ lệ nhập đúng tải kiện 12.5s,5,CNKT2,TTKT2,2026-08-17,2026,8,17,20105.0,20333.0
Tỷ lệ nhập đúng tải kiện 12.5s,5,LCI,HUBLCI01,2026-08-01,2026,8,1,2779.0,3970.0
Tỷ lệ nhập đúng tải kiện 12.5s,5,LDG,HUBLDG01,2026-08-01,2026,8,1,5103.0,6663.0
Tỷ lệ nhập đúng tải kiện 12.5s,5,TQG,HUBTQG,2026-08-01,2026,8,1,2295.0,2296.0
Tỷ lệ nhập đúng tải kiện 12.5s,5,VLG,HUBBTE,2026-08-02,2026,8,2,7101.0,7966.0
Tỷ lệ nhập đúng tải kiện 12.5s,5,DLK,HUBPYN,2026-08-02,2026,8,2,2908.0,2942.0
Tỷ lệ nhập đúng tải kiện 12.5s,5,KHA,HUBNTN,2026-08-03,2026,8,3,3177.0,3180.0
Tỷ lệ nhập đúng tải kiện 12.5s,5,DNI,HUBBPC,2026-08-04,2026,8,4,5222.0,5541.0
Tỷ lệ nhập đúng tải kiện 12.5s,5,LSN,HUBLSN,2026-08-04,2026,8,4,2840.0,2840.0
Tỷ lệ nhập đúng tải kiện 12.5s,5,QTI,HUBQTI,2026-08-06,2026,8,6,4059.0,4059.0
Tỷ lệ nhập đúng tải kiện 12.5s,5,DNI,HUBBPC,2026-08-07,2026,8,7,6688.0,6692.0
Tỷ lệ nhập đúng tải kiện 12.5s,5,CBG,HUBCBG,2026-08-07,2026,8,7,1126.0,1126.0
Tỷ lệ nhập đúng tải kiện 12.5s,5,NBH,HUBHNM,2026-08-07,2026,8,7,3701.0,4007.0
Tỷ lệ nhập đúng tải kiện 12.5s,5,HCM,HUBTAN,2026-08-07,2026,8,7,5472.0,6754.0
Tỷ lệ nhập đúng tải kiện 12.5s,5,PHO,HUBVPC,2026-08-07,2026,8,7,11063.0,11588.0
Tỷ lệ nhập đúng tải kiện 12.5s,5,VLG,HUBBTE,2026-08-08,2026,8,8,9217.0,10302.0
Tỷ lệ nhập đúng tải kiện 12.5s,5,LDG,HUBDKG,2026-08-08,2026,8,8,3849.0,4188.0
Tỷ lệ nhập đúng tải kiện 12.5s,5,LCI,HUBYBN,2026-08-08,2026,8,8,2152.0,2551.0
Tỷ lệ nhập đúng tải kiện 12.5s,5,HPG,HUBHDG,2026-08-09,2026,8,9,5281.0,5329.0
Tỷ lệ nhập đúng tải kiện 12.5s,5,TNH,HUBTNH,2026-08-09,2026,8,9,5643.0,5807.0
Tỷ lệ nhập đúng tải kiện 12.5s,5,HNI,HUBYAN,2026-08-09,2026,8,9,5169.0,5959.0
Tỷ lệ nhập đúng tải kiện 12.5s,5,BNH,HUBBGG,2026-08-10,2026,8,10,11791.0,12666.0
Tỷ lệ nhập đúng tải kiện 12.5s,5,TNN,HUBBKN,2026-08-10,2026,8,10,699.0,736.0
Tỷ lệ nhập đúng tải kiện 12.5s,5,LDG,HUBDKG,2026-08-10,2026,8,10,2892.0,2961.0
Tỷ lệ nhập đúng tải kiện 12.5s,5,AGG,HUBKGG01,2026-08-10,2026,8,10,6423.0,6981.0
Tỷ lệ nhập đúng tải kiện 12.5s,5,NAN,HUBNAN,2026-08-10,2026,8,10,8703.0,8877.0
Tỷ lệ nhập đúng tải kiện 12.5s,5,KHA,HUBNTN,2026-08-10,2026,8,10,2157.0,2355.0
Tỷ lệ nhập đúng tải kiện 12.5s,5,PHO,HUBHBH,2026-08-11,2026,8,11,3742.0,3742.0
Tỷ lệ nhập đúng tải kiện 12.5s,5,TQG,HUBHGG,2026-08-11,2026,8,11,1410.0,1410.0
Tỷ lệ nhập đúng tải kiện 12.5s,5,NAN,HUBNAN,2026-08-11,2026,8,11,11005.0,11047.0
Tỷ lệ nhập đúng tải kiện 12.5s,5,DLK,HUBPYN,2026-08-11,2026,8,11,2329.0,2554.0
Tỷ lệ nhập đúng tải kiện 12.5s,5,SLA,HUBSLA,2026-08-11,2026,8,11,290.0,317.0
Tỷ lệ nhập đúng tải kiện 12.5s,5,HCM,HUBTAN,2026-08-11,2026,8,11,5703.0,7078.0
Tỷ lệ nhập đúng tải kiện 12.5s,5,CMU,HUBBLU,2026-08-12,2026,8,12,3411.0,3418.0
Tỷ lệ nhập đúng tải kiện 12.5s,5,DTP,HUBDTP,2026-08-12,2026,8,12,8085.0,8272.0
Tỷ lệ nhập đúng tải kiện 12.5s,5,HNI,HUBLBN,2026-08-12,2026,8,12,8780.0,9200.0
Tỷ lệ nhập đúng tải kiện 12.5s,5,HNI,HUBYAN,2026-08-12,2026,8,12,9796.0,11772.0
Tỷ lệ nhập đúng tải kiện 12.5s,5,CTO,HUBCTO,2026-08-13,2026,8,13,4.0,4.0
Tỷ lệ nhập đúng tải kiện 12.5s,5,KHA,HUBKHA,2026-08-13,2026,8,13,4260.0,6211.0
Tỷ lệ nhập đúng tải kiện 12.5s,5,TNN,HUBTNN,2026-08-13,2026,8,13,6323.0,7677.0
Tỷ lệ nhập đúng tải kiện 12.5s,5,HCM,HUBTTO,2026-08-13,2026,8,13,16285.0,17071.0
Tỷ lệ nhập đúng tải kiện 12.5s,5,GLI,HUBBHD,2026-08-14,2026,8,14,1747.0,1749.0
Tỷ lệ nhập đúng tải kiện 12.5s,5,GLI,HUBGLI,2026-08-14,2026,8,14,7091.0,7338.0
Tỷ lệ nhập đúng tải kiện 12.5s,5,LCI,HUBLCI01,2026-08-14,2026,8,14,2743.0,3817.0
Tỷ lệ nhập đúng tải kiện 12.5s,5,LDG,HUBLDG01,2026-08-14,2026,8,14,4335.0,5943.0
Tỷ lệ nhập đúng tải kiện 12.5s,5,DNG,HUBQNM,2026-08-14,2026,8,14,4718.0,4755.0
Tỷ lệ nhập đúng tải kiện 12.5s,5,TQG,HUBTQG,2026-08-14,2026,8,14,2183.0,2183.0
Tỷ lệ nhập đúng tải kiện 12.5s,5,CMU,HUBBLU,2026-08-17,2026,8,17,3207.0,3207.0
Tỷ lệ nhập đúng tải kiện 12.5s,5,CMU,HUBCMU,2026-08-17,2026,8,17,5652.0,5688.0
Tỷ lệ nhập đúng tải kiện 12.5s,5,DTP,HUBDTP,2026-08-17,2026,8,17,6845.0,6979.0
Tỷ lệ nhập đúng tải kiện 12.5s,5,GLI,HUBBHD,2026-08-01,2026,8,1,1709.0,1711.0
Tỷ lệ nhập đúng tải kiện 12.5s,5,BNH,HUBBNH,2026-08-01,2026,8,1,9817.0,10553.0
Tỷ lệ nhập đúng tải kiện 12.5s,5,CBG,HUBCBG,2026-08-01,2026,8,1,991.0,1050.0
Tỷ lệ nhập đúng tải kiện 12.5s,5,HPG,HUBHPG,2026-08-01,2026,8,1,11194.0,11517.0
Tỷ lệ nhập đúng tải kiện 12.5s,5,TNH,HUBLAN,2026-08-01,2026,8,1,10087.0,12380.0
Tỷ lệ nhập đúng tải kiện 12.5s,5,HNI,HUBTTI,2026-08-01,2026,8,1,17014.0,18452.0
Tỷ lệ nhập đúng tải kiện 12.5s,5,LDG,HUBBTN,2026-08-02,2026,8,2,5514.0,6671.0
Tỷ lệ nhập đúng tải kiện 12.5s,5,HNI,HUBLBN,2026-08-02,2026,8,2,4280.0,4437.0
Tỷ lệ nhập đúng tải kiện 12.5s,5,LCI,HUBLCI01,2026-08-02,2026,8,2,2721.0,4109.0
Tỷ lệ nhập đúng tải kiện 12.5s,5,HYN,HUBTBH,2026-08-02,2026,8,2,5609.0,5705.0
Tỷ lệ nhập đúng tải kiện 12.5s,5,TQG,HUBTQG,2026-08-02,2026,8,2,2125.0,2125.0
Tỷ lệ nhập đúng tải kiện 12.5s,5,HNI,HUBYAN,2026-08-02,2026,8,2,5621.0,6154.0
Tỷ lệ nhập đúng tải kiện 12.5s,5,DLK,HUBDLK,2026-08-03,2026,8,3,8071.0,11745.0
Tỷ lệ nhập đúng tải kiện 12.5s,5,DTP,HUBDTP,2026-08-03,2026,8,3,7082.0,7115.0
Tỷ lệ nhập đúng tải kiện 12.5s,5,PHO,HUBHBH,2026-08-03,2026,8,3,2874.0,3289.0
Tỷ lệ nhập đúng tải kiện 12.5s,5,LDG,HUBLDG01,2026-08-03,2026,8,3,3894.0,4891.0
Tỷ lệ nhập đúng tải kiện 12.5s,5,HYN,HUBTBH,2026-08-03,2026,8,3,5320.0,5396.0
Tỷ lệ nhập đúng tải kiện 12.5s,5,TNN,HUBTNN,2026-08-03,2026,8,3,5555.0,6743.0
Tỷ lệ nhập đúng tải kiện 12.5s,5,TNN,HUBBKN,2026-08-04,2026,8,4,820.0,834.0
Tỷ lệ nhập đúng tải kiện 12.5s,5,HPG,HUBHDG,2026-08-04,2026,8,4,9011.0,9124.0
Tỷ lệ nhập đúng tải kiện 12.5s,5,HUE,HUBHUE,2026-08-04,2026,8,4,4303.0,4372.0
Tỷ lệ nhập đúng tải kiện 12.5s,5,QNI,HUBKTM,2026-08-04,2026,8,4,2476.0,2485.0
Tỷ lệ nhập đúng tải kiện 12.5s,5,LCU,HUBLCU,2026-08-04,2026,8,4,703.0,703.0
Tỷ lệ nhập đúng tải kiện 12.5s,5,QNH,HUBQNH,2026-08-04,2026,8,4,7424.0,9217.0
Tỷ lệ nhập đúng tải kiện 12.5s,5,DNG,HUBQNM,2026-08-04,2026,8,4,4889.0,5103.0
Tỷ lệ nhập đúng tải kiện 12.5s,5,HCM,HUBBDG,2026-08-06,2026,8,6,8248.0,9976.0
Tỷ lệ nhập đúng tải kiện 12.5s,5,TNH,HUBLAN,2026-08-06,2026,8,6,10064.0,12745.0
Tỷ lệ nhập đúng tải kiện 12.5s,5,LCU,HUBLCU,2026-08-06,2026,8,6,743.0,743.0
Tỷ lệ nhập đúng tải kiện 12.5s,5,KHA,HUBNTN,2026-08-06,2026,8,6,2443.0,2469.0
Tỷ lệ nhập đúng tải kiện 12.5s,5,HCM,HUBBDG,2026-08-07,2026,8,7,7783.0,9881.0
Tỷ lệ nhập đúng tải kiện 12.5s,5,DNG,HUBDNG,2026-08-07,2026,8,7,61.0,61.0
Tỷ lệ nhập đúng tải kiện 12.5s,5,HTH,HUBHTH,2026-08-07,2026,8,7,4314.0,4324.0
Tỷ lệ nhập đúng tải kiện 12.5s,5,NAN,HUBNAN,2026-08-07,2026,8,7,11400.0,11616.0
Tỷ lệ nhập đúng tải kiện 12.5s,5,QNI,HUBQNI,2026-08-07,2026,8,7,4705.0,4741.0
Tỷ lệ nhập đúng tải kiện 12.5s,5,CTO,HUBSTG,2026-08-07,2026,8,7,5320.0,5410.0
Tỷ lệ nhập đúng tải kiện 12.5s,5,HNI,HUBYAN,2026-08-07,2026,8,7,8612.0,9630.0
Tỷ lệ nhập đúng tải kiện 12.5s,5,LDG,HUBLDG01,2026-08-08,2026,8,8,5217.0,7077.0
Tỷ lệ nhập đúng tải kiện 12.5s,5,DBN,HUBDBN,2026-08-09,2026,8,9,652.0,653.0
Tỷ lệ nhập đúng tải kiện 12.5s,5,TNN,HUBTNN,2026-08-09,2026,8,9,5303.0,6570.0
Tỷ lệ nhập đúng tải kiện 12.5s,5,BNH,HUBBNH,2026-08-10,2026,8,10,9172.0,9927.0
Tỷ lệ nhập đúng tải kiện 12.5s,5,PHO,HUBHBH,2026-08-10,2026,8,10,3171.0,3171.0
Tỷ lệ nhập đúng tải kiện 12.5s,5,DTP,HUBTGG,2026-08-10,2026,8,10,6146.0,6150.0
Tỷ lệ nhập đúng tải kiện 12.5s,5,TQG,HUBTQG,2026-08-10,2026,8,10,1791.0,1792.0
Tỷ lệ nhập đúng tải kiện 12.5s,5,DNG,HUBDNG,2026-08-11,2026,8,11,1.0,2.0
Tỷ lệ nhập đúng tải kiện 12.5s,5,DTP,HUBDTP,2026-08-11,2026,8,11,8450.0,8538.0
Tỷ lệ nhập đúng tải kiện 12.5s,5,AGG,HUBKGG01,2026-08-11,2026,8,11,7707.0,7949.0
Tỷ lệ nhập đúng tải kiện 12.5s,5,HNI,HUBLBN,2026-08-11,2026,8,11,7964.0,8710.0
Tỷ lệ nhập đúng tải kiện 12.5s,5,QTI,HUBQBH,2026-08-11,2026,8,11,2547.0,2751.0
Tỷ lệ nhập đúng tải kiện 12.5s,5,TNN,HUBBKN,2026-08-12,2026,8,12,868.0,878.0
Tỷ lệ nhập đúng tải kiện 12.5s,5,DNI,HUBDNI,2026-08-12,2026,8,12,17696.0,18909.0
Tỷ lệ nhập đúng tải kiện 12.5s,5,QTI,HUBQBH,2026-08-12,2026,8,12,3479.0,3663.0
Tỷ lệ nhập đúng tải kiện 12.5s,5,AGG,HUBAGG,2026-08-13,2026,8,13,8696.0,8854.0
Tỷ lệ nhập đúng tải kiện 12.5s,5,CMU,HUBCMU,2026-08-13,2026,8,13,5749.0,6319.0
Tỷ lệ nhập đúng tải kiện 12.5s,5,LDG,HUBDKG,2026-08-13,2026,8,13,3147.0,3189.0
Tỷ lệ nhập đúng tải kiện 12.5s,5,HTH,HUBHTH,2026-08-13,2026,8,13,3874.0,3877.0
Tỷ lệ nhập đúng tải kiện 12.5s,5,LCI,HUBYBN,2026-08-13,2026,8,13,2833.0,2982.0
Tỷ lệ nhập đúng tải kiện 12.5s,5,DLK,HUBDLK,2026-08-14,2026,8,14,9764.0,12583.0
Tỷ lệ nhập đúng tải kiện 12.5s,5,DTP,HUBTGG,2026-08-14,2026,8,14,8191.0,8197.0
Tỷ lệ nhập đúng tải kiện 12.5s,5,VLG,HUBVLG,2026-08-14,2026,8,14,4448.0,4635.0
Tỷ lệ nhập đúng tải kiện 12.5s,5,QNI,HUBKTM,2026-08-17,2026,8,17,1810.0,1969.0
Tỷ lệ nhập đúng tải kiện 12.5s,5,LCU,HUBLCU,2026-08-17,2026,8,17,487.0,489.0
Tỷ lệ nhập đúng tải kiện 12.5s,5,LDG,HUBLDG01,2026-08-17,2026,8,17,3211.0,4560.0
Tỷ lệ nhập đúng tải kiện 12.5s,5,LDG,HUBBTN,2026-08-01,2026,8,1,5468.0,7631.0
Tỷ lệ nhập đúng tải kiện 12.5s,5,HTH,HUBHTH,2026-08-01,2026,8,1,3999.0,4000.0
Tỷ lệ nhập đúng tải kiện 12.5s,5,PHO,HUBPHO,2026-08-01,2026,8,1,7129.0,7129.0
Tỷ lệ nhập đúng tải kiện 12.5s,5,DNI,HUBDNI,2026-08-02,2026,8,2,8010.0,8721.0
Tỷ lệ nhập đúng tải kiện 12.5s,5,CTO,HUBSTG,2026-08-02,2026,8,2,5450.0,5451.0
Tỷ lệ nhập đúng tải kiện 12.5s,5,TNN,HUBTNN,2026-08-02,2026,8,2,5971.0,6574.0
Tỷ lệ nhập đúng tải kiện 12.5s,5,HCM,HUBVTU,2026-08-02,2026,8,2,4976.0,5592.0
Tỷ lệ nhập đúng tải kiện 12.5s,5,GLI,HUBBHD,2026-08-03,2026,8,3,1456.0,1456.0
Tỷ lệ nhập đúng tải kiện 12.5s,5,HCM,HUBTAN,2026-08-03,2026,8,3,4721.0,5094.0
Tỷ lệ nhập đúng tải kiện 12.5s,5,HNI,BBSDPG,2026-08-04,2026,8,4,11142.0,11575.0
Tỷ lệ nhập đúng tải kiện 12.5s,5,CMU,HUBBLU,2026-08-04,2026,8,4,3562.0,3562.0
Tỷ lệ nhập đúng tải kiện 12.5s,5,HCM,HUBHCM,2026-08-04,2026,8,4,14.0,14.0
Tỷ lệ nhập đúng tải kiện 12.5s,5,HYN,HUBTBH,2026-08-04,2026,8,4,6643.0,6730.0
Tỷ lệ nhập đúng tải kiện 12.5s,5,DTP,HUBTGG,2026-08-04,2026,8,4,8200.0,8225.0
Tỷ lệ nhập đúng tải kiện 12.5s,5,VLG,HUBTVH,2026-08-04,2026,8,4,3892.0,3892.0
Tỷ lệ nhập đúng tải kiện 12.5s,5,VLG,HUBVLG,2026-08-04,2026,8,4,4441.0,4690.0
Tỷ lệ nhập đúng tải kiện 12.5s,5,DLK,HUBDLK,2026-08-06,2026,8,6,8030.0,12802.0
Tỷ lệ nhập đúng tải kiện 12.5s,5,DTP,HUBDTP,2026-08-06,2026,8,6,8051.0,8083.0
Tỷ lệ nhập đúng tải kiện 12.5s,5,PHO,HUBHBH,2026-08-06,2026,8,6,3956.0,3956.0
Tỷ lệ nhập đúng tải kiện 12.5s,5,DNG,HUBQNM,2026-08-06,2026,8,6,5564.0,5740.0
Tỷ lệ nhập đúng tải kiện 12.5s,5,HNI,BBSDPG,2026-08-07,2026,8,7,12476.0,12909.0
Tỷ lệ nhập đúng tải kiện 12.5s,5,LCU,HUBLCU,2026-08-07,2026,8,7,817.0,829.0
Tỷ lệ nhập đúng tải kiện 12.5s,5,KHA,HUBNTN,2026-08-07,2026,8,7,3518.0,3527.0
Tỷ lệ nhập đúng tải kiện 12.5s,5,THA,HUBTHA,2026-08-07,2026,8,7,11898.0,12731.0
Tỷ lệ nhập đúng tải kiện 12.5s,5,TQG,HUBTQG,2026-08-07,2026,8,7,2851.0,2853.0
Tỷ lệ nhập đúng tải kiện 12.5s,5,VLG,HUBVLG,2026-08-07,2026,8,7,4801.0,5099.0
Tỷ lệ nhập đúng tải kiện 12.5s,5,CTO,HUBSTG,2026-08-08,2026,8,8,6720.0,6745.0
Tỷ lệ nhập đúng tải kiện 12.5s,5,TQG,HUBHGG,2026-08-09,2026,8,9,1575.0,1575.0
Tỷ lệ nhập đúng tải kiện 12.5s,5,TNH,HUBLAN,2026-08-09,2026,8,9,8143.0,8470.0
Tỷ lệ nhập đúng tải kiện 12.5s,5,CNKT3,DCCNKT3,2026-08-10,2026,8,10,38899.0,39549.0
Tỷ lệ nhập đúng tải kiện 12.5s,5,DLK,HUBDLK,2026-08-10,2026,8,10,6620.0,9342.0
Tỷ lệ nhập đúng tải kiện 12.5s,5,DTP,HUBDTP,2026-08-10,2026,8,10,7070.0,7147.0
Tỷ lệ nhập đúng tải kiện 12.5s,5,QNI,HUBKTM,2026-08-10,2026,8,10,1939.0,1939.0
Tỷ lệ nhập đúng tải kiện 12.5s,5,HCM,HUBTTO,2026-08-10,2026,8,10,15081.0,16282.0
Tỷ lệ nhập đúng tải kiện 12.5s,5,HTH,HUBHTH,2026-08-11,2026,8,11,4162.0,4163.0
Tỷ lệ nhập đúng tải kiện 12.5s,5,TNN,HUBTNN,2026-08-11,2026,8,11,8183.0,9293.0
Tỷ lệ nhập đúng tải kiện 12.5s,5,LCI,HUBYBN,2026-08-11,2026,8,11,3573.0,3980.0
Tỷ lệ nhập đúng tải kiện 12.5s,5,BNH,HUBBGG,2026-08-12,2026,8,12,11832.0,13138.0
Tỷ lệ nhập đúng tải kiện 12.5s,5,DBN,HUBDBN,2026-08-12,2026,8,12,579.0,579.0
Tỷ lệ nhập đúng tải kiện 12.5s,5,LSN,HUBLSN,2026-08-12,2026,8,12,2407.0,2408.0
Tỷ lệ nhập đúng tải kiện 12.5s,5,TNH,HUBTNH,2026-08-12,2026,8,12,6278.0,6633.0
Tỷ lệ nhập đúng tải kiện 12.5s,5,TNN,HUBTNN,2026-08-12,2026,8,12,5930.0,7366.0
Tỷ lệ nhập đúng tải kiện 12.5s,5,VLG,HUBTVH,2026-08-12,2026,8,12,3903.0,3903.0
Tỷ lệ nhập đúng tải kiện 12.5s,5,BNH,HUBBGG,2026-08-13,2026,8,13,9870.0,11876.0
Tỷ lệ nhập đúng tải kiện 12.5s,5,HUE,HUBHUE,2026-08-13,2026,8,13,5460.0,5682.0
Tỷ lệ nhập đúng tải kiện 12.5s,5,NBH,HUBNBH,2026-08-13,2026,8,13,4845.0,4845.0
Tỷ lệ nhập đúng tải kiện 12.5s,5,TNH,HUBTNH,2026-08-13,2026,8,13,7034.0,7151.0
Tỷ lệ nhập đúng tải kiện 12.5s,5,BNH,HUBBGG,2026-08-14,2026,8,14,12600.0,13220.0
Tỷ lệ nhập đúng tải kiện 12.5s,5,HUE,HUBHUE,2026-08-14,2026,8,14,5041.0,5375.0
Tỷ lệ nhập đúng tải kiện 12.5s,5,LDG,HUBLDG03,2026-08-14,2026,8,14,3592.0,3937.0
Tỷ lệ nhập đúng tải kiện 12.5s,5,DNI,HUBDNI,2026-08-17,2026,8,17,17059.0,17777.0
Tỷ lệ nhập đúng tải kiện 12.5s,5,NAN,HUBNAN,2026-08-17,2026,8,17,8781.0,8793.0
Tỷ lệ nhập đúng tải kiện 12.5s,5,VLG,HUBTVH,2026-08-17,2026,8,17,3316.0,3316.0
Tỷ lệ nhập đúng tải kiện 12.5s,5,VLG,HUBVLG,2026-08-17,2026,8,17,3934.0,4034.0
Tỷ lệ nhập đúng tải kiện 12.5s,5,HNI,BBSDPG,2026-08-01,2026,8,1,11648.0,12043.0
Tỷ lệ nhập đúng tải kiện 12.5s,5,TNN,HUBBKN,2026-08-01,2026,8,1,805.0,860.0
Tỷ lệ nhập đúng tải kiện 12.5s,5,HNI,HUBLBN,2026-08-01,2026,8,1,8000.0,8526.0
Tỷ lệ nhập đúng tải kiện 12.5s,5,LSN,HUBLSN,2026-08-01,2026,8,1,2349.0,2503.0
Tỷ lệ nhập đúng tải kiện 12.5s,5,TNN,HUBBKN,2026-08-02,2026,8,2,693.0,694.0
Tỷ lệ nhập đúng tải kiện 12.5s,5,DNI,HUBBPC,2026-08-03,2026,8,3,4342.0,5034.0
Tỷ lệ nhập đúng tải kiện 12.5s,5,CMU,HUBBLU,2026-08-06,2026,8,6,3433.0,3433.0
Tỷ lệ nhập đúng tải kiện 12.5s,5,HTH,HUBHTH,2026-08-06,2026,8,6,4195.0,4195.0
Tỷ lệ nhập đúng tải kiện 12.5s,5,LSN,HUBLSN,2026-08-06,2026,8,6,2171.0,2475.0
Tỷ lệ nhập đúng tải kiện 12.5s,5,NBH,HUBNBH,2026-08-06,2026,8,6,5133.0,5133.0
Tỷ lệ nhập đúng tải kiện 12.5s,5,DLK,HUBPYN,2026-08-06,2026,8,6,3416.0,3427.0
Tỷ lệ nhập đúng tải kiện 12.5s,5,DNI,HUBDNI,2026-08-07,2026,8,7,15824.0,17000.0
Tỷ lệ nhập đúng tải kiện 12.5s,5,GLI,HUBGLI,2026-08-07,2026,8,7,7849.0,8163.0
Tỷ lệ nhập đúng tải kiện 12.5s,5,PHO,HUBHBH,2026-08-07,2026,8,7,3844.0,3844.0
Tỷ lệ nhập đúng tải kiện 12.5s,5,AGG,HUBKGG01,2026-08-08,2026,8,8,7125.0,7217.0
Tỷ lệ nhập đúng tải kiện 12.5s,5,HCM,HUBTAN,2026-08-08,2026,8,8,6467.0,8117.0
Tỷ lệ nhập đúng tải kiện 12.5s,5,CMU,HUBCMU,2026-08-10,2026,8,10,5787.0,5787.0
Tỷ lệ nhập đúng tải kiện 12.5s,5,TNH,HUBLAN,2026-08-10,2026,8,10,10076.0,11160.0
Tỷ lệ nhập đúng tải kiện 12.5s,5,LCU,HUBLCU,2026-08-10,2026,8,10,507.0,509.0
Tỷ lệ nhập đúng tải kiện 12.5s,5,QNI,HUBQNI,2026-08-10,2026,8,10,3457.0,3462.0
Tỷ lệ nhập đúng tải kiện 12.5s,5,TNH,HUBTNH,2026-08-10,2026,8,10,5843.0,6302.0
Tỷ lệ nhập đúng tải kiện 12.5s,5,TNN,HUBTNN,2026-08-10,2026,8,10,6774.0,7640.0
Tỷ lệ nhập đúng tải kiện 12.5s,5,CNKT5,TTKT5,2026-08-10,2026,8,10,71519.0,73301.0
Tỷ lệ nhập đúng tải kiện 12.5s,5,AGG,HUBAGG,2026-08-11,2026,8,11,10218.0,10541.0
Tỷ lệ nhập đúng tải kiện 12.5s,5,DNI,HUBBPC,2026-08-12,2026,8,12,5640.0,5808.0
Tỷ lệ nhập đúng tải kiện 12.5s,5,HCM,HUBHCM,2026-08-12,2026,8,12,164.0,362.0
Tỷ lệ nhập đúng tải kiện 12.5s,5,HPG,HUBHDG,2026-08-12,2026,8,12,8816.0,8882.0
Tỷ lệ nhập đúng tải kiện 12.5s,5,PHO,HUBPHO,2026-08-12,2026,8,12,7131.0,7158.0
Tỷ lệ nhập đúng tải kiện 12.5s,5,HCM,HUBHCM,2026-08-13,2026,8,13,222.0,333.0
Tỷ lệ nhập đúng tải kiện 12.5s,5,TNN,HUBBKN,2026-08-14,2026,8,14,905.0,909.0
Tỷ lệ nhập đúng tải kiện 12.5s,5,HCM,HUBHCM,2026-08-14,2026,8,14,635.0,942.0
Tỷ lệ nhập đúng tải kiện 12.5s,5,NBH,HUBNDH,2026-08-14,2026,8,14,7357.0,7357.0
Tỷ lệ nhập đúng tải kiện 12.5s,5,QTI,HUBQTI,2026-08-14,2026,8,14,3171.0,3171.0
Tỷ lệ nhập đúng tải kiện 12.5s,5,HCM,HUBTAN,2026-08-14,2026,8,14,5995.0,6482.0
Tỷ lệ nhập đúng tải kiện 12.5s,5,HYN,HUBTBH,2026-08-14,2026,8,14,6805.0,6835.0
Tỷ lệ nhập đúng tải kiện 12.5s,5,AGG,HUBAGG,2026-08-17,2026,8,17,9658.0,9964.0
Tỷ lệ nhập đúng tải kiện 12.5s,5,CTO,HUBCTO,2026-08-17,2026,8,17,44.0,44.0
Tỷ lệ nhập đúng tải kiện 12.5s,5,DBN,HUBDBN,2026-08-17,2026,8,17,516.0,516.0
Tỷ lệ nhập đúng tải kiện 12.5s,5,KHA,HUBKHA,2026-08-17,2026,8,17,3760.0,5051.0
Tỷ lệ nhập đúng tải kiện 12.5s,5,CMU,HUBCMU,2026-08-01,2026,8,1,6231.0,6428.0
Tỷ lệ nhập đúng tải kiện 12.5s,5,KHA,HUBKHA,2026-08-01,2026,8,1,5655.0,8556.0
Tỷ lệ nhập đúng tải kiện 12.5s,5,HUE,HUBHUE,2026-08-03,2026,8,3,4458.0,4968.0
Tỷ lệ nhập đúng tải kiện 12.5s,5,LDG,HUBLDG03,2026-08-03,2026,8,3,3497.0,3743.0
Tỷ lệ nhập đúng tải kiện 12.5s,5,HCM,HUBBDG,2026-08-04,2026,8,4,8493.0,10492.0
Tỷ lệ nhập đúng tải kiện 12.5s,5,CTO,HUBCTO,2026-08-04,2026,8,4,51.0,51.0
Tỷ lệ nhập đúng tải kiện 12.5s,5,PHO,HUBPHO,2026-08-04,2026,8,4,7447.0,7447.0
Tỷ lệ nhập đúng tải kiện 12.5s,5,PHO,HUBVPC,2026-08-04,2026,8,4,11648.0,12415.0
Tỷ lệ nhập đúng tải kiện 12.5s,5,HCM,HUBVTU,2026-08-04,2026,8,4,7058.0,8520.0
Tỷ lệ nhập đúng tải kiện 12.5s,5,BNH,HUBBNH,2026-08-06,2026,8,6,10092.0,12270.0
Tỷ lệ nhập đúng tải kiện 12.5s,5,QNI,HUBKTM,2026-08-06,2026,8,6,2961.0,2961.0
Tỷ lệ nhập đúng tải kiện 12.5s,5,LDG,HUBDKG,2026-08-07,2026,8,7,3575.0,3913.0
Tỷ lệ nhập đúng tải kiện 12.5s,5,HYN,HUBHYN,2026-08-07,2026,8,7,9015.0,9156.0
Tỷ lệ nhập đúng tải kiện 12.5s,5,DNG,HUBQNM,2026-08-07,2026,8,7,7429.0,7447.0
Tỷ lệ nhập đúng tải kiện 12.5s,5,HNI,BBSDPG,2026-08-08,2026,8,8,11907.0,13056.0
Tỷ lệ nhập đúng tải kiện 12.5s,5,GLI,HUBBHD,2026-08-08,2026,8,8,2169.0,2169.0
Tỷ lệ nhập đúng tải kiện 12.5s,5,LDG,HUBBTN,2026-08-08,2026,8,8,7057.0,7567.0
Tỷ lệ nhập đúng tải kiện 12.5s,5,NBH,HUBNDH,2026-08-08,2026,8,8,7328.0,7330.0
Tỷ lệ nhập đúng tải kiện 12.5s,5,PHO,HUBPHO,2026-08-08,2026,8,8,7160.0,7214.0
Tỷ lệ nhập đúng tải kiện 12.5s,5,QNH,HUBQNH,2026-08-08,2026,8,8,6058.0,6360.0
Tỷ lệ nhập đúng tải kiện 12.5s,5,QNI,HUBQNI,2026-08-08,2026,8,8,3866.0,3872.0
Tỷ lệ nhập đúng tải kiện 12.5s,5,HCM,HUBTTO,2026-08-08,2026,8,8,16283.0,18160.0
Tỷ lệ nhập đúng tải kiện 12.5s,5,CTO,HUBCTO,2026-08-09,2026,8,9,86.0,86.0
Tỷ lệ nhập đúng tải kiện 12.5s,5,KHA,HUBNTN,2026-08-09,2026,8,9,2155.0,2156.0
Tỷ lệ nhập đúng tải kiện 12.5s,5,QTI,HUBQTI,2026-08-09,2026,8,9,3297.0,3340.0
Tỷ lệ nhập đúng tải kiện 12.5s,5,VLG,HUBBTE,2026-08-10,2026,8,10,9231.0,9302.0
Tỷ lệ nhập đúng tải kiện 12.5s,5,DNI,HUBBPC,2026-08-11,2026,8,11,5686.0,5745.0
Tỷ lệ nhập đúng tải kiện 12.5s,5,AGG,HUBAGG,2026-08-12,2026,8,12,8549.0,8820.0
Tỷ lệ nhập đúng tải kiện 12.5s,5,LDG,HUBDKG,2026-08-12,2026,8,12,3339.0,3887.0
Tỷ lệ nhập đúng tải kiện 12.5s,5,LCI,HUBLCI01,2026-08-12,2026,8,12,2435.0,4087.0
Tỷ lệ nhập đúng tải kiện 12.5s,5,THA,HUBTHA,2026-08-12,2026,8,12,12689.0,13595.0
Tỷ lệ nhập đúng tải kiện 12.5s,5,DNG,HUBQNM,2026-08-13,2026,8,13,4223.0,4530.0
Tỷ lệ nhập đúng tải kiện 12.5s,5,HYN,HUBTBH,2026-08-13,2026,8,13,6484.0,6578.0
Tỷ lệ nhập đúng tải kiện 12.5s,5,DNI,HUBDNI,2026-08-14,2026,8,14,16320.0,17353.0
Tỷ lệ nhập đúng tải kiện 12.5s,5,KHA,HUBNTN,2026-08-14,2026,8,14,2378.0,2378.0
Tỷ lệ nhập đúng tải kiện 12.5s,5,THA,HUBTHA,2026-08-14,2026,8,14,10624.0,11583.0
Tỷ lệ nhập đúng tải kiện 12.5s,5,TNH,HUBTNH,2026-08-14,2026,8,14,7627.0,8315.0
Tỷ lệ nhập đúng tải kiện 12.5s,5,PHO,HUBVPC,2026-08-14,2026,8,14,9582.0,10727.0
Tỷ lệ nhập đúng tải kiện 12.5s,5,HPG,HUBHDG,2026-08-01,2026,8,1,8690.0,8942.0
Tỷ lệ nhập đúng tải kiện 12.5s,5,LCU,HUBLCU,2026-08-01,2026,8,1,684.0,695.0
Tỷ lệ nhập đúng tải kiện 12.5s,5,VLG,HUBTVH,2026-08-01,2026,8,1,3942.0,3942.0
Tỷ lệ nhập đúng tải kiện 12.5s,5,DBN,HUBDBN,2026-08-02,2026,8,2,603.0,603.0
Tỷ lệ nhập đúng tải kiện 12.5s,5,LDG,HUBLDG01,2026-08-02,2026,8,2,4419.0,6256.0
Tỷ lệ nhập đúng tải kiện 12.5s,5,KHA,HUBNTN,2026-08-02,2026,8,2,1708.0,1711.0
Tỷ lệ nhập đúng tải kiện 12.5s,5,DTP,HUBTGG,2026-08-02,2026,8,2,5132.0,5133.0
Tỷ lệ nhập đúng tải kiện 12.5s,5,HPG,HUBHPG,2026-08-03,2026,8,3,9755.0,10198.0
Tỷ lệ nhập đúng tải kiện 12.5s,5,AGG,HUBKGG01,2026-08-03,2026,8,3,6029.0,6175.0
Tỷ lệ nhập đúng tải kiện 12.5s,5,CTO,HUBSTG,2026-08-03,2026,8,3,4608.0,4757.0
Tỷ lệ nhập đúng tải kiện 12.5s,5,KHA,HUBNTN,2026-08-04,2026,8,4,2962.0,2963.0
Tỷ lệ nhập đúng tải kiện 12.5s,5,THA,HUBTHA,2026-08-04,2026,8,4,11710.0,12891.0
Tỷ lệ nhập đúng tải kiện 12.5s,5,DNI,HUBBPC,2026-08-06,2026,8,6,5686.0,5692.0
Tỷ lệ nhập đúng tải kiện 12.5s,5,LDG,HUBBTN,2026-08-06,2026,8,6,6886.0,7254.0
Tỷ lệ nhập đúng tải kiện 12.5s,5,DTP,HUBTGG,2026-08-06,2026,8,6,7782.0,7787.0
Tỷ lệ nhập đúng tải kiện 12.5s,5,HCM,HUBVTU,2026-08-06,2026,8,6,7058.0,8098.0
Tỷ lệ nhập đúng tải kiện 12.5s,5,TNN,HUBBKN,2026-08-07,2026,8,7,1030.0,1039.0
Tỷ lệ nhập đúng tải kiện 12.5s,5,AGG,HUBKGG01,2026-08-07,2026,8,7,7418.0,7779.0
Tỷ lệ nhập đúng tải kiện 12.5s,5,KHA,HUBKHA,2026-08-07,2026,8,7,3971.0,8097.0
Tỷ lệ nhập đúng tải kiện 12.5s,5,HCM,HUBBDG,2026-08-08,2026,8,8,9426.0,11872.0
Tỷ lệ nhập đúng tải kiện 12.5s,5,PHO,HUBHBH,2026-08-08,2026,8,8,3535.0,3535.0
Tỷ lệ nhập đúng tải kiện 12.5s,5,QNI,HUBKTM,2026-08-08,2026,8,8,2570.0,2703.0
Tỷ lệ nhập đúng tải kiện 12.5s,5,NBH,HUBNDH,2026-08-09,2026,8,9,5430.0,5430.0
Tỷ lệ nhập đúng tải kiện 12.5s,5,PHO,HUBVPC,2026-08-10,2026,8,10,10106.0,10457.0
Tỷ lệ nhập đúng tải kiện 12.5s,5,TNN,HUBBKN,2026-08-11,2026,8,11,755.0,814.0
Tỷ lệ nhập đúng tải kiện 12.5s,5,DBN,HUBDBN,2026-08-11,2026,8,11,607.0,607.0
Tỷ lệ nhập đúng tải kiện 12.5s,5,GLI,HUBGLI,2026-08-11,2026,8,11,5394.0,6001.0
Tỷ lệ nhập đúng tải kiện 12.5s,5,KHA,HUBNTN,2026-08-11,2026,8,11,2567.0,2567.0
Tỷ lệ nhập đúng tải kiện 12.5s,5,QNH,HUBQNH,2026-08-11,2026,8,11,7924.0,9548.0
Tỷ lệ nhập đúng tải kiện 12.5s,5,QNI,HUBQNI,2026-08-11,2026,8,11,4125.0,4301.0
Tỷ lệ nhập đúng tải kiện 12.5s,5,QTI,HUBQTI,2026-08-11,2026,8,11,2403.0,2415.0
Tỷ lệ nhập đúng tải kiện 12.5s,5,CMU,HUBCMU,2026-08-12,2026,8,12,5869.0,6066.0
Tỷ lệ nhập đúng tải kiện 12.5s,5,DNG,HUBDNG,2026-08-12,2026,8,12,244.0,244.0
Tỷ lệ nhập đúng tải kiện 12.5s,5,HCM,HUBTAN,2026-08-12,2026,8,12,5991.0,7092.0
Tỷ lệ nhập đúng tải kiện 12.5s,5,HNI,HUBTTI,2026-08-12,2026,8,12,15444.0,16530.0
Tỷ lệ nhập đúng tải kiện 12.5s,5,DNG,HUBDNG,2026-08-13,2026,8,13,1.0,1.0
Tỷ lệ nhập đúng tải kiện 12.5s,5,LDG,HUBDKG,2026-08-14,2026,8,14,2807.0,3518.0
Tỷ lệ nhập đúng tải kiện 12.5s,5,DLK,HUBPYN,2026-08-14,2026,8,14,2417.0,2417.0
Tỷ lệ nhập đúng tải kiện 12.5s,5,HCM,HUBBDG,2026-08-17,2026,8,17,6569.0,8924.0
Tỷ lệ nhập đúng tải kiện 12.5s,5,TQG,HUBHGG,2026-08-17,2026,8,17,1472.0,1472.0
Tỷ lệ nhập đúng tải kiện 12.5s,5,CTO,HUBSTG,2026-08-17,2026,8,17,4143.0,4376.0
Tỷ lệ nhập đúng tải kiện 12.5s,5,CNKT5,LOGBN,2026-08-17,2026,8,17,37237.0,37665.0
Tỷ lệ nhập đúng tải kiện 12.5s,5,DNI,HUBBPC,2026-08-01,2026,8,1,5136.0,5264.0
Tỷ lệ nhập đúng tải kiện 12.5s,5,TQG,HUBHGG,2026-08-01,2026,8,1,1535.0,1537.0
Tỷ lệ nhập đúng tải kiện 12.5s,5,DNG,HUBQNM,2026-08-01,2026,8,1,6429.0,6462.0
Tỷ lệ nhập đúng tải kiện 12.5s,5,HYN,HUBTBH,2026-08-01,2026,8,1,6135.0,6177.0
Tỷ lệ nhập đúng tải kiện 12.5s,5,TNN,HUBTNN,2026-08-01,2026,8,1,6168.0,7828.0
Tỷ lệ nhập đúng tải kiện 12.5s,5,HCM,HUBVTU,2026-08-01,2026,8,1,6045.0,6185.0
Tỷ lệ nhập đúng tải kiện 12.5s,5,DNI,HUBBPC,2026-08-02,2026,8,2,5166.0,5444.0
Tỷ lệ nhập đúng tải kiện 12.5s,5,CBG,HUBCBG,2026-08-02,2026,8,2,1008.0,1088.0
Tỷ lệ nhập đúng tải kiện 12.5s,5,HPG,HUBHPG,2026-08-02,2026,8,2,8183.0,8331.0
Tỷ lệ nhập đúng tải kiện 12.5s,5,KHA,HUBKHA,2026-08-02,2026,8,2,4765.0,6976.0
Tỷ lệ nhập đúng tải kiện 12.5s,5,QNI,HUBKTM,2026-08-02,2026,8,2,2752.0,2767.0
Tỷ lệ nhập đúng tải kiện 12.5s,5,TNH,HUBLAN,2026-08-02,2026,8,2,6453.0,7860.0
Tỷ lệ nhập đúng tải kiện 12.5s,5,QNH,HUBQNH,2026-08-02,2026,8,2,6512.0,6773.0
Tỷ lệ nhập đúng tải kiện 12.5s,5,HNI,HUBTTI,2026-08-02,2026,8,2,10026.0,10600.0
Tỷ lệ nhập đúng tải kiện 12.5s,5,CMU,HUBCMU,2026-08-03,2026,8,3,5315.0,5836.0
Tỷ lệ nhập đúng tải kiện 12.5s,5,LDG,HUBDKG,2026-08-03,2026,8,3,3329.0,3698.0
Tỷ lệ nhập đúng tải kiện 12.5s,5,GLI,HUBGLI,2026-08-03,2026,8,3,7145.0,7419.0
Tỷ lệ nhập đúng tải kiện 12.5s,5,QNH,HUBQNH,2026-08-03,2026,8,3,6982.0,7125.0
Tỷ lệ nhập đúng tải kiện 12.5s,5,LCI,HUBYBN,2026-08-03,2026,8,3,2776.0,3071.0
Tỷ lệ nhập đúng tải kiện 12.5s,5,NAN,HUBNAN,2026-08-04,2026,8,4,11320.0,11851.0
Tỷ lệ nhập đúng tải kiện 12.5s,5,SLA,HUBSLA,2026-08-04,2026,8,4,288.0,303.0
Tỷ lệ nhập đúng tải kiện 12.5s,5,LCI,HUBYBN,2026-08-04,2026,8,4,3916.0,3921.0
Tỷ lệ nhập đúng tải kiện 12.5s,5,AGG,HUBAGG,2026-08-06,2026,8,6,8554.0,9518.0
Tỷ lệ nhập đúng tải kiện 12.5s,5,BNH,HUBBGG,2026-08-06,2026,8,6,11488.0,13630.0
Tỷ lệ nhập đúng tải kiện 12.5s,5,AGG,HUBKGG01,2026-08-06,2026,8,6,6750.0,7061.0
Tỷ lệ nhập đúng tải kiện 12.5s,5,NAN,HUBNAN,2026-08-06,2026,8,6,10648.0,11004.0
Tỷ lệ nhập đúng tải kiện 12.5s,5,PHO,HUBPHO,2026-08-06,2026,8,6,7581.0,7582.0
Tỷ lệ nhập đúng tải kiện 12.5s,5,DTP,HUBDTP,2026-08-07,2026,8,7,8931.0,9071.0
Tỷ lệ nhập đúng tải kiện 12.5s,5,HUE,HUBHUE,2026-08-07,2026,8,7,5577.0,5861.0
Tỷ lệ nhập đúng tải kiện 12.5s,5,LCI,HUBLCI01,2026-08-07,2026,8,7,2499.0,3897.0
Tỷ lệ nhập đúng tải kiện 12.5s,5,TNH,HUBLAN,2026-08-08,2026,8,8,9707.0,12462.0
Tỷ lệ nhập đúng tải kiện 12.5s,5,QTI,HUBQTI,2026-08-08,2026,8,8,3884.0,3884.0
Tỷ lệ nhập đúng tải kiện 12.5s,5,VLG,HUBVLG,2026-08-08,2026,8,8,5869.0,5891.0
Tỷ lệ nhập đúng tải kiện 12.5s,5,DTP,HUBDTP,2026-08-09,2026,8,9,7466.0,7620.0
Tỷ lệ nhập đúng tải kiện 12.5s,5,DNG,HUBQNM,2026-08-09,2026,8,9,2370.0,2396.0
Tỷ lệ nhập đúng tải kiện 12.5s,5,AGG,HUBAGG,2026-08-10,2026,8,10,8559.0,9080.0
Tỷ lệ nhập đúng tải kiện 12.5s,5,HCM,HUBHCM,2026-08-10,2026,8,10,46.0,46.0
Tỷ lệ nhập đúng tải kiện 12.5s,5,LDG,HUBLDG03,2026-08-10,2026,8,10,3185.0,3240.0
Tỷ lệ nhập đúng tải kiện 12.5s,5,VLG,HUBTVH,2026-08-10,2026,8,10,3617.0,3617.0
Tỷ lệ nhập đúng tải kiện 12.5s,5,DLK,HUBDLK,2026-08-11,2026,8,11,11408.0,12713.0
Tỷ lệ nhập đúng tải kiện 12.5s,5,NBH,HUBHNM,2026-08-11,2026,8,11,4076.0,4737.0
Tỷ lệ nhập đúng tải kiện 12.5s,5,NBH,HUBNDH,2026-08-11,2026,8,11,8346.0,8348.0
Tỷ lệ nhập đúng tải kiện 12.5s,5,PHO,HUBPHO,2026-08-11,2026,8,11,6959.0,7136.0
Tỷ lệ nhập đúng tải kiện 12.5s,5,DNG,HUBQNM,2026-08-11,2026,8,11,3820.0,3832.0
Tỷ lệ nhập đúng tải kiện 12.5s,5,HCM,HUBVTU,2026-08-11,2026,8,11,7217.0,7940.0
Tỷ lệ nhập đúng tải kiện 12.5s,5,TQG,HUBHGG,2026-08-12,2026,8,12,1621.0,1622.0
Tỷ lệ nhập đúng tải kiện 12.5s,5,TNN,HUBBKN,2026-08-13,2026,8,13,988.0,1012.0
Tỷ lệ nhập đúng tải kiện 12.5s,5,DNI,HUBDNI,2026-08-13,2026,8,13,17256.0,18133.0
Tỷ lệ nhập đúng tải kiện 12.5s,5,QTI,HUBQBH,2026-08-13,2026,8,13,3096.0,3424.0
Tỷ lệ nhập đúng tải kiện 12.5s,5,QNH,HUBQNH,2026-08-14,2026,8,14,7118.0,8082.0
Tỷ lệ nhập đúng tải kiện 12.5s,5,HCM,HUBHCM,2026-08-17,2026,8,17,1.0,8.0
Tỷ lệ nhập đúng tải kiện 12.5s,5,QTI,HUBQBH,2026-08-17,2026,8,17,2841.0,2979.0
Tỷ lệ nhập đúng tải kiện 12.5s,5,HYN,HUBTBH,2026-08-17,2026,8,17,5616.0,5651.0
Tỷ lệ nhập đúng tải kiện 12.5s,5,CNKT1,TTKT1,2026-08-17,2026,8,17,28521.0,29237.0
Tỷ lệ nhập đúng tải kiện 12.5s,5,HCM,HUBBDG,2026-08-01,2026,8,1,9252.0,10663.0
Tỷ lệ nhập đúng tải kiện 12.5s,5,BNH,HUBBGG,2026-08-01,2026,8,1,10601.0,11563.0
Tỷ lệ nhập đúng tải kiện 12.5s,5,DNI,HUBDNI,2026-08-01,2026,8,1,15890.0,17395.0
Tỷ lệ nhập đúng tải kiện 12.5s,5,KHA,HUBNTN,2026-08-01,2026,8,1,3280.0,3288.0
Tỷ lệ nhập đúng tải kiện 12.5s,5,LDG,HUBDKG,2026-08-02,2026,8,2,2883.0,2906.0
Tỷ lệ nhập đúng tải kiện 12.5s,5,LCU,HUBLCU,2026-08-02,2026,8,2,804.0,805.0
Tỷ lệ nhập đúng tải kiện 12.5s,5,LSN,HUBLSN,2026-08-02,2026,8,2,1948.0,2161.0
Tỷ lệ nhập đúng tải kiện 12.5s,5,LCI,HUBLCI01,2026-08-04,2026,8,4,2354.0,4135.0
Tỷ lệ nhập đúng tải kiện 12.5s,5,QTI,HUBQTI,2026-08-04,2026,8,4,3508.0,3509.0
Tỷ lệ nhập đúng tải kiện 12.5s,5,TNH,HUBTNH,2026-08-04,2026,8,4,7103.0,7483.0
Tỷ lệ nhập đúng tải kiện 12.5s,5,NBH,HUBNDH,2026-08-06,2026,8,6,8541.0,8549.0
Tỷ lệ nhập đúng tải kiện 12.5s,5,DLK,HUBDLK,2026-08-07,2026,8,7,10000.0,13192.0
Tỷ lệ nhập đúng tải kiện 12.5s,5,QNI,HUBKTM,2026-08-07,2026,8,7,3029.0,3041.0
Tỷ lệ nhập đúng tải kiện 12.5s,5,LDG,HUBLDG03,2026-08-07,2026,8,7,3327.0,3374.0
Tỷ lệ nhập đúng tải kiện 12.5s,5,HCM,HUBVTU,2026-08-07,2026,8,7,6553.0,6832.0
Tỷ lệ nhập đúng tải kiện 12.5s,5,BNH,HUBBGG,2026-08-08,2026,8,8,10068.0,12160.0
Tỷ lệ nhập đúng tải kiện 12.5s,5,HCM,HUBHCM,2026-08-08,2026,8,8,2.0,4.0
Tỷ lệ nhập đúng tải kiện 12.5s,5,HPG,HUBHDG,2026-08-08,2026,8,8,8993.0,9014.0
Tỷ lệ nhập đúng tải kiện 12.5s,5,HPG,HUBHPG,2026-08-08,2026,8,8,10314.0,10919.0
Tỷ lệ nhập đúng tải kiện 12.5s,5,TNH,HUBTNH,2026-08-08,2026,8,8,6988.0,7409.0
Tỷ lệ nhập đúng tải kiện 12.5s,5,TNN,HUBTNN,2026-08-08,2026,8,8,5760.0,7162.0
Tỷ lệ nhập đúng tải kiện 12.5s,5,HNI,HUBTTI,2026-08-08,2026,8,8,14962.0,16255.0
Tỷ lệ nhập đúng tải kiện 12.5s,5,TNN,HUBBKN,2026-08-09,2026,8,9,809.0,832.0
Tỷ lệ nhập đúng tải kiện 12.5s,5,HPG,HUBHPG,2026-08-09,2026,8,9,7213.0,7586.0
Tỷ lệ nhập đúng tải kiện 12.5s,5,HCM,HUBBDG,2026-08-10,2026,8,10,8284.0,9178.0
Tỷ lệ nhập đúng tải kiện 12.5s,5,CTO,HUBSTG,2026-08-10,2026,8,10,5335.0,5335.0
Tỷ lệ nhập đúng tải kiện 12.5s,5,HNI,HUBYAN,2026-08-10,2026,8,10,10372.0,11613.0
Tỷ lệ nhập đúng tải kiện 12.5s,5,HNI,BBSDPG,2026-08-11,2026,8,11,13613.0,14281.0
Tỷ lệ nhập đúng tải kiện 12.5s,5,HCM,HUBBDG,2026-08-11,2026,8,11,6681.0,9210.0
Tỷ lệ nhập đúng tải kiện 12.5s,5,LDG,HUBDKG,2026-08-11,2026,8,11,3308.0,4029.0
Tỷ lệ nhập đúng tải kiện 12.5s,5,KHA,HUBKHA,2026-08-11,2026,8,11,5163.0,5791.0
Tỷ lệ nhập đúng tải kiện 12.5s,5,DTP,HUBTGG,2026-08-11,2026,8,11,8154.0,8154.0
Tỷ lệ nhập đúng tải kiện 12.5s,5,HCM,HUBTTO,2026-08-11,2026,8,11,14458.0,15601.0
Tỷ lệ nhập đúng tải kiện 12.5s,5,CTO,HUBCTO,2026-08-12,2026,8,12,34.0,34.0
Tỷ lệ nhập đúng tải kiện 12.5s,5,DLK,HUBDLK,2026-08-12,2026,8,12,8633.0,10841.0
Tỷ lệ nhập đúng tải kiện 12.5s,5,TNH,HUBLAN,2026-08-12,2026,8,12,11049.0,11928.0
Tỷ lệ nhập đúng tải kiện 12.5s,5,KHA,HUBNTN,2026-08-12,2026,8,12,2326.0,2326.0
Tỷ lệ nhập đúng tải kiện 12.5s,5,QNH,HUBQNH,2026-08-12,2026,8,12,7679.0,8714.0
Tỷ lệ nhập đúng tải kiện 12.5s,5,BNH,HUBBNH,2026-08-13,2026,8,13,11869.0,12030.0
Tỷ lệ nhập đúng tải kiện 12.5s,5,DLK,HUBPYN,2026-08-13,2026,8,13,2932.0,2956.0
Tỷ lệ nhập đúng tải kiện 12.5s,5,DNI,HUBBPC,2026-08-14,2026,8,14,6549.0,6550.0
Tỷ lệ nhập đúng tải kiện 12.5s,5,CMU,HUBCMU,2026-08-14,2026,8,14,5787.0,6364.0
Tỷ lệ nhập đúng tải kiện 12.5s,5,TNH,HUBLAN,2026-08-14,2026,8,14,10280.0,11606.0
Tỷ lệ nhập đúng tải kiện 12.5s,5,QTI,HUBQBH,2026-08-14,2026,8,14,3452.0,3801.0
Tỷ lệ nhập đúng tải kiện 12.5s,5,TNN,HUBBKN,2026-08-17,2026,8,17,662.0,698.0
Tỷ lệ nhập đúng tải kiện 12.5s,5,CBG,HUBCBG,2026-08-17,2026,8,17,812.0,812.0
Tỷ lệ nhập đúng tải kiện 12.5s,5,LSN,HUBLSN,2026-08-17,2026,8,17,1620.0,1917.0
Tỷ lệ nhập đúng tải kiện 12.5s,5,DLK,HUBDLK,2026-08-01,2026,8,1,8398.0,12534.0
Tỷ lệ nhập đúng tải kiện 12.5s,5,HYN,HUBHYN,2026-08-01,2026,8,1,7858.0,7922.0
Tỷ lệ nhập đúng tải kiện 12.5s,5,AGG,HUBKGG01,2026-08-01,2026,8,1,7367.0,7650.0
Tỷ lệ nhập đúng tải kiện 12.5s,5,TNH,HUBTNH,2026-08-01,2026,8,1,6540.0,6582.0
Tỷ lệ nhập đúng tải kiện 12.5s,5,PHO,HUBVPC,2026-08-01,2026,8,1,11712.0,14120.0
Tỷ lệ nhập đúng tải kiện 12.5s,5,CMU,HUBBLU,2026-08-02,2026,8,2,3249.0,3249.0
Tỷ lệ nhập đúng tải kiện 12.5s,5,HUE,HUBHUE,2026-08-02,2026,8,2,4987.0,5025.0
Tỷ lệ nhập đúng tải kiện 12.5s,5,NBH,HUBNBH,2026-08-02,2026,8,2,3575.0,3575.0
Tỷ lệ nhập đúng tải kiện 12.5s,5,QTI,HUBQBH,2026-08-02,2026,8,2,3316.0,3814.0
Tỷ lệ nhập đúng tải kiện 12.5s,5,VLG,HUBVLG,2026-08-02,2026,8,2,3210.0,3525.0
Tỷ lệ nhập đúng tải kiện 12.5s,5,HNI,BBSDPG,2026-08-03,2026,8,3,12275.0,13906.0
Tỷ lệ nhập đúng tải kiện 12.5s,5,AGG,HUBAGG,2026-08-03,2026,8,3,8020.0,8586.0
Tỷ lệ nhập đúng tải kiện 12.5s,5,CBG,HUBCBG,2026-08-03,2026,8,3,570.0,570.0
Tỷ lệ nhập đúng tải kiện 12.5s,5,DBN,HUBDBN,2026-08-03,2026,8,3,416.0,418.0
Tỷ lệ nhập đúng tải kiện 12.5s,5,KHA,HUBKHA,2026-08-03,2026,8,3,4850.0,7368.0
Tỷ lệ nhập đúng tải kiện 12.5s,5,HNI,HUBLBN,2026-08-03,2026,8,3,7443.0,7965.0
Tỷ lệ nhập đúng tải kiện 12.5s,5,LCU,HUBLCU,2026-08-03,2026,8,3,487.0,487.0
Tỷ lệ nhập đúng tải kiện 12.5s,5,HCM,HUBTTO,2026-08-03,2026,8,3,13501.0,14538.0
Tỷ lệ nhập đúng tải kiện 12.5s,5,BNH,HUBBGG,2026-08-04,2026,8,4,12244.0,13483.0
Tỷ lệ nhập đúng tải kiện 12.5s,5,AGG,HUBKGG01,2026-08-04,2026,8,4,6800.0,7000.0
Tỷ lệ nhập đúng tải kiện 12.5s,5,HNI,HUBLBN,2026-08-04,2026,8,4,8554.0,9043.0
Tỷ lệ nhập đúng tải kiện 12.5s,5,LDG,HUBLDG03,2026-08-04,2026,8,4,3275.0,3353.0
Tỷ lệ nhập đúng tải kiện 12.5s,5,HCM,HUBTAN,2026-08-04,2026,8,4,6462.0,6877.0
Tỷ lệ nhập đúng tải kiện 12.5s,5,HCM,HUBHCM,2026-08-06,2026,8,6,1.0,262.0
Tỷ lệ nhập đúng tải kiện 12.5s,5,HYN,HUBHYN,2026-08-06,2026,8,6,9865.0,10192.0
Tỷ lệ nhập đúng tải kiện 12.5s,5,SLA,HUBSLA,2026-08-06,2026,8,6,220.0,250.0
Tỷ lệ nhập đúng tải kiện 12.5s,5,BNH,HUBBNH,2026-08-07,2026,8,7,8209.0,11166.0
Tỷ lệ nhập đúng tải kiện 12.5s,5,TNH,HUBLAN,2026-08-07,2026,8,7,10168.0,12053.0
Tỷ lệ nhập đúng tải kiện 12.5s,5,QNH,HUBQNH,2026-08-07,2026,8,7,6740.0,7314.0
Tỷ lệ nhập đúng tải kiện 12.5s,5,DLK,HUBDLK,2026-08-08,2026,8,8,8283.0,13441.0
Tỷ lệ nhập đúng tải kiện 12.5s,5,DNG,HUBDNG,2026-08-08,2026,8,8,25.0,25.0
Tỷ lệ nhập đúng tải kiện 12.5s,5,NAN,HUBNAN,2026-08-08,2026,8,8,10307.0,10412.0
Tỷ lệ nhập đúng tải kiện 12.5s,5,KHA,HUBNTN,2026-08-08,2026,8,8,2816.0,2819.0
Tỷ lệ nhập đúng tải kiện 12.5s,5,LDG,HUBBTN,2026-08-09,2026,8,9,6303.0,7093.0
Tỷ lệ nhập đúng tải kiện 12.5s,5,PHO,HUBHBH,2026-08-09,2026,8,9,2863.0,2863.0
Tỷ lệ nhập đúng tải kiện 12.5s,5,HYN,HUBHYN,2026-08-09,2026,8,9,4546.0,4608.0
Tỷ lệ nhập đúng tải kiện 12.5s,5,LCU,HUBLCU,2026-08-09,2026,8,9,687.0,689.0
Tỷ lệ nhập đúng tải kiện 12.5s,5,NAN,HUBNAN,2026-08-09,2026,8,9,9287.0,9304.0
Tỷ lệ nhập đúng tải kiện 12.5s,5,CTO,HUBSTG,2026-08-09,2026,8,9,6291.0,6291.0
Tỷ lệ nhập đúng tải kiện 12.5s,5,HNI,BBSDPG,2026-08-10,2026,8,10,12106.0,13323.0
Tỷ lệ nhập đúng tải kiện 12.5s,5,LDG,HUBBTN,2026-08-10,2026,8,10,5278.0,5506.0
Tỷ lệ nhập đúng tải kiện 12.5s,5,DNI,HUBDNI,2026-08-10,2026,8,10,16568.0,17212.0
Tỷ lệ nhập đúng tải kiện 12.5s,5,HPG,HUBHPG,2026-08-10,2026,8,10,9250.0,9681.0
Tỷ lệ nhập đúng tải kiện 12.5s,5,LSN,HUBLSN,2026-08-10,2026,8,10,1919.0,1919.0
Tỷ lệ nhập đúng tải kiện 12.5s,5,DLK,HUBPYN,2026-08-10,2026,8,10,2739.0,2740.0
Tỷ lệ nhập đúng tải kiện 12.5s,5,CNKT1,TTKT1,2026-08-10,2026,8,10,27680.0,28433.0
Tỷ lệ nhập đúng tải kiện 12.5s,5,CNKT2,TTKT2,2026-08-10,2026,8,10,18667.0,18932.0
Tỷ lệ nhập đúng tải kiện 12.5s,5,DNI,HUBDNI,2026-08-11,2026,8,11,15756.0,16380.0
Tỷ lệ nhập đúng tải kiện 12.5s,5,HPG,HUBHPG,2026-08-11,2026,8,11,9844.0,10757.0
Tỷ lệ nhập đúng tải kiện 12.5s,5,HYN,HUBTBH,2026-08-11,2026,8,11,6937.0,7026.0
Tỷ lệ nhập đúng tải kiện 12.5s,5,HCM,HUBBDG,2026-08-12,2026,8,12,8063.0,10038.0
Tỷ lệ nhập đúng tải kiện 12.5s,5,HPG,HUBHPG,2026-08-12,2026,8,12,10344.0,10900.0
Tỷ lệ nhập đúng tải kiện 12.5s,5,LDG,HUBLDG03,2026-08-12,2026,8,12,3112.0,3133.0
Tỷ lệ nhập đúng tải kiện 12.5s,5,NBH,HUBNBH,2026-08-12,2026,8,12,4897.0,4897.0
Tỷ lệ nhập đúng tải kiện 12.5s,5,DLK,HUBPYN,2026-08-12,2026,8,12,2763.0,2776.0
Tỷ lệ nhập đúng tải kiện 12.5s,5,QTI,HUBQTI,2026-08-12,2026,8,12,3377.0,3379.0
Tỷ lệ nhập đúng tải kiện 12.5s,5,TQG,HUBTQG,2026-08-12,2026,8,12,2307.0,2323.0
Tỷ lệ nhập đúng tải kiện 12.5s,5,DNI,HUBBPC,2026-08-13,2026,8,13,5812.0,5820.0
Tỷ lệ nhập đúng tải kiện 12.5s,5,DBN,HUBDBN,2026-08-13,2026,8,13,730.0,730.0
Tỷ lệ nhập đúng tải kiện 12.5s,5,DTP,HUBDTP,2026-08-13,2026,8,13,8472.0,8597.0
Tỷ lệ nhập đúng tải kiện 12.5s,5,HYN,HUBHYN,2026-08-13,2026,8,13,9080.0,9101.0
Tỷ lệ nhập đúng tải kiện 12.5s,5,AGG,HUBKGG01,2026-08-13,2026,8,13,7150.0,7298.0
Tỷ lệ nhập đúng tải kiện 12.5s,5,QNI,HUBKTM,2026-08-13,2026,8,13,1871.0,1893.0
Tỷ lệ nhập đúng tải kiện 12.5s,5,HCM,HUBTAN,2026-08-13,2026,8,13,5033.0,5821.0
Tỷ lệ nhập đúng tải kiện 12.5s,5,VLG,HUBTVH,2026-08-13,2026,8,13,4154.0,4154.0
Tỷ lệ nhập đúng tải kiện 12.5s,5,NBH,HUBHNM,2026-08-14,2026,8,14,3923.0,4041.0
Tỷ lệ nhập đúng tải kiện 12.5s,5,NAN,HUBNAN,2026-08-14,2026,8,14,9875.0,10526.0
Tỷ lệ nhập đúng tải kiện 12.5s,5,VLG,HUBTVH,2026-08-14,2026,8,14,3747.0,3752.0
Tỷ lệ nhập đúng tải kiện 12.5s,5,BNH,HUBBNH,2026-08-17,2026,8,17,9114.0,10768.0
Tỷ lệ nhập đúng tải kiện 12.5s,5,DNI,HUBBPC,2026-08-17,2026,8,17,4851.0,4851.0
Tỷ lệ nhập đúng tải kiện 12.5s,5,HCM,HUBTTO,2026-08-17,2026,8,17,13316.0,14157.0
Tỷ lệ nhập đúng tải kiện 12.5s,5,VLG,HUBBTE,2026-08-01,2026,8,1,9193.0,9943.0
Tỷ lệ nhập đúng tải kiện 12.5s,5,DBN,HUBDBN,2026-08-01,2026,8,1,667.0,667.0
Tỷ lệ nhập đúng tải kiện 12.5s,5,HCM,HUBBDG,2026-08-02,2026,8,2,3163.0,4568.0
Tỷ lệ nhập đúng tải kiện 12.5s,5,DTP,HUBDTP,2026-08-02,2026,8,2,7055.0,7085.0
Tỷ lệ nhập đúng tải kiện 12.5s,5,QTI,HUBQTI,2026-08-02,2026,8,2,2847.0,2847.0
Tỷ lệ nhập đúng tải kiện 12.5s,5,NBH,HUBHNM,2026-08-03,2026,8,3,3817.0,3900.0
Tỷ lệ nhập đúng tải kiện 12.5s,5,QTI,HUBQBH,2026-08-03,2026,8,3,3282.0,3522.0
Tỷ lệ nhập đúng tải kiện 12.5s,5,DNG,HUBQNM,2026-08-03,2026,8,3,6250.0,6321.0
Tỷ lệ nhập đúng tải kiện 12.5s,5,LDG,HUBDKG,2026-08-04,2026,8,4,3560.0,3928.0
Tỷ lệ nhập đúng tải kiện 12.5s,5,NBH,HUBHNM,2026-08-04,2026,8,4,4246.0,4326.0
Tỷ lệ nhập đúng tải kiện 12.5s,5,CTO,HUBSTG,2026-08-04,2026,8,4,4824.0,4824.0
Tỷ lệ nhập đúng tải kiện 12.5s,5,HNI,HUBLBN,2026-08-06,2026,8,6,8831.0,9138.0
Tỷ lệ nhập đúng tải kiện 12.5s,5,CTO,HUBSTG,2026-08-06,2026,8,6,4861.0,4940.0
Tỷ lệ nhập đúng tải kiện 12.5s,5,TNN,HUBTNN,2026-08-06,2026,8,6,7131.0,8403.0
Tỷ lệ nhập đúng tải kiện 12.5s,5,HNI,HUBTTI,2026-08-06,2026,8,6,17014.0,18175.0
Tỷ lệ nhập đúng tải kiện 12.5s,5,VLG,HUBTVH,2026-08-06,2026,8,6,3915.0,3915.0
Tỷ lệ nhập đúng tải kiện 12.5s,5,DLK,HUBPYN,2026-08-07,2026,8,7,3720.0,3720.0
Tỷ lệ nhập đúng tải kiện 12.5s,5,HUE,HUBHUE,2026-08-08,2026,8,8,5835.0,6004.0
Tỷ lệ nhập đúng tải kiện 12.5s,5,THA,HUBTHA,2026-08-08,2026,8,8,12685.0,13954.0
Tỷ lệ nhập đúng tải kiện 12.5s,5,TQG,HUBTQG,2026-08-08,2026,8,8,2242.0,2256.0
Tỷ lệ nhập đúng tải kiện 12.5s,5,PHO,HUBVPC,2026-08-08,2026,8,8,10810.0,11969.0
Tỷ lệ nhập đúng tải kiện 12.5s,5,AGG,HUBAGG,2026-08-09,2026,8,9,8138.0,8565.0
Tỷ lệ nhập đúng tải kiện 12.5s,5,HCM,HUBBDG,2026-08-09,2026,8,9,4438.0,6617.0
Tỷ lệ nhập đúng tải kiện 12.5s,5,DNI,HUBBPC,2026-08-09,2026,8,9,5708.0,5810.0
Tỷ lệ nhập đúng tải kiện 12.5s,5,DNI,HUBDNI,2026-08-09,2026,8,9,6832.0,7668.0
Tỷ lệ nhập đúng tải kiện 12.5s,5,LDG,HUBLDG01,2026-08-09,2026,8,9,3487.0,5648.0
Tỷ lệ nhập đúng tải kiện 12.5s,5,VLG,HUBVLG,2026-08-10,2026,8,10,4318.0,4642.0
Tỷ lệ nhập đúng tải kiện 12.5s,5,HCM,HUBVTU,2026-08-10,2026,8,10,5076.0,5531.0
Tỷ lệ nhập đúng tải kiện 12.5s,5,HYN,HUBHYN,2026-08-11,2026,8,11,8917.0,9176.0
Tỷ lệ nhập đúng tải kiện 12.5s,5,TNH,HUBTNH,2026-08-11,2026,8,11,7866.0,8321.0
Tỷ lệ nhập đúng tải kiện 12.5s,5,HNI,HUBTTI,2026-08-11,2026,8,11,15685.0,17370.0
Tỷ lệ nhập đúng tải kiện 12.5s,5,VLG,HUBTVH,2026-08-11,2026,8,11,3756.0,3756.0
Tỷ lệ nhập đúng tải kiện 12.5s,5,HUE,HUBHUE,2026-08-12,2026,8,12,4824.0,5074.0
Tỷ lệ nhập đúng tải kiện 12.5s,5,NAN,HUBNAN,2026-08-12,2026,8,12,10213.0,10287.0
Tỷ lệ nhập đúng tải kiện 12.5s,5,DTP,HUBTGG,2026-08-12,2026,8,12,7864.0,7865.0
Tỷ lệ nhập đúng tải kiện 12.5s,5,LDG,HUBBTN,2026-08-13,2026,8,13,7212.0,7652.0
Tỷ lệ nhập đúng tải kiện 12.5s,5,TQG,HUBHGG,2026-08-13,2026,8,13,1966.0,1988.0
Tỷ lệ nhập đúng tải kiện 12.5s,5,NBH,HUBHNM,2026-08-13,2026,8,13,4135.0,4401.0
Tỷ lệ nhập đúng tải kiện 12.5s,5,LSN,HUBLSN,2026-08-13,2026,8,13,2541.0,2541.0
Tỷ lệ nhập đúng tải kiện 12.5s,5,HNI,HUBTTI,2026-08-13,2026,8,13,16147.0,17125.0
Tỷ lệ nhập đúng tải kiện 12.5s,5,AGG,HUBAGG,2026-08-14,2026,8,14,9255.0,9514.0
Tỷ lệ nhập đúng tải kiện 12.5s,5,KHA,HUBKHA,2026-08-14,2026,8,14,4123.0,6640.0
Tỷ lệ nhập đúng tải kiện 12.5s,5,PHO,HUBPHO,2026-08-14,2026,8,14,6690.0,6701.0
Tỷ lệ nhập đúng tải kiện 12.5s,5,HNI,HUBYAN,2026-08-14,2026,8,14,10338.0,12602.0
Tỷ lệ nhập đúng tải kiện 12.5s,5,BNH,HUBBGG,2026-08-17,2026,8,17,11916.0,12450.0
Tỷ lệ nhập đúng tải kiện 12.5s,5,HYN,HUBHYN,2026-08-17,2026,8,17,7886.0,8250.0
Tỷ lệ nhập đúng tải kiện 12.5s,5,NBH,HUBNBH,2026-08-17,2026,8,17,4167.0,4168.0
Tỷ lệ nhập đúng tải kiện 12.5s,5,QTI,HUBQTI,2026-08-17,2026,8,17,3193.0,3193.0
Tỷ lệ nhập đúng tải kiện 12.5s,5,TQG,HUBTQG,2026-08-17,2026,8,17,1799.0,1818.0
Tỷ lệ nhập đúng tải kiện 12.5s,5,PHO,HUBVPC,2026-08-17,2026,8,17,6739.0,9082.0
Tỷ lệ nhập đúng tải kiện 12.5s,5,AGG,HUBAGG,2026-08-01,2026,8,1,8917.0,9402.0
Tỷ lệ nhập đúng tải kiện 12.5s,5,QNI,HUBKTM,2026-08-01,2026,8,1,2664.0,2672.0
Tỷ lệ nhập đúng tải kiện 12.5s,5,NAN,HUBNAN,2026-08-01,2026,8,1,10085.0,10238.0
Tỷ lệ nhập đúng tải kiện 12.5s,5,NBH,HUBNDH,2026-08-01,2026,8,1,9115.0,9125.0
Tỷ lệ nhập đúng tải kiện 12.5s,5,CTO,HUBSTG,2026-08-01,2026,8,1,5983.0,5983.0
Tỷ lệ nhập đúng tải kiện 12.5s,5,LCI,HUBYBN,2026-08-01,2026,8,1,3151.0,3474.0
Tỷ lệ nhập đúng tải kiện 12.5s,5,DLK,HUBDLK,2026-08-02,2026,8,2,7015.0,9464.0
Tỷ lệ nhập đúng tải kiện 12.5s,5,HCM,HUBHCM,2026-08-02,2026,8,2,229.0,361.0
Tỷ lệ nhập đúng tải kiện 12.5s,5,QNI,HUBQNI,2026-08-02,2026,8,2,2845.0,3035.0
Tỷ lệ nhập đúng tải kiện 12.5s,5,BNH,HUBBNH,2026-08-03,2026,8,3,8832.0,9744.0
Tỷ lệ nhập đúng tải kiện 12.5s,5,HPG,HUBHDG,2026-08-03,2026,8,3,8162.0,9084.0
Tỷ lệ nhập đúng tải kiện 12.5s,5,PHO,HUBPHO,2026-08-03,2026,8,3,6468.0,6469.0
Tỷ lệ nhập đúng tải kiện 12.5s,5,LDG,HUBBTN,2026-08-04,2026,8,4,6832.0,7060.0
Tỷ lệ nhập đúng tải kiện 12.5s,5,CMU,HUBCMU,2026-08-04,2026,8,4,6191.0,6280.0
Tỷ lệ nhập đúng tải kiện 12.5s,5,HYN,HUBHYN,2026-08-04,2026,8,4,9224.0,9232.0
Tỷ lệ nhập đúng tải kiện 12.5s,5,QTI,HUBQBH,2026-08-04,2026,8,4,4134.0,4292.0
Tỷ lệ nhập đúng tải kiện 12.5s,5,QNI,HUBQNI,2026-08-04,2026,8,4,4195.0,4195.0
Tỷ lệ nhập đúng tải kiện 12.5s,5,LCI,HUBLCI01,2026-08-06,2026,8,6,2346.0,4493.0
Tỷ lệ nhập đúng tải kiện 12.5s,5,LDG,HUBLDG03,2026-08-06,2026,8,6,3764.0,3813.0
Tỷ lệ nhập đúng tải kiện 12.5s,5,QNH,HUBQNH,2026-08-06,2026,8,6,6339.0,7953.0
Tỷ lệ nhập đúng tải kiện 12.5s,5,HPG,HUBHDG,2026-08-07,2026,8,7,9856.0,9888.0
Tỷ lệ nhập đúng tải kiện 12.5s,5,DBN,HUBDBN,2026-08-08,2026,8,8,653.0,653.0
Tỷ lệ nhập đúng tải kiện 12.5s,5,LCU,HUBLCU,2026-08-08,2026,8,8,732.0,733.0
Tỷ lệ nhập đúng tải kiện 12.5s,5,GLI,HUBBHD,2026-08-09,2026,8,9,1769.0,1775.0
Tỷ lệ nhập đúng tải kiện 12.5s,5,CMU,HUBCMU,2026-08-09,2026,8,9,5034.0,5707.0
Tỷ lệ nhập đúng tải kiện 12.5s,5,HNI,HUBLBN,2026-08-09,2026,8,9,5242.0,6271.0
Tỷ lệ nhập đúng tải kiện 12.5s,5,LSN,HUBLSN,2026-08-09,2026,8,9,2005.0,2266.0
Tỷ lệ nhập đúng tải kiện 12.5s,5,SLA,HUBSLA,2026-08-09,2026,8,9,147.0,222.0
Tỷ lệ nhập đúng tải kiện 12.5s,5,HYN,HUBTBH,2026-08-09,2026,8,9,4792.0,4809.0
Tỷ lệ nhập đúng tải kiện 12.5s,5,HNI,HUBTTI,2026-08-09,2026,8,9,11008.0,11757.0
Tỷ lệ nhập đúng tải kiện 12.5s,5,LCI,HUBYBN,2026-08-09,2026,8,9,2354.0,2453.0
Tỷ lệ nhập đúng tải kiện 12.5s,5,HPG,HUBHDG,2026-08-10,2026,8,10,9014.0,9210.0
Tỷ lệ nhập đúng tải kiện 12.5s,5,HNI,HUBHNI,2026-08-10,2026,8,10,9.0,10.0
Tỷ lệ nhập đúng tải kiện 12.5s,5,LCI,HUBLCI01,2026-08-10,2026,8,10,1254.0,2812.0
Tỷ lệ nhập đúng tải kiện 12.5s,5,HYN,HUBTBH,2026-08-10,2026,8,10,6409.0,6473.0
Tỷ lệ nhập đúng tải kiện 12.5s,5,THA,HUBTHA,2026-08-11,2026,8,11,12137.0,13332.0
Tỷ lệ nhập đúng tải kiện 12.5s,5,NBH,HUBHNM,2026-08-12,2026,8,12,4215.0,4386.0
Tỷ lệ nhập đúng tải kiện 12.5s,5,HTH,HUBHTH,2026-08-12,2026,8,12,3639.0,3641.0
Tỷ lệ nhập đúng tải kiện 12.5s,5,SLA,HUBSLA,2026-08-12,2026,8,12,146.0,147.0
Tỷ lệ nhập đúng tải kiện 12.5s,5,CTO,HUBSTG,2026-08-12,2026,8,12,6156.0,6156.0
Tỷ lệ nhập đúng tải kiện 12.5s,5,GLI,HUBBHD,2026-08-13,2026,8,13,1720.0,1745.0
Tỷ lệ nhập đúng tải kiện 12.5s,5,NBH,HUBNDH,2026-08-13,2026,8,13,8493.0,8493.0
Tỷ lệ nhập đúng tải kiện 12.5s,5,TQG,HUBTQG,2026-08-13,2026,8,13,2223.0,2228.0
Tỷ lệ nhập đúng tải kiện 12.5s,5,LDG,HUBBTN,2026-08-14,2026,8,14,7166.0,7589.0
Tỷ lệ nhập đúng tải kiện 12.5s,5,DNG,HUBDNG,2026-08-14,2026,8,14,87.0,87.0
Tỷ lệ nhập đúng tải kiện 12.5s,5,HPG,HUBHDG,2026-08-14,2026,8,14,8796.0,8819.0
Tỷ lệ nhập đúng tải kiện 12.5s,5,HTH,HUBHTH,2026-08-14,2026,8,14,4212.0,4214.0
Tỷ lệ nhập đúng tải kiện 12.5s,5,AGG,HUBKGG01,2026-08-14,2026,8,14,7175.0,7520.0
Tỷ lệ nhập đúng tải kiện 12.5s,5,HNI,HUBLBN,2026-08-14,2026,8,14,7222.0,7522.0
Tỷ lệ nhập đúng tải kiện 12.5s,5,HCM,HUBTTO,2026-08-14,2026,8,14,12297.0,13540.0
Tỷ lệ nhập đúng tải kiện 12.5s,5,CNKT3,DCCNKT3,2026-08-17,2026,8,17,38568.0,39860.0
Tỷ lệ nhập đúng tải kiện 12.5s,5,LDG,HUBDKG,2026-08-17,2026,8,17,2813.0,2842.0
Tỷ lệ nhập đúng tải kiện 12.5s,5,PHO,HUBPHO,2026-08-17,2026,8,17,5527.0,5527.0
Tỷ lệ nhập đúng tải kiện 12.5s,5,QNI,HUBQNI,2026-08-17,2026,8,17,4049.0,4068.0
Tỷ lệ nhập đúng tải kiện 12.5s,5,DNG,HUBQNM,2026-08-17,2026,8,17,5315.0,5337.0
Tỷ lệ nhập đúng tải kiện 12.5s,5,NBH,HUBHNM,2026-08-01,2026,8,1,4219.0,4306.0
Tỷ lệ nhập đúng tải kiện 12.5s,5,HCM,HUBTTO,2026-08-01,2026,8,1,14347.0,15713.0
Tỷ lệ nhập đúng tải kiện 12.5s,5,VLG,HUBVLG,2026-08-01,2026,8,1,4627.0,4630.0
Tỷ lệ nhập đúng tải kiện 12.5s,5,BNH,HUBBGG,2026-08-02,2026,8,2,8475.0,9287.0
Tỷ lệ nhập đúng tải kiện 12.5s,5,BNH,HUBBNH,2026-08-02,2026,8,2,3708.0,5732.0
Tỷ lệ nhập đúng tải kiện 12.5s,5,HCM,HUBTAN,2026-08-02,2026,8,2,2176.0,2249.0
Tỷ lệ nhập đúng tải kiện 12.5s,5,QNI,HUBKTM,2026-08-03,2026,8,3,2293.0,2312.0
Tỷ lệ nhập đúng tải kiện 12.5s,5,DLK,HUBPYN,2026-08-03,2026,8,3,2795.0,2827.0
Tỷ lệ nhập đúng tải kiện 12.5s,5,HNI,HUBTTI,2026-08-03,2026,8,3,16656.0,17635.0
Tỷ lệ nhập đúng tải kiện 12.5s,5,HNI,HUBYAN,2026-08-03,2026,8,3,10016.0,11113.0
Tỷ lệ nhập đúng tải kiện 12.5s,5,PHO,HUBHBH,2026-08-04,2026,8,4,3822.0,3822.0
Tỷ lệ nhập đúng tải kiện 12.5s,5,KHA,HUBKHA,2026-08-04,2026,8,4,6501.0,8844.0
Tỷ lệ nhập đúng tải kiện 12.5s,5,TNH,HUBLAN,2026-08-04,2026,8,4,10039.0,10771.0
Tỷ lệ nhập đúng tải kiện 12.5s,5,BNH,HUBBGG,2026-08-07,2026,8,7,11315.0,12756.0
Tỷ lệ nhập đúng tải kiện 12.5s,5,CTO,HUBCTO,2026-08-07,2026,8,7,38.0,38.0
Tỷ lệ nhập đúng tải kiện 12.5s,5,HNI,HUBTTI,2026-08-07,2026,8,7,16646.0,18254.0
Tỷ lệ nhập đúng tải kiện 12.5s,5,NBH,HUBHNM,2026-08-08,2026,8,8,4187.0,4428.0
Tỷ lệ nhập đúng tải kiện 12.5s,5,SLA,HUBSLA,2026-08-08,2026,8,8,159.0,163.0
Tỷ lệ nhập đúng tải kiện 12.5s,5,VLG,HUBTVH,2026-08-08,2026,8,8,3970.0,4047.0
Tỷ lệ nhập đúng tải kiện 12.5s,5,HCM,HUBHCM,2026-08-09,2026,8,9,209.0,511.0
Tỷ lệ nhập đúng tải kiện 12.5s,5,QNI,HUBKTM,2026-08-09,2026,8,9,2227.0,2228.0
Tỷ lệ nhập đúng tải kiện 12.5s,5,LDG,HUBLDG03,2026-08-09,2026,8,9,3075.0,3181.0
Tỷ lệ nhập đúng tải kiện 12.5s,5,NBH,HUBNBH,2026-08-09,2026,8,9,3773.0,3777.0
Tỷ lệ nhập đúng tải kiện 12.5s,5,DLK,HUBPYN,2026-08-09,2026,8,9,2637.0,2826.0
Tỷ lệ nhập đúng tải kiện 12.5s,5,HCM,HUBTAN,2026-08-09,2026,8,9,3973.0,5023.0
Tỷ lệ nhập đúng tải kiện 12.5s,5,GLI,HUBGLI,2026-08-10,2026,8,10,5256.0,5591.0
Tỷ lệ nhập đúng tải kiện 12.5s,5,NBH,HUBHNM,2026-08-10,2026,8,10,3739.0,4479.0
Tỷ lệ nhập đúng tải kiện 12.5s,5,HYN,HUBHYN,2026-08-10,2026,8,10,9182.0,9293.0
Tỷ lệ nhập đúng tải kiện 12.5s,5,QTI,HUBQBH,2026-08-10,2026,8,10,3023.0,3350.0
Tỷ lệ nhập đúng tải kiện 12.5s,5,THA,HUBTHA,2026-08-10,2026,8,10,9829.0,10693.0
Tỷ lệ nhập đúng tải kiện 12.5s,5,GLI,HUBBHD,2026-08-11,2026,8,11,1694.0,1827.0
Tỷ lệ nhập đúng tải kiện 12.5s,5,HPG,HUBHDG,2026-08-11,2026,8,11,8532.0,8654.0
Tỷ lệ nhập đúng tải kiện 12.5s,5,NBH,HUBNBH,2026-08-11,2026,8,11,5081.0,5081.0
Tỷ lệ nhập đúng tải kiện 12.5s,5,TQG,HUBTQG,2026-08-11,2026,8,11,2335.0,2335.0
Tỷ lệ nhập đúng tải kiện 12.5s,5,HNI,HUBYAN,2026-08-11,2026,8,11,9944.0,11495.0
Tỷ lệ nhập đúng tải kiện 12.5s,5,VLG,HUBBTE,2026-08-12,2026,8,12,10819.0,11090.0
Tỷ lệ nhập đúng tải kiện 12.5s,5,HYN,HUBTBH,2026-08-12,2026,8,12,7236.0,7277.0
Tỷ lệ nhập đúng tải kiện 12.5s,5,HCM,HUBTTO,2026-08-12,2026,8,12,14046.0,15090.0
Tỷ lệ nhập đúng tải kiện 12.5s,5,VLG,HUBBTE,2026-08-13,2026,8,13,8393.0,9053.0
Tỷ lệ nhập đúng tải kiện 12.5s,5,QTI,HUBQTI,2026-08-13,2026,8,13,4177.0,4185.0
Tỷ lệ nhập đúng tải kiện 12.5s,5,DTP,HUBTGG,2026-08-13,2026,8,13,7308.0,7309.0
Tỷ lệ nhập đúng tải kiện 12.5s,5,PHO,HUBVPC,2026-08-13,2026,8,13,9054.0,10654.0
Tỷ lệ nhập đúng tải kiện 12.5s,5,HPG,HUBHPG,2026-08-14,2026,8,14,10527.0,10937.0
Tỷ lệ nhập đúng tải kiện 12.5s,5,QNI,HUBKTM,2026-08-14,2026,8,14,1908.0,1930.0
Tỷ lệ nhập đúng tải kiện 12.5s,5,NBH,HUBNBH,2026-08-14,2026,8,14,5090.0,5091.0
Tỷ lệ nhập đúng tải kiện 12.5s,5,HTH,HUBHTH,2026-08-17,2026,8,17,2841.0,2862.0
Tỷ lệ nhập đúng tải kiện 12.5s,5,THA,HUBTHA,2026-08-17,2026,8,17,9198.0,10283.0
Tỷ lệ nhập đúng tải kiện 12.5s,5,CNKT3,TTKT3,2026-08-17,2026,8,17,22128.0,26741.0
Tỷ lệ nhập đúng tải kiện 12.5s,5,CNKT4,TTKT4,2026-08-17,2026,8,17,21075.0,21215.0
Hiệu quả xe nội tỉnh chiều về,9,LSN,LSNVC,2026-08-05,2026,8,5,22439.72,17400.0
Thời gian chờ nhập,4,HYN,HYNVC,2026-08-15,2026,8,15,194.86666666666667,52.0
Tỷ lệ kết nối đúng giờ,10,DNG,DNGVC,2026-08-12,2026,8,12,347.0,354.0
Tỷ lệ xuất sạch,3,LCI,LCIVC,2026-08-14,2026,8,14,19271.0,19668.0
Hiệu quả xe nội tỉnh chiều về,9,HYN,HYNVC,2026-08-07,2026,8,7,140198.7,155750.0
Hiệu quả kết nối nội tỉnh,7,AGG,AGGVC,2026-08-08,2026,8,8,91827.01,1927.0
Hiệu quả xe nội tỉnh chiều về,9,NBH,NBHVC,2026-08-03,2026,8,3,103305.38,186960.0
Thời gian chờ nhập,4,DLK,DLKVC1,2026-08-04,2026,8,4,875.9666666666667,53.0
Tỷ lệ nhập đúng tải kiện 12.5s,5,LSN,LSNVC,2026-08-06,2026,8,6,2171.0,2475.0
Thời gian chờ nhập,4,DTP,DTPVC,2026-08-15,2026,8,15,486.54999999999995,44.0
Hiệu quả xe nội tỉnh chiều đi,8,KHA,KHAVC,2026-08-17,2026,8,17,58950.020000000004,72550.0
Tỷ lệ nhập đúng tải kiện 12.5s,5,LSN,LSNVC,2026-08-17,2026,8,17,1620.0,1917.0
Thời gian chờ nhập,4,LDG,LDGVC,2026-08-13,2026,8,13,1549.6666666666667,71.0
Hiệu quả xe nội tỉnh chiều về,9,LCI,LCIVC,2026-08-12,2026,8,12,40822.29,33500.0
Tỷ lệ kết nối đúng giờ,10,DLK,DLKVC1,2026-08-08,2026,8,8,245.0,249.0
Thời gian chờ nhập,4,HCM,HCMVC,2026-08-06,2026,8,6,1513.0833333333333,97.0
Hiệu quả xe nội tỉnh chiều đi,8,PHO,PHOVC,2026-08-06,2026,8,6,112484.49,180400.0
Hiệu quả kết nối nội tỉnh,7,NAN,NANVC,2026-08-07,2026,8,7,112629.07,3353.0
Thời gian chờ nhập,4,DBN,DBNVC,2026-08-13,2026,8,13,12.866666666666667,4.0
Hiệu quả kết nối nội tỉnh,7,CMU,CMUVC,2026-08-16,2026,8,16,51055.82000000001,1111.0
Hiệu quả xe nội tỉnh chiều về,9,HTH,HTHVC,2026-08-14,2026,8,14,6948.33,27600.0
Hiệu quả xe nội tỉnh chiều đi,8,VLG,VLGVC,2026-08-13,2026,8,13,37668.58,82100.0
Thời gian chờ nhập,4,HPG,HPGVC,2026-08-17,2026,8,17,393.76666666666665,42.0
Tỷ lệ xuất sạch,3,HUE,HUEVC,2026-08-12,2026,8,12,20321.0,20369.0
Hiệu quả xe nội tỉnh chiều đi,8,QNI,QNIVC,2026-08-05,2026,8,5,32277.190000000002,37990.0
Hiệu quả xe nội tỉnh chiều về,9,QNI,QNIVC,2026-08-04,2026,8,4,23052.17,37990.0
Tỷ lệ nhập đúng tải kiện 12.5s,5,LDG,LDGVC,2026-08-13,2026,8,13,19236.0,21263.0
Hiệu quả xe nội tỉnh chiều về,9,PHO,PHOVC,2026-08-04,2026,8,4,110014.64,183900.0
Hiệu quả xe nội tỉnh chiều về,9,HTH,HTHVC,2026-08-17,2026,8,17,8776.19,27600.0
Tỷ lệ xuất sạch,3,HUE,HUEVC,2026-08-03,2026,8,3,17935.0,18003.0
Hiệu quả kết nối nội tỉnh,7,HUE,HUEVC,2026-08-08,2026,8,8,39961.270000000004,782.0
Thời gian chờ nhập,4,HNI,HNVC,2026-08-12,2026,8,12,2124.75,131.0
Hiệu quả xe nội tỉnh chiều đi,8,QTI,QTIVC,2026-08-16,2026,8,16,34130.96,34540.0
Thời gian chờ nhập,4,VLG,VLGVC,2026-07-31,2026,7,31,1.0666666666666667,1.0
Hiệu quả kết nối nội tỉnh,7,CMU,CMUVC,2026-08-08,2026,8,8,73765.24,2232.0
Hiệu quả kết nối nội tỉnh,7,LSN,LSNVC,2026-08-08,2026,8,8,25814.43,592.0
Hiệu quả kết nối nội tỉnh,7,NBH,NBHVC,2026-08-09,2026,8,9,107910.39,1019.4300000000001
Hiệu quả xe nội miền chiều về,16,VLG,VLGVC,2026-08-14,2026,8,14,8434.369999999999,15000.0
Hiệu quả xe nội tỉnh chiều đi,8,TNH,TNHVC,2026-07-31,2026,7,31,1678.95,1650.0
Tỷ lệ nhập đúng tải kiện 12.5s,5,HCM,HCMVC,2026-08-12,2026,8,12,35234.0,40117.0
Tỷ lệ nhập đúng tải kiện 12.5s,5,TNN,TNNVC,2026-08-12,2026,8,12,6798.0,8244.0
Tỷ lệ nhập đúng tải kiện 12.5s,5,LCI,LCIVC,2026-08-04,2026,8,4,6270.0,8056.0
Hiệu quả xe nội tỉnh chiều về,9,AGG,AGGVC,2026-08-02,2026,8,2,40455.369999999995,81500.0
Hiệu quả xe nội tỉnh chiều đi,8,QNI,QNIVC,2026-08-14,2026,8,14,33527.09,32350.0
Tỷ lệ kết nối đúng giờ,10,CMU,CMUVC,2026-08-11,2026,8,11,76.0,76.0
Tỷ lệ nhập đúng tải kiện 12.5s,5,HPG,HPGVC,2026-08-14,2026,8,14,19323.0,19756.0
Tỷ lệ kết nối đúng giờ,10,HNI,HNVC,2026-08-15,2026,8,15,3280.0,3479.0
Hiệu quả kết nối nội tỉnh,7,QTI,QTIVC,2026-08-03,2026,8,3,79676.42000000001,2700.8
Hiệu quả xe nội miền chiều về,16,QNI,QNIVC,2026-08-07,2026,8,7,3389.1,3500.0
Tỷ lệ xuất sạch,3,DLK,DLKVC1,2026-08-04,2026,8,4,30090.0,32304.0
Hiệu quả xe nội tỉnh chiều về,9,NBH,NBHVC,2026-08-17,2026,8,17,39375.6,72530.0
Hiệu quả xe nội tỉnh chiều đi,8,HTH,HTHVC,2026-08-04,2026,8,4,18673.18,33400.0
Hiệu quả kết nối nội tỉnh,7,HYN,HYNVC,2026-08-10,2026,8,10,247199.29,2803.0
Tỷ lệ nhập đúng tải kiện 12.5s,5,LCU,LCUVC,2026-08-08,2026,8,8,732.0,733.0
Tỷ lệ nhập đúng tải kiện 12.5s,5,TQG,TQGVC,2026-08-11,2026,8,11,3745.0,3745.0
Thời gian chờ nhập,4,TNH,TNHVC,2026-08-17,2026,8,17,519.0333333333333,57.0
Tỷ lệ kết nối đúng giờ,10,VLG,VLGVC,2026-08-08,2026,8,8,229.0,234.0
Tỷ lệ xuất sạch,3,HNI,HNVC,2026-08-15,2026,8,15,184350.0,187016.0
Hiệu quả xe nội tỉnh chiều đi,8,TNN,TNNVC,2026-08-11,2026,8,11,41172.16,62660.0
Hiệu quả xe nội tỉnh chiều đi,8,TNN,TNNVC,2026-08-07,2026,8,7,36323.9,53290.0
Hiệu quả xe nội tỉnh chiều về,9,BNH,BNHVC,2026-08-17,2026,8,17,33164.24,43900.0
Hiệu quả xe nội tỉnh chiều đi,8,HYN,HYNVC,2026-08-11,2026,8,11,116743.98999999999,118800.0
Hiệu quả xe nội tỉnh chiều về,9,PHO,PHOVC,2026-08-14,2026,8,14,117794.19,161400.0
Hiệu quả xe nội tỉnh chiều đi,8,LDG,LDGVC,2026-08-07,2026,8,7,135959.99,150100.0
Hiệu quả kết nối nội tỉnh,7,NBH,NBHVC,2026-08-02,2026,8,2,148152.25,2776.62
Tỷ lệ nhập đúng tải kiện 12.5s,5,TNN,TNNVC,2026-08-10,2026,8,10,7473.0,8376.0
Hiệu quả xe nội tỉnh chiều đi,8,QTI,QTIVC,2026-08-17,2026,8,17,47533.21,49920.0
Hiệu quả xe nội tỉnh chiều về,9,NAN,NANVC,2026-07-31,2026,7,31,2003.45,4500.0
Thời gian chờ nhập,4,LCI,LCIVC,2026-08-02,2026,8,2,282.9,14.0
Hiệu quả kết nối nội tỉnh,7,SLA,SLAVC,2026-08-13,2026,8,13,1927.72,82.0
Hiệu quả kết nối nội miền,17,PHO,PHOVC,2026-08-15,2026,8,15,16796.71,300.0
Tỷ lệ kết nối đúng giờ,10,HCM,HCMVC,2026-08-04,2026,8,4,3198.0,3227.0
Tỷ lệ nhập đúng tải kiện 12.5s,5,AGG,AGGVC,2026-08-06,2026,8,6,15304.0,16579.0
Tỷ lệ kết nối đúng giờ,10,BNH,BNHVC,2026-08-03,2026,8,3,365.0,369.0
Hiệu quả xe nội miền chiều đi,15,QNI,QNIVC,2026-08-11,2026,8,11,3845.03,3500.0
Hiệu quả xe nội tỉnh chiều về,9,LDG,LDGVC,2026-08-08,2026,8,8,71775.43000000001,127150.0
Hiệu quả xe nội tỉnh chiều về,9,DTP,DTPVC,2026-08-15,2026,8,15,64526.83,155650.0
Tỷ lệ nhập đúng tải kiện 12.5s,5,VLG,VLGVC,2026-08-17,2026,8,17,16053.0,16528.0
Tỷ lệ nhập đúng tải kiện 12.5s,5,HPG,HPGVC,2026-08-08,2026,8,8,19307.0,19933.0
Thời gian chờ nhập,4,HYN,HYNVC,2026-08-05,2026,8,5,179.39999999999998,56.0
Thời gian chờ nhập,4,LCU,LCUVC,2026-08-13,2026,8,13,4.516666666666667,2.0
Hiệu quả kết nối nội miền,17,PHO,PHOVC,2026-08-13,2026,8,13,17153.4,300.0
Tỷ lệ nhập đúng tải kiện 12.5s,5,DBN,DBNVC,2026-08-02,2026,8,2,603.0,603.0
Tỷ lệ xuất sạch,3,DLK,DLKVC1,2026-08-12,2026,8,12,38785.0,42641.0
Tỷ lệ kết nối đúng giờ,10,LDG,LDGVC,2026-07-31,2026,7,31,5.0,5.0
Thời gian chờ nhập,4,DLK,DLKVC1,2026-08-09,2026,8,9,729.8833333333333,51.0
Hiệu quả xe nội tỉnh chiều về,9,SLA,SLAVC,2026-08-16,2026,8,16,326.7,900.0
Thời gian chờ nhập,4,LCU,LCUVC,2026-08-08,2026,8,8,2.65,2.0
Tỷ lệ xuất sạch,3,BNH,BNHVC,2026-08-04,2026,8,4,65420.0,75980.0
Tỷ lệ kết nối đúng giờ,10,LSN,LSNVC,2026-08-11,2026,8,11,23.0,23.0
Hiệu quả xe nội tỉnh chiều về,9,DNG,DNGVC,2026-08-17,2026,8,17,71235.45,118100.0
Tỷ lệ xuất sạch,3,DNI,DNIVC,2026-08-05,2026,8,5,105723.0,106674.0
Hiệu quả xe nội miền chiều đi,15,VLG,VLGVC,2026-08-16,2026,8,16,4193.03,4500.0
Tỷ lệ xuất sạch,3,GLI,GLIVC1,2026-08-07,2026,8,7,37113.0,38903.0
Tỷ lệ kết nối đúng giờ,10,QTI,QTIVC,2026-08-16,2026,8,16,113.0,124.0
Tỷ lệ nhập đúng tải kiện 12.5s,5,QTI,QTIVC,2026-08-13,2026,8,13,7273.0,7609.0
Hiệu quả xe nội tỉnh chiều đi,8,CTO,CTOVC,2026-08-17,2026,8,17,85939.44,146500.0
Tỷ lệ nhập đúng tải kiện 12.5s,5,DBN,DBNVC,2026-08-14,2026,8,14,717.0,717.0
Hiệu quả kết nối nội tỉnh,7,LDG,LDGVC,2026-08-06,2026,8,6,210616.87,5361.0
Hiệu quả xe nội tỉnh chiều đi,8,TNN,TNNVC,2026-08-15,2026,8,15,38633.99,61010.0
Tỷ lệ xuất sạch,3,NAN,NANVC,2026-08-05,2026,8,5,40707.0,41237.0
Hiệu quả xe nội tỉnh chiều đi,8,QNI,QNIVC,2026-08-06,2026,8,6,38092.91,39640.0
Tỷ lệ kết nối đúng giờ,10,BNH,BNHVC,2026-08-02,2026,8,2,260.0,264.0
Tỷ lệ xuất sạch,3,HCM,HCMVC,2026-08-11,2026,8,11,118599.0,124891.0
Hiệu quả kết nối nội tỉnh,7,TNH,TNHVC,2026-08-04,2026,8,4,89218.13,1819.0
Hiệu quả kết nối nội miền,17,HCM,HCMVC,2026-08-17,2026,8,17,8592.09,168.0
Thời gian chờ nhập,4,CTO,CTOVC,2026-08-08,2026,8,8,110.33333333333333,16.0
Tỷ lệ xuất sạch,3,LCI,LCIVC,2026-08-01,2026,8,1,14441.0,18409.0
Hiệu quả xe nội tỉnh chiều về,9,LSN,LSNVC,2026-08-07,2026,8,7,18925.1,20850.0
Hiệu quả kết nối nội miền,17,HCM,HCMVC,2026-08-06,2026,8,6,59203.16999999999,1537.0
Hiệu quả kết nối nội miền,17,PHO,PHOVC,2026-08-14,2026,8,14,15650.22,300.0
Hiệu quả xe nội tỉnh chiều đi,8,VLG,VLGVC,2026-08-16,2026,8,16,33615.619999999995,49650.0
Tỷ lệ nhập đúng tải kiện 12.5s,5,PHO,PHOVC,2026-08-09,2026,8,9,18028.0,18565.0
Hiệu quả xe nội tỉnh chiều về,9,THA,THAVC,2026-08-15,2026,8,15,73171.15,151000.0
Tỷ lệ xuất sạch,3,NBH,NBHVC,2026-08-12,2026,8,12,76910.0,77665.0
Tỷ lệ kết nối đúng giờ,10,VLG,VLGVC,2026-08-10,2026,8,10,228.0,231.0
Hiệu quả xe nội tỉnh chiều về,9,QTI,QTIVC,2026-08-10,2026,8,10,27184.31,48260.0
Hiệu quả xe nội tỉnh chiều về,9,HPG,HPGVC,2026-08-07,2026,8,7,72277.61,155990.0
Thời gian chờ nhập,4,HUE,HUEVC,2026-08-01,2026,8,1,134.18333333333334,15.0
Thời gian chờ nhập,4,QNH,QNHVC,2026-08-10,2026,8,10,1366.0166666666667,28.0
Tỷ lệ kết nối đúng giờ,10,CMU,CMUVC,2026-08-06,2026,8,6,76.0,76.0
Hiệu quả xe nội tỉnh chiều về,9,PHO,PHOVC,2026-08-03,2026,8,3,99744.26,183900.0
Tỷ lệ xuất sạch,3,CTO,CTOVC,2026-08-02,2026,8,2,12858.0,12872.0
Tỷ lệ nhập đúng tải kiện 12.5s,5,KHA,KHAVC,2026-08-12,2026,8,12,7925.0,9458.0
Thời gian chờ nhập,4,HUE,HUEVC,2026-08-16,2026,8,16,516.4,19.0
Hiệu quả kết nối nội tỉnh,7,THA,THAVC,2026-08-15,2026,8,15,152668.58,4067.0
Hiệu quả xe nội miền chiều đi,15,HYN,HYNVC,2026-08-16,2026,8,16,6639.56,5100.0
Tỷ lệ kết nối đúng giờ,10,NBH,NBHVC,2026-08-04,2026,8,4,339.0,341.0
Hiệu quả kết nối nội tỉnh,7,NBH,NBHVC,2026-08-13,2026,8,13,132530.97,1417.8600000000001
Tỷ lệ xuất sạch,3,SLA,SLAVC,2026-08-11,2026,8,11,558.0,560.0
Hiệu quả kết nối nội tỉnh,7,HYN,HYNVC,2026-08-04,2026,8,4,251133.83,2779.0
Tỷ lệ nhập đúng tải kiện 12.5s,5,AGG,AGGVC,2026-08-04,2026,8,4,16317.0,16855.0
Hiệu quả xe nội tỉnh chiều về,9,HNI,HNVC,2026-08-17,2026,8,17,318297.27,499945.0
Hiệu quả kết nối nội tỉnh,7,HTH,HTHVC,2026-08-09,2026,8,9,22327.67,556.5
Hiệu quả xe nội tỉnh chiều về,9,PHO,PHOVC,2026-08-10,2026,8,10,117510.57,183900.0
Hiệu quả xe nội tỉnh chiều về,9,KHA,KHAVC,2026-08-11,2026,8,11,41154.05,72050.0
Hiệu quả xe nội miền chiều về,16,HCM,HCMVC,2026-08-08,2026,8,8,17841.940000000002,26800.0
Hiệu quả xe nội tỉnh chiều về,9,DLK,DLKVC1,2026-08-06,2026,8,6,68613.76,136540.0
Thời gian chờ nhập,4,DNI,DNIVC,2026-08-13,2026,8,13,504.6666666666667,80.0
Thời gian chờ nhập,4,GLI,GLIVC1,2026-08-12,2026,8,12,1620.2333333333331,39.0
Tỷ lệ nhập đúng tải kiện 12.5s,5,DBN,DBNVC,2026-08-13,2026,8,13,730.0,730.0
Tỷ lệ xuất sạch,3,VLG,VLGVC,2026-08-15,2026,8,15,45784.0,48840.0
Tỷ lệ kết nối đúng giờ,10,NBH,NBHVC,2026-08-14,2026,8,14,342.0,349.0
Hiệu quả xe nội tỉnh chiều về,9,CMU,CMUVC,2026-08-03,2026,8,3,21636.39,60050.0
Thời gian chờ nhập,4,PHO,PHOVC,2026-08-16,2026,8,16,1299.2333333333333,48.0
Tỷ lệ xuất sạch,3,LSN,LSNVC,2026-08-10,2026,8,10,11396.0,11410.0
Hiệu quả xe nội tỉnh chiều đi,8,HUE,HUEVC,2026-08-12,2026,8,12,26368.07,31580.0
Hiệu quả xe nội miền chiều đi,15,GLI,GLIVC1,2026-08-16,2026,8,16,1212.78,1900.0
Hiệu quả xe nội tỉnh chiều đi,8,NAN,NANVC,2026-08-08,2026,8,8,74119.41,89480.0
Hiệu quả xe nội tỉnh chiều về,9,HNI,HNVC,2026-08-16,2026,8,16,145393.39,296900.0
Hiệu quả kết nối nội tỉnh,7,HUE,HUEVC,2026-08-02,2026,8,2,44632.35,873.0
Hiệu quả kết nối nội miền,17,GLI,GLIVC1,2026-08-09,2026,8,9,2969.76,442.0
Hiệu quả xe nội tỉnh chiều về,9,GLI,GLIVC1,2026-08-16,2026,8,16,42936.350000000006,81030.0
Hiệu quả xe nội tỉnh chiều đi,8,DLK,DLKVC1,2026-08-16,2026,8,16,99338.46,123590.0
Tỷ lệ xuất sạch,3,DNI,DNIVC,2026-08-03,2026,8,3,89747.0,92243.0
Tỷ lệ kết nối đúng giờ,10,DBN,DBNVC,2026-08-10,2026,8,10,17.0,17.0
Tỷ lệ xuất sạch,3,DNG,DNGVC,2026-08-13,2026,8,13,41805.0,45038.0
Tỷ lệ kết nối đúng giờ,10,AGG,AGGVC,2026-08-09,2026,8,9,147.0,155.0
Hiệu quả xe nội tỉnh chiều về,9,LCI,LCIVC,2026-08-02,2026,8,2,33496.88,30000.0
Thời gian chờ nhập,4,AGG,AGGVC,2026-08-16,2026,8,16,439.25,37.0
Hiệu quả xe nội tỉnh chiều đi,8,TNH,TNHVC,2026-08-10,2026,8,10,2815.83,4500.0
Hiệu quả xe nội tỉnh chiều đi,8,SLA,SLAVC,2026-08-03,2026,8,3,620.0,900.0
Hiệu quả xe nội tỉnh chiều đi,8,HCM,HCMVC,2026-08-11,2026,8,11,122035.1,151150.0
Tỷ lệ kết nối đúng giờ,10,HTH,HTHVC,2026-08-10,2026,8,10,74.0,76.0
Hiệu quả xe nội tỉnh chiều về,9,TQG,TQGVC,2026-08-01,2026,8,1,7751.87,10750.0
Hiệu quả kết nối nội tỉnh,7,QNH,QNHVC,2026-08-14,2026,8,14,1168.52,19.0
Hiệu quả kết nối nội tỉnh,7,QNH,QNHVC,2026-08-15,2026,8,15,4340.93,104.0
Hiệu quả xe nội tỉnh chiều về,9,DTP,DTPVC,2026-08-11,2026,8,11,66822.98999999999,136050.0
Tỷ lệ xuất sạch,3,THA,THAVC,2026-08-17,2026,8,17,74246.0,79042.0
Thời gian chờ nhập,4,LCI,LCIVC,2026-07-31,2026,7,31,2.3333333333333335,1.0
Tỷ lệ nhập đúng tải kiện 12.5s,5,DNI,DNIVC,2026-08-13,2026,8,13,23068.0,23953.0
Hiệu quả xe nội miền chiều về,16,VLG,VLGVC,2026-08-08,2026,8,8,8990.45,15000.0
Hiệu quả xe nội miền chiều đi,15,HYN,HYNVC,2026-08-17,2026,8,17,5788.02,5100.0
Tỷ lệ xuất sạch,3,TQG,TQGVC,2026-08-10,2026,8,10,4190.0,6030.0
Tỷ lệ xuất sạch,3,CTO,CTOVC,2026-08-04,2026,8,4,12457.0,12926.0
Hiệu quả xe nội tỉnh chiều về,9,CMU,CMUVC,2026-08-16,2026,8,16,19372.57,32500.0
Hiệu quả xe nội tỉnh chiều đi,8,QNH,QNHVC,2026-08-01,2026,8,1,44650.88,53750.0
Tỷ lệ nhập đúng tải kiện 12.5s,5,QNI,QNIVC,2026-08-17,2026,8,17,5859.0,6037.0
Hiệu quả kết nối nội tỉnh,7,TQG,TQGVC,2026-08-13,2026,8,13,23729.82,1133.0
Thời gian chờ nhập,4,LDG,LDGVC,2026-08-07,2026,8,7,1363.8166666666666,70.0
Tỷ lệ xuất sạch,3,NAN,NANVC,2026-08-04,2026,8,4,37592.0,37946.0
Hiệu quả xe nội miền chiều về,16,LDG,LDGVC,2026-08-03,2026,8,3,1849.57,5000.0
Tỷ lệ kết nối đúng giờ,10,LDG,LDGVC,2026-08-04,2026,8,4,296.0,297.0
Tỷ lệ kết nối đúng giờ,10,DNI,DNIVC,2026-08-13,2026,8,13,529.0,544.0
Hiệu quả kết nối nội tỉnh,7,HNI,HNVC,2026-08-11,2026,8,11,517950.8,11289.1
Thời gian chờ nhập,4,AGG,AGGVC,2026-08-11,2026,8,11,401.6333333333333,46.0
Tỷ lệ nhập đúng tải kiện 12.5s,5,LCI,LCIVC,2026-08-17,2026,8,17,4271.0,6038.0
Tỷ lệ xuất sạch,3,GLI,GLIVC1,2026-08-01,2026,8,1,32553.0,33882.0
Tỷ lệ xuất sạch,3,TQG,TQGVC,2026-08-15,2026,8,15,6585.0,7180.0
Hiệu quả xe nội tỉnh chiều về,9,LSN,LSNVC,2026-08-13,2026,8,13,16622.38,20850.0
Hiệu quả xe nội tỉnh chiều về,9,BNH,BNHVC,2026-08-12,2026,8,12,64763.950000000004,87700.0
Hiệu quả xe nội tỉnh chiều về,9,LSN,LSNVC,2026-08-03,2026,8,3,14528.83,15750.0
Tỷ lệ xuất sạch,3,HCM,HCMVC,2026-08-10,2026,8,10,106592.0,109590.0
Thời gian chờ nhập,4,NAN,NANVC,2026-08-16,2026,8,16,514.4,31.0
Hiệu quả xe nội tỉnh chiều về,9,BNH,BNHVC,2026-08-03,2026,8,3,121021.44,169900.0
Thời gian chờ nhập,4,HUE,HUEVC,2026-08-03,2026,8,3,490.1666666666667,19.0
Thời gian chờ nhập,4,HCM,HCMVC,2026-08-05,2026,8,5,1027.15,84.0
Tỷ lệ nhập đúng tải kiện 12.5s,5,TNN,TNNVC,2026-08-07,2026,8,7,7096.0,8891.0
Hiệu quả xe nội tỉnh chiều đi,8,CMU,CMUVC,2026-08-08,2026,8,8,52182.92,60050.0
Thời gian chờ nhập,4,LCU,LCUVC,2026-08-01,2026,8,1,4.233333333333333,2.0
Tỷ lệ xuất sạch,3,AGG,AGGVC,2026-08-03,2026,8,3,39389.0,44775.0
Tỷ lệ kết nối đúng giờ,10,GLI,GLIVC1,2026-08-02,2026,8,2,230.0,245.0
Hiệu quả xe nội miền chiều về,16,DNI,DNIVC,2026-08-16,2026,8,16,5583.9,8000.0
Hiệu quả xe nội miền chiều đi,15,HCM,HCMVC,2026-08-12,2026,8,12,34286.85,39000.0
Hiệu quả xe nội tỉnh chiều đi,8,LSN,LSNVC,2026-08-08,2026,8,8,11678.55,15750.0
Tỷ lệ xuất sạch,3,QNI,QNIVC,2026-08-10,2026,8,10,22177.0,22288.0
Tỷ lệ xuất sạch,3,DTP,DTPVC,2026-08-14,2026,8,14,47264.0,47976.0
Tỷ lệ kết nối đúng giờ,10,DBN,DBNVC,2026-08-16,2026,8,16,1.0,1.0
Hiệu quả xe nội tỉnh chiều đi,8,HCM,HCMVC,2026-08-14,2026,8,14,116633.38,152750.0
Tỷ lệ xuất sạch,3,CTO,CTOVC,2026-08-11,2026,8,11,12308.0,13564.0
Hiệu quả xe liên miền,18,KHA,KHAVC,2026-08-10,2026,8,10,16169.41,26000.0
Hiệu quả kết nối nội tỉnh,7,SLA,SLAVC,2026-07-31,2026,7,31,184.56,41.0
Tỷ lệ kết nối đúng giờ,10,GLI,GLIVC1,2026-08-12,2026,8,12,234.0,247.0
Hiệu quả kết nối nội tỉnh,7,DNI,DNIVC,2026-08-06,2026,8,6,59699.78,2157.0
Hiệu quả kết nối nội tỉnh,7,DBN,DBNVC,2026-08-10,2026,8,10,2595.5,185.0
Tỷ lệ nhập đúng tải kiện 12.5s,5,DNG,DNGVC,2026-08-13,2026,8,13,4224.0,4531.0
Tỷ lệ xuất sạch,3,LCU,LCUVC,2026-08-03,2026,8,3,742.0,744.0
Tỷ lệ xuất sạch,3,QTI,QTIVC,2026-08-06,2026,8,6,19990.0,20503.0
Hiệu quả xe nội miền chiều đi,15,QNI,QNIVC,2026-08-06,2026,8,6,3618.07,3500.0
Thời gian chờ nhập,4,TNN,TNNVC,2026-08-07,2026,8,7,251.81666666666666,23.0
Hiệu quả xe nội tỉnh chiều đi,8,LSN,LSNVC,2026-08-17,2026,8,17,8286.58,15750.0
Tỷ lệ xuất sạch,3,TNN,TNNVC,2026-08-04,2026,8,4,22329.0,24005.0
Hiệu quả kết nối nội tỉnh,7,TNH,TNHVC,2026-08-09,2026,8,9,49012.52,998.0
Tỷ lệ nhập đúng tải kiện 12.5s,5,KHA,KHAVC,2026-08-09,2026,8,9,4632.0,7046.0
Hiệu quả xe nội tỉnh chiều đi,8,CMU,CMUVC,2026-08-16,2026,8,16,31683.25,35000.0
Hiệu quả kết nối nội miền,17,VLG,VLGVC,2026-08-05,2026,8,5,28211.86,677.0
Tỷ lệ xuất sạch,3,LCI,LCIVC,2026-08-07,2026,8,7,15951.0,18452.0
Thời gian chờ nhập,4,LCU,LCUVC,2026-08-04,2026,8,4,2.8166666666666664,2.0
Hiệu quả kết nối nội tỉnh,7,DNG,DNGVC,2026-08-17,2026,8,17,171709.7,3450.0
Hiệu quả kết nối nội tỉnh,7,CTO,CTOVC,2026-08-07,2026,8,7,170989.47,3380.0
Tỷ lệ nhập đúng tải kiện 12.5s,5,HTH,HTHVC,2026-08-14,2026,8,14,4212.0,4214.0
Hiệu quả xe nội miền chiều đi,15,HCM,HCMVC,2026-08-06,2026,8,6,40642.159999999996,38950.0
Hiệu quả kết nối nội miền,17,QNI,QNIVC,2026-08-15,2026,8,15,7879.13,498.0
Hiệu quả xe nội tỉnh chiều về,9,TNN,TNNVC,2026-08-13,2026,8,13,35124.96,65140.0
Thời gian chờ nhập,4,HNI,HNVC,2026-08-07,2026,8,7,1623.9333333333334,125.0
Tỷ lệ kết nối đúng giờ,10,DNI,DNIVC,2026-08-09,2026,8,9,396.0,409.0
Tỷ lệ kết nối đúng giờ,10,DNG,DNGVC,2026-08-08,2026,8,8,338.0,349.0
Tỷ lệ xuất sạch,3,THA,THAVC,2026-08-03,2026,8,3,37053.0,39106.0
Hiệu quả xe nội tỉnh chiều đi,8,LSN,LSNVC,2026-08-03,2026,8,3,7853.22,15750.0
Hiệu quả kết nối nội tỉnh,7,TNN,TNNVC,2026-08-01,2026,8,1,76406.86,1360.0
Hiệu quả xe nội tỉnh chiều về,9,LSN,LSNVC,2026-08-11,2026,8,11,17507.5,20850.0
Hiệu quả xe nội tỉnh chiều về,9,BNH,BNHVC,2026-08-05,2026,8,5,116320.67,186050.0
Hiệu quả xe nội tỉnh chiều đi,8,HPG,HPGVC,2026-08-04,2026,8,4,138156.86,205340.0
Tỷ lệ xuất sạch,3,LSN,LSNVC,2026-08-04,2026,8,4,8837.0,9078.0
Tỷ lệ nhập đúng tải kiện 12.5s,5,NAN,NANVC,2026-08-17,2026,8,17,8781.0,8793.0
Tỷ lệ nhập đúng tải kiện 12.5s,5,HCM,HCMVC,2026-08-09,2026,8,9,23589.0,28802.0
Thời gian chờ nhập,4,HTH,HTHVC,2026-08-12,2026,8,12,158.23333333333332,12.0
Hiệu quả xe nội miền chiều đi,15,HPG,HPGVC,2026-08-13,2026,8,13,1039.08,1900.0
Tỷ lệ nhập đúng tải kiện 12.5s,5,TQG,TQGVC,2026-08-03,2026,8,3,3185.0,3186.0
Hiệu quả kết nối nội tỉnh,7,THA,THAVC,2026-08-11,2026,8,11,150964.52,4145.0
Tỷ lệ xuất sạch,3,BNH,BNHVC,2026-08-17,2026,8,17,100066.0,140420.0
Thời gian chờ nhập,4,LCI,LCIVC,2026-08-08,2026,8,8,211.81666666666666,11.0
Thời gian chờ nhập,4,LDG,LDGVC,2026-08-15,2026,8,15,1642.6833333333332,69.0
Tỷ lệ nhập đúng tải kiện 12.5s,5,NBH,NBHVC,2026-08-11,2026,8,11,17503.0,18166.0
Hiệu quả xe nội miền chiều đi,15,HCM,HCMVC,2026-08-07,2026,8,7,34067.08,38700.0
Hiệu quả xe nội miền chiều về,16,TNH,TNHVC,2026-08-07,2026,8,7,257.66,5100.0
Hiệu quả xe nội tỉnh chiều về,9,PHO,PHOVC,2026-08-16,2026,8,16,92420.12,135500.0
Hiệu quả xe liên miền,18,LDG,LDGVC,2026-08-11,2026,8,11,20517.05,24000.0
Hiệu quả xe nội miền chiều đi,15,GLI,GLIVC1,2026-08-15,2026,8,15,921.02,1900.0
Hiệu quả kết nối nội tỉnh,7,HCM,HCMVC,2026-08-02,2026,8,2,132019.49,1940.1000000000001
Tỷ lệ xuất sạch,3,DTP,DTPVC,2026-08-17,2026,8,17,81030.0,89638.0
Thời gian chờ nhập,4,HCM,HCMVC,2026-08-03,2026,8,3,1242.2166666666667,72.0
Hiệu quả xe nội tỉnh chiều đi,8,TQG,TQGVC,2026-08-12,2026,8,12,15159.09,12400.0
Tỷ lệ xuất sạch,3,QNI,QNIVC,2026-08-11,2026,8,11,19754.0,20050.0
Hiệu quả kết nối nội tỉnh,7,NAN,NANVC,2026-08-08,2026,8,8,118303.68,3369.0
Thời gian chờ nhập,4,LCU,LCUVC,2026-08-07,2026,8,7,3.716666666666667,2.0
Tỷ lệ nhập đúng tải kiện 12.5s,5,NBH,NBHVC,2026-08-01,2026,8,1,18471.0,18568.0
Tỷ lệ nhập đúng tải kiện 12.5s,5,TNN,TNNVC,2026-08-04,2026,8,4,7384.0,8757.0
Tỷ lệ nhập đúng tải kiện 12.5s,5,PHO,PHOVC,2026-08-14,2026,8,14,20074.0,21230.0
Hiệu quả xe nội tỉnh chiều đi,8,HUE,HUEVC,2026-08-13,2026,8,13,27827.420000000002,31580.0
Hiệu quả xe nội tỉnh chiều đi,8,LSN,LSNVC,2026-08-07,2026,8,7,13203.97,20850.0
Hiệu quả xe nội tỉnh chiều đi,8,TNH,TNHVC,2026-08-15,2026,8,15,3896.06,4500.0
Tỷ lệ xuất sạch,3,HTH,HTHVC,2026-08-13,2026,8,13,11158.0,11196.0
Tỷ lệ kết nối đúng giờ,10,HTH,HTHVC,2026-08-15,2026,8,15,74.0,76.0
Hiệu quả kết nối nội tỉnh,7,HPG,HPGVC,2026-08-02,2026,8,2,131398.08,1609.0
Hiệu quả xe nội tỉnh chiều về,9,HPG,HPGVC,2026-08-12,2026,8,12,75708.42,162070.0
Hiệu quả kết nối nội tỉnh,7,GLI,GLIVC1,2026-08-02,2026,8,2,126619.77,3581.0
Tỷ lệ kết nối đúng giờ,10,THA,THAVC,2026-08-16,2026,8,16,213.0,215.0
Tỷ lệ nhập đúng tải kiện 12.5s,5,HTH,HTHVC,2026-08-02,2026,8,2,3797.0,3797.0
Thời gian chờ nhập,4,SLA,SLAVC,2026-08-16,2026,8,16,61.6,3.0
Tỷ lệ kết nối đúng giờ,10,QNI,QNIVC,2026-08-17,2026,8,17,170.0,170.0
Tỷ lệ xuất sạch,3,TQG,TQGVC,2026-08-17,2026,8,17,12644.0,14396.0
Tỷ lệ xuất sạch,3,THA,THAVC,2026-08-10,2026,8,10,36684.0,40256.0
Hiệu quả xe nội tỉnh chiều đi,8,HYN,HYNVC,2026-08-01,2026,8,1,121313.16,147100.0
Hiệu quả xe nội tỉnh chiều về,9,LCI,LCIVC,2026-08-11,2026,8,11,43512.06,33500.0
Thời gian chờ nhập,4,PHO,PHOVC,2026-08-07,2026,8,7,1612.5833333333335,61.0
Hiệu quả xe nội tỉnh chiều về,9,AGG,AGGVC,2026-08-09,2026,8,9,27647.44,61700.0
Hiệu quả xe liên miền,18,KHA,KHAVC,2026-08-09,2026,8,9,4665.4,13000.0
Thời gian chờ nhập,4,DTP,DTPVC,2026-07-31,2026,7,31,0.9166666666666666,1.0
Hiệu quả kết nối nội tỉnh,7,KHA,KHAVC,2026-08-03,2026,8,3,94329.91,1992.0
Tỷ lệ nhập đúng tải kiện 12.5s,5,HCM,HCMVC,2026-08-17,2026,8,17,30969.0,35227.0
Tỷ lệ kết nối đúng giờ,10,NBH,NBHVC,2026-08-12,2026,8,12,356.0,358.0
Hiệu quả xe nội tỉnh chiều về,9,HPG,HPGVC,2026-08-04,2026,8,4,69998.35,163170.0
Hiệu quả xe nội tỉnh chiều đi,8,SLA,SLAVC,2026-08-11,2026,8,11,918.23,900.0
Tỷ lệ kết nối đúng giờ,10,DNI,DNIVC,2026-08-06,2026,8,6,536.0,548.0
Tỷ lệ nhập đúng tải kiện 12.5s,5,VLG,VLGVC,2026-08-12,2026,8,12,19031.0,19440.0
Hiệu quả kết nối nội tỉnh,7,HPG,HPGVC,2026-08-16,2026,8,16,127267.08000000002,1524.0
Hiệu quả xe nội tỉnh chiều đi,8,DLK,DLKVC1,2026-08-13,2026,8,13,92805.91,133240.0
Hiệu quả xe nội tỉnh chiều về,9,TQG,TQGVC,2026-08-09,2026,8,9,7576.91,10750.0
Tỷ lệ kết nối đúng giờ,10,HYN,HYNVC,2026-08-02,2026,8,2,209.0,210.0
Hiệu quả kết nối nội miền,17,PHO,PHOVC,2026-08-04,2026,8,4,19710.0,375.0
Tỷ lệ nhập đúng tải kiện 12.5s,5,CTO,CTOVC,2026-08-17,2026,8,17,4187.0,4420.0
Tỷ lệ nhập đúng tải kiện 12.5s,5,DLK,DLKVC1,2026-08-11,2026,8,11,13737.0,15267.0
Tỷ lệ kết nối đúng giờ,10,LSN,LSNVC,2026-08-02,2026,8,2,23.0,23.0
Hiệu quả xe nội tỉnh chiều về,9,QNI,QNIVC,2026-08-07,2026,8,7,27201.48,41140.0
Hiệu quả kết nối nội tỉnh,7,GLI,GLIVC1,2026-08-09,2026,8,9,116011.51000000001,3553.0
Hiệu quả xe nội tỉnh chiều đi,8,TNH,TNHVC,2026-08-07,2026,8,7,46035.29,57850.0
Hiệu quả xe nội tỉnh chiều về,9,CTO,CTOVC,2026-08-15,2026,8,15,57832.11,142250.0
Hiệu quả xe nội miền chiều về,16,LDG,LDGVC,2026-08-07,2026,8,7,3254.01,5000.0
Hiệu quả xe nội tỉnh chiều về,9,GLI,GLIVC1,2026-08-15,2026,8,15,48747.770000000004,86180.0
Hiệu quả xe nội tỉnh chiều về,9,DLK,DLKVC1,2026-08-14,2026,8,14,60746.350000000006,136140.0
Hiệu quả xe nội tỉnh chiều đi,8,HCM,HCMVC,2026-08-07,2026,8,7,127574.96,153900.0
Tỷ lệ kết nối đúng giờ,10,CTO,CTOVC,2026-08-09,2026,8,9,235.0,241.0
Hiệu quả xe nội tỉnh chiều về,9,VLG,VLGVC,2026-08-06,2026,8,6,29991.37,86600.0
Hiệu quả kết nối nội tỉnh,7,LSN,LSNVC,2026-08-16,2026,8,16,22896.15,626.0
Tỷ lệ xuất sạch,3,TNN,TNNVC,2026-08-07,2026,8,7,18443.0,22414.0
Hiệu quả xe liên miền,18,HCM,HCMVC,2026-08-10,2026,8,10,11295.91,8000.0
Hiệu quả xe nội tỉnh chiều đi,8,HTH,HTHVC,2026-08-13,2026,8,13,23188.12,34400.0
Thời gian chờ nhập,4,TNN,TNNVC,2026-08-02,2026,8,2,93.41666666666666,18.0
Thời gian chờ nhập,4,DLK,DLKVC1,2026-08-17,2026,8,17,868.3333333333334,49.0
Hiệu quả xe nội tỉnh chiều đi,8,DBN,DBNVC,2026-08-17,2026,8,17,1450.13,1650.0
Hiệu quả xe nội miền chiều về,16,GLI,GLIVC1,2026-08-05,2026,8,5,1873.44,1900.0
Hiệu quả xe nội tỉnh chiều đi,8,QTI,QTIVC,2026-08-05,2026,8,5,42925.91,50740.0
Hiệu quả xe nội tỉnh chiều về,9,NBH,NBHVC,2026-08-08,2026,8,8,54611.57,77860.0
Tỷ lệ nhập đúng tải kiện 12.5s,5,AGG,AGGVC,2026-08-07,2026,8,7,16971.0,17604.0
Tỷ lệ kết nối đúng giờ,10,CMU,CMUVC,2026-08-15,2026,8,15,76.0,76.0
Thời gian chờ nhập,4,HYN,HYNVC,2026-08-10,2026,8,10,214.06666666666666,50.0
Hiệu quả kết nối nội miền,17,HPG,HPGVC,2026-08-17,2026,8,17,1558.3,115.0
Hiệu quả kết nối nội tỉnh,7,LCI,LCIVC,2026-08-13,2026,8,13,79130.66,1309.0
Hiệu quả xe nội miền chiều đi,15,LDG,LDGVC,2026-08-02,2026,8,2,851.75,5000.0
Hiệu quả xe nội tỉnh chiều về,9,CMU,CMUVC,2026-08-14,2026,8,14,22454.449999999997,62950.0
Tỷ lệ kết nối đúng giờ,10,DLK,DLKVC1,2026-08-11,2026,8,11,232.0,239.0
Hiệu quả xe nội tỉnh chiều về,9,LDG,LDGVC,2026-08-01,2026,8,1,79930.03,136400.0
Hiệu quả xe nội tỉnh chiều về,9,DNG,DNGVC,2026-08-12,2026,8,12,78544.33,143650.0
Tỷ lệ xuất sạch,3,CMU,CMUVC,2026-08-07,2026,8,7,25085.0,26153.0
Hiệu quả xe nội tỉnh chiều về,9,QNI,QNIVC,2026-08-01,2026,8,1,20093.84,44590.0
Hiệu quả kết nối nội tỉnh,7,TNH,TNHVC,2026-08-03,2026,8,3,130878.86000000002,3798.0
Hiệu quả kết nối nội miền,17,QNI,QNIVC,2026-08-13,2026,8,13,6539.1,498.0
Tỷ lệ kết nối đúng giờ,10,GLI,GLIVC1,2026-08-11,2026,8,11,220.0,237.0
Hiệu quả xe nội miền chiều đi,15,TNH,TNHVC,2026-08-02,2026,8,2,3899.97,5100.0
Hiệu quả kết nối nội tỉnh,7,HPG,HPGVC,2026-08-04,2026,8,4,208155.21,2869.0
Hiệu quả xe nội miền chiều về,16,HCM,HCMVC,2026-08-01,2026,8,1,8227.58,31150.0
Tỷ lệ kết nối đúng giờ,10,HPG,HPGVC,2026-07-31,2026,7,31,3.0,3.0
Tỷ lệ nhập đúng tải kiện 12.5s,5,VLG,VLGVC,2026-08-11,2026,8,11,18744.0,19026.0
Hiệu quả kết nối nội miền,17,HPG,HPGVC,2026-08-06,2026,8,6,1212.49,115.0
Tỷ lệ kết nối đúng giờ,10,LSN,LSNVC,2026-08-08,2026,8,8,23.0,23.0
Hiệu quả xe nội tỉnh chiều về,9,PHO,PHOVC,2026-08-15,2026,8,15,107880.01,160900.0
Hiệu quả xe nội tỉnh chiều về,9,THA,THAVC,2026-08-17,2026,8,17,55328.09,101600.0
Tỷ lệ nhập đúng tải kiện 12.5s,5,THA,THAVC,2026-08-12,2026,8,12,12689.0,13595.0
Hiệu quả kết nối nội miền,17,HYN,HYNVC,2026-08-09,2026,8,9,11306.82,132.0
Tỷ lệ nhập đúng tải kiện 12.5s,5,GLI,GLIVC1,2026-08-11,2026,8,11,7088.0,7828.0
Tỷ lệ kết nối đúng giờ,10,SLA,SLAVC,2026-08-13,2026,8,13,3.0,4.0
Hiệu quả xe nội tỉnh chiều về,9,CMU,CMUVC,2026-08-07,2026,8,7,22658.45,62950.0
Hiệu quả kết nối nội tỉnh,7,NAN,NANVC,2026-08-02,2026,8,2,87632.64,3205.0
Thời gian chờ nhập,4,KHA,KHAVC,2026-08-09,2026,8,9,1142.75,46.0
Tỷ lệ nhập đúng tải kiện 12.5s,5,VLG,VLGVC,2026-08-07,2026,8,7,17940.0,18621.0
Hiệu quả kết nối nội tỉnh,7,QNI,QNIVC,2026-08-08,2026,8,8,60214.56,1944.0
Hiệu quả kết nối nội tỉnh,7,CTO,CTOVC,2026-08-03,2026,8,3,146078.44,3282.0
Tỷ lệ xuất sạch,3,DTP,DTPVC,2026-08-06,2026,8,6,44302.0,45448.0
Tỷ lệ nhập đúng tải kiện 12.5s,5,GLI,GLIVC1,2026-08-14,2026,8,14,8838.0,9087.0
Tỷ lệ kết nối đúng giờ,10,GLI,GLIVC1,2026-08-16,2026,8,16,229.0,244.0
Tỷ lệ xuất sạch,3,HNI,HNVC,2026-08-13,2026,8,13,198719.0,200860.0
Hiệu quả xe nội miền chiều về,16,DNI,DNIVC,2026-08-14,2026,8,14,17433.84,21500.0
Tỷ lệ kết nối đúng giờ,10,TQG,TQGVC,2026-08-17,2026,8,17,55.0,59.0
Tỷ lệ xuất sạch,3,NAN,NANVC,2026-08-11,2026,8,11,40632.0,41145.0
Hiệu quả xe nội tỉnh chiều về,9,LDG,LDGVC,2026-08-11,2026,8,11,85849.08,131900.0
Hiệu quả xe nội miền chiều về,16,GLI,GLIVC1,2026-08-08,2026,8,8,2452.22,1900.0
Hiệu quả xe nội tỉnh chiều về,9,TNN,TNNVC,2026-08-06,2026,8,6,35472.06,61690.0
Hiệu quả xe liên miền,18,DLK,DLKVC1,2026-08-07,2026,8,7,9157.89,13000.0
Hiệu quả xe nội tỉnh chiều đi,8,HTH,HTHVC,2026-08-02,2026,8,2,16892.04,23400.0
Thời gian chờ nhập,4,HCM,HCMVC,2026-08-09,2026,8,9,897.6833333333333,76.0
Thời gian chờ nhập,4,CMU,CMUVC,2026-08-05,2026,8,5,202.2833333333333,28.0
Tỷ lệ kết nối đúng giờ,10,HYN,HYNVC,2026-08-09,2026,8,9,205.0,207.0
Hiệu quả xe nội tỉnh chiều đi,8,DNG,DNGVC,2026-08-17,2026,8,17,100474.25,103800.0
Hiệu quả xe liên miền,18,HCM,HCMVC,2026-08-05,2026,8,5,7420.98,8000.0
Thời gian chờ nhập,4,DNI,DNIVC,2026-07-31,2026,7,31,265.76666666666665,2.0
Thời gian chờ nhập,4,LDG,LDGVC,2026-08-16,2026,8,16,1379.5833333333333,76.0
Hiệu quả kết nối nội tỉnh,7,CTO,CTOVC,2026-08-09,2026,8,9,171436.96000000002,3254.0
Tỷ lệ xuất sạch,3,LDG,LDGVC,2026-08-13,2026,8,13,54207.0,61650.0
Tỷ lệ xuất sạch,3,HUE,HUEVC,2026-08-01,2026,8,1,19913.0,20008.0
Hiệu quả kết nối nội miền,17,HYN,HYNVC,2026-08-14,2026,8,14,16763.0,132.0
Hiệu quả xe nội tỉnh chiều về,9,KHA,KHAVC,2026-08-08,2026,8,8,31914.23,72550.0
Hiệu quả kết nối nội tỉnh,7,LDG,LDGVC,2026-08-07,2026,8,7,205157.46000000002,5542.0
Tỷ lệ kết nối đúng giờ,10,DTP,DTPVC,2026-08-14,2026,8,14,193.0,194.0
Hiệu quả xe nội tỉnh chiều về,9,HCM,HCMVC,2026-08-05,2026,8,5,89423.69,159450.0
Thời gian chờ nhập,4,SLA,SLAVC,2026-08-11,2026,8,11,22.03333333333333,5.0
Thời gian chờ nhập,4,PHO,PHOVC,2026-08-06,2026,8,6,926.6666666666666,56.0
Tỷ lệ nhập đúng tải kiện 12.5s,5,SLA,SLAVC,2026-08-13,2026,8,13,339.0,366.0
Hiệu quả xe nội tỉnh chiều về,9,NAN,NANVC,2026-08-16,2026,8,16,35787.35,73980.0
Tỷ lệ kết nối đúng giờ,10,LSN,LSNVC,2026-08-06,2026,8,6,23.0,23.0
Hiệu quả xe nội tỉnh chiều về,9,TQG,TQGVC,2026-08-14,2026,8,14,8210.27,10750.0
Tỷ lệ xuất sạch,3,HUE,HUEVC,2026-08-05,2026,8,5,19116.0,20300.0
Hiệu quả xe nội miền chiều đi,15,HYN,HYNVC,2026-08-08,2026,8,8,5642.0,5100.0
Hiệu quả xe nội tỉnh chiều về,9,VLG,VLGVC,2026-08-12,2026,8,12,26154.66,82100.0
Tỷ lệ nhập đúng tải kiện 12.5s,5,HYN,HYNVC,2026-08-14,2026,8,14,15189.0,15307.0
Hiệu quả kết nối nội tỉnh,7,AGG,AGGVC,2026-08-01,2026,8,1,155713.25,3834.0
Thời gian chờ nhập,4,HYN,HYNVC,2026-08-13,2026,8,13,229.45,52.0
Hiệu quả xe nội tỉnh chiều đi,8,VLG,VLGVC,2026-08-04,2026,8,4,78722.31999999999,133600.0
Hiệu quả xe nội miền chiều đi,15,HCM,HCMVC,2026-08-14,2026,8,14,44460.74,51950.0
Tỷ lệ nhập đúng tải kiện 12.5s,5,HYN,HYNVC,2026-08-03,2026,8,3,13776.0,14307.0
Hiệu quả xe nội tỉnh chiều đi,8,VLG,VLGVC,2026-08-06,2026,8,6,48626.270000000004,86600.0
Tỷ lệ xuất sạch,3,LCU,LCUVC,2026-08-15,2026,8,15,536.0,556.0
Hiệu quả xe nội tỉnh chiều về,9,DTP,DTPVC,2026-08-01,2026,8,1,58645.42,141200.0
Hiệu quả xe nội miền chiều về,16,KHA,KHAVC,2026-08-02,2026,8,2,8087.88,14500.0
Thời gian chờ nhập,4,TNN,TNNVC,2026-08-14,2026,8,14,331.5333333333333,25.0
Hiệu quả xe nội miền chiều về,16,KHA,KHAVC,2026-08-13,2026,8,13,9896.869999999999,14500.0
Tỷ lệ kết nối đúng giờ,10,HNI,HNVC,2026-07-31,2026,7,31,147.0,147.0
Tỷ lệ nhập đúng tải kiện 12.5s,5,LSN,LSNVC,2026-08-09,2026,8,9,2005.0,2266.0
Hiệu quả xe nội tỉnh chiều về,9,NBH,NBHVC,2026-08-15,2026,8,15,57975.16,84860.0
Tỷ lệ nhập đúng tải kiện 12.5s,5,HTH,HTHVC,2026-08-13,2026,8,13,3874.0,3877.0
Tỷ lệ xuất sạch,3,LSN,LSNVC,2026-08-15,2026,8,15,8985.0,8993.0
Hiệu quả xe nội tỉnh chiều về,9,HNI,HNVC,2026-08-05,2026,8,5,364432.2,610350.0
Hiệu quả xe nội tỉnh chiều về,9,DLK,DLKVC1,2026-08-12,2026,8,12,59996.95,134290.0
Hiệu quả xe nội tỉnh chiều về,9,CTO,CTOVC,2026-08-07,2026,8,7,74879.54,149300.0
Hiệu quả xe nội tỉnh chiều về,9,HCM,HCMVC,2026-08-14,2026,8,14,104160.16,172700.0
Hiệu quả xe nội tỉnh chiều đi,8,VLG,VLGVC,2026-08-17,2026,8,17,55243.84,82100.0
Tỷ lệ kết nối đúng giờ,10,KHA,KHAVC,2026-08-06,2026,8,6,191.0,196.0
Hiệu quả xe liên miền,18,HYN,HYNVC,2026-07-30,2026,7,30,6325.01,8000.0
Hiệu quả kết nối nội tỉnh,7,VLG,VLGVC,2026-08-06,2026,8,6,78617.64,1830.3999999999999
Tỷ lệ xuất sạch,3,DNG,DNGVC,2026-08-04,2026,8,4,28072.0,28766.0
Hiệu quả kết nối nội tỉnh,7,HUE,HUEVC,2026-08-05,2026,8,5,47182.4,866.0
Hiệu quả kết nối nội tỉnh,7,NBH,NBHVC,2026-08-16,2026,8,16,105030.05,1279.73
Hiệu quả kết nối nội tỉnh,7,THA,THAVC,2026-08-09,2026,8,9,129081.89,3535.0
Hiệu quả xe nội miền chiều về,16,KHA,KHAVC,2026-08-09,2026,8,9,8806.439999999999,14500.0
Hiệu quả kết nối nội tỉnh,7,LDG,LDGVC,2026-08-12,2026,8,12,209552.22,5407.0
Thời gian chờ nhập,4,PHO,PHOVC,2026-08-04,2026,8,4,1286.4333333333334,59.0
Tỷ lệ nhập đúng tải kiện 12.5s,5,GLI,GLIVC1,2026-08-17,2026,8,17,7695.0,7745.0
Thời gian chờ nhập,4,NBH,NBHVC,2026-08-01,2026,8,1,294.6,51.0
Tỷ lệ kết nối đúng giờ,10,DNI,DNIVC,2026-08-16,2026,8,16,378.0,397.0
Hiệu quả xe nội tỉnh chiều về,9,DNG,DNGVC,2026-08-16,2026,8,16,42726.56,81000.0
Hiệu quả xe nội tỉnh chiều đi,8,HYN,HYNVC,2026-08-07,2026,8,7,166907.69,159250.0
Tỷ lệ nhập đúng tải kiện 12.5s,5,SLA,SLAVC,2026-08-14,2026,8,14,292.0,373.0
Thời gian chờ nhập,4,DNI,DNIVC,2026-08-01,2026,8,1,394.6,79.0
Hiệu quả xe nội tỉnh chiều đi,8,PHO,PHOVC,2026-08-10,2026,8,10,104250.73999999999,182250.0
Thời gian chờ nhập,4,LDG,LDGVC,2026-08-08,2026,8,8,2618.0833333333335,70.0
Tỷ lệ nhập đúng tải kiện 12.5s,5,HUE,HUEVC,2026-08-09,2026,8,9,4661.0,4699.0
Tỷ lệ nhập đúng tải kiện 12.5s,5,HYN,HYNVC,2026-08-13,2026,8,13,15564.0,15679.0
Hiệu quả xe nội tỉnh chiều đi,8,QTI,QTIVC,2026-08-02,2026,8,2,38167.67,34290.0
Tỷ lệ kết nối đúng giờ,10,TNH,TNHVC,2026-08-17,2026,8,17,215.0,224.0
Tỷ lệ xuất sạch,3,DTP,DTPVC,2026-08-05,2026,8,5,45242.0,45452.0
Hiệu quả kết nối nội tỉnh,7,DLK,DLKVC1,2026-07-31,2026,7,31,6274.870000000001,107.0
Hiệu quả kết nối nội tỉnh,7,CMU,CMUVC,2026-08-04,2026,8,4,70677.45999999999,2232.0
Thời gian chờ nhập,4,NBH,NBHVC,2026-08-06,2026,8,6,930.6166666666666,57.0
Tỷ lệ kết nối đúng giờ,10,SLA,SLAVC,2026-08-09,2026,8,9,4.0,4.0
Hiệu quả xe nội tỉnh chiều đi,8,LSN,LSNVC,2026-08-04,2026,8,4,9610.84,15750.0
Tỷ lệ kết nối đúng giờ,10,NBH,NBHVC,2026-08-09,2026,8,9,240.0,244.0
Hiệu quả xe nội tỉnh chiều đi,8,HYN,HYNVC,2026-08-16,2026,8,16,60377.9,47000.0
Tỷ lệ nhập đúng tải kiện 12.5s,5,HPG,HPGVC,2026-08-10,2026,8,10,18264.0,18891.0
Thời gian chờ nhập,4,HUE,HUEVC,2026-08-13,2026,8,13,179.13333333333333,14.0
Hiệu quả kết nối nội tỉnh,7,SLA,SLAVC,2026-08-17,2026,8,17,1176.18,41.0
Hiệu quả xe nội miền chiều đi,15,VLG,VLGVC,2026-08-11,2026,8,11,17158.09,18500.0
Hiệu quả kết nối nội tỉnh,7,DTP,DTPVC,2026-08-11,2026,8,11,160442.74,2896.5
Thời gian chờ nhập,4,QNI,QNIVC,2026-08-04,2026,8,4,280.29999999999995,32.0
Tỷ lệ xuất sạch,3,HYN,HYNVC,2026-08-11,2026,8,11,54242.0,58279.0
Tỷ lệ kết nối đúng giờ,10,BNH,BNHVC,2026-08-12,2026,8,12,388.0,392.0
Thời gian chờ nhập,4,AGG,AGGVC,2026-08-02,2026,8,2,524.3166666666667,36.0
Thời gian chờ nhập,4,CTO,CTOVC,2026-08-16,2026,8,16,67.36666666666667,17.0
Thời gian chờ nhập,4,HTH,HTHVC,2026-08-16,2026,8,16,139.18333333333334,8.0
Tỷ lệ nhập đúng tải kiện 12.5s,5,HYN,HYNVC,2026-08-01,2026,8,1,13993.0,14099.0
Tỷ lệ kết nối đúng giờ,10,QTI,QTIVC,2026-08-01,2026,8,1,166.0,171.0
Tỷ lệ kết nối đúng giờ,10,SLA,SLAVC,2026-08-17,2026,8,17,4.0,4.0
Hiệu quả xe nội tỉnh chiều về,9,LCI,LCIVC,2026-08-17,2026,8,17,26209.61,19500.0
Tỷ lệ xuất sạch,3,DBN,DBNVC,2026-08-05,2026,8,5,2323.0,2328.0
Hiệu quả kết nối nội tỉnh,7,KHA,KHAVC,2026-08-07,2026,8,7,101249.16,2003.0
Tỷ lệ xuất sạch,3,CMU,CMUVC,2026-08-11,2026,8,11,25891.0,26504.0
Hiệu quả xe nội tỉnh chiều đi,8,GLI,GLIVC1,2026-08-08,2026,8,8,80771.43,87000.0
Tỷ lệ xuất sạch,3,LCU,LCUVC,2026-08-04,2026,8,4,511.0,565.0
Tỷ lệ nhập đúng tải kiện 12.5s,5,DNG,DNGVC,2026-08-07,2026,8,7,7490.0,7508.0
Tỷ lệ xuất sạch,3,AGG,AGGVC,2026-08-06,2026,8,6,46145.0,48085.0
Hiệu quả xe nội tỉnh chiều đi,8,TNN,TNNVC,2026-08-10,2026,8,10,32030.56,63490.0
Thời gian chờ nhập,4,QTI,QTIVC,2026-08-12,2026,8,12,180.08333333333331,30.0
Hiệu quả xe nội tỉnh chiều về,9,HYN,HYNVC,2026-08-08,2026,8,8,128402.20999999999,138200.0
Thời gian chờ nhập,4,DBN,DBNVC,2026-08-04,2026,8,4,4.25,3.0
Hiệu quả xe nội tỉnh chiều đi,8,DNI,DNIVC,2026-08-05,2026,8,5,42041.52,50100.0
Tỷ lệ nhập đúng tải kiện 12.5s,5,QTI,QTIVC,2026-08-01,2026,8,1,7659.0,7808.0
Hiệu quả kết nối nội tỉnh,7,QTI,QTIVC,2026-08-15,2026,8,15,64599.299999999996,2503.7
Tỷ lệ xuất sạch,3,TNH,TNHVC,2026-08-15,2026,8,15,59513.0,62641.0
Tỷ lệ nhập đúng tải kiện 12.5s,5,GLI,GLIVC1,2026-08-04,2026,8,4,9677.0,9722.0
Hiệu quả kết nối nội tỉnh,7,TNH,TNHVC,2026-08-02,2026,8,2,135530.58,3645.0
Tỷ lệ kết nối đúng giờ,10,NAN,NANVC,2026-08-17,2026,8,17,166.0,166.0
Hiệu quả xe nội miền chiều đi,15,GLI,GLIVC1,2026-08-06,2026,8,6,2657.14,1900.0
Hiệu quả kết nối nội tỉnh,7,HNI,HNVC,2026-08-04,2026,8,4,465874.94,10858.0
Hiệu quả xe nội tỉnh chiều về,9,HUE,HUEVC,2026-08-16,2026,8,16,9102.79,23530.0
Thời gian chờ nhập,4,PHO,PHOVC,2026-08-09,2026,8,9,1199.45,51.0
Hiệu quả xe nội tỉnh chiều về,9,VLG,VLGVC,2026-08-05,2026,8,5,27843.59,78900.0
Tỷ lệ xuất sạch,3,HCM,HCMVC,2026-08-02,2026,8,2,90051.0,91827.0
Thời gian chờ nhập,4,HTH,HTHVC,2026-08-15,2026,8,15,307.23333333333335,13.0
Hiệu quả kết nối nội tỉnh,7,HYN,HYNVC,2026-08-01,2026,8,1,240822.11,2392.0
Tỷ lệ xuất sạch,3,DNG,DNGVC,2026-08-06,2026,8,6,37064.0,38813.0
Hiệu quả xe liên miền,18,LDG,LDGVC,2026-07-30,2026,7,30,30390.88,42000.0
Hiệu quả xe nội miền chiều đi,15,QNI,QNIVC,2026-08-14,2026,8,14,3763.86,3500.0
Thời gian chờ nhập,4,PHO,PHOVC,2026-08-14,2026,8,14,961.65,54.0
Hiệu quả xe nội tỉnh chiều đi,8,TNN,TNNVC,2026-08-01,2026,8,1,40001.96,63570.0
Thời gian chờ nhập,4,KHA,KHAVC,2026-08-11,2026,8,11,660.0999999999999,51.0
Hiệu quả xe nội miền chiều đi,15,VLG,VLGVC,2026-08-08,2026,8,8,20682.65,23000.0
Tỷ lệ xuất sạch,3,DBN,DBNVC,2026-08-13,2026,8,13,2123.0,2130.0
Thời gian chờ nhập,4,HYN,HYNVC,2026-08-09,2026,8,9,170.05,29.0
Hiệu quả kết nối nội miền,17,QNI,QNIVC,2026-08-06,2026,8,6,7096.200000000001,498.0
Tỷ lệ kết nối đúng giờ,10,DLK,DLKVC1,2026-08-17,2026,8,17,241.0,245.0
Hiệu quả xe nội tỉnh chiều về,9,TQG,TQGVC,2026-08-07,2026,8,7,7506.83,8250.0
Thời gian chờ nhập,4,PHO,PHOVC,2026-08-05,2026,8,5,1879.9166666666665,54.0
Tỷ lệ kết nối đúng giờ,10,HTH,HTHVC,2026-08-12,2026,8,12,74.0,76.0
Tỷ lệ kết nối đúng giờ,10,CTO,CTOVC,2026-08-04,2026,8,4,234.0,244.0
Tỷ lệ kết nối đúng giờ,10,DTP,DTPVC,2026-08-11,2026,8,11,195.0,198.0
Hiệu quả xe nội tỉnh chiều về,9,QNH,QNHVC,2026-08-06,2026,8,6,21898.66,53850.0
Thời gian chờ nhập,4,BNH,BNHVC,2026-08-11,2026,8,11,2578.2166666666667,64.0
Hiệu quả kết nối nội tỉnh,7,CMU,CMUVC,2026-08-12,2026,8,12,78957.62,2232.0
Tỷ lệ nhập đúng tải kiện 12.5s,5,THA,THAVC,2026-08-02,2026,8,2,12983.0,13374.0
Tỷ lệ nhập đúng tải kiện 12.5s,5,THA,THAVC,2026-08-14,2026,8,14,10624.0,11583.0
Tỷ lệ xuất sạch,3,TNH,TNHVC,2026-08-05,2026,8,5,51900.0,53016.0
Hiệu quả kết nối nội tỉnh,7,PHO,PHOVC,2026-08-15,2026,8,15,211184.5,3360.0
Hiệu quả xe nội miền chiều về,16,LDG,LDGVC,2026-08-08,2026,8,8,3109.5,5000.0
Tỷ lệ kết nối đúng giờ,10,DNG,DNGVC,2026-08-05,2026,8,5,350.0,359.0
Thời gian chờ nhập,4,QNH,QNHVC,2026-08-04,2026,8,4,1601.1666666666667,28.0
Hiệu quả xe nội tỉnh chiều đi,8,THA,THAVC,2026-08-12,2026,8,12,81820.55,150300.0
Tỷ lệ nhập đúng tải kiện 12.5s,5,DNG,DNGVC,2026-08-12,2026,8,12,5504.0,5548.0
Tỷ lệ nhập đúng tải kiện 12.5s,5,PHO,PHOVC,2026-08-03,2026,8,3,18443.0,19883.0
Tỷ lệ nhập đúng tải kiện 12.5s,5,KHA,KHAVC,2026-08-06,2026,8,6,6393.0,9283.0
Tỷ lệ kết nối đúng giờ,10,TQG,TQGVC,2026-08-09,2026,8,9,47.0,49.0
Hiệu quả xe nội tỉnh chiều về,9,HCM,HCMVC,2026-08-06,2026,8,6,92749.79999999999,164800.0
Hiệu quả xe nội tỉnh chiều về,9,TNH,TNHVC,2026-08-14,2026,8,14,283.68,4500.0
Hiệu quả xe nội tỉnh chiều đi,8,QTI,QTIVC,2026-08-10,2026,8,10,52018.130000000005,50740.0
Hiệu quả xe nội miền chiều về,16,QNI,QNIVC,2026-08-05,2026,8,5,3056.86,3500.0
Tỷ lệ kết nối đúng giờ,10,TNN,TNNVC,2026-08-05,2026,8,5,157.0,164.0
Thời gian chờ nhập,4,TNH,TNHVC,2026-08-04,2026,8,4,907.8000000000001,71.0
Tỷ lệ xuất sạch,3,NBH,NBHVC,2026-08-05,2026,8,5,62248.0,63177.0
Tỷ lệ kết nối đúng giờ,10,HCM,HCMVC,2026-07-31,2026,7,31,130.0,130.0
Tỷ lệ kết nối đúng giờ,10,AGG,AGGVC,2026-08-14,2026,8,14,205.0,212.0
Hiệu quả xe nội tỉnh chiều về,9,GLI,GLIVC1,2026-08-01,2026,8,1,42874.85,77730.0
Hiệu quả xe nội miền chiều về,16,QNI,QNIVC,2026-08-11,2026,8,11,3887.48,3500.0
Tỷ lệ nhập đúng tải kiện 12.5s,5,CTO,CTOVC,2026-08-14,2026,8,14,6529.0,6530.0
Thời gian chờ nhập,4,NAN,NANVC,2026-08-12,2026,8,12,586.5833333333334,32.0
Thời gian chờ nhập,4,DLK,DLKVC1,2026-08-03,2026,8,3,1216.3,49.0
Hiệu quả kết nối nội tỉnh,7,HUE,HUEVC,2026-08-04,2026,8,4,43080.86,866.0
Tỷ lệ nhập đúng tải kiện 12.5s,5,HPG,HPGVC,2026-08-04,2026,8,4,22401.0,22917.0
Thời gian chờ nhập,4,NAN,NANVC,2026-08-01,2026,8,1,853.6833333333333,33.0
Thời gian chờ nhập,4,AGG,AGGVC,2026-08-06,2026,8,6,519.5666666666666,45.0
Hiệu quả xe nội tỉnh chiều về,9,NBH,NBHVC,2026-08-12,2026,8,12,59521.92999999999,106960.0
Tỷ lệ kết nối đúng giờ,10,CMU,CMUVC,2026-08-13,2026,8,13,75.0,76.0
Hiệu quả xe nội tỉnh chiều về,9,HPG,HPGVC,2026-08-03,2026,8,3,77715.49,158090.0
Hiệu quả kết nối nội tỉnh,7,SLA,SLAVC,2026-08-14,2026,8,14,1972.96,82.0
Hiệu quả xe nội tỉnh chiều về,9,CMU,CMUVC,2026-08-15,2026,8,15,19905.15,60050.0
Tỷ lệ xuất sạch,3,LCI,LCIVC,2026-08-17,2026,8,17,26334.0,29950.0
Tỷ lệ xuất sạch,3,QTI,QTIVC,2026-08-07,2026,8,7,19829.0,20899.0
Tỷ lệ nhập đúng tải kiện 12.5s,5,NBH,NBHVC,2026-08-03,2026,8,3,16121.0,16210.0
Hiệu quả xe nội tỉnh chiều đi,8,HPG,HPGVC,2026-08-16,2026,8,16,112102.56,135060.0
Tỷ lệ xuất sạch,3,QTI,QTIVC,2026-08-12,2026,8,12,20039.0,20968.0
Tỷ lệ xuất sạch,3,LSN,LSNVC,2026-08-03,2026,8,3,6905.0,7182.0
Tỷ lệ nhập đúng tải kiện 12.5s,5,LCU,LCUVC,2026-08-01,2026,8,1,684.0,695.0
Hiệu quả xe nội tỉnh chiều đi,8,DBN,DBNVC,2026-08-01,2026,8,1,2780.79,3300.0
Hiệu quả xe nội tỉnh chiều về,9,QNH,QNHVC,2026-08-07,2026,8,7,18930.04,47750.0
Hiệu quả xe nội tỉnh chiều đi,8,LSN,LSNVC,2026-08-13,2026,8,13,10414.27,20850.0
Hiệu quả kết nối nội tỉnh,7,QNH,QNHVC,2026-08-04,2026,8,4,64292.36,1699.0
Hiệu quả kết nối nội tỉnh,7,DNI,DNIVC,2026-08-04,2026,8,4,50163.64,2194.0
Thời gian chờ nhập,4,DLK,DLKVC1,2026-08-08,2026,8,8,1210.1333333333334,50.0
Thời gian chờ nhập,4,TNH,TNHVC,2026-08-05,2026,8,5,1050.3666666666666,61.0
Tỷ lệ xuất sạch,3,HNI,HNVC,2026-08-02,2026,8,2,112269.0,113374.0
Hiệu quả xe nội miền chiều về,16,HYN,HYNVC,2026-08-02,2026,8,2,5418.0,5100.0
Hiệu quả xe nội tỉnh chiều về,9,AGG,AGGVC,2026-08-04,2026,8,4,52955.71,115750.0
Hiệu quả xe nội tỉnh chiều đi,8,VLG,VLGVC,2026-08-10,2026,8,10,49555.14,75400.0
Tỷ lệ kết nối đúng giờ,10,AGG,AGGVC,2026-08-07,2026,8,7,183.0,195.0
Thời gian chờ nhập,4,NBH,NBHVC,2026-08-04,2026,8,4,432.70000000000005,58.0
Hiệu quả xe nội tỉnh chiều đi,8,DNI,DNIVC,2026-08-01,2026,8,1,166306.76,221750.0
Tỷ lệ kết nối đúng giờ,10,TQG,TQGVC,2026-08-03,2026,8,3,57.0,59.0
Hiệu quả xe liên miền,18,DLK,DLKVC1,2026-08-14,2026,8,14,18787.29,26000.0
Tỷ lệ kết nối đúng giờ,10,TNN,TNNVC,2026-08-14,2026,8,14,153.0,159.0
Hiệu quả xe nội tỉnh chiều về,9,LCI,LCIVC,2026-08-08,2026,8,8,50962.61,34500.0
Hiệu quả xe nội miền chiều đi,15,LDG,LDGVC,2026-08-08,2026,8,8,1306.89,5000.0
Thời gian chờ nhập,4,LCI,LCIVC,2026-08-07,2026,8,7,306.74999999999994,12.0
Tỷ lệ kết nối đúng giờ,10,KHA,KHAVC,2026-08-16,2026,8,16,188.0,188.0
Hiệu quả xe nội tỉnh chiều đi,8,VLG,VLGVC,2026-08-11,2026,8,11,48441.98,82100.0
Hiệu quả xe nội tỉnh chiều đi,8,HUE,HUEVC,2026-08-14,2026,8,14,28229.89,31580.0
Tỷ lệ kết nối đúng giờ,10,VLG,VLGVC,2026-08-14,2026,8,14,230.0,234.0
Hiệu quả xe nội miền chiều đi,15,HPG,HPGVC,2026-08-15,2026,8,15,1207.99,1900.0
Hiệu quả xe nội tỉnh chiều đi,8,DTP,DTPVC,2026-08-01,2026,8,1,109759.72,146300.0
Tỷ lệ kết nối đúng giờ,10,HCM,HCMVC,2026-08-03,2026,8,3,3143.0,3197.0
Hiệu quả kết nối nội tỉnh,7,HNI,HNVC,2026-08-12,2026,8,12,513570.12,11224.800000000001
Hiệu quả xe nội miền chiều về,16,KHA,KHAVC,2026-08-11,2026,8,11,10822.49,14500.0
Hiệu quả xe nội miền chiều đi,15,TNH,TNHVC,2026-08-08,2026,8,8,2638.02,5100.0
Hiệu quả kết nối nội miền,17,PHO,PHOVC,2026-08-06,2026,8,6,20193.92,375.0
Thời gian chờ nhập,4,THA,THAVC,2026-08-17,2026,8,17,844.0999999999999,44.0
Hiệu quả xe nội tỉnh chiều đi,8,HNI,HNVC,2026-08-06,2026,8,6,119110.08,353100.0
Hiệu quả xe nội tỉnh chiều về,9,HCM,HCMVC,2026-08-15,2026,8,15,108928.78,170350.0
Tỷ lệ nhập đúng tải kiện 12.5s,5,LCI,LCIVC,2026-08-09,2026,8,9,4496.0,6093.0
Tỷ lệ nhập đúng tải kiện 12.5s,5,CMU,CMUVC,2026-08-06,2026,8,6,9504.0,9855.0
Hiệu quả xe nội miền chiều đi,15,LDG,LDGVC,2026-08-05,2026,8,5,2595.62,5000.0
Tỷ lệ kết nối đúng giờ,10,AGG,AGGVC,2026-08-08,2026,8,8,181.0,192.0
Tỷ lệ xuất sạch,3,NBH,NBHVC,2026-08-17,2026,8,17,113088.0,115034.0
Tỷ lệ nhập đúng tải kiện 12.5s,5,HYN,HYNVC,2026-08-11,2026,8,11,15854.0,16202.0
Tỷ lệ xuất sạch,3,DLK,DLKVC1,2026-08-06,2026,8,6,41054.0,43580.0
Thời gian chờ nhập,4,VLG,VLGVC,2026-08-05,2026,8,5,598.8666666666667,47.0
Hiệu quả xe nội tỉnh chiều về,9,HTH,HTHVC,2026-08-15,2026,8,15,8807.77,27600.0
Hiệu quả xe nội tỉnh chiều về,9,GLI,GLIVC1,2026-08-12,2026,8,12,49203.909999999996,74930.0
Tỷ lệ kết nối đúng giờ,10,HCM,HCMVC,2026-08-07,2026,8,7,3168.0,3195.0
Tỷ lệ nhập đúng tải kiện 12.5s,5,LSN,LSNVC,2026-08-10,2026,8,10,1919.0,1919.0
Tỷ lệ kết nối đúng giờ,10,PHO,PHOVC,2026-08-15,2026,8,15,338.0,344.0
Hiệu quả xe nội tỉnh chiều về,9,HYN,HYNVC,2026-08-10,2026,8,10,123585.17000000001,154500.0
Tỷ lệ nhập đúng tải kiện 12.5s,5,HTH,HTHVC,2026-08-01,2026,8,1,3999.0,4000.0
Tỷ lệ xuất sạch,3,SLA,SLAVC,2026-08-02,2026,8,2,444.0,444.0
Hiệu quả xe nội tỉnh chiều đi,8,GLI,GLIVC1,2026-08-06,2026,8,6,77389.68,85350.0
Tỷ lệ kết nối đúng giờ,10,GLI,GLIVC1,2026-08-03,2026,8,3,226.0,247.0
Hiệu quả xe nội tỉnh chiều về,9,PHO,PHOVC,2026-08-11,2026,8,11,116174.15000000001,187400.0
Hiệu quả kết nối nội tỉnh,7,QNH,QNHVC,2026-08-03,2026,8,3,68789.52,1819.0
Thời gian chờ nhập,4,NBH,NBHVC,2026-08-14,2026,8,14,657.3333333333334,54.0
Tỷ lệ nhập đúng tải kiện 12.5s,5,HNI,HNVC,2026-08-06,2026,8,6,51242.0,55140.0
Thời gian chờ nhập,4,LSN,LSNVC,2026-08-13,2026,8,13,29.183333333333334,8.0
Thời gian chờ nhập,4,TNN,TNNVC,2026-08-03,2026,8,3,158.8,24.0
Tỷ lệ nhập đúng tải kiện 12.5s,5,TNN,TNNVC,2026-08-11,2026,8,11,8938.0,10107.0
Tỷ lệ xuất sạch,3,BNH,BNHVC,2026-08-05,2026,8,5,66924.0,75006.0
Thời gian chờ nhập,4,HTH,HTHVC,2026-08-04,2026,8,4,248.58333333333331,11.0
Hiệu quả xe nội tỉnh chiều về,9,TQG,TQGVC,2026-08-08,2026,8,8,9450.77,12400.0
Tỷ lệ xuất sạch,3,PHO,PHOVC,2026-08-14,2026,8,14,53879.0,60654.0
Tỷ lệ kết nối đúng giờ,10,HTH,HTHVC,2026-08-08,2026,8,8,71.0,72.0
Hiệu quả xe nội tỉnh chiều đi,8,KHA,KHAVC,2026-08-01,2026,8,1,63131.23999999999,67350.0
Tỷ lệ xuất sạch,3,HTH,HTHVC,2026-08-17,2026,8,17,21122.0,23972.0
Hiệu quả xe nội miền chiều về,16,DNI,DNIVC,2026-08-12,2026,8,12,11199.41,12500.0
Hiệu quả xe nội miền chiều về,16,LDG,LDGVC,2026-08-13,2026,8,13,3007.24,5000.0
Tỷ lệ kết nối đúng giờ,10,DBN,DBNVC,2026-08-04,2026,8,4,13.0,13.0
Hiệu quả xe nội miền chiều về,16,HCM,HCMVC,2026-08-12,2026,8,12,14411.13,31000.0
Tỷ lệ kết nối đúng giờ,10,DNG,DNGVC,2026-08-09,2026,8,9,233.0,243.0
Hiệu quả kết nối nội miền,17,PHO,PHOVC,2026-08-11,2026,8,11,25769.2,450.0
Tỷ lệ xuất sạch,3,HYN,HYNVC,2026-08-13,2026,8,13,53218.0,56446.0
Hiệu quả xe nội tỉnh chiều về,9,QNH,QNHVC,2026-08-02,2026,8,2,11581.560000000001,31500.0
Thời gian chờ nhập,4,CTO,CTOVC,2026-08-04,2026,8,4,57.266666666666666,15.0
Hiệu quả xe nội tỉnh chiều về,9,HUE,HUEVC,2026-08-13,2026,8,13,14693.85,19030.0
Hiệu quả kết nối nội tỉnh,7,LDG,LDGVC,2026-08-16,2026,8,16,171226.14,4462.0
Hiệu quả xe nội tỉnh chiều về,9,TNN,TNNVC,2026-08-14,2026,8,14,38674.01,66790.0
Tỷ lệ kết nối đúng giờ,10,PHO,PHOVC,2026-08-09,2026,8,9,314.0,333.0
Tỷ lệ xuất sạch,3,HYN,HYNVC,2026-08-04,2026,8,4,52931.0,53090.0
Tỷ lệ xuất sạch,3,CMU,CMUVC,2026-08-02,2026,8,2,18988.0,19634.0
Hiệu quả xe nội tỉnh chiều về,9,QNH,QNHVC,2026-08-13,2026,8,13,4427.68,8700.0
Thời gian chờ nhập,4,NBH,NBHVC,2026-08-08,2026,8,8,552.8333333333334,46.0
Tỷ lệ nhập đúng tải kiện 12.5s,5,DTP,DTPVC,2026-08-12,2026,8,12,15949.0,16137.0
Hiệu quả xe nội tỉnh chiều về,9,KHA,KHAVC,2026-08-05,2026,8,5,31517.13,69250.0
Thời gian chờ nhập,4,NAN,NANVC,2026-08-02,2026,8,2,493.76666666666665,33.0
Hiệu quả xe nội tỉnh chiều đi,8,QNH,QNHVC,2026-08-03,2026,8,3,47539.53,49850.0
Tỷ lệ kết nối đúng giờ,10,LCI,LCIVC,2026-08-17,2026,8,17,99.0,99.0
Hiệu quả xe nội miền chiều về,16,GLI,GLIVC1,2026-08-11,2026,8,11,1894.66,1900.0
Tỷ lệ xuất sạch,3,TQG,TQGVC,2026-08-03,2026,8,3,5510.0,5962.0
Tỷ lệ xuất sạch,3,VLG,VLGVC,2026-08-13,2026,8,13,49516.0,50377.0
Tỷ lệ kết nối đúng giờ,10,LCI,LCIVC,2026-08-07,2026,8,7,97.0,98.0
Tỷ lệ nhập đúng tải kiện 12.5s,5,CMU,CMUVC,2026-08-04,2026,8,4,9753.0,9842.0
Tỷ lệ xuất sạch,3,GLI,GLIVC1,2026-08-04,2026,8,4,22518.0,25925.0
Hiệu quả xe nội miền chiều đi,15,PHO,PHOVC,2026-08-15,2026,8,15,16796.71,20500.0
Hiệu quả xe nội tỉnh chiều về,9,HUE,HUEVC,2026-08-12,2026,8,12,15115.68,23530.0
Thời gian chờ nhập,4,HTH,HTHVC,2026-08-09,2026,8,9,77.01666666666667,9.0
Tỷ lệ xuất sạch,3,DTP,DTPVC,2026-08-13,2026,8,13,47881.0,48036.0
Hiệu quả xe nội tỉnh chiều về,9,DTP,DTPVC,2026-08-02,2026,8,2,40712.130000000005,92350.0
Tỷ lệ kết nối đúng giờ,10,PHO,PHOVC,2026-07-31,2026,7,31,4.0,4.0
Hiệu quả kết nối nội tỉnh,7,HCM,HCMVC,2026-08-05,2026,8,5,204500.15000000002,2748.6
Hiệu quả xe liên miền,18,GLI,GLIVC1,2026-07-30,2026,7,30,10705.11,21000.0
Hiệu quả kết nối nội tỉnh,7,QTI,QTIVC,2026-08-09,2026,8,9,58724.36,1699.0
Tỷ lệ xuất sạch,3,HNI,HNVC,2026-08-17,2026,8,17,378436.0,381720.0
Tỷ lệ xuất sạch,3,VLG,VLGVC,2026-08-03,2026,8,3,40854.0,50440.0
Hiệu quả xe nội tỉnh chiều về,9,GLI,GLIVC1,2026-08-17,2026,8,17,52787.44,81600.0
Hiệu quả kết nối nội tỉnh,7,AGG,AGGVC,2026-08-05,2026,8,5,164942.16,3816.0
Hiệu quả kết nối nội miền,17,KHA,KHAVC,2026-08-17,2026,8,17,5109.57,639.0
Tỷ lệ xuất sạch,3,NAN,NANVC,2026-08-13,2026,8,13,43341.0,43850.0
Tỷ lệ nhập đúng tải kiện 12.5s,5,CMU,CMUVC,2026-08-02,2026,8,2,8813.0,9049.0
Hiệu quả xe nội tỉnh chiều về,9,SLA,SLAVC,2026-07-31,2026,7,31,184.56,900.0
Tỷ lệ xuất sạch,3,GLI,GLIVC1,2026-08-12,2026,8,12,33724.0,36809.0
Tỷ lệ nhập đúng tải kiện 12.5s,5,BNH,BNHVC,2026-08-11,2026,8,11,21221.0,23112.0
Tỷ lệ nhập đúng tải kiện 12.5s,5,HCM,HCMVC,2026-08-10,2026,8,10,35534.0,38899.0
Tỷ lệ nhập đúng tải kiện 12.5s,5,KHA,KHAVC,2026-08-13,2026,8,13,7493.0,9499.0
Hiệu quả xe nội tỉnh chiều về,9,HCM,HCMVC,2026-08-09,2026,8,9,49951.15,124200.0
Tỷ lệ kết nối đúng giờ,10,HPG,HPGVC,2026-08-09,2026,8,9,177.0,180.0
Tỷ lệ xuất sạch,3,LCU,LCUVC,2026-08-06,2026,8,6,575.0,596.0
Thời gian chờ nhập,4,HTH,HTHVC,2026-08-08,2026,8,8,166.6,12.0
Tỷ lệ nhập đúng tải kiện 12.5s,5,TQG,TQGVC,2026-08-17,2026,8,17,3271.0,3290.0
Thời gian chờ nhập,4,HPG,HPGVC,2026-08-07,2026,8,7,242.78333333333333,42.0
Hiệu quả xe nội tỉnh chiều về,9,TQG,TQGVC,2026-08-03,2026,8,3,9496.44,10750.0
Tỷ lệ kết nối đúng giờ,10,NBH,NBHVC,2026-08-10,2026,8,10,349.0,352.0
Hiệu quả kết nối nội tỉnh,7,NBH,NBHVC,2026-08-08,2026,8,8,119667.66,1224.83
Hiệu quả xe nội miền chiều về,16,HCM,HCMVC,2026-08-04,2026,8,4,14869.88,22700.0
Hiệu quả xe nội tỉnh chiều về,9,DNI,DNIVC,2026-08-04,2026,8,4,15521.41,52700.0
Tỷ lệ kết nối đúng giờ,10,DTP,DTPVC,2026-08-01,2026,8,1,199.0,199.0
Tỷ lệ kết nối đúng giờ,10,QNH,QNHVC,2026-08-06,2026,8,6,113.0,116.0
Hiệu quả kết nối nội tỉnh,7,HNI,HNVC,2026-07-31,2026,7,31,36783.36,1371.6999999999998
Hiệu quả xe nội tỉnh chiều về,9,CTO,CTOVC,2026-08-01,2026,8,1,60953.600000000006,149900.0
Tỷ lệ xuất sạch,3,LDG,LDGVC,2026-08-06,2026,8,6,49975.0,54806.0
Hiệu quả kết nối nội miền,17,PHO,PHOVC,2026-08-10,2026,8,10,20872.190000000002,375.0
Hiệu quả kết nối nội miền,17,DNI,DNIVC,2026-08-03,2026,8,3,12916.500000000002,237.0
Hiệu quả xe nội tỉnh chiều đi,8,TNN,TNNVC,2026-08-04,2026,8,4,40065.22,61840.0
Tỷ lệ kết nối đúng giờ,10,HNI,HNVC,2026-08-01,2026,8,1,3350.0,3503.0
Tỷ lệ kết nối đúng giờ,10,QNI,QNIVC,2026-08-15,2026,8,15,176.0,177.0
Tỷ lệ nhập đúng tải kiện 12.5s,5,LCU,LCUVC,2026-08-13,2026,8,13,724.0,724.0
Hiệu quả xe nội tỉnh chiều đi,8,LCI,LCIVC,2026-08-10,2026,8,10,32291.149999999998,32500.0
Tỷ lệ kết nối đúng giờ,10,LCI,LCIVC,2026-08-02,2026,8,2,89.0,89.0
Hiệu quả xe nội tỉnh chiều về,9,TQG,TQGVC,2026-08-17,2026,8,17,6640.799999999999,9100.0
Hiệu quả kết nối nội tỉnh,7,PHO,PHOVC,2026-08-04,2026,8,4,230109.86,4267.0
Thời gian chờ nhập,4,DTP,DTPVC,2026-08-12,2026,8,12,267.54999999999995,45.0
Tỷ lệ xuất sạch,3,DBN,DBNVC,2026-08-12,2026,8,12,2380.0,2409.0
Hiệu quả xe nội miền chiều đi,15,HCM,HCMVC,2026-08-04,2026,8,4,30256.690000000002,38700.0
Hiệu quả kết nối nội tỉnh,7,NAN,NANVC,2026-08-05,2026,8,5,112341.15,3382.0
Thời gian chờ nhập,4,KHA,KHAVC,2026-08-17,2026,8,17,302.25,41.0
Tỷ lệ nhập đúng tải kiện 12.5s,5,LCU,LCUVC,2026-08-04,2026,8,4,703.0,703.0
Hiệu quả xe nội tỉnh chiều đi,8,NBH,NBHVC,2026-08-09,2026,8,9,64465.71,74360.0
Tỷ lệ nhập đúng tải kiện 12.5s,5,CMU,CMUVC,2026-08-01,2026,8,1,9685.0,9883.0
Hiệu quả xe nội tỉnh chiều đi,8,HTH,HTHVC,2026-08-15,2026,8,15,21140.920000000002,34400.0
Tỷ lệ xuất sạch,3,NBH,NBHVC,2026-08-11,2026,8,11,76149.0,77155.0
Hiệu quả xe nội miền chiều về,16,VLG,VLGVC,2026-08-10,2026,8,10,2552.6,4500.0
Tỷ lệ kết nối đúng giờ,10,VLG,VLGVC,2026-08-04,2026,8,4,241.0,243.0
Hiệu quả xe nội tỉnh chiều về,9,QNI,QNIVC,2026-08-09,2026,8,9,19477.309999999998,41140.0
Tỷ lệ kết nối đúng giờ,10,VLG,VLGVC,2026-08-13,2026,8,13,233.0,237.0
Hiệu quả xe nội tỉnh chiều về,9,LCI,LCIVC,2026-08-04,2026,8,4,38752.86,32650.0
Tỷ lệ nhập đúng tải kiện 12.5s,5,QNI,QNIVC,2026-08-01,2026,8,1,6299.0,6453.0
Hiệu quả kết nối nội tỉnh,7,QTI,QTIVC,2026-08-11,2026,8,11,59226.56,1899.3
Hiệu quả xe nội tỉnh chiều đi,8,THA,THAVC,2026-08-11,2026,8,11,78840.22,148300.0
Hiệu quả xe nội tỉnh chiều về,9,QNH,QNHVC,2026-08-09,2026,8,9,15267.039999999999,28000.0
Hiệu quả kết nối nội tỉnh,7,BNH,BNHVC,2026-08-15,2026,8,15,133511.89,1819.0
Hiệu quả xe nội tỉnh chiều đi,8,TNH,TNHVC,2026-08-09,2026,8,9,33546.020000000004,41650.0
Thời gian chờ nhập,4,BNH,BNHVC,2026-08-04,2026,8,4,1295.1333333333332,55.0
Hiệu quả xe nội miền chiều đi,15,LDG,LDGVC,2026-08-16,2026,8,16,1623.2,5000.0
Thời gian chờ nhập,4,DBN,DBNVC,2026-08-14,2026,8,14,18.933333333333334,3.0
Hiệu quả xe nội tỉnh chiều đi,8,QTI,QTIVC,2026-08-03,2026,8,3,50840.69,54040.0
Hiệu quả xe liên miền,18,HCM,HCMVC,2026-08-04,2026,8,4,8467.58,8000.0
Tỷ lệ nhập đúng tải kiện 12.5s,5,DBN,DBNVC,2026-08-03,2026,8,3,416.0,418.0
Tỷ lệ kết nối đúng giờ,10,AGG,AGGVC,2026-08-17,2026,8,17,195.0,208.0
Tỷ lệ kết nối đúng giờ,10,HCM,HCMVC,2026-08-15,2026,8,15,3008.0,3052.0
Thời gian chờ nhập,4,LCI,LCIVC,2026-08-16,2026,8,16,442.1166666666667,15.0
Thời gian chờ nhập,4,QNI,QNIVC,2026-08-11,2026,8,11,351.98333333333335,33.0
Hiệu quả kết nối nội tỉnh,7,LDG,LDGVC,2026-08-04,2026,8,4,203261.8,5702.0
Tỷ lệ xuất sạch,3,HTH,HTHVC,2026-08-03,2026,8,3,9091.0,11316.0
Tỷ lệ xuất sạch,3,CTO,CTOVC,2026-08-03,2026,8,3,14683.0,14783.0
Thời gian chờ nhập,4,QTI,QTIVC,2026-08-09,2026,8,9,142.38333333333333,27.0
Tỷ lệ xuất sạch,3,BNH,BNHVC,2026-08-10,2026,8,10,50210.0,60888.0
Tỷ lệ kết nối đúng giờ,10,DLK,DLKVC1,2026-08-07,2026,8,7,242.0,246.0
Hiệu quả xe nội miền chiều đi,15,QNI,QNIVC,2026-08-07,2026,8,7,3369.89,3500.0
Tỷ lệ xuất sạch,3,DBN,DBNVC,2026-08-14,2026,8,14,2121.0,2127.0
Tỷ lệ xuất sạch,3,HCM,HCMVC,2026-08-15,2026,8,15,125002.0,129763.0
Hiệu quả xe nội tỉnh chiều về,9,THA,THAVC,2026-08-02,2026,8,2,71300.07,148300.0
Hiệu quả kết nối nội miền,17,QNI,QNIVC,2026-08-12,2026,8,12,7142.34,498.0
Tỷ lệ nhập đúng tải kiện 12.5s,5,DBN,DBNVC,2026-08-07,2026,8,7,330.0,331.0
Tỷ lệ nhập đúng tải kiện 12.5s,5,CTO,CTOVC,2026-08-10,2026,8,10,5393.0,5393.0
Tỷ lệ kết nối đúng giờ,10,LCI,LCIVC,2026-08-08,2026,8,8,97.0,98.0
Tỷ lệ kết nối đúng giờ,10,DBN,DBNVC,2026-08-05,2026,8,5,13.0,13.0
Tỷ lệ nhập đúng tải kiện 12.5s,5,QNH,QNHVC,2026-08-09,2026,8,9,5543.0,8134.0
Hiệu quả xe nội tỉnh chiều đi,8,HYN,HYNVC,2026-08-14,2026,8,14,122151.22,136400.0
Hiệu quả xe nội tỉnh chiều đi,8,HNI,HNVC,2026-08-13,2026,8,13,120590.52999999998,377300.0
Hiệu quả kết nối nội miền,17,TNH,TNHVC,2026-08-09,2026,8,9,3414.15,268.0
Hiệu quả xe nội tỉnh chiều về,9,DNG,DNGVC,2026-08-04,2026,8,4,85983.04,131550.0
Tỷ lệ nhập đúng tải kiện 12.5s,5,NBH,NBHVC,2026-08-14,2026,8,14,16370.0,16489.0
Tỷ lệ nhập đúng tải kiện 12.5s,5,NAN,NANVC,2026-08-07,2026,8,7,11400.0,11616.0
Tỷ lệ xuất sạch,3,DLK,DLKVC1,2026-08-07,2026,8,7,43030.0,45285.0
Hiệu quả xe liên miền,18,DNI,DNIVC,2026-07-30,2026,7,30,8000.57,8000.0
Tỷ lệ kết nối đúng giờ,10,HUE,HUEVC,2026-08-15,2026,8,15,100.0,101.0
Hiệu quả xe nội tỉnh chiều về,9,NBH,NBHVC,2026-08-04,2026,8,4,103868.27,181730.0
Hiệu quả kết nối nội tỉnh,7,HNI,HNVC,2026-08-17,2026,8,17,409458.39,8193.5
Tỷ lệ nhập đúng tải kiện 12.5s,5,DNG,DNGVC,2026-08-04,2026,8,4,4889.0,5103.0
Tỷ lệ kết nối đúng giờ,10,HCM,HCMVC,2026-08-02,2026,8,2,1794.0,1820.0
Tỷ lệ kết nối đúng giờ,10,DLK,DLKVC1,2026-08-04,2026,8,4,230.0,232.0
Tỷ lệ kết nối đúng giờ,10,NAN,NANVC,2026-08-10,2026,8,10,169.0,171.0
Thời gian chờ nhập,4,LDG,LDGVC,2026-08-01,2026,8,1,2020.1833333333334,74.0
Hiệu quả xe liên miền,18,HYN,HYNVC,2026-08-11,2026,8,11,5833.0,8000.0
Tỷ lệ nhập đúng tải kiện 12.5s,5,LCI,LCIVC,2026-08-07,2026,8,7,5340.0,7476.0
Hiệu quả xe nội tỉnh chiều đi,8,HCM,HCMVC,2026-08-17,2026,8,17,96066.53,148300.0
Tỷ lệ kết nối đúng giờ,10,GLI,GLIVC1,2026-08-04,2026,8,4,218.0,232.0
Tỷ lệ nhập đúng tải kiện 12.5s,5,LDG,LDGVC,2026-08-07,2026,8,7,18852.0,22215.0
Tỷ lệ xuất sạch,3,LCI,LCIVC,2026-08-03,2026,8,3,13626.0,15417.0
Tỷ lệ xuất sạch,3,AGG,AGGVC,2026-08-07,2026,8,7,45030.0,47974.0
Hiệu quả xe nội tỉnh chiều đi,8,DNG,DNGVC,2026-08-01,2026,8,1,118373.66999999998,108800.0
Thời gian chờ nhập,4,LDG,LDGVC,2026-08-12,2026,8,12,1823.7666666666667,70.0
Tỷ lệ xuất sạch,3,PHO,PHOVC,2026-08-03,2026,8,3,40160.0,43917.0
Hiệu quả xe nội miền chiều về,16,HCM,HCMVC,2026-08-05,2026,8,5,12212.6,34200.0
Tỷ lệ xuất sạch,3,LCU,LCUVC,2026-08-02,2026,8,2,546.0,564.0
Hiệu quả xe nội miền chiều về,16,QNI,QNIVC,2026-08-14,2026,8,14,4628.93,3500.0
Hiệu quả xe nội tỉnh chiều đi,8,QNH,QNHVC,2026-08-07,2026,8,7,54618.979999999996,50250.0
Tỷ lệ xuất sạch,3,PHO,PHOVC,2026-08-17,2026,8,17,80402.0,91778.0
Thời gian chờ nhập,4,QNI,QNIVC,2026-08-16,2026,8,16,646.0833333333334,34.0
Tỷ lệ kết nối đúng giờ,10,BNH,BNHVC,2026-08-10,2026,8,10,391.0,396.0
Hiệu quả xe nội miền chiều đi,15,VLG,VLGVC,2026-08-04,2026,8,4,9297.779999999999,7000.0
Hiệu quả xe nội tỉnh chiều về,9,VLG,VLGVC,2026-08-08,2026,8,8,29998.25,78750.0
Hiệu quả xe nội miền chiều đi,15,HPG,HPGVC,2026-08-08,2026,8,8,1078.48,1900.0
Hiệu quả xe nội tỉnh chiều đi,8,HNI,HNVC,2026-08-01,2026,8,1,103251.39,356150.0
Tỷ lệ kết nối đúng giờ,10,QNH,QNHVC,2026-08-08,2026,8,8,111.0,115.0
Hiệu quả kết nối nội miền,17,QNI,QNIVC,2026-08-03,2026,8,3,4972.280000000001,498.0
Hiệu quả xe nội miền chiều đi,15,DNI,DNIVC,2026-08-04,2026,8,4,18604.2,24000.0
Tỷ lệ xuất sạch,3,TNH,TNHVC,2026-08-06,2026,8,6,55442.0,56240.0
Thời gian chờ nhập,4,LCI,LCIVC,2026-08-10,2026,8,10,440.68333333333334,12.0
Hiệu quả kết nối nội tỉnh,7,LSN,LSNVC,2026-08-11,2026,8,11,26894.75,626.0
Tỷ lệ kết nối đúng giờ,10,LDG,LDGVC,2026-08-15,2026,8,15,295.0,296.0
Tỷ lệ kết nối đúng giờ,10,VLG,VLGVC,2026-08-06,2026,8,6,241.0,243.0
Hiệu quả xe nội tỉnh chiều về,9,THA,THAVC,2026-08-10,2026,8,10,72676.92,148850.0
Hiệu quả xe nội tỉnh chiều về,9,HUE,HUEVC,2026-08-02,2026,8,2,12231.77,29430.0
Hiệu quả xe nội tỉnh chiều đi,8,LSN,LSNVC,2026-08-15,2026,8,15,10245.3,19200.0
Hiệu quả kết nối nội tỉnh,7,NAN,NANVC,2026-08-12,2026,8,12,114920.86,3307.0
Tỷ lệ nhập đúng tải kiện 12.5s,5,TNH,TNHVC,2026-08-08,2026,8,8,16695.0,19871.0
Tỷ lệ xuất sạch,3,LDG,LDGVC,2026-08-15,2026,8,15,57186.0,60915.0
Hiệu quả xe nội tỉnh chiều đi,8,TQG,TQGVC,2026-08-10,2026,8,10,10756.56,12400.0
Thời gian chờ nhập,4,TNH,TNHVC,2026-08-14,2026,8,14,1227.8,59.0
Hiệu quả xe nội tỉnh chiều đi,8,NAN,NANVC,2026-08-15,2026,8,15,75439.42,89330.0
Hiệu quả xe nội tỉnh chiều về,9,GLI,GLIVC1,2026-08-14,2026,8,14,52009.41,79130.0
Thời gian chờ nhập,4,HTH,HTHVC,2026-08-06,2026,8,6,277.15,13.0
Hiệu quả kết nối nội tỉnh,7,KHA,KHAVC,2026-07-31,2026,7,31,4653.76,131.0
Hiệu quả xe nội miền chiều về,16,DNI,DNIVC,2026-08-01,2026,8,1,9135.039999999999,16000.0
Tỷ lệ xuất sạch,3,QTI,QTIVC,2026-08-14,2026,8,14,21435.0,22498.0
Tỷ lệ kết nối đúng giờ,10,LDG,LDGVC,2026-08-03,2026,8,3,290.0,290.0
Tỷ lệ nhập đúng tải kiện 12.5s,5,DLK,DLKVC1,2026-08-10,2026,8,10,9359.0,12082.0
Hiệu quả xe nội tỉnh chiều về,9,HUE,HUEVC,2026-08-11,2026,8,11,18453.57,26000.0
Hiệu quả xe nội miền chiều về,16,HCM,HCMVC,2026-08-14,2026,8,14,14360.44,29550.0
Tỷ lệ nhập đúng tải kiện 12.5s,5,NAN,NANVC,2026-08-11,2026,8,11,11005.0,11047.0
Hiệu quả xe nội tỉnh chiều đi,8,DNG,DNGVC,2026-08-07,2026,8,7,124525.54000000001,103450.0
Tỷ lệ kết nối đúng giờ,10,AGG,AGGVC,2026-08-15,2026,8,15,192.0,208.0
Tỷ lệ xuất sạch,3,HTH,HTHVC,2026-08-14,2026,8,14,12539.0,12644.0
Tỷ lệ xuất sạch,3,TNN,TNNVC,2026-08-10,2026,8,10,19146.0,20371.0
Thời gian chờ nhập,4,CTO,CTOVC,2026-08-12,2026,8,12,105.93333333333334,14.0
Tỷ lệ xuất sạch,3,VLG,VLGVC,2026-08-17,2026,8,17,82972.0,100702.0
Hiệu quả xe nội tỉnh chiều đi,8,BNH,BNHVC,2026-08-10,2026,8,10,53654.840000000004,102850.0
Tỷ lệ nhập đúng tải kiện 12.5s,5,LSN,LSNVC,2026-08-03,2026,8,3,1932.0,1932.0
Hiệu quả kết nối nội tỉnh,7,HYN,HYNVC,2026-08-12,2026,8,12,268475.3,2120.0
Hiệu quả xe nội miền chiều về,16,KHA,KHAVC,2026-07-31,2026,7,31,8728.65,12850.0
Tỷ lệ nhập đúng tải kiện 12.5s,5,KHA,KHAVC,2026-08-07,2026,8,7,7489.0,11624.0
Thời gian chờ nhập,4,DLK,DLKVC1,2026-08-01,2026,8,1,473.35,42.0
Hiệu quả kết nối nội tỉnh,7,TNH,TNHVC,2026-08-14,2026,8,14,3587.69,156.0
Hiệu quả kết nối nội miền,17,QNI,QNIVC,2026-07-31,2026,7,31,3532.44,249.0
Hiệu quả xe nội miền chiều đi,15,DNI,DNIVC,2026-08-03,2026,8,3,4410.2,9000.0
Hiệu quả xe nội tỉnh chiều đi,8,CTO,CTOVC,2026-08-06,2026,8,6,93918.75,154400.0
Tỷ lệ kết nối đúng giờ,10,GLI,GLIVC1,2026-08-09,2026,8,9,228.0,243.0
Tỷ lệ nhập đúng tải kiện 12.5s,5,DNG,DNGVC,2026-08-11,2026,8,11,3821.0,3834.0
Tỷ lệ xuất sạch,3,HYN,HYNVC,2026-08-06,2026,8,6,54822.0,54967.0
Tỷ lệ kết nối đúng giờ,10,SLA,SLAVC,2026-08-15,2026,8,15,4.0,4.0
Hiệu quả kết nối nội miền,17,HPG,HPGVC,2026-08-15,2026,8,15,1207.99,115.0
Hiệu quả xe nội tỉnh chiều về,9,HNI,HNVC,2026-07-31,2026,7,31,36783.36,64550.0
Hiệu quả xe nội tỉnh chiều về,9,DNI,DNIVC,2026-08-03,2026,8,3,20511.48,48200.0
Hiệu quả xe nội miền chiều đi,15,GLI,GLIVC1,2026-07-31,2026,7,31,1009.25,1900.0
Hiệu quả kết nối nội tỉnh,7,QTI,QTIVC,2026-08-12,2026,8,12,69070.61,2412.5
Tỷ lệ nhập đúng tải kiện 12.5s,5,HPG,HPGVC,2026-08-11,2026,8,11,18376.0,19411.0
Hiệu quả xe nội tỉnh chiều về,9,QNH,QNHVC,2026-08-11,2026,8,11,26904.25,50350.0
Hiệu quả kết nối nội tỉnh,7,VLG,VLGVC,2026-08-15,2026,8,15,77338.79999999999,1762.3999999999999
Hiệu quả xe nội tỉnh chiều về,9,DLK,DLKVC1,2026-08-16,2026,8,16,48866.99,126490.0
Hiệu quả xe nội tỉnh chiều về,9,HNI,HNVC,2026-08-10,2026,8,10,405362.36,644000.0
Hiệu quả kết nối nội miền,17,VLG,VLGVC,2026-08-17,2026,8,17,3430.88,147.0
Tỷ lệ xuất sạch,3,DTP,DTPVC,2026-08-15,2026,8,15,46475.0,47188.0
Tỷ lệ kết nối đúng giờ,10,CMU,CMUVC,2026-08-16,2026,8,16,40.0,44.0
Tỷ lệ kết nối đúng giờ,10,HPG,HPGVC,2026-08-06,2026,8,6,299.0,299.0
Tỷ lệ nhập đúng tải kiện 12.5s,5,CTO,CTOVC,2026-08-07,2026,8,7,5358.0,5448.0
Thời gian chờ nhập,4,SLA,SLAVC,2026-08-10,2026,8,10,48.81666666666667,3.0
Hiệu quả xe nội tỉnh chiều về,9,HYN,HYNVC,2026-08-15,2026,8,15,112110.91,90000.0
Hiệu quả xe nội tỉnh chiều đi,8,THA,THAVC,2026-08-02,2026,8,2,73826.88,146650.0
Hiệu quả kết nối nội tỉnh,7,SLA,SLAVC,2026-08-11,2026,8,11,1289.47,82.0
Hiệu quả xe liên miền,18,LDG,LDGVC,2026-08-03,2026,8,3,20021.44,34000.0
Hiệu quả xe nội tỉnh chiều về,9,HNI,HNVC,2026-08-09,2026,8,9,176011.06,317950.0
Thời gian chờ nhập,4,HPG,HPGVC,2026-08-08,2026,8,8,428.3333333333333,40.0
Tỷ lệ kết nối đúng giờ,10,GLI,GLIVC1,2026-08-05,2026,8,5,218.0,233.0
Tỷ lệ kết nối đúng giờ,10,DNI,DNIVC,2026-07-31,2026,7,31,4.0,4.0
Tỷ lệ xuất sạch,3,HUE,HUEVC,2026-08-07,2026,8,7,20347.0,20481.0
Hiệu quả xe nội tỉnh chiều về,9,PHO,PHOVC,2026-08-02,2026,8,2,91414.59,166100.0
Hiệu quả xe nội tỉnh chiều về,9,DTP,DTPVC,2026-08-05,2026,8,5,65912.95000000001,134500.0
Hiệu quả xe nội tỉnh chiều đi,8,QNH,QNHVC,2026-08-08,2026,8,8,42555.0,49850.0
Hiệu quả kết nối nội miền,17,QNI,QNIVC,2026-08-09,2026,8,9,6965.79,498.0
Hiệu quả xe nội tỉnh chiều về,9,HYN,HYNVC,2026-08-14,2026,8,14,139422.88,129400.0
Hiệu quả xe nội tỉnh chiều về,9,CMU,CMUVC,2026-08-05,2026,8,5,22602.760000000002,62950.0
Hiệu quả kết nối nội miền,17,KHA,KHAVC,2026-08-15,2026,8,15,19610.74,2383.0
Hiệu quả kết nối nội tỉnh,7,HYN,HYNVC,2026-08-02,2026,8,2,111950.03,1756.0
Hiệu quả kết nối nội miền,17,DNI,DNIVC,2026-08-07,2026,8,7,27092.309999999998,376.0
Tỷ lệ nhập đúng tải kiện 12.5s,5,TNH,TNHVC,2026-08-03,2026,8,3,14338.0,15669.0
Hiệu quả xe nội tỉnh chiều về,9,HYN,HYNVC,2026-07-31,2026,7,31,19764.27,23150.0
Hiệu quả kết nối nội tỉnh,7,DBN,DBNVC,2026-07-31,2026,7,31,610.22,6.0
Tỷ lệ nhập đúng tải kiện 12.5s,5,NAN,NANVC,2026-08-06,2026,8,6,10648.0,11004.0
Tỷ lệ kết nối đúng giờ,10,HPG,HPGVC,2026-08-02,2026,8,2,182.0,182.0
Hiệu quả xe liên miền,18,HYN,HYNVC,2026-08-10,2026,8,10,6643.38,8000.0
Tỷ lệ kết nối đúng giờ,10,DTP,DTPVC,2026-08-16,2026,8,16,136.0,136.0
Tỷ lệ kết nối đúng giờ,10,DLK,DLKVC1,2026-08-15,2026,8,15,238.0,246.0
Hiệu quả xe nội tỉnh chiều về,9,TQG,TQGVC,2026-08-04,2026,8,4,9588.869999999999,10750.0
Hiệu quả xe nội tỉnh chiều đi,8,DLK,DLKVC1,2026-08-14,2026,8,14,102379.94,134890.0
Tỷ lệ kết nối đúng giờ,10,HYN,HYNVC,2026-08-03,2026,8,3,361.0,361.0
Tỷ lệ kết nối đúng giờ,10,NAN,NANVC,2026-08-02,2026,8,2,161.0,164.0
Hiệu quả xe nội tỉnh chiều đi,8,HUE,HUEVC,2026-08-06,2026,8,6,30734.09,37730.0
Hiệu quả xe nội tỉnh chiều về,9,CTO,CTOVC,2026-08-02,2026,8,2,54386.17,130100.0
Hiệu quả xe nội miền chiều đi,15,HPG,HPGVC,2026-08-06,2026,8,6,1212.49,1900.0
Tỷ lệ nhập đúng tải kiện 12.5s,5,QNI,QNIVC,2026-08-03,2026,8,3,6146.0,6404.0
Hiệu quả xe nội tỉnh chiều đi,8,LDG,LDGVC,2026-08-16,2026,8,16,109772.16,122350.0
Hiệu quả xe nội tỉnh chiều đi,8,GLI,GLIVC1,2026-08-15,2026,8,15,86990.48999999999,87000.0
Hiệu quả xe nội tỉnh chiều đi,8,DBN,DBNVC,2026-08-08,2026,8,8,2681.59,3300.0
Thời gian chờ nhập,4,SLA,SLAVC,2026-08-06,2026,8,6,65.48333333333333,3.0
Hiệu quả xe nội tỉnh chiều về,9,BNH,BNHVC,2026-08-09,2026,8,9,45478.21,79650.0
Tỷ lệ kết nối đúng giờ,10,HCM,HCMVC,2026-08-11,2026,8,11,3214.0,3266.0
Tỷ lệ nhập đúng tải kiện 12.5s,5,HCM,HCMVC,2026-08-02,2026,8,2,19565.0,22083.0
Tỷ lệ kết nối đúng giờ,10,THA,THAVC,2026-08-10,2026,8,10,233.0,233.0
Hiệu quả kết nối nội tỉnh,7,CTO,CTOVC,2026-08-13,2026,8,13,177432.26,3378.0
Hiệu quả xe nội miền chiều đi,15,HCM,HCMVC,2026-08-05,2026,8,5,30741.79,38700.0
Hiệu quả xe liên miền,18,GLI,GLIVC1,2026-08-11,2026,8,11,15262.779999999999,21000.0
Tỷ lệ nhập đúng tải kiện 12.5s,5,CTO,CTOVC,2026-08-02,2026,8,2,5450.0,5451.0
Tỷ lệ kết nối đúng giờ,10,QTI,QTIVC,2026-08-11,2026,8,11,135.0,145.0
Thời gian chờ nhập,4,LCI,LCIVC,2026-08-03,2026,8,3,374.58333333333337,14.0
Hiệu quả xe liên miền,18,LDG,LDGVC,2026-07-29,2026,7,29,3742.74,13000.0
Tỷ lệ kết nối đúng giờ,10,LSN,LSNVC,2026-08-10,2026,8,10,23.0,23.0
Hiệu quả xe nội tỉnh chiều đi,8,NAN,NANVC,2026-08-13,2026,8,13,71168.2,89830.0
Tỷ lệ kết nối đúng giờ,10,HPG,HPGVC,2026-08-17,2026,8,17,301.0,301.0
Hiệu quả xe nội miền chiều về,16,KHA,KHAVC,2026-08-05,2026,8,5,10367.53,14500.0
Hiệu quả kết nối nội miền,17,TNH,TNHVC,2026-08-06,2026,8,6,4104.54,268.0
Hiệu quả kết nối nội tỉnh,7,TNN,TNNVC,2026-08-12,2026,8,12,76265.17,1248.0
Hiệu quả kết nối nội tỉnh,7,CMU,CMUVC,2026-08-11,2026,8,11,76820.01,2202.0
Thời gian chờ nhập,4,AGG,AGGVC,2026-08-08,2026,8,8,639.8166666666666,46.0
Tỷ lệ kết nối đúng giờ,10,DLK,DLKVC1,2026-08-10,2026,8,10,244.0,246.0
Hiệu quả xe nội tỉnh chiều đi,8,TQG,TQGVC,2026-08-13,2026,8,13,14709.17,12400.0
Hiệu quả kết nối nội tỉnh,7,DBN,DBNVC,2026-08-01,2026,8,1,2870.4399999999996,185.0
Thời gian chờ nhập,4,QNH,QNHVC,2026-08-15,2026,8,15,777.4666666666667,28.0
Tỷ lệ xuất sạch,3,DLK,DLKVC1,2026-08-17,2026,8,17,66334.0,71520.0
Thời gian chờ nhập,4,HNI,HNVC,2026-08-05,2026,8,5,1839.9,135.0
Hiệu quả xe nội tỉnh chiều về,9,VLG,VLGVC,2026-07-31,2026,7,31,8618.119999999999,12500.0
Hiệu quả xe nội tỉnh chiều đi,8,DBN,DBNVC,2026-08-10,2026,8,10,2535.85,3300.0
Thời gian chờ nhập,4,HYN,HYNVC,2026-08-04,2026,8,4,195.36666666666667,53.0
Hiệu quả xe nội tỉnh chiều về,9,PHO,PHOVC,2026-08-01,2026,8,1,129768.75,187400.0
Tỷ lệ nhập đúng tải kiện 12.5s,5,DNG,DNGVC,2026-08-01,2026,8,1,6431.0,6464.0
Hiệu quả kết nối nội tỉnh,7,QNH,QNHVC,2026-08-13,2026,8,13,12938.06,242.0
Tỷ lệ nhập đúng tải kiện 12.5s,5,CTO,CTOVC,2026-08-08,2026,8,8,6785.0,6810.0
Tỷ lệ xuất sạch,3,GLI,GLIVC1,2026-08-17,2026,8,17,56580.0,57822.0
Hiệu quả xe nội tỉnh chiều về,9,HYN,HYNVC,2026-08-03,2026,8,3,151478.64,150900.0
Hiệu quả xe nội tỉnh chiều về,9,AGG,AGGVC,2026-08-10,2026,8,10,29246.51,65100.0
Thời gian chờ nhập,4,HUE,HUEVC,2026-08-02,2026,8,2,312.2,20.0
Tỷ lệ xuất sạch,3,CTO,CTOVC,2026-08-06,2026,8,6,13232.0,13935.0
Tỷ lệ nhập đúng tải kiện 12.5s,5,QNI,QNIVC,2026-08-04,2026,8,4,6671.0,6680.0
Hiệu quả xe nội miền chiều đi,15,LDG,LDGVC,2026-08-04,2026,8,4,1977.5,5000.0
Tỷ lệ kết nối đúng giờ,10,HTH,HTHVC,2026-08-14,2026,8,14,80.0,80.0
Thời gian chờ nhập,4,SLA,SLAVC,2026-08-13,2026,8,13,212.25,5.0
Hiệu quả xe nội tỉnh chiều về,9,DLK,DLKVC1,2026-08-04,2026,8,4,63256.28,132840.0
Tỷ lệ kết nối đúng giờ,10,KHA,KHAVC,2026-08-07,2026,8,7,197.0,198.0
Thời gian chờ nhập,4,QNI,QNIVC,2026-08-15,2026,8,15,754.4,36.0
Hiệu quả xe nội miền chiều đi,15,QNI,QNIVC,2026-08-15,2026,8,15,3816.01,3500.0
Hiệu quả xe nội tỉnh chiều về,9,LCI,LCIVC,2026-08-03,2026,8,3,41393.8,33650.0
Hiệu quả xe nội tỉnh chiều về,9,HTH,HTHVC,2026-08-06,2026,8,6,8439.22,27250.0
Tỷ lệ kết nối đúng giờ,10,NAN,NANVC,2026-08-16,2026,8,16,160.0,161.0
Hiệu quả kết nối nội tỉnh,7,HTH,HTHVC,2026-08-11,2026,8,11,27863.85,904.8
Thời gian chờ nhập,4,HCM,HCMVC,2026-08-17,2026,8,17,992.35,81.0
Tỷ lệ nhập đúng tải kiện 12.5s,5,HPG,HPGVC,2026-08-09,2026,8,9,12494.0,12915.0
Tỷ lệ nhập đúng tải kiện 12.5s,5,QNH,QNHVC,2026-08-02,2026,8,2,6512.0,6773.0
Hiệu quả xe nội tỉnh chiều về,9,HCM,HCMVC,2026-08-10,2026,8,10,102740.93,161650.0
Thời gian chờ nhập,4,BNH,BNHVC,2026-08-10,2026,8,10,1446.6,62.0
Thời gian chờ nhập,4,DNI,DNIVC,2026-08-16,2026,8,16,566.3333333333333,38.0
Tỷ lệ nhập đúng tải kiện 12.5s,5,DTP,DTPVC,2026-08-13,2026,8,13,15780.0,15906.0
Hiệu quả kết nối nội tỉnh,7,TQG,TQGVC,2026-08-15,2026,8,15,21428.32,1133.0
Tỷ lệ kết nối đúng giờ,10,KHA,KHAVC,2026-08-08,2026,8,8,195.0,196.0
Hiệu quả xe nội miền chiều về,16,QNI,QNIVC,2026-08-17,2026,8,17,1261.32,3500.0
Hiệu quả xe liên miền,18,DLK,DLKVC1,2026-08-05,2026,8,5,26954.82,39000.0
Tỷ lệ xuất sạch,3,SLA,SLAVC,2026-08-13,2026,8,13,854.0,854.0
Hiệu quả kết nối nội tỉnh,7,TNH,TNHVC,2026-07-31,2026,7,31,22502.010000000002,456.0
Hiệu quả xe nội tỉnh chiều về,9,VLG,VLGVC,2026-08-09,2026,8,9,22278.91,41850.0
Hiệu quả xe nội tỉnh chiều về,9,VLG,VLGVC,2026-08-14,2026,8,14,29522.260000000002,77000.0
Hiệu quả xe nội tỉnh chiều về,9,VLG,VLGVC,2026-08-15,2026,8,15,26091.33,78900.0
Hiệu quả xe nội tỉnh chiều đi,8,TQG,TQGVC,2026-08-15,2026,8,15,13576.27,12400.0
Tỷ lệ kết nối đúng giờ,10,TQG,TQGVC,2026-08-05,2026,8,5,59.0,60.0
Tỷ lệ nhập đúng tải kiện 12.5s,5,HUE,HUEVC,2026-08-11,2026,8,11,4049.0,4084.0
Hiệu quả xe nội tỉnh chiều đi,8,HTH,HTHVC,2026-08-14,2026,8,14,26370.96,36300.0
Hiệu quả xe nội tỉnh chiều về,9,SLA,SLAVC,2026-08-07,2026,8,7,174.98,900.0
Tỷ lệ xuất sạch,3,LCI,LCIVC,2026-08-05,2026,8,5,15184.0,17237.0
Hiệu quả kết nối nội tỉnh,7,THA,THAVC,2026-08-03,2026,8,3,124870.63,4242.0
Tỷ lệ kết nối đúng giờ,10,CMU,CMUVC,2026-08-08,2026,8,8,76.0,76.0
Tỷ lệ xuất sạch,3,QNH,QNHVC,2026-08-11,2026,8,11,24951.0,28645.0
Hiệu quả xe nội tỉnh chiều về,9,DTP,DTPVC,2026-08-13,2026,8,13,65655.28,145200.0
Tỷ lệ nhập đúng tải kiện 12.5s,5,HNI,HNVC,2026-08-01,2026,8,1,46519.0,50035.0
Tỷ lệ nhập đúng tải kiện 12.5s,5,HUE,HUEVC,2026-08-02,2026,8,2,4987.0,5025.0
Hiệu quả kết nối nội tỉnh,7,DNG,DNGVC,2026-08-14,2026,8,14,192520.17,3727.0
Tỷ lệ nhập đúng tải kiện 12.5s,5,BNH,BNHVC,2026-08-13,2026,8,13,21739.0,23906.0
Hiệu quả kết nối nội miền,17,VLG,VLGVC,2026-08-08,2026,8,8,29673.1,822.0
Hiệu quả xe nội tỉnh chiều đi,8,QTI,QTIVC,2026-08-14,2026,8,14,51694.74,50740.0
Hiệu quả kết nối nội miền,17,DNI,DNIVC,2026-08-16,2026,8,16,10435.09,188.0
Hiệu quả xe nội tỉnh chiều về,9,HCM,HCMVC,2026-08-17,2026,8,17,89244.59,152200.0
Hiệu quả xe nội tỉnh chiều đi,8,GLI,GLIVC1,2026-08-16,2026,8,16,73677.58,87250.0
Hiệu quả kết nối nội tỉnh,7,VLG,VLGVC,2026-08-04,2026,8,4,148477.90000000002,2917.4
Thời gian chờ nhập,4,HYN,HYNVC,2026-08-01,2026,8,1,238.13333333333333,54.0
Thời gian chờ nhập,4,TQG,TQGVC,2026-08-10,2026,8,10,156.56666666666666,12.0
Thời gian chờ nhập,4,SLA,SLAVC,2026-08-03,2026,8,3,138.41666666666666,4.0
Tỷ lệ xuất sạch,3,NBH,NBHVC,2026-08-14,2026,8,14,73564.0,74261.0
Hiệu quả kết nối nội tỉnh,7,GLI,GLIVC1,2026-08-17,2026,8,17,130854.6,3426.0
Thời gian chờ nhập,4,QNI,QNIVC,2026-08-05,2026,8,5,695.9666666666667,36.0
Thời gian chờ nhập,4,DNG,DNGVC,2026-08-16,2026,8,16,327.76666666666665,14.0
Hiệu quả kết nối nội tỉnh,7,QNI,QNIVC,2026-08-14,2026,8,14,53639.68,1666.0
Thời gian chờ nhập,4,THA,THAVC,2026-08-04,2026,8,4,1315.8999999999999,27.0
Hiệu quả xe nội miền chiều về,16,TNH,TNHVC,2026-08-06,2026,8,6,178.75,5100.0
Hiệu quả kết nối nội miền,17,TNH,TNHVC,2026-08-14,2026,8,14,2971.87,268.0
Hiệu quả xe nội tỉnh chiều đi,8,PHO,PHOVC,2026-08-02,2026,8,2,113342.13,165900.0
Hiệu quả kết nối nội tỉnh,7,HNI,HNVC,2026-08-07,2026,8,7,484846.69999999995,10949.7
Tỷ lệ nhập đúng tải kiện 12.5s,5,LDG,LDGVC,2026-08-14,2026,8,14,17900.0,20987.0
Tỷ lệ nhập đúng tải kiện 12.5s,5,TNH,TNHVC,2026-08-04,2026,8,4,17142.0,18254.0
Tỷ lệ kết nối đúng giờ,10,SLA,SLAVC,2026-08-16,2026,8,16,4.0,4.0
Hiệu quả kết nối nội tỉnh,7,DLK,DLKVC1,2026-08-02,2026,8,2,124748.67,2943.0
Hiệu quả xe nội tỉnh chiều đi,8,DBN,DBNVC,2026-08-14,2026,8,14,2494.6,3300.0
Tỷ lệ xuất sạch,3,LDG,LDGVC,2026-08-17,2026,8,17,95164.0,106460.0
Hiệu quả xe nội tỉnh chiều đi,8,NBH,NBHVC,2026-08-16,2026,8,16,64410.12,87460.0
Tỷ lệ xuất sạch,3,TNN,TNNVC,2026-08-17,2026,8,17,36536.0,39558.0
Hiệu quả xe nội tỉnh chiều đi,8,CMU,CMUVC,2026-08-13,2026,8,13,47488.899999999994,62350.0
Tỷ lệ kết nối đúng giờ,10,TNN,TNNVC,2026-08-12,2026,8,12,157.0,162.0
Thời gian chờ nhập,4,KHA,KHAVC,2026-08-07,2026,8,7,769.8,56.0
Hiệu quả kết nối nội tỉnh,7,DNG,DNGVC,2026-08-01,2026,8,1,194787.71,3531.0
Hiệu quả xe nội tỉnh chiều đi,8,NAN,NANVC,2026-08-09,2026,8,9,63250.54,86330.0
Tỷ lệ kết nối đúng giờ,10,GLI,GLIVC1,2026-08-13,2026,8,13,229.0,242.0
Hiệu quả xe nội tỉnh chiều về,9,LSN,LSNVC,2026-08-10,2026,8,10,17218.559999999998,15750.0
Thời gian chờ nhập,4,DNG,DNGVC,2026-08-03,2026,8,3,75.06666666666666,21.0
Tỷ lệ xuất sạch,3,NBH,NBHVC,2026-08-15,2026,8,15,63506.0,63726.0
Hiệu quả kết nối nội tỉnh,7,PHO,PHOVC,2026-08-11,2026,8,11,235564.52000000002,4301.0
Tỷ lệ kết nối đúng giờ,10,QNI,QNIVC,2026-08-03,2026,8,3,166.0,166.0
Tỷ lệ kết nối đúng giờ,10,KHA,KHAVC,2026-08-10,2026,8,10,196.0,198.0
Tỷ lệ xuất sạch,3,BNH,BNHVC,2026-08-06,2026,8,6,63489.0,78167.0
Hiệu quả xe nội miền chiều đi,15,KHA,KHAVC,2026-08-03,2026,8,3,10076.25,14500.0
Hiệu quả xe nội tỉnh chiều về,9,QNH,QNHVC,2026-08-17,2026,8,17,28.64,4300.0
Hiệu quả kết nối nội tỉnh,7,BNH,BNHVC,2026-07-31,2026,7,31,30816.53,396.0
Tỷ lệ xuất sạch,3,LDG,LDGVC,2026-08-07,2026,8,7,53684.0,59023.0
Hiệu quả kết nối nội tỉnh,7,DTP,DTPVC,2026-08-08,2026,8,8,170187.28,2759.9
Thời gian chờ nhập,4,TQG,TQGVC,2026-08-14,2026,8,14,80.16666666666666,13.0
Hiệu quả kết nối nội tỉnh,7,CTO,CTOVC,2026-08-14,2026,8,14,184442.37,3381.0
Hiệu quả xe nội tỉnh chiều về,9,TQG,TQGVC,2026-08-11,2026,8,11,9499.009999999998,10750.0
Hiệu quả xe nội tỉnh chiều về,9,AGG,AGGVC,2026-08-08,2026,8,8,31990.489999999998,75300.0
Tỷ lệ kết nối đúng giờ,10,HPG,HPGVC,2026-08-13,2026,8,13,286.0,288.0
Thời gian chờ nhập,4,HYN,HYNVC,2026-08-11,2026,8,11,262.85,56.0
Hiệu quả xe nội miền chiều đi,15,LDG,LDGVC,2026-08-12,2026,8,12,1761.68,5000.0
Hiệu quả xe nội tỉnh chiều đi,8,QNH,QNHVC,2026-08-04,2026,8,4,42161.45,45550.0
Hiệu quả kết nối nội tỉnh,7,QTI,QTIVC,2026-08-06,2026,8,6,74391.68,2592.8
Hiệu quả kết nối nội tỉnh,7,DLK,DLKVC1,2026-08-04,2026,8,4,125558.57,3430.0
Hiệu quả xe nội tỉnh chiều đi,8,LDG,LDGVC,2026-08-14,2026,8,14,130554.96,151500.0
Tỷ lệ nhập đúng tải kiện 12.5s,5,LCI,LCIVC,2026-08-11,2026,8,11,5922.0,8076.0
Tỷ lệ kết nối đúng giờ,10,TQG,TQGVC,2026-08-07,2026,8,7,51.0,51.0
Hiệu quả xe nội tỉnh chiều về,9,HCM,HCMVC,2026-08-07,2026,8,7,91727.63,157050.0
Hiệu quả xe nội miền chiều đi,15,HPG,HPGVC,2026-08-05,2026,8,5,1387.17,1900.0
Tỷ lệ kết nối đúng giờ,10,GLI,GLIVC1,2026-08-10,2026,8,10,227.0,250.0
Tỷ lệ nhập đúng tải kiện 12.5s,5,HPG,HPGVC,2026-08-07,2026,8,7,21349.0,21687.0
Hiệu quả xe nội tỉnh chiều đi,8,LDG,LDGVC,2026-08-09,2026,8,9,127451.97,132650.0
Hiệu quả xe nội miền chiều đi,15,DNI,DNIVC,2026-08-16,2026,8,16,4851.19,8000.0
Hiệu quả xe nội tỉnh chiều đi,8,HPG,HPGVC,2026-08-08,2026,8,8,134029.18,202140.0
Hiệu quả kết nối nội miền,17,HPG,HPGVC,2026-08-11,2026,8,11,1180.03,115.0
Hiệu quả xe nội miền chiều đi,15,DNI,DNIVC,2026-08-06,2026,8,6,20187.28,21500.0
Hiệu quả xe nội miền chiều về,16,TNH,TNHVC,2026-08-02,2026,8,2,506.7,5100.0
Thời gian chờ nhập,4,KHA,KHAVC,2026-08-05,2026,8,5,942.65,49.0
Thời gian chờ nhập,4,THA,THAVC,2026-08-16,2026,8,16,942.8,36.0
Hiệu quả xe nội tỉnh chiều về,9,THA,THAVC,2026-07-31,2026,7,31,7816.91,8550.0
Tỷ lệ kết nối đúng giờ,10,HUE,HUEVC,2026-08-17,2026,8,17,104.0,104.0
Tỷ lệ kết nối đúng giờ,10,TQG,TQGVC,2026-08-02,2026,8,2,48.0,49.0
Thời gian chờ nhập,4,AGG,AGGVC,2026-08-17,2026,8,17,330.98333333333335,44.0
Thời gian chờ nhập,4,TQG,TQGVC,2026-08-01,2026,8,1,333.3333333333333,14.0
Hiệu quả xe liên miền,18,THA,THAVC,2026-08-08,2026,8,8,23630.09,24000.0
Tỷ lệ kết nối đúng giờ,10,LCI,LCIVC,2026-08-16,2026,8,16,88.0,89.0
Hiệu quả xe nội miền chiều đi,15,PHO,PHOVC,2026-07-31,2026,7,31,7920.4400000000005,10200.0
Hiệu quả kết nối nội tỉnh,7,BNH,BNHVC,2026-08-04,2026,8,4,224956.63,3237.0
Hiệu quả xe nội tỉnh chiều đi,8,AGG,AGGVC,2026-08-07,2026,8,7,105093.3,121650.0
Tỷ lệ kết nối đúng giờ,10,QTI,QTIVC,2026-08-13,2026,8,13,159.0,173.0
Hiệu quả kết nối nội miền,17,LDG,LDGVC,2026-08-11,2026,8,11,6911.41,462.0
Tỷ lệ nhập đúng tải kiện 12.5s,5,KHA,KHAVC,2026-08-03,2026,8,3,8027.0,10548.0
Thời gian chờ nhập,4,DNG,DNGVC,2026-08-13,2026,8,13,744.0166666666667,26.0
Hiệu quả xe nội tỉnh chiều về,9,HYN,HYNVC,2026-08-05,2026,8,5,111966.36,146500.0
Hiệu quả kết nối nội tỉnh,7,TQG,TQGVC,2026-08-04,2026,8,4,20880.6,1133.0
Tỷ lệ xuất sạch,3,LDG,LDGVC,2026-08-12,2026,8,12,51980.0,57829.0
Tỷ lệ xuất sạch,3,TNN,TNNVC,2026-08-06,2026,8,6,20428.0,22539.0
Hiệu quả xe nội tỉnh chiều đi,8,BNH,BNHVC,2026-08-11,2026,8,11,66875.16,96750.0
Hiệu quả kết nối nội tỉnh,7,LDG,LDGVC,2026-08-05,2026,8,5,181519.2,5290.0
Tỷ lệ xuất sạch,3,HYN,HYNVC,2026-08-05,2026,8,5,54315.0,56293.0
Hiệu quả xe nội tỉnh chiều về,9,QNH,QNHVC,2026-07-31,2026,7,31,8055.33,16700.0
Hiệu quả xe nội miền chiều về,16,KHA,KHAVC,2026-08-14,2026,8,14,9531.4,14500.0
Tỷ lệ xuất sạch,3,PHO,PHOVC,2026-08-02,2026,8,2,44168.0,51887.0
Tỷ lệ xuất sạch,3,NAN,NANVC,2026-08-17,2026,8,17,73566.0,74508.0
Hiệu quả xe nội tỉnh chiều đi,8,KHA,KHAVC,2026-08-03,2026,8,3,57795.229999999996,69000.0
Thời gian chờ nhập,4,DLK,DLKVC1,2026-07-31,2026,7,31,62.78333333333333,3.0
Hiệu quả kết nối nội tỉnh,7,TQG,TQGVC,2026-08-05,2026,8,5,21840.23,1133.0
Hiệu quả kết nối nội tỉnh,7,LDG,LDGVC,2026-08-15,2026,8,15,209658.51,5329.0
Hiệu quả xe nội miền chiều về,16,DNI,DNIVC,2026-08-09,2026,8,9,5879.59,9000.0
Hiệu quả kết nối nội tỉnh,7,VLG,VLGVC,2026-08-03,2026,8,3,161912.5,2787.2
Hiệu quả xe nội tỉnh chiều về,9,SLA,SLAVC,2026-08-14,2026,8,14,615.42,900.0
Thời gian chờ nhập,4,NBH,NBHVC,2026-08-10,2026,8,10,444.1333333333333,55.0
Tỷ lệ nhập đúng tải kiện 12.5s,5,LCI,LCIVC,2026-08-14,2026,8,14,5632.0,6727.0
Tỷ lệ kết nối đúng giờ,10,DBN,DBNVC,2026-08-07,2026,8,7,13.0,13.0
Tỷ lệ nhập đúng tải kiện 12.5s,5,HYN,HYNVC,2026-08-02,2026,8,2,10054.0,10543.0
Hiệu quả kết nối nội tỉnh,7,HNI,HNVC,2026-08-01,2026,8,1,443718.48,10873.1
Thời gian chờ nhập,4,TQG,TQGVC,2026-08-11,2026,8,11,420.7833333333333,14.0
Tỷ lệ nhập đúng tải kiện 12.5s,5,NAN,NANVC,2026-08-02,2026,8,2,9690.0,9842.0
Hiệu quả xe nội tỉnh chiều về,9,THA,THAVC,2026-08-11,2026,8,11,72124.3,149100.0
Hiệu quả kết nối nội miền,17,DNI,DNIVC,2026-08-11,2026,8,11,23034.059999999998,376.0
Hiệu quả xe nội tỉnh chiều về,9,DTP,DTPVC,2026-07-31,2026,7,31,2425.2,3500.0
Hiệu quả kết nối nội tỉnh,7,LCI,LCIVC,2026-08-15,2026,8,15,83920.47,1309.0
Hiệu quả xe nội tỉnh chiều về,9,AGG,AGGVC,2026-08-01,2026,8,1,45061.96,105650.0
Hiệu quả kết nối nội tỉnh,7,THA,THAVC,2026-08-12,2026,8,12,157111.2,4061.0
Hiệu quả xe nội tỉnh chiều đi,8,HUE,HUEVC,2026-08-11,2026,8,11,19230.38,31580.0
Hiệu quả xe liên miền,18,TNH,TNHVC,2026-08-14,2026,8,14,13745.5,26000.0
Hiệu quả kết nối nội miền,17,KHA,KHAVC,2026-08-01,2026,8,1,20261.89,2383.0
Tỷ lệ xuất sạch,3,LSN,LSNVC,2026-08-06,2026,8,6,8723.0,8734.0
Hiệu quả xe nội tỉnh chiều về,9,CTO,CTOVC,2026-08-12,2026,8,12,69060.55,137300.0
Hiệu quả xe nội tỉnh chiều đi,8,LCI,LCIVC,2026-08-12,2026,8,12,36201.759999999995,33500.0
Hiệu quả kết nối nội tỉnh,7,HPG,HPGVC,2026-08-09,2026,8,9,132290.44,1445.0
Thời gian chờ nhập,4,DNI,DNIVC,2026-08-14,2026,8,14,652.6666666666667,78.0
Hiệu quả xe nội tỉnh chiều đi,8,QNI,QNIVC,2026-08-02,2026,8,2,33620.79,37645.0
Tỷ lệ nhập đúng tải kiện 12.5s,5,NAN,NANVC,2026-08-01,2026,8,1,10085.0,10238.0
Thời gian chờ nhập,4,GLI,GLIVC1,2026-08-17,2026,8,17,1047.6499999999999,34.0
Hiệu quả kết nối nội tỉnh,7,HUE,HUEVC,2026-08-16,2026,8,16,38140.52,816.0
Hiệu quả xe nội miền chiều về,16,LDG,LDGVC,2026-08-06,2026,8,6,2696.09,5000.0
Hiệu quả xe nội tỉnh chiều đi,8,NBH,NBHVC,2026-08-01,2026,8,1,120970.45,168060.0
Hiệu quả xe nội tỉnh chiều về,9,DLK,DLKVC1,2026-08-01,2026,8,1,61198.44,127590.0
Hiệu quả xe nội miền chiều đi,15,LDG,LDGVC,2026-08-01,2026,8,1,2365.2,5000.0
Hiệu quả xe nội tỉnh chiều đi,8,PHO,PHOVC,2026-08-03,2026,8,3,102333.94,185750.0
Hiệu quả kết nối nội tỉnh,7,HCM,HCMVC,2026-08-11,2026,8,11,218822.87,2808.1
Thời gian chờ nhập,4,VLG,VLGVC,2026-08-16,2026,8,16,406.26666666666665,37.0
Hiệu quả xe nội tỉnh chiều đi,8,QTI,QTIVC,2026-08-08,2026,8,8,46005.2,49090.0
Tỷ lệ nhập đúng tải kiện 12.5s,5,SLA,SLAVC,2026-08-03,2026,8,3,231.0,250.0
Hiệu quả kết nối nội tỉnh,7,QNH,QNHVC,2026-08-17,2026,8,17,3664.3399999999997,104.0
Hiệu quả xe liên miền,18,GLI,GLIVC1,2026-08-13,2026,8,13,11720.73,21000.0
Tỷ lệ xuất sạch,3,DBN,DBNVC,2026-08-03,2026,8,3,2026.0,2284.0
Tỷ lệ kết nối đúng giờ,10,QNI,QNIVC,2026-08-13,2026,8,13,169.0,172.0
Hiệu quả xe nội miền chiều về,16,KHA,KHAVC,2026-08-06,2026,8,6,11224.5,14500.0
Hiệu quả xe nội tỉnh chiều về,9,HPG,HPGVC,2026-08-11,2026,8,11,82184.19,150590.0
Hiệu quả xe nội tỉnh chiều về,9,TNH,TNHVC,2026-08-08,2026,8,8,37185.96,61550.0
Hiệu quả xe nội tỉnh chiều về,9,AGG,AGGVC,2026-08-06,2026,8,6,47879.48,115750.0
Hiệu quả xe nội miền chiều về,16,KHA,KHAVC,2026-08-12,2026,8,12,10366.87,14500.0
Hiệu quả xe nội tỉnh chiều về,9,THA,THAVC,2026-08-07,2026,8,7,70695.01,145800.0
Tỷ lệ xuất sạch,3,VLG,VLGVC,2026-08-10,2026,8,10,43664.0,50166.0
Hiệu quả kết nối nội tỉnh,7,AGG,AGGVC,2026-08-09,2026,8,9,83051.73,1587.0
Hiệu quả xe nội tỉnh chiều về,9,QTI,QTIVC,2026-08-09,2026,8,9,19749.33,31810.0
Thời gian chờ nhập,4,CMU,CMUVC,2026-08-16,2026,8,16,174.71666666666667,20.0
Tỷ lệ xuất sạch,3,QNH,QNHVC,2026-08-14,2026,8,14,23667.0,24082.0
Hiệu quả xe liên miền,18,GLI,GLIVC1,2026-08-07,2026,8,7,13495.34,26000.0
Tỷ lệ kết nối đúng giờ,10,AGG,AGGVC,2026-08-02,2026,8,2,148.0,153.0
Hiệu quả xe nội tỉnh chiều về,9,HPG,HPGVC,2026-08-17,2026,8,17,78805.15,153560.0
Thời gian chờ nhập,4,LCI,LCIVC,2026-08-12,2026,8,12,558.9666666666667,16.0
Tỷ lệ kết nối đúng giờ,10,CTO,CTOVC,2026-08-12,2026,8,12,246.0,253.0
Thời gian chờ nhập,4,LCI,LCIVC,2026-08-14,2026,8,14,313.7,14.0
Hiệu quả xe nội tỉnh chiều về,9,LCI,LCIVC,2026-08-05,2026,8,5,42758.82,31650.0
Hiệu quả xe nội miền chiều về,16,LDG,LDGVC,2026-08-02,2026,8,2,3497.09,5000.0
Hiệu quả kết nối nội tỉnh,7,DTP,DTPVC,2026-08-16,2026,8,16,150367.85,2165.4
Tỷ lệ nhập đúng tải kiện 12.5s,5,GLI,GLIVC1,2026-08-03,2026,8,3,8601.0,8875.0
Hiệu quả kết nối nội tỉnh,7,TNH,TNHVC,2026-08-05,2026,8,5,79594.92,1785.0
Hiệu quả xe nội tỉnh chiều về,9,TNH,TNHVC,2026-08-05,2026,8,5,36476.64,57850.0
Tỷ lệ xuất sạch,3,HTH,HTHVC,2026-08-02,2026,8,2,7503.0,7552.0
Hiệu quả xe liên miền,18,GLI,GLIVC1,2026-08-10,2026,8,10,11427.37,19700.0
Hiệu quả xe nội tỉnh chiều đi,8,PHO,PHOVC,2026-08-05,2026,8,5,117111.11,180650.0
Tỷ lệ xuất sạch,3,KHA,KHAVC,2026-08-13,2026,8,13,32225.0,34946.0
Hiệu quả xe nội tỉnh chiều đi,8,AGG,AGGVC,2026-08-04,2026,8,4,93483.82,117400.0
Hiệu quả kết nối nội miền,17,KHA,KHAVC,2026-08-11,2026,8,11,23890.329999999998,2383.0
Tỷ lệ nhập đúng tải kiện 12.5s,5,LCI,LCIVC,2026-08-02,2026,8,2,5497.0,7207.0
Tỷ lệ xuất sạch,3,TNH,TNHVC,2026-08-07,2026,8,7,50759.0,51558.0
Hiệu quả xe nội tỉnh chiều đi,8,CTO,CTOVC,2026-08-08,2026,8,8,104143.04000000001,139900.0
Thời gian chờ nhập,4,HPG,HPGVC,2026-08-14,2026,8,14,378.8833333333333,43.0
Hiệu quả xe nội tỉnh chiều về,9,HTH,HTHVC,2026-08-10,2026,8,10,8151.81,27600.0
Tỷ lệ xuất sạch,3,QNH,QNHVC,2026-08-17,2026,8,17,41848.0,51074.0
Tỷ lệ kết nối đúng giờ,10,HUE,HUEVC,2026-08-11,2026,8,11,83.0,89.0
Hiệu quả xe nội miền chiều về,16,DNI,DNIVC,2026-08-03,2026,8,3,8506.300000000001,12500.0
Hiệu quả kết nối nội miền,17,GLI,GLIVC1,2026-08-14,2026,8,14,4573.02,442.0
Tỷ lệ kết nối đúng giờ,10,PHO,PHOVC,2026-08-07,2026,8,7,353.0,360.0
Tỷ lệ xuất sạch,3,BNH,BNHVC,2026-08-11,2026,8,11,63704.0,78009.0
Thời gian chờ nhập,4,QNH,QNHVC,2026-08-17,2026,8,17,721.3666666666667,23.0
Hiệu quả xe nội miền chiều đi,15,TNH,TNHVC,2026-08-15,2026,8,15,2626.24,5100.0
Tỷ lệ xuất sạch,3,DBN,DBNVC,2026-08-17,2026,8,17,4080.0,4600.0
Hiệu quả xe nội tỉnh chiều đi,8,HPG,HPGVC,2026-08-05,2026,8,5,128673.51000000001,200910.0
Tỷ lệ kết nối đúng giờ,10,LDG,LDGVC,2026-08-16,2026,8,16,276.0,280.0
Hiệu quả xe nội tỉnh chiều đi,8,HTH,HTHVC,2026-08-05,2026,8,5,22468.1,30800.0
Hiệu quả xe liên miền,18,HYN,HYNVC,2026-08-13,2026,8,13,7219.15,13000.0
Hiệu quả xe nội tỉnh chiều về,9,NBH,NBHVC,2026-08-06,2026,8,6,56636.899999999994,106960.0
Hiệu quả kết nối nội miền,17,DNI,DNIVC,2026-07-31,2026,7,31,12627.699999999999,188.0
Tỷ lệ nhập đúng tải kiện 12.5s,5,GLI,GLIVC1,2026-08-01,2026,8,1,9703.0,9736.0
Hiệu quả xe liên miền,18,HYN,HYNVC,2026-08-04,2026,8,4,5325.45,8000.0
Hiệu quả xe liên miền,18,THA,THAVC,2026-08-05,2026,8,5,29867.33,32000.0
Tỷ lệ nhập đúng tải kiện 12.5s,5,CTO,CTOVC,2026-08-06,2026,8,6,4898.0,4977.0
Hiệu quả xe nội tỉnh chiều về,9,LDG,LDGVC,2026-08-15,2026,8,15,76585.49,132600.0
Tỷ lệ xuất sạch,3,HPG,HPGVC,2026-08-14,2026,8,14,64183.0,65298.0
Thời gian chờ nhập,4,NAN,NANVC,2026-08-06,2026,8,6,709.9333333333333,34.0
Hiệu quả kết nối nội tỉnh,7,DNG,DNGVC,2026-08-07,2026,8,7,217089.38,3452.0
Thời gian chờ nhập,4,CMU,CMUVC,2026-08-03,2026,8,3,182.31666666666666,27.0
Hiệu quả kết nối nội miền,17,HCM,HCMVC,2026-08-12,2026,8,12,48697.979999999996,1290.0
Hiệu quả xe nội tỉnh chiều đi,8,NAN,NANVC,2026-08-07,2026,8,7,75006.3,89830.0
Tỷ lệ kết nối đúng giờ,10,LCI,LCIVC,2026-07-31,2026,7,31,1.0,1.0
Hiệu quả xe nội tỉnh chiều đi,8,HUE,HUEVC,2026-08-17,2026,8,17,29029.05,33230.0
Tỷ lệ kết nối đúng giờ,10,HCM,HCMVC,2026-08-16,2026,8,16,1787.0,1807.0
Hiệu quả xe nội miền chiều về,16,HCM,HCMVC,2026-08-10,2026,8,10,3698.9700000000003,5400.0
Tỷ lệ kết nối đúng giờ,10,DNG,DNGVC,2026-08-01,2026,8,1,322.0,331.0
Tỷ lệ kết nối đúng giờ,10,CMU,CMUVC,2026-08-14,2026,8,14,75.0,76.0
Thời gian chờ nhập,4,DLK,DLKVC1,2026-08-13,2026,8,13,1011.6666666666667,57.0
Hiệu quả xe nội tỉnh chiều về,9,GLI,GLIVC1,2026-08-13,2026,8,13,47743.18,77530.0
Tỷ lệ xuất sạch,3,AGG,AGGVC,2026-08-17,2026,8,17,84908.0,96736.0
Hiệu quả xe nội tỉnh chiều về,9,LDG,LDGVC,2026-08-13,2026,8,13,71952.28,134500.0
Tỷ lệ nhập đúng tải kiện 12.5s,5,DLK,DLKVC1,2026-08-03,2026,8,3,10866.0,14572.0
Tỷ lệ xuất sạch,3,CTO,CTOVC,2026-08-01,2026,8,1,13461.0,13973.0
Hiệu quả kết nối nội tỉnh,7,KHA,KHAVC,2026-08-02,2026,8,2,74776.99,1878.0
Tỷ lệ xuất sạch,3,PHO,PHOVC,2026-08-04,2026,8,4,48309.0,57470.0
Thời gian chờ nhập,4,HPG,HPGVC,2026-08-04,2026,8,4,284.34999999999997,51.0
Thời gian chờ nhập,4,QNI,QNIVC,2026-08-13,2026,8,13,503.0666666666667,39.0
Hiệu quả xe nội tỉnh chiều đi,8,LDG,LDGVC,2026-08-01,2026,8,1,120797.61,151550.0
Tỷ lệ kết nối đúng giờ,10,KHA,KHAVC,2026-08-04,2026,8,4,190.0,191.0
Tỷ lệ kết nối đúng giờ,10,BNH,BNHVC,2026-08-14,2026,8,14,381.0,389.0
Thời gian chờ nhập,4,DNI,DNIVC,2026-08-07,2026,8,7,404.56666666666666,82.0
Tỷ lệ nhập đúng tải kiện 12.5s,5,PHO,PHOVC,2026-08-08,2026,8,8,21505.0,22718.0
Tỷ lệ xuất sạch,3,HTH,HTHVC,2026-08-12,2026,8,12,11841.0,12718.0
Tỷ lệ nhập đúng tải kiện 12.5s,5,GLI,GLIVC1,2026-08-02,2026,8,2,9628.0,9684.0
Hiệu quả xe nội tỉnh chiều về,9,HNI,HNVC,2026-08-13,2026,8,13,360864.69,615200.0
Hiệu quả kết nối nội tỉnh,7,DNG,DNGVC,2026-08-11,2026,8,11,191275.76,3474.0
Tỷ lệ kết nối đúng giờ,10,QNH,QNHVC,2026-08-13,2026,8,13,118.0,121.0
Tỷ lệ xuất sạch,3,TNN,TNNVC,2026-08-13,2026,8,13,23769.0,24452.0
Thời gian chờ nhập,4,VLG,VLGVC,2026-08-06,2026,8,6,773.05,55.0
Hiệu quả xe nội tỉnh chiều về,9,BNH,BNHVC,2026-08-08,2026,8,8,93099.14,157450.0
Tỷ lệ kết nối đúng giờ,10,KHA,KHAVC,2026-08-05,2026,8,5,186.0,188.0
Hiệu quả xe nội tỉnh chiều về,9,TNH,TNHVC,2026-08-04,2026,8,4,44357.65,59500.0
Tỷ lệ xuất sạch,3,DNI,DNIVC,2026-08-02,2026,8,2,61497.0,62727.0
Hiệu quả xe nội tỉnh chiều đi,8,LSN,LSNVC,2026-08-02,2026,8,2,10496.51,15750.0
Thời gian chờ nhập,4,TNN,TNNVC,2026-08-06,2026,8,6,375.25,26.0
Tỷ lệ xuất sạch,3,LCI,LCIVC,2026-08-13,2026,8,13,16303.0,18672.0
Tỷ lệ nhập đúng tải kiện 12.5s,5,SLA,SLAVC,2026-08-02,2026,8,2,327.0,372.0
Hiệu quả xe nội miền chiều đi,15,PHO,PHOVC,2026-08-01,2026,8,1,17162.9,25800.0
Hiệu quả kết nối nội tỉnh,7,LSN,LSNVC,2026-08-05,2026,8,5,32904.79,673.0
Hiệu quả kết nối nội tỉnh,7,AGG,AGGVC,2026-08-06,2026,8,6,151639.38,3905.0
Tỷ lệ kết nối đúng giờ,10,QNH,QNHVC,2026-08-12,2026,8,12,119.0,121.0
Hiệu quả kết nối nội miền,17,TNH,TNHVC,2026-08-12,2026,8,12,4221.13,268.0
Tỷ lệ kết nối đúng giờ,10,TNN,TNNVC,2026-08-11,2026,8,11,151.0,154.0
Tỷ lệ xuất sạch,3,THA,THAVC,2026-08-01,2026,8,1,47272.0,51072.0
Hiệu quả xe nội miền chiều đi,15,KHA,KHAVC,2026-08-09,2026,8,9,10496.369999999999,14500.0
Hiệu quả xe nội tỉnh chiều đi,8,QNH,QNHVC,2026-08-05,2026,8,5,55489.91,49850.0
Hiệu quả kết nối nội tỉnh,7,CTO,CTOVC,2026-08-06,2026,8,6,166058.97,3314.0
Tỷ lệ nhập đúng tải kiện 12.5s,5,LCU,LCUVC,2026-08-06,2026,8,6,743.0,743.0
Tỷ lệ kết nối đúng giờ,10,TQG,TQGVC,2026-08-04,2026,8,4,59.0,59.0
Hiệu quả kết nối nội miền,17,QNI,QNIVC,2026-08-04,2026,8,4,6543.110000000001,498.0
Hiệu quả kết nối nội tỉnh,7,AGG,AGGVC,2026-08-04,2026,8,4,146439.53,3891.0
Tỷ lệ nhập đúng tải kiện 12.5s,5,TNN,TNNVC,2026-08-02,2026,8,2,6664.0,7268.0
Thời gian chờ nhập,4,HPG,HPGVC,2026-08-09,2026,8,9,80.86666666666666,14.0
Hiệu quả xe nội miền chiều về,16,HCM,HCMVC,2026-08-06,2026,8,6,18561.01,43200.0
Tỷ lệ xuất sạch,3,THA,THAVC,2026-08-15,2026,8,15,46705.0,50434.0
Tỷ lệ xuất sạch,3,DNI,DNIVC,2026-08-13,2026,8,13,110594.0,114422.0
Hiệu quả xe nội tỉnh chiều về,9,SLA,SLAVC,2026-08-05,2026,8,5,355.37,900.0
Tỷ lệ kết nối đúng giờ,10,SLA,SLAVC,2026-08-01,2026,8,1,4.0,4.0
Hiệu quả kết nối nội tỉnh,7,DLK,DLKVC1,2026-08-13,2026,8,13,158685.85,3552.0
Tỷ lệ nhập đúng tải kiện 12.5s,5,SLA,SLAVC,2026-08-11,2026,8,11,290.0,317.0
Tỷ lệ nhập đúng tải kiện 12.5s,5,TNH,TNHVC,2026-08-17,2026,8,17,14837.0,15618.0
Hiệu quả kết nối nội tỉnh,7,LSN,LSNVC,2026-08-01,2026,8,1,33969.79,626.0
Tỷ lệ xuất sạch,3,DNG,DNGVC,2026-08-10,2026,8,10,34941.0,37670.0
Hiệu quả kết nối nội miền,17,TNH,TNHVC,2026-08-01,2026,8,1,4710.5,268.0
Tỷ lệ nhập đúng tải kiện 12.5s,5,DBN,DBNVC,2026-08-12,2026,8,12,579.0,579.0
Hiệu quả xe nội tỉnh chiều về,9,CTO,CTOVC,2026-08-04,2026,8,4,66095.82,144550.0
Hiệu quả kết nối nội tỉnh,7,SLA,SLAVC,2026-08-05,2026,8,5,1529.4,82.0
Tỷ lệ xuất sạch,3,HNI,HNVC,2026-08-03,2026,8,3,177424.0,177630.0
Hiệu quả xe liên miền,18,GLI,GLIVC1,2026-08-01,2026,8,1,9362.41,21000.0
Tỷ lệ xuất sạch,3,DNG,DNGVC,2026-08-03,2026,8,3,29702.0,31137.0
Tỷ lệ kết nối đúng giờ,10,HNI,HNVC,2026-08-08,2026,8,8,3219.0,3456.0
Thời gian chờ nhập,4,NAN,NANVC,2026-08-11,2026,8,11,361.18333333333334,28.0
Tỷ lệ kết nối đúng giờ,10,HUE,HUEVC,2026-08-10,2026,8,10,88.0,89.0
Tỷ lệ nhập đúng tải kiện 12.5s,5,NAN,NANVC,2026-08-03,2026,8,3,9874.0,10020.0
Hiệu quả xe liên miền,18,HYN,HYNVC,2026-08-15,2026,8,15,7135.72,8000.0
Thời gian chờ nhập,4,LSN,LSNVC,2026-08-05,2026,8,5,34.31666666666667,6.0
Hiệu quả kết nối nội miền,17,HYN,HYNVC,2026-08-07,2026,8,7,11705.0,132.0
Hiệu quả xe nội tỉnh chiều đi,8,LDG,LDGVC,2026-08-02,2026,8,2,118133.84,138800.0
Tỷ lệ kết nối đúng giờ,10,NAN,NANVC,2026-08-05,2026,8,5,182.0,185.0
Hiệu quả xe nội tỉnh chiều về,9,DBN,DBNVC,2026-08-15,2026,8,15,160.03,1650.0
Hiệu quả xe nội miền chiều về,16,HCM,HCMVC,2026-08-15,2026,8,15,17828.07,28200.0
Hiệu quả xe nội miền chiều về,16,DNI,DNIVC,2026-08-06,2026,8,6,14024.6,17000.0
Hiệu quả xe nội tỉnh chiều về,9,TNN,TNNVC,2026-08-07,2026,8,7,37092.33,61690.0
Hiệu quả xe nội tỉnh chiều về,9,CTO,CTOVC,2026-08-14,2026,8,14,64144.95,143200.0
Tỷ lệ nhập đúng tải kiện 12.5s,5,TNN,TNNVC,2026-08-09,2026,8,9,6112.0,7402.0
Hiệu quả xe nội miền chiều đi,15,GLI,GLIVC1,2026-08-13,2026,8,13,1638.15,1900.0
Hiệu quả xe nội tỉnh chiều về,9,HUE,HUEVC,2026-08-08,2026,8,8,14217.26,23530.0
Hiệu quả xe nội tỉnh chiều đi,8,VLG,VLGVC,2026-08-12,2026,8,12,47903.71000000001,82100.0
Tỷ lệ nhập đúng tải kiện 12.5s,5,LCU,LCUVC,2026-08-03,2026,8,3,487.0,487.0
Hiệu quả xe nội tỉnh chiều đi,8,TNN,TNNVC,2026-08-16,2026,8,16,36888.21,55910.0
Tỷ lệ kết nối đúng giờ,10,HPG,HPGVC,2026-08-05,2026,8,5,294.0,295.0
Hiệu quả xe nội miền chiều về,16,GLI,GLIVC1,2026-08-04,2026,8,4,2712.95,1900.0
Hiệu quả xe liên miền,18,DLK,DLKVC1,2026-07-30,2026,7,30,19181.260000000002,26000.0
Hiệu quả xe nội miền chiều đi,15,QNI,QNIVC,2026-08-09,2026,8,9,3469.91,3500.0
Hiệu quả xe nội tỉnh chiều về,9,TNN,TNNVC,2026-08-16,2026,8,16,28934.09,55080.0
Tỷ lệ kết nối đúng giờ,10,THA,THAVC,2026-08-06,2026,8,6,234.0,236.0
Hiệu quả kết nối nội miền,17,LDG,LDGVC,2026-08-10,2026,8,10,4226.16,462.0
Tỷ lệ kết nối đúng giờ,10,KHA,KHAVC,2026-08-15,2026,8,15,195.0,195.0
Hiệu quả xe nội tỉnh chiều đi,8,QTI,QTIVC,2026-08-01,2026,8,1,41291.47,48840.0
Hiệu quả xe nội tỉnh chiều đi,8,DTP,DTPVC,2026-08-14,2026,8,14,108573.19,155050.0
Tỷ lệ nhập đúng tải kiện 12.5s,5,KHA,KHAVC,2026-08-11,2026,8,11,7730.0,8358.0
Tỷ lệ kết nối đúng giờ,10,CMU,CMUVC,2026-08-09,2026,8,9,44.0,44.0
Hiệu quả xe liên miền,18,DNI,DNIVC,2026-08-06,2026,8,6,14422.59,16000.0
Hiệu quả xe nội tỉnh chiều đi,8,BNH,BNHVC,2026-08-07,2026,8,7,110418.68,191200.0
Tỷ lệ kết nối đúng giờ,10,AGG,AGGVC,2026-08-05,2026,8,5,184.0,196.0
Thời gian chờ nhập,4,BNH,BNHVC,2026-08-03,2026,8,3,788.5,63.0
Hiệu quả kết nối nội tỉnh,7,CTO,CTOVC,2026-08-02,2026,8,2,148646.54,3147.0
Tỷ lệ kết nối đúng giờ,10,HCM,HCMVC,2026-08-10,2026,8,10,3223.0,3261.0
Tỷ lệ kết nối đúng giờ,10,QNH,QNHVC,2026-08-09,2026,8,9,72.0,74.0
Thời gian chờ nhập,4,DBN,DBNVC,2026-08-10,2026,8,10,9.433333333333334,4.0
Hiệu quả kết nối nội tỉnh,7,CTO,CTOVC,2026-08-11,2026,8,11,190565.69,3410.0
Hiệu quả xe nội tỉnh chiều đi,8,LCI,LCIVC,2026-08-01,2026,8,1,32431.129999999997,33500.0
Hiệu quả xe nội miền chiều đi,15,LDG,LDGVC,2026-08-03,2026,8,3,924.74,5000.0
Tỷ lệ nhập đúng tải kiện 12.5s,5,SLA,SLAVC,2026-08-17,2026,8,17,116.0,226.0
Hiệu quả xe nội miền chiều về,16,QNI,QNIVC,2026-08-02,2026,8,2,3225.17,3500.0
Hiệu quả xe nội tỉnh chiều đi,8,TNH,TNHVC,2026-08-03,2026,8,3,83799.6,142800.0
Hiệu quả xe nội tỉnh chiều đi,8,QNI,QNIVC,2026-08-03,2026,8,3,38513.04,37990.0
Tỷ lệ nhập đúng tải kiện 12.5s,5,LCI,LCIVC,2026-08-12,2026,8,12,5777.0,7497.0
Thời gian chờ nhập,4,QNH,QNHVC,2026-08-13,2026,8,13,769.2166666666667,28.0
Hiệu quả kết nối nội tỉnh,7,QTI,QTIVC,2026-08-05,2026,8,5,67150.48000000001,2592.8
Tỷ lệ nhập đúng tải kiện 12.5s,5,LDG,LDGVC,2026-08-04,2026,8,4,19256.0,21292.0
Hiệu quả xe nội tỉnh chiều đi,8,THA,THAVC,2026-08-13,2026,8,13,81845.91,147700.0
Hiệu quả kết nối nội tỉnh,7,HUE,HUEVC,2026-08-01,2026,8,1,47229.2,873.0
Hiệu quả xe nội tỉnh chiều đi,8,SLA,SLAVC,2026-08-07,2026,8,7,1413.89,900.0
Thời gian chờ nhập,4,LSN,LSNVC,2026-08-14,2026,8,14,31.716666666666665,8.0
Hiệu quả xe nội tỉnh chiều đi,8,SLA,SLAVC,2026-08-06,2026,8,6,1051.81,900.0
Tỷ lệ nhập đúng tải kiện 12.5s,5,LDG,LDGVC,2026-08-08,2026,8,8,20537.0,23286.0
Hiệu quả xe nội tỉnh chiều về,9,LCI,LCIVC,2026-07-31,2026,7,31,19098.239999999998,16000.0
Hiệu quả kết nối nội tỉnh,7,DLK,DLKVC1,2026-08-07,2026,8,7,152467.26,3548.0
Thời gian chờ nhập,4,VLG,VLGVC,2026-08-17,2026,8,17,434.2166666666667,52.0
Hiệu quả xe nội tỉnh chiều đi,8,QTI,QTIVC,2026-08-12,2026,8,12,42288.899999999994,44820.0
Thời gian chờ nhập,4,TNN,TNNVC,2026-08-17,2026,8,17,278.1333333333333,24.0
Hiệu quả xe nội miền chiều đi,15,PHO,PHOVC,2026-08-13,2026,8,13,17153.4,20600.0
Hiệu quả xe nội tỉnh chiều đi,8,THA,THAVC,2026-08-17,2026,8,17,72643.86,147750.0
Hiệu quả xe nội miền chiều đi,15,KHA,KHAVC,2026-08-04,2026,8,4,9700.65,14500.0
Thời gian chờ nhập,4,HPG,HPGVC,2026-08-02,2026,8,2,222.01666666666665,17.0
Tỷ lệ xuất sạch,3,QNI,QNIVC,2026-08-05,2026,8,5,20555.0,20650.0
Thời gian chờ nhập,4,GLI,GLIVC1,2026-08-10,2026,8,10,1721.1666666666667,37.0
Tỷ lệ kết nối đúng giờ,10,QTI,QTIVC,2026-08-15,2026,8,15,160.0,171.0
Hiệu quả kết nối nội miền,17,GLI,GLIVC1,2026-08-15,2026,8,15,2897.51,442.0
Hiệu quả xe nội tỉnh chiều về,9,CTO,CTOVC,2026-08-17,2026,8,17,63121.93,147700.0
Hiệu quả xe nội miền chiều về,16,DNI,DNIVC,2026-07-31,2026,7,31,11093.4,12500.0
Hiệu quả kết nối nội tỉnh,7,NBH,NBHVC,2026-07-31,2026,7,31,24239.809999999998,235.83
Tỷ lệ nhập đúng tải kiện 12.5s,5,HTH,HTHVC,2026-08-03,2026,8,3,3046.0,3362.0
Hiệu quả xe nội miền chiều về,16,DNI,DNIVC,2026-08-11,2026,8,11,12050.779999999999,17000.0
Tỷ lệ nhập đúng tải kiện 12.5s,5,TQG,TQGVC,2026-08-01,2026,8,1,3830.0,3833.0
Hiệu quả xe nội tỉnh chiều về,9,KHA,KHAVC,2026-08-07,2026,8,7,36983.56,72550.0
Thời gian chờ nhập,4,QNI,QNIVC,2026-08-06,2026,8,6,820.5333333333333,38.0
Hiệu quả xe nội tỉnh chiều đi,8,HNI,HNVC,2026-08-02,2026,8,2,89808.65,240600.0
Thời gian chờ nhập,4,HYN,HYNVC,2026-08-03,2026,8,3,260.26666666666665,48.0
Hiệu quả kết nối nội tỉnh,7,HYN,HYNVC,2026-08-07,2026,8,7,307106.39,2804.0
Hiệu quả xe nội tỉnh chiều đi,8,DNI,DNIVC,2026-08-04,2026,8,4,34642.23,52700.0
Tỷ lệ xuất sạch,3,CTO,CTOVC,2026-08-10,2026,8,10,12843.0,13095.0
Hiệu quả xe nội tỉnh chiều về,9,BNH,BNHVC,2026-08-07,2026,8,7,106312.29000000001,179800.0
Hiệu quả xe nội tỉnh chiều về,9,THA,THAVC,2026-08-04,2026,8,4,70288.4,141850.0
Hiệu quả kết nối nội miền,17,HYN,HYNVC,2026-08-13,2026,8,13,12038.0,132.0
Hiệu quả xe nội miền chiều đi,15,TNH,TNHVC,2026-08-11,2026,8,11,3378.0,5100.0
Hiệu quả xe nội tỉnh chiều về,9,LSN,LSNVC,2026-08-09,2026,8,9,12642.69,15750.0
Hiệu quả kết nối nội tỉnh,7,HUE,HUEVC,2026-08-10,2026,8,10,43721.25,776.0
Hiệu quả xe nội tỉnh chiều đi,8,GLI,GLIVC1,2026-08-01,2026,8,1,70136.3,81300.0
Hiệu quả xe liên miền,18,DNI,DNIVC,2026-08-09,2026,8,9,15630.03,16000.0
Hiệu quả xe nội tỉnh chiều về,9,HTH,HTHVC,2026-08-08,2026,8,8,8313.68,29450.0
Hiệu quả xe nội tỉnh chiều đi,8,HYN,HYNVC,2026-08-08,2026,8,8,162346.37,144200.0
Hiệu quả xe nội tỉnh chiều về,9,TNN,TNNVC,2026-08-01,2026,8,1,36404.9,66040.0
Hiệu quả xe nội tỉnh chiều về,9,TNN,TNNVC,2026-08-11,2026,8,11,46645.21,64310.0
Tỷ lệ xuất sạch,3,LCI,LCIVC,2026-08-06,2026,8,6,17395.0,18323.0
Hiệu quả kết nối nội tỉnh,7,QNH,QNHVC,2026-08-07,2026,8,7,73549.02,1767.0
Hiệu quả kết nối nội tỉnh,7,LDG,LDGVC,2026-08-14,2026,8,14,208947.40999999997,5424.0
Hiệu quả kết nối nội miền,17,PHO,PHOVC,2026-08-01,2026,8,1,17162.9,375.0
Hiệu quả xe nội tỉnh chiều đi,8,THA,THAVC,2026-08-10,2026,8,10,67561.95999999999,143700.0
Tỷ lệ nhập đúng tải kiện 12.5s,5,DLK,DLKVC1,2026-08-12,2026,8,12,11396.0,13617.0
Hiệu quả xe nội miền chiều đi,15,GLI,GLIVC1,2026-08-11,2026,8,11,1790.32,1900.0
Hiệu quả kết nối nội tỉnh,7,THA,THAVC,2026-08-06,2026,8,6,149166.89,4114.0
Hiệu quả xe liên miền,18,TNH,TNHVC,2026-07-31,2026,7,31,8330.7,13000.0
Tỷ lệ kết nối đúng giờ,10,AGG,AGGVC,2026-08-12,2026,8,12,201.0,212.0
Tỷ lệ nhập đúng tải kiện 12.5s,5,BNH,BNHVC,2026-08-02,2026,8,2,12183.0,15019.0
Tỷ lệ kết nối đúng giờ,10,AGG,AGGVC,2026-08-03,2026,8,3,187.0,192.0
Tỷ lệ nhập đúng tải kiện 12.5s,5,DBN,DBNVC,2026-08-17,2026,8,17,516.0,516.0
Hiệu quả kết nối nội tỉnh,7,HTH,HTHVC,2026-08-06,2026,8,6,30644.85,919.3000000000001
Tỷ lệ xuất sạch,3,TNN,TNNVC,2026-08-01,2026,8,1,21083.0,22048.0
Hiệu quả kết nối nội miền,17,HPG,HPGVC,2026-08-12,2026,8,12,1379.66,115.0
Thời gian chờ nhập,4,GLI,GLIVC1,2026-08-05,2026,8,5,1376.4666666666667,44.0
Thời gian chờ nhập,4,SLA,SLAVC,2026-08-07,2026,8,7,122.86666666666666,2.0
Tỷ lệ xuất sạch,3,HYN,HYNVC,2026-08-02,2026,8,2,37735.0,40440.0
Tỷ lệ kết nối đúng giờ,10,CTO,CTOVC,2026-08-07,2026,8,7,242.0,251.0
Hiệu quả xe nội tỉnh chiều đi,8,LDG,LDGVC,2026-08-15,2026,8,15,133073.02000000002,146550.0
Hiệu quả xe liên miền,18,HYN,HYNVC,2026-08-08,2026,8,8,7047.9,8000.0
Tỷ lệ kết nối đúng giờ,10,BNH,BNHVC,2026-08-13,2026,8,13,385.0,387.0
Tỷ lệ xuất sạch,3,DBN,DBNVC,2026-08-02,2026,8,2,1198.0,1200.0
Hiệu quả xe nội tỉnh chiều đi,8,CTO,CTOVC,2026-08-01,2026,8,1,103290.38,150800.0
Tỷ lệ kết nối đúng giờ,10,AGG,AGGVC,2026-08-16,2026,8,16,138.0,152.0
Hiệu quả xe nội tỉnh chiều về,9,DLK,DLKVC1,2026-08-08,2026,8,8,58360.39,132690.0
Thời gian chờ nhập,4,NBH,NBHVC,2026-08-03,2026,8,3,420.1,57.0
Tỷ lệ kết nối đúng giờ,10,VLG,VLGVC,2026-08-12,2026,8,12,234.0,238.0
Hiệu quả xe nội tỉnh chiều đi,8,DTP,DTPVC,2026-08-12,2026,8,12,92105.07,143550.0
Hiệu quả kết nối nội miền,17,VLG,VLGVC,2026-08-13,2026,8,13,20241.870000000003,677.0
Hiệu quả xe nội miền chiều về,16,HYN,HYNVC,2026-08-04,2026,8,4,6310.0,5100.0
Hiệu quả xe nội tỉnh chiều về,9,DBN,DBNVC,2026-08-06,2026,8,6,6.0,1650.0
Hiệu quả kết nối nội tỉnh,7,DTP,DTPVC,2026-08-02,2026,8,2,120788.72,1870.2
Tỷ lệ xuất sạch,3,SLA,SLAVC,2026-08-17,2026,8,17,950.0,956.0
Hiệu quả xe nội tỉnh chiều đi,8,QNI,QNIVC,2026-08-10,2026,8,10,37291.81,37645.0
Tỷ lệ nhập đúng tải kiện 12.5s,5,HTH,HTHVC,2026-08-09,2026,8,9,3551.0,3551.0
Hiệu quả xe nội tỉnh chiều đi,8,BNH,BNHVC,2026-08-12,2026,8,12,61202.81,91700.0
Hiệu quả xe nội tỉnh chiều về,9,QNI,QNIVC,2026-08-11,2026,8,11,25739.809999999998,39295.0
Thời gian chờ nhập,4,LSN,LSNVC,2026-08-01,2026,8,1,20.15,7.0
Thời gian chờ nhập,4,NAN,NANVC,2026-08-10,2026,8,10,694.6166666666667,28.0
Hiệu quả xe nội tỉnh chiều đi,8,HUE,HUEVC,2026-08-07,2026,8,7,26832.77,31580.0
Tỷ lệ nhập đúng tải kiện 12.5s,5,TNH,TNHVC,2026-08-06,2026,8,6,16862.0,19573.0
Hiệu quả xe nội tỉnh chiều đi,8,CTO,CTOVC,2026-08-07,2026,8,7,96109.93,157000.0
Hiệu quả xe nội tỉnh chiều đi,8,KHA,KHAVC,2026-08-04,2026,8,4,54346.93,67600.0
Tỷ lệ xuất sạch,3,CMU,CMUVC,2026-08-06,2026,8,6,27236.0,27618.0
Hiệu quả kết nối nội tỉnh,7,DNI,DNIVC,2026-08-01,2026,8,1,269655.51,6214.0
Tỷ lệ xuất sạch,3,HUE,HUEVC,2026-08-06,2026,8,6,18975.0,20116.0
Hiệu quả xe nội tỉnh chiều đi,8,DLK,DLKVC1,2026-08-03,2026,8,3,90180.70000000001,131590.0
Hiệu quả xe liên miền,18,THA,THAVC,2026-08-13,2026,8,13,43056.56,40000.0
Tỷ lệ xuất sạch,3,PHO,PHOVC,2026-08-06,2026,8,6,48856.0,57189.0
Thời gian chờ nhập,4,PHO,PHOVC,2026-08-15,2026,8,15,1127.4333333333332,55.0
Tỷ lệ kết nối đúng giờ,10,NBH,NBHVC,2026-08-17,2026,8,17,340.0,343.0
Hiệu quả kết nối nội tỉnh,7,PHO,PHOVC,2026-08-01,2026,8,1,245958.92,4301.0
Hiệu quả kết nối nội tỉnh,7,GLI,GLIVC1,2026-08-16,2026,8,16,116613.93,3534.0
Hiệu quả kết nối nội tỉnh,7,TNN,TNNVC,2026-08-11,2026,8,11,87817.37,1240.0
Hiệu quả kết nối nội miền,17,HCM,HCMVC,2026-08-11,2026,8,11,45610.87,1497.0
Hiệu quả xe nội tỉnh chiều đi,8,SLA,SLAVC,2026-08-13,2026,8,13,1702.97,900.0
Thời gian chờ nhập,4,HNI,HNVC,2026-08-15,2026,8,15,1975.7999999999997,145.0
Thời gian chờ nhập,4,DTP,DTPVC,2026-08-08,2026,8,8,590.4166666666667,44.0
Hiệu quả kết nối nội tỉnh,7,DTP,DTPVC,2026-08-14,2026,8,14,174520.96000000002,2936.2
Hiệu quả xe nội miền chiều về,16,TNH,TNHVC,2026-08-14,2026,8,14,688.13,5100.0
Tỷ lệ kết nối đúng giờ,10,NAN,NANVC,2026-08-04,2026,8,4,178.0,180.0
Hiệu quả xe liên miền,18,KHA,KHAVC,2026-08-12,2026,8,12,12644.650000000001,21000.0
Tỷ lệ xuất sạch,3,AGG,AGGVC,2026-08-15,2026,8,15,47455.0,49058.0
Hiệu quả xe nội miền chiều đi,15,HCM,HCMVC,2026-08-11,2026,8,11,31853.69,38700.0
Tỷ lệ kết nối đúng giờ,10,DBN,DBNVC,2026-08-15,2026,8,15,12.0,12.0
Hiệu quả kết nối nội tỉnh,7,PHO,PHOVC,2026-08-05,2026,8,5,224196.97999999998,4409.0
Tỷ lệ nhập đúng tải kiện 12.5s,5,QTI,QTIVC,2026-08-17,2026,8,17,6034.0,6172.0
Tỷ lệ kết nối đúng giờ,10,LDG,LDGVC,2026-08-06,2026,8,6,293.0,299.0
Tỷ lệ kết nối đúng giờ,10,TNN,TNNVC,2026-08-08,2026,8,8,145.0,150.0
Hiệu quả kết nối nội tỉnh,7,NAN,NANVC,2026-08-11,2026,8,11,103055.86,3281.0
Tỷ lệ kết nối đúng giờ,10,THA,THAVC,2026-08-05,2026,8,5,224.0,230.0
Tỷ lệ xuất sạch,3,SLA,SLAVC,2026-08-05,2026,8,5,134.0,477.0
Tỷ lệ kết nối đúng giờ,10,NAN,NANVC,2026-08-07,2026,8,7,182.0,182.0
Hiệu quả xe nội tỉnh chiều về,9,QNH,QNHVC,2026-08-08,2026,8,8,24832.73,49850.0
Tỷ lệ xuất sạch,3,LDG,LDGVC,2026-08-02,2026,8,2,38382.0,45103.0
Hiệu quả kết nối nội tỉnh,7,LSN,LSNVC,2026-08-07,2026,8,7,32129.07,660.0
Thời gian chờ nhập,4,TQG,TQGVC,2026-08-16,2026,8,16,99.78333333333333,15.0
Tỷ lệ kết nối đúng giờ,10,NBH,NBHVC,2026-08-13,2026,8,13,349.0,357.0
Tỷ lệ nhập đúng tải kiện 12.5s,5,CTO,CTOVC,2026-08-13,2026,8,13,6525.0,6525.0
Tỷ lệ xuất sạch,3,TNN,TNNVC,2026-08-03,2026,8,3,15355.0,17831.0
Thời gian chờ nhập,4,TQG,TQGVC,2026-08-08,2026,8,8,61.53333333333333,13.0
Thời gian chờ nhập,4,DNI,DNIVC,2026-08-03,2026,8,3,635.0666666666667,79.0
Tỷ lệ kết nối đúng giờ,10,TNN,TNNVC,2026-08-06,2026,8,6,148.0,150.0
Thời gian chờ nhập,4,NBH,NBHVC,2026-07-31,2026,7,31,4.566666666666666,1.0
Hiệu quả xe nội tỉnh chiều về,9,HYN,HYNVC,2026-08-02,2026,8,2,46685.59,90100.0
Hiệu quả xe liên miền,18,GLI,GLIVC1,2026-08-02,2026,8,2,9706.45,26000.0
Hiệu quả kết nối nội tỉnh,7,LCI,LCIVC,2026-07-31,2026,7,31,19098.239999999998,277.0
Hiệu quả xe nội miền chiều về,16,KHA,KHAVC,2026-08-07,2026,8,7,9895.07,14500.0
Tỷ lệ kết nối đúng giờ,10,NBH,NBHVC,2026-08-01,2026,8,1,305.0,306.0
Hiệu quả xe nội tỉnh chiều về,9,QNH,QNHVC,2026-08-03,2026,8,3,21249.99,49850.0
Tỷ lệ nhập đúng tải kiện 12.5s,5,TQG,TQGVC,2026-08-10,2026,8,10,2600.0,2604.0
Tỷ lệ kết nối đúng giờ,10,PHO,PHOVC,2026-08-03,2026,8,3,345.0,364.0
Tỷ lệ xuất sạch,3,BNH,BNHVC,2026-08-12,2026,8,12,57595.0,71697.0
Hiệu quả xe nội miền chiều về,16,HYN,HYNVC,2026-08-14,2026,8,14,11656.0,5100.0
Hiệu quả xe nội tỉnh chiều đi,8,TNN,TNNVC,2026-08-17,2026,8,17,29970.25,63490.0
Tỷ lệ xuất sạch,3,QNI,QNIVC,2026-08-14,2026,8,14,22948.0,23185.0
Tỷ lệ kết nối đúng giờ,10,HCM,HCMVC,2026-08-17,2026,8,17,3041.0,3074.0
Tỷ lệ kết nối đúng giờ,10,HYN,HYNVC,2026-08-14,2026,8,14,360.0,360.0
Thời gian chờ nhập,4,AGG,AGGVC,2026-08-07,2026,8,7,626.0833333333333,44.0
Hiệu quả xe nội tỉnh chiều đi,8,HPG,HPGVC,2026-08-07,2026,8,7,135520.58000000002,199320.0
Hiệu quả kết nối nội tỉnh,7,GLI,GLIVC1,2026-08-04,2026,8,4,110824.34,3423.0
Thời gian chờ nhập,4,HCM,HCMVC,2026-08-10,2026,8,10,1585.5666666666666,81.0
Tỷ lệ kết nối đúng giờ,10,SLA,SLAVC,2026-08-11,2026,8,11,3.0,4.0
Hiệu quả kết nối nội miền,17,DNI,DNIVC,2026-08-01,2026,8,1,20756.829999999998,425.0
Hiệu quả kết nối nội tỉnh,7,CMU,CMUVC,2026-08-13,2026,8,13,71516.56,2184.0
Hiệu quả xe nội tỉnh chiều đi,8,QNH,QNHVC,2026-08-06,2026,8,6,40216.58,51950.0
Tỷ lệ kết nối đúng giờ,10,PHO,PHOVC,2026-08-14,2026,8,14,354.0,356.0
Thời gian chờ nhập,4,TQG,TQGVC,2026-08-04,2026,8,4,66.48333333333333,12.0
Hiệu quả kết nối nội tỉnh,7,THA,THAVC,2026-08-13,2026,8,13,159747.43,4221.0
Hiệu quả kết nối nội tỉnh,7,QNH,QNHVC,2026-08-08,2026,8,8,67387.73,1819.0
Hiệu quả xe nội miền chiều đi,15,QNI,QNIVC,2026-08-08,2026,8,8,3349.36,3500.0
Hiệu quả kết nối nội miền,17,HPG,HPGVC,2026-07-31,2026,7,31,174.93,86.0
Hiệu quả xe nội tỉnh chiều đi,8,HCM,HCMVC,2026-08-08,2026,8,8,131979.26,148650.0
Hiệu quả xe nội tỉnh chiều về,9,HNI,HNVC,2026-08-11,2026,8,11,396912.57999999996,626800.0
Tỷ lệ nhập đúng tải kiện 12.5s,5,KHA,KHAVC,2026-08-04,2026,8,4,9463.0,11807.0
Thời gian chờ nhập,4,HTH,HTHVC,2026-08-01,2026,8,1,618.9499999999999,13.0
Thời gian chờ nhập,4,QNI,QNIVC,2026-08-01,2026,8,1,418.84999999999997,35.0
Tỷ lệ kết nối đúng giờ,10,DTP,DTPVC,2026-08-17,2026,8,17,186.0,188.0
Tỷ lệ nhập đúng tải kiện 12.5s,5,HTH,HTHVC,2026-08-12,2026,8,12,3639.0,3641.0
Tỷ lệ xuất sạch,3,QNH,QNHVC,2026-08-03,2026,8,3,16953.0,24982.0
Hiệu quả xe nội tỉnh chiều về,9,HCM,HCMVC,2026-08-08,2026,8,8,89148.12999999999,169000.0
Hiệu quả kết nối nội tỉnh,7,BNH,BNHVC,2026-08-06,2026,8,6,231741.74,3373.0
Tỷ lệ xuất sạch,3,SLA,SLAVC,2026-08-10,2026,8,10,455.0,456.0
Tỷ lệ kết nối đúng giờ,10,HTH,HTHVC,2026-08-06,2026,8,6,73.0,74.0
Tỷ lệ xuất sạch,3,LSN,LSNVC,2026-08-02,2026,8,2,5215.0,5707.0
Hiệu quả kết nối nội tỉnh,7,QTI,QTIVC,2026-08-08,2026,8,8,70898.14,2299.9
Hiệu quả xe nội tỉnh chiều về,9,CTO,CTOVC,2026-08-05,2026,8,5,65219.55,154400.0
Hiệu quả kết nối nội tỉnh,7,LCI,LCIVC,2026-08-01,2026,8,1,80950.93,1309.0
Hiệu quả xe nội tỉnh chiều về,9,HUE,HUEVC,2026-08-07,2026,8,7,14506.21,23530.0
Tỷ lệ kết nối đúng giờ,10,HYN,HYNVC,2026-08-10,2026,8,10,349.0,350.0
Hiệu quả xe nội tỉnh chiều đi,8,QTI,QTIVC,2026-08-06,2026,8,6,47622.240000000005,50740.0
Hiệu quả xe nội tỉnh chiều đi,8,HYN,HYNVC,2026-08-02,2026,8,2,65264.44,93900.0
Hiệu quả xe liên miền,18,HYN,HYNVC,2026-08-03,2026,8,3,6187.0,8000.0
Thời gian chờ nhập,4,LCI,LCIVC,2026-08-04,2026,8,4,372.3,17.0
Tỷ lệ kết nối đúng giờ,10,CMU,CMUVC,2026-08-07,2026,8,7,74.0,76.0
Hiệu quả xe nội tỉnh chiều về,9,NAN,NANVC,2026-08-14,2026,8,14,36644.2,77480.0
Hiệu quả xe nội tỉnh chiều đi,8,HNI,HNVC,2026-08-05,2026,8,5,104659.3,361700.0
Hiệu quả kết nối nội miền,17,HYN,HYNVC,2026-08-06,2026,8,6,11200.1,132.0
Hiệu quả xe nội tỉnh chiều đi,8,LCI,LCIVC,2026-08-17,2026,8,17,31907.21,34500.0
Tỷ lệ xuất sạch,3,GLI,GLIVC1,2026-08-11,2026,8,11,23321.0,24260.0
Hiệu quả kết nối nội miền,17,LDG,LDGVC,2026-08-08,2026,8,8,4416.39,462.0
Tỷ lệ nhập đúng tải kiện 12.5s,5,AGG,AGGVC,2026-08-14,2026,8,14,16430.0,17034.0
Tỷ lệ xuất sạch,3,TNH,TNHVC,2026-08-12,2026,8,12,55340.0,56538.0
Tỷ lệ kết nối đúng giờ,10,QNH,QNHVC,2026-08-02,2026,8,2,72.0,74.0
Tỷ lệ nhập đúng tải kiện 12.5s,5,TNN,TNNVC,2026-08-03,2026,8,3,6244.0,7432.0
Hiệu quả xe nội tỉnh chiều đi,8,BNH,BNHVC,2026-08-15,2026,8,15,58922.3,104300.0
Hiệu quả kết nối nội tỉnh,7,HCM,HCMVC,2026-08-09,2026,8,9,158530.99000000002,2081.9
Tỷ lệ nhập đúng tải kiện 12.5s,5,QNH,QNHVC,2026-08-17,2026,8,17,5221.0,6284.0
Hiệu quả xe nội tỉnh chiều đi,8,CMU,CMUVC,2026-08-01,2026,8,1,54106.32,60050.0
Hiệu quả xe nội tỉnh chiều đi,8,TNN,TNNVC,2026-08-12,2026,8,12,38052.32,65140.0
Thời gian chờ nhập,4,LCI,LCIVC,2026-08-06,2026,8,6,280.1333333333333,14.0
Hiệu quả kết nối nội miền,17,QNI,QNIVC,2026-08-02,2026,8,2,5943.65,498.0
Thời gian chờ nhập,4,QTI,QTIVC,2026-08-17,2026,8,17,192.81666666666666,31.0
Hiệu quả xe nội tỉnh chiều đi,8,HTH,HTHVC,2026-08-11,2026,8,11,19832.16,34400.0
Tỷ lệ kết nối đúng giờ,10,PHO,PHOVC,2026-08-10,2026,8,10,348.0,360.0
Tỷ lệ xuất sạch,3,DNI,DNIVC,2026-08-15,2026,8,15,102803.0,105210.0
Hiệu quả xe nội tỉnh chiều về,9,CMU,CMUVC,2026-08-04,2026,8,4,23635.56,62950.0
Hiệu quả xe nội tỉnh chiều về,9,LSN,LSNVC,2026-08-17,2026,8,17,10927.73,11250.0
Hiệu quả xe nội miền chiều đi,15,VLG,VLGVC,2026-08-12,2026,8,12,17499.67,18500.0
Tỷ lệ nhập đúng tải kiện 12.5s,5,QNH,QNHVC,2026-08-01,2026,8,1,6339.0,7862.0
Hiệu quả xe nội tỉnh chiều về,9,VLG,VLGVC,2026-08-02,2026,8,2,48608.17,82400.0
Thời gian chờ nhập,4,PHO,PHOVC,2026-08-03,2026,8,3,1530.45,57.0
Tỷ lệ xuất sạch,3,TNH,TNHVC,2026-08-01,2026,8,1,50152.0,53758.0
Hiệu quả xe nội tỉnh chiều về,9,TQG,TQGVC,2026-08-02,2026,8,2,7043.209999999999,9100.0
Hiệu quả kết nối nội miền,17,HCM,HCMVC,2026-07-31,2026,7,31,25143.89,656.0
Tỷ lệ kết nối đúng giờ,10,TNN,TNNVC,2026-08-10,2026,8,10,155.0,157.0
Thời gian chờ nhập,4,HTH,HTHVC,2026-08-17,2026,8,17,113.78333333333333,12.0
Tỷ lệ xuất sạch,3,CMU,CMUVC,2026-08-17,2026,8,17,53292.0,63354.0
Hiệu quả xe nội tỉnh chiều đi,8,LSN,LSNVC,2026-08-06,2026,8,6,11496.630000000001,15750.0
Tỷ lệ xuất sạch,3,QNH,QNHVC,2026-08-01,2026,8,1,27709.0,30097.0
Thời gian chờ nhập,4,HCM,HCMVC,2026-08-14,2026,8,14,1415.4166666666667,93.0
Hiệu quả xe nội tỉnh chiều đi,8,CMU,CMUVC,2026-08-06,2026,8,6,50050.07,65850.0
Tỷ lệ xuất sạch,3,KHA,KHAVC,2026-08-07,2026,8,7,31185.0,33824.0
Hiệu quả xe nội tỉnh chiều về,9,AGG,AGGVC,2026-07-31,2026,7,31,2724.09,5100.0
Tỷ lệ xuất sạch,3,HTH,HTHVC,2026-08-01,2026,8,1,10400.0,10531.0
Hiệu quả xe nội tỉnh chiều về,9,HNI,HNVC,2026-08-08,2026,8,8,355211.51,611700.0
Tỷ lệ xuất sạch,3,PHO,PHOVC,2026-08-15,2026,8,15,53213.0,58239.0
Tỷ lệ xuất sạch,3,THA,THAVC,2026-08-12,2026,8,12,50371.0,58043.0
Tỷ lệ xuất sạch,3,HPG,HPGVC,2026-08-10,2026,8,10,53024.0,54109.0
Tỷ lệ kết nối đúng giờ,10,AGG,AGGVC,2026-08-10,2026,8,10,180.0,192.0
Hiệu quả xe nội tỉnh chiều đi,8,DNG,DNGVC,2026-08-16,2026,8,16,91237.4,94350.0
Tỷ lệ xuất sạch,3,DTP,DTPVC,2026-08-12,2026,8,12,45320.0,46314.0
Tỷ lệ nhập đúng tải kiện 12.5s,5,HYN,HYNVC,2026-08-12,2026,8,12,14736.0,14856.0
Thời gian chờ nhập,4,DNG,DNGVC,2026-08-14,2026,8,14,209.51666666666668,24.0
Hiệu quả kết nối nội miền,17,LDG,LDGVC,2026-07-31,2026,7,31,1430.84,231.0
Thời gian chờ nhập,4,THA,THAVC,2026-08-14,2026,8,14,1415.3666666666668,39.0
Hiệu quả xe nội tỉnh chiều về,9,QTI,QTIVC,2026-08-15,2026,8,15,22821.67,46610.0
Hiệu quả kết nối nội tỉnh,7,HCM,HCMVC,2026-08-07,2026,8,7,219302.59,2813.5
Hiệu quả xe nội miền chiều đi,15,LDG,LDGVC,2026-08-06,2026,8,6,1852.75,5000.0
Hiệu quả xe nội tỉnh chiều về,9,LCI,LCIVC,2026-08-13,2026,8,13,41359.979999999996,34500.0
Thời gian chờ nhập,4,QNI,QNIVC,2026-08-03,2026,8,3,581.9166666666666,36.0
Hiệu quả kết nối nội tỉnh,7,LDG,LDGVC,2026-08-10,2026,8,10,186805.47999999998,5476.0
Hiệu quả xe liên miền,18,GLI,GLIVC1,2026-08-05,2026,8,5,13942.560000000001,21000.0
Hiệu quả xe nội miền chiều đi,15,KHA,KHAVC,2026-08-05,2026,8,5,12258.91,14500.0
Hiệu quả xe nội miền chiều đi,15,VLG,VLGVC,2026-08-06,2026,8,6,16582.99,18500.0
Tỷ lệ xuất sạch,3,NBH,NBHVC,2026-08-13,2026,8,13,71820.0,72240.0
Hiệu quả kết nối nội tỉnh,7,LSN,LSNVC,2026-08-15,2026,8,15,29756.760000000002,593.0
Tỷ lệ kết nối đúng giờ,10,QTI,QTIVC,2026-08-02,2026,8,2,119.0,126.0
Tỷ lệ kết nối đúng giờ,10,DLK,DLKVC1,2026-08-02,2026,8,2,214.0,219.0
Tỷ lệ kết nối đúng giờ,10,DBN,DBNVC,2026-08-02,2026,8,2,1.0,1.0
Hiệu quả xe nội tỉnh chiều về,9,TQG,TQGVC,2026-08-15,2026,8,15,7852.049999999999,10750.0
Tỷ lệ nhập đúng tải kiện 12.5s,5,VLG,VLGVC,2026-08-10,2026,8,10,17166.0,17561.0
Hiệu quả xe nội miền chiều đi,15,PHO,PHOVC,2026-08-11,2026,8,11,25769.2,30700.0
Hiệu quả xe nội miền chiều đi,15,HPG,HPGVC,2026-08-04,2026,8,4,2225.52,1900.0
Thời gian chờ nhập,4,BNH,BNHVC,2026-08-17,2026,8,17,1313.5666666666666,54.0
Thời gian chờ nhập,4,HNI,HNVC,2026-08-09,2026,8,9,1305.45,91.0
Hiệu quả kết nối nội miền,17,LDG,LDGVC,2026-08-06,2026,8,6,4548.84,462.0
Hiệu quả kết nối nội miền,17,TNH,TNHVC,2026-08-04,2026,8,4,895.29,134.0
Tỷ lệ nhập đúng tải kiện 12.5s,5,HYN,HYNVC,2026-08-04,2026,8,4,15867.0,15962.0
Hiệu quả kết nối nội tỉnh,7,TNN,TNNVC,2026-08-17,2026,8,17,50865.33,1003.0
Hiệu quả xe nội miền chiều về,16,KHA,KHAVC,2026-08-16,2026,8,16,6564.879999999999,14500.0
Hiệu quả xe nội tỉnh chiều về,9,CMU,CMUVC,2026-08-12,2026,8,12,24372.29,62950.0
Tỷ lệ xuất sạch,3,NAN,NANVC,2026-08-14,2026,8,14,36168.0,37109.0
Hiệu quả xe nội tỉnh chiều về,9,HNI,HNVC,2026-08-12,2026,8,12,392030.39,630850.0
Thời gian chờ nhập,4,NBH,NBHVC,2026-08-07,2026,8,7,502.48333333333335,59.0
Tỷ lệ kết nối đúng giờ,10,LCI,LCIVC,2026-08-05,2026,8,5,99.0,99.0
Tỷ lệ nhập đúng tải kiện 12.5s,5,BNH,BNHVC,2026-08-03,2026,8,3,19160.0,20684.0
Hiệu quả xe nội miền chiều đi,15,PHO,PHOVC,2026-08-02,2026,8,2,10918.810000000001,15400.0
Hiệu quả xe nội tỉnh chiều đi,8,BNH,BNHVC,2026-08-16,2026,8,16,48731.6,84250.0
Hiệu quả xe liên miền,18,THA,THAVC,2026-07-31,2026,7,31,37844.24,40000.0
Tỷ lệ xuất sạch,3,BNH,BNHVC,2026-08-02,2026,8,2,35408.0,48346.0
Tỷ lệ kết nối đúng giờ,10,QNI,QNIVC,2026-08-01,2026,8,1,176.0,178.0
Hiệu quả kết nối nội tỉnh,7,HUE,HUEVC,2026-08-12,2026,8,12,41483.75,809.0
Hiệu quả xe nội tỉnh chiều về,9,QNH,QNHVC,2026-08-12,2026,8,12,4668.9800000000005,12750.0
Hiệu quả xe nội tỉnh chiều về,9,KHA,KHAVC,2026-08-03,2026,8,3,36534.68,72300.0
Tỷ lệ kết nối đúng giờ,10,THA,THAVC,2026-08-15,2026,8,15,231.0,234.0
Thời gian chờ nhập,4,NBH,NBHVC,2026-08-11,2026,8,11,763.5,59.0
Tỷ lệ xuất sạch,3,DTP,DTPVC,2026-08-01,2026,8,1,44776.0,45502.0
Tỷ lệ nhập đúng tải kiện 12.5s,5,PHO,PHOVC,2026-08-01,2026,8,1,22387.0,25150.0
Hiệu quả kết nối nội tỉnh,7,NAN,NANVC,2026-07-31,2026,7,31,2003.45,85.0
Tỷ lệ nhập đúng tải kiện 12.5s,5,QTI,QTIVC,2026-08-11,2026,8,11,4950.0,5166.0
Hiệu quả xe nội tỉnh chiều đi,8,GLI,GLIVC1,2026-08-13,2026,8,13,82088.18,87250.0
Hiệu quả xe nội tỉnh chiều đi,8,SLA,SLAVC,2026-08-04,2026,8,4,955.88,900.0
Tỷ lệ nhập đúng tải kiện 12.5s,5,GLI,GLIVC1,2026-08-10,2026,8,10,7319.0,7654.0
Tỷ lệ kết nối đúng giờ,10,PHO,PHOVC,2026-08-17,2026,8,17,349.0,351.0
Hiệu quả kết nối nội tỉnh,7,HYN,HYNVC,2026-08-05,2026,8,5,242329.85,2785.0
Hiệu quả xe nội tỉnh chiều đi,8,HYN,HYNVC,2026-08-06,2026,8,6,132390.7,155750.0
Hiệu quả xe nội tỉnh chiều về,9,HTH,HTHVC,2026-08-07,2026,8,7,7436.29,29450.0
Hiệu quả xe liên miền,18,THA,THAVC,2026-08-04,2026,8,4,22241.079999999998,24000.0
Hiệu quả xe nội tỉnh chiều về,9,LCI,LCIVC,2026-08-16,2026,8,16,34588.82,29000.0
Hiệu quả xe nội tỉnh chiều về,9,HTH,HTHVC,2026-08-01,2026,8,1,6184.12,29450.0
Tỷ lệ xuất sạch,3,HNI,HNVC,2026-08-01,2026,8,1,174784.0,176838.0
Thời gian chờ nhập,4,HUE,HUEVC,2026-08-10,2026,8,10,553.25,20.0
Tỷ lệ nhập đúng tải kiện 12.5s,5,HUE,HUEVC,2026-08-03,2026,8,3,4458.0,4968.0
Tỷ lệ nhập đúng tải kiện 12.5s,5,HNI,HNVC,2026-08-12,2026,8,12,49500.0,53641.0
Thời gian chờ nhập,4,DLK,DLKVC1,2026-08-12,2026,8,12,757.7666666666667,51.0
Hiệu quả xe nội miền chiều về,16,HYN,HYNVC,2026-08-03,2026,8,3,9701.38,5100.0
Thời gian chờ nhập,4,DTP,DTPVC,2026-08-17,2026,8,17,199.88333333333333,42.0
Tỷ lệ nhập đúng tải kiện 12.5s,5,HPG,HPGVC,2026-08-13,2026,8,13,19082.0,19527.0
Tỷ lệ kết nối đúng giờ,10,VLG,VLGVC,2026-08-17,2026,8,17,224.0,230.0
Tỷ lệ kết nối đúng giờ,10,TQG,TQGVC,2026-08-16,2026,8,16,48.0,49.0
Hiệu quả xe nội tỉnh chiều về,9,THA,THAVC,2026-08-13,2026,8,13,77901.52,157650.0
Hiệu quả xe nội tỉnh chiều về,9,NAN,NANVC,2026-08-15,2026,8,15,40557.409999999996,81980.0
Hiệu quả xe nội tỉnh chiều về,9,HPG,HPGVC,2026-08-01,2026,8,1,69617.2,151820.0
Hiệu quả xe nội tỉnh chiều về,9,SLA,SLAVC,2026-08-08,2026,8,8,105.29,900.0
Thời gian chờ nhập,4,DBN,DBNVC,2026-08-01,2026,8,1,8.15,3.0
Tỷ lệ xuất sạch,3,SLA,SLAVC,2026-08-07,2026,8,7,474.0,476.0
Thời gian chờ nhập,4,CMU,CMUVC,2026-08-01,2026,8,1,461.3666666666667,29.0
Tỷ lệ kết nối đúng giờ,10,PHO,PHOVC,2026-08-16,2026,8,16,310.0,314.0
Thời gian chờ nhập,4,CMU,CMUVC,2026-08-17,2026,8,17,236.95,27.0
Hiệu quả xe nội tỉnh chiều đi,8,TQG,TQGVC,2026-08-03,2026,8,3,10185.56,12400.0
Thời gian chờ nhập,4,HPG,HPGVC,2026-08-01,2026,8,1,381.3333333333333,43.0
Tỷ lệ xuất sạch,3,DNG,DNGVC,2026-08-17,2026,8,17,68600.0,72970.0
Tỷ lệ xuất sạch,3,TQG,TQGVC,2026-08-02,2026,8,2,5567.0,6397.0
Tỷ lệ nhập đúng tải kiện 12.5s,5,DBN,DBNVC,2026-08-04,2026,8,4,696.0,696.0
Hiệu quả xe nội tỉnh chiều đi,8,AGG,AGGVC,2026-08-01,2026,8,1,110651.29000000001,113100.0
Hiệu quả kết nối nội tỉnh,7,HNI,HNVC,2026-08-14,2026,8,14,479885.33,11001.4
Hiệu quả xe nội tỉnh chiều về,9,NAN,NANVC,2026-08-12,2026,8,12,39726.16,72330.0
Hiệu quả kết nối nội tỉnh,7,DBN,DBNVC,2026-08-15,2026,8,15,2282.53,185.0
Hiệu quả kết nối nội tỉnh,7,TNH,TNHVC,2026-08-15,2026,8,15,4166.4,156.0
Tỷ lệ nhập đúng tải kiện 12.5s,5,QNH,QNHVC,2026-08-12,2026,8,12,7679.0,8714.0
Hiệu quả xe nội tỉnh chiều về,9,BNH,BNHVC,2026-07-31,2026,7,31,30816.53,47900.0
Hiệu quả xe nội tỉnh chiều đi,8,THA,THAVC,2026-08-06,2026,8,6,76326.34,148950.0
Hiệu quả xe nội tỉnh chiều về,9,HUE,HUEVC,2026-08-10,2026,8,10,15816.240000000002,24350.0
Hiệu quả kết nối nội tỉnh,7,KHA,KHAVC,2026-08-04,2026,8,4,89401.63,1970.0
Hiệu quả xe nội miền chiều đi,15,DNI,DNIVC,2026-08-01,2026,8,1,11621.79,20500.0
Hiệu quả xe nội tỉnh chiều đi,8,HCM,HCMVC,2026-08-03,2026,8,3,96005.94,155600.0
Tỷ lệ kết nối đúng giờ,10,HTH,HTHVC,2026-08-13,2026,8,13,80.0,80.0
Thời gian chờ nhập,4,QNI,QNIVC,2026-08-02,2026,8,2,150.35000000000002,34.0
Hiệu quả kết nối nội miền,17,GLI,GLIVC1,2026-08-16,2026,8,16,3870.3500000000004,442.0
Hiệu quả xe nội tỉnh chiều đi,8,CTO,CTOVC,2026-08-13,2026,8,13,108195.68,142600.0
Hiệu quả xe nội tỉnh chiều về,9,LSN,LSNVC,2026-08-02,2026,8,2,9655.03,15750.0
Hiệu quả xe nội miền chiều về,16,GLI,GLIVC1,2026-08-10,2026,8,10,1670.32,1900.0
Tỷ lệ kết nối đúng giờ,10,CTO,CTOVC,2026-08-08,2026,8,8,253.0,256.0
Hiệu quả xe nội tỉnh chiều về,9,LDG,LDGVC,2026-08-03,2026,8,3,76216.09,134750.0
Hiệu quả kết nối nội miền,17,KHA,KHAVC,2026-08-14,2026,8,14,20813.600000000002,2383.0
Hiệu quả xe nội tỉnh chiều đi,8,HUE,HUEVC,2026-08-05,2026,8,5,27658.27,37730.0
Thời gian chờ nhập,4,HPG,HPGVC,2026-08-10,2026,8,10,411.6833333333333,39.0
Hiệu quả xe nội miền chiều về,16,VLG,VLGVC,2026-08-11,2026,8,11,6937.829999999999,15000.0
Hiệu quả xe nội tỉnh chiều đi,8,DTP,DTPVC,2026-08-06,2026,8,6,91364.26000000001,139600.0
Hiệu quả xe nội tỉnh chiều đi,8,CTO,CTOVC,2026-08-11,2026,8,11,119461.13,144300.0
Hiệu quả xe nội tỉnh chiều đi,8,DNG,DNGVC,2026-08-14,2026,8,14,114838.79999999999,115000.0
Thời gian chờ nhập,4,VLG,VLGVC,2026-08-11,2026,8,11,775.7166666666667,59.0
Hiệu quả kết nối nội tỉnh,7,LDG,LDGVC,2026-08-09,2026,8,9,181166.74,4985.0
Tỷ lệ kết nối đúng giờ,10,DNG,DNGVC,2026-08-04,2026,8,4,331.0,336.0
Tỷ lệ kết nối đúng giờ,10,DNG,DNGVC,2026-08-14,2026,8,14,352.0,359.0
Tỷ lệ xuất sạch,3,QTI,QTIVC,2026-08-15,2026,8,15,20519.0,21106.0
Thời gian chờ nhập,4,QNH,QNHVC,2026-08-02,2026,8,2,1686.0166666666667,21.0
Hiệu quả kết nối nội tỉnh,7,HPG,HPGVC,2026-08-15,2026,8,15,231768.46000000002,2555.0
Tỷ lệ nhập đúng tải kiện 12.5s,5,THA,THAVC,2026-08-17,2026,8,17,9198.0,10283.0
Tỷ lệ nhập đúng tải kiện 12.5s,5,NBH,NBHVC,2026-08-08,2026,8,8,15851.0,16094.0
Hiệu quả kết nối nội tỉnh,7,THA,THAVC,2026-08-08,2026,8,8,157033.86000000002,4495.0
Tỷ lệ kết nối đúng giờ,10,DNG,DNGVC,2026-08-11,2026,8,11,324.0,334.0
Tỷ lệ kết nối đúng giờ,10,HYN,HYNVC,2026-08-05,2026,8,5,350.0,352.0
Thời gian chờ nhập,4,CMU,CMUVC,2026-08-09,2026,8,9,150.71666666666667,19.0
Tỷ lệ xuất sạch,3,TNH,TNHVC,2026-08-17,2026,8,17,86278.0,91320.0
Tỷ lệ nhập đúng tải kiện 12.5s,5,HUE,HUEVC,2026-08-07,2026,8,7,5577.0,5861.0
Tỷ lệ kết nối đúng giờ,10,TNH,TNHVC,2026-08-08,2026,8,8,222.0,233.0
Hiệu quả xe nội tỉnh chiều đi,8,CMU,CMUVC,2026-08-17,2026,8,17,67301.79999999999,62950.0
Tỷ lệ kết nối đúng giờ,10,DTP,DTPVC,2026-08-03,2026,8,3,196.0,200.0
Thời gian chờ nhập,4,QTI,QTIVC,2026-08-01,2026,8,1,128.0,27.0
Tỷ lệ kết nối đúng giờ,10,HUE,HUEVC,2026-08-01,2026,8,1,73.0,78.0
Thời gian chờ nhập,4,QTI,QTIVC,2026-08-03,2026,8,3,177.45,32.0
Tỷ lệ kết nối đúng giờ,10,THA,THAVC,2026-08-04,2026,8,4,216.0,225.0
Hiệu quả kết nối nội tỉnh,7,DTP,DTPVC,2026-08-04,2026,8,4,147973.08000000002,2752.3
Hiệu quả kết nối nội tỉnh,7,SLA,SLAVC,2026-08-07,2026,8,7,1588.8700000000001,82.0
Hiệu quả xe nội tỉnh chiều đi,8,KHA,KHAVC,2026-08-06,2026,8,6,63939.95,69250.0
Tỷ lệ nhập đúng tải kiện 12.5s,5,NBH,NBHVC,2026-08-17,2026,8,17,15118.0,15475.0
Hiệu quả xe liên miền,18,DLK,DLKVC1,2026-08-13,2026,8,13,22663.21,26000.0
Hiệu quả xe nội tỉnh chiều đi,8,CTO,CTOVC,2026-08-12,2026,8,12,112976.76000000001,145900.0
Tỷ lệ nhập đúng tải kiện 12.5s,5,DNG,DNGVC,2026-08-17,2026,8,17,5315.0,5337.0
Tỷ lệ kết nối đúng giờ,10,HTH,HTHVC,2026-08-11,2026,8,11,80.0,80.0
Tỷ lệ kết nối đúng giờ,10,TNH,TNHVC,2026-08-12,2026,8,12,224.0,229.0
Hiệu quả xe nội tỉnh chiều đi,8,LCI,LCIVC,2026-08-07,2026,8,7,37588.43,33500.0
Thời gian chờ nhập,4,DTP,DTPVC,2026-08-06,2026,8,6,364.43333333333334,44.0
Tỷ lệ kết nối đúng giờ,10,BNH,BNHVC,2026-08-09,2026,8,9,262.0,264.0
Tỷ lệ kết nối đúng giờ,10,TNH,TNHVC,2026-08-15,2026,8,15,223.0,235.0
Hiệu quả kết nối nội miền,17,PHO,PHOVC,2026-08-07,2026,8,7,19415.600000000002,375.0
Thời gian chờ nhập,4,SLA,SLAVC,2026-08-02,2026,8,2,74.98333333333333,3.0
Hiệu quả xe nội tỉnh chiều đi,8,LSN,LSNVC,2026-08-09,2026,8,9,11086.2,15750.0
Hiệu quả kết nối nội miền,17,PHO,PHOVC,2026-08-05,2026,8,5,17673.83,300.0
Hiệu quả xe nội tỉnh chiều đi,8,NBH,NBHVC,2026-08-13,2026,8,13,69199.97,101560.0
Hiệu quả xe nội miền chiều về,16,QNI,QNIVC,2026-08-12,2026,8,12,4054.62,3500.0
Tỷ lệ kết nối đúng giờ,10,DBN,DBNVC,2026-08-13,2026,8,13,13.0,13.0
Tỷ lệ xuất sạch,3,HNI,HNVC,2026-08-05,2026,8,5,172294.0,174216.0
Tỷ lệ nhập đúng tải kiện 12.5s,5,DTP,DTPVC,2026-08-09,2026,8,9,14171.0,14327.0
Hiệu quả xe nội tỉnh chiều đi,8,DNG,DNGVC,2026-08-05,2026,8,5,141426.66,111750.0
Thời gian chờ nhập,4,DBN,DBNVC,2026-08-16,2026,8,16,2.8833333333333333,2.0
Hiệu quả xe nội tỉnh chiều đi,8,NBH,NBHVC,2026-08-07,2026,8,7,72131.09,97290.0
Tỷ lệ xuất sạch,3,DLK,DLKVC1,2026-08-05,2026,8,5,35878.0,41119.0
Thời gian chờ nhập,4,PHO,PHOVC,2026-08-01,2026,8,1,1363.45,54.0
Tỷ lệ kết nối đúng giờ,10,QNI,QNIVC,2026-08-11,2026,8,11,153.0,153.0
Hiệu quả xe nội tỉnh chiều về,9,CMU,CMUVC,2026-08-09,2026,8,9,17976.190000000002,32500.0
Tỷ lệ nhập đúng tải kiện 12.5s,5,THA,THAVC,2026-08-09,2026,8,9,9849.0,10770.0
Tỷ lệ nhập đúng tải kiện 12.5s,5,LDG,LDGVC,2026-08-03,2026,8,3,17746.0,19692.0
Hiệu quả xe nội tỉnh chiều về,9,CTO,CTOVC,2026-08-08,2026,8,8,68472.84,131300.0
Hiệu quả kết nối nội tỉnh,7,NBH,NBHVC,2026-08-07,2026,8,7,131111.55,1385.52
Thời gian chờ nhập,4,HTH,HTHVC,2026-08-10,2026,8,10,198.15,13.0
Hiệu quả xe nội miền chiều đi,15,QNI,QNIVC,2026-08-16,2026,8,16,3375.42,3500.0
Tỷ lệ nhập đúng tải kiện 12.5s,5,VLG,VLGVC,2026-08-02,2026,8,2,13043.0,14223.0
Hiệu quả kết nối nội tỉnh,7,TQG,TQGVC,2026-08-01,2026,8,1,22261.440000000002,1133.0
Tỷ lệ kết nối đúng giờ,10,DTP,DTPVC,2026-08-07,2026,8,7,199.0,199.0
Tỷ lệ kết nối đúng giờ,10,TNH,TNHVC,2026-08-05,2026,8,5,225.0,228.0
Tỷ lệ kết nối đúng giờ,10,HUE,HUEVC,2026-08-02,2026,8,2,74.0,74.0
Tỷ lệ nhập đúng tải kiện 12.5s,5,VLG,VLGVC,2026-08-08,2026,8,8,19056.0,20240.0
Hiệu quả xe nội miền chiều đi,15,TNH,TNHVC,2026-08-16,2026,8,16,977.9,5100.0
Hiệu quả xe nội miền chiều đi,15,HPG,HPGVC,2026-08-14,2026,8,14,834.83,1900.0
Thời gian chờ nhập,4,HYN,HYNVC,2026-08-06,2026,8,6,224.06666666666666,57.0
Tỷ lệ nhập đúng tải kiện 12.5s,5,HNI,HNVC,2026-08-17,2026,8,17,44271.0,49452.0
Thời gian chờ nhập,4,QNI,QNIVC,2026-08-07,2026,8,7,579.0333333333333,34.0
Hiệu quả xe nội tỉnh chiều về,9,HYN,HYNVC,2026-08-04,2026,8,4,107925.41,151650.0
Hiệu quả xe nội tỉnh chiều đi,8,DNG,DNGVC,2026-08-11,2026,8,11,94329.26000000001,96700.0
Tỷ lệ nhập đúng tải kiện 12.5s,5,LCU,LCUVC,2026-08-12,2026,8,12,689.0,692.0
Hiệu quả xe nội miền chiều đi,15,QNI,QNIVC,2026-07-31,2026,7,31,3532.44,3500.0
Tỷ lệ kết nối đúng giờ,10,TNH,TNHVC,2026-08-13,2026,8,13,213.0,227.0
Thời gian chờ nhập,4,BNH,BNHVC,2026-08-08,2026,8,8,1214.7166666666667,59.0
Hiệu quả xe nội tỉnh chiều về,9,TNH,TNHVC,2026-08-07,2026,8,7,41186.9,61350.0
Hiệu quả kết nối nội tỉnh,7,CTO,CTOVC,2026-08-04,2026,8,4,156442.0,3258.0
Hiệu quả kết nối nội tỉnh,7,QTI,QTIVC,2026-08-13,2026,8,13,80902.98000000001,2592.8
Hiệu quả xe nội tỉnh chiều đi,8,BNH,BNHVC,2026-08-02,2026,8,2,47067.5,100900.0
Hiệu quả xe nội tỉnh chiều về,9,VLG,VLGVC,2026-08-03,2026,8,3,73822.45,138400.0
Tỷ lệ kết nối đúng giờ,10,HCM,HCMVC,2026-08-14,2026,8,14,3194.0,3236.0
Hiệu quả xe nội tỉnh chiều đi,8,CTO,CTOVC,2026-08-02,2026,8,2,94260.37,138700.0
Hiệu quả xe nội miền chiều về,16,VLG,VLGVC,2026-08-01,2026,8,1,6934.82,10500.0
Tỷ lệ kết nối đúng giờ,10,QTI,QTIVC,2026-08-08,2026,8,8,160.0,168.0
Tỷ lệ kết nối đúng giờ,10,DNI,DNIVC,2026-08-03,2026,8,3,520.0,534.0
Hiệu quả xe nội tỉnh chiều về,9,TNN,TNNVC,2026-08-05,2026,8,5,42104.77,64310.0
Hiệu quả xe nội miền chiều đi,15,PHO,PHOVC,2026-08-05,2026,8,5,17673.83,20600.0
Tỷ lệ nhập đúng tải kiện 12.5s,5,QTI,QTIVC,2026-08-03,2026,8,3,6761.0,7001.0
Thời gian chờ nhập,4,BNH,BNHVC,2026-08-02,2026,8,2,2095.1,42.0
Thời gian chờ nhập,4,LCU,LCUVC,2026-08-09,2026,8,9,4.483333333333333,1.0
Tỷ lệ nhập đúng tải kiện 12.5s,5,QTI,QTIVC,2026-08-02,2026,8,2,6163.0,6661.0
Tỷ lệ xuất sạch,3,HCM,HCMVC,2026-08-12,2026,8,12,130365.0,135237.0
Hiệu quả kết nối nội tỉnh,7,DNI,DNIVC,2026-08-02,2026,8,2,190051.04,4972.0
Tỷ lệ nhập đúng tải kiện 12.5s,5,DNG,DNGVC,2026-08-06,2026,8,6,5581.0,5758.0
Thời gian chờ nhập,4,DBN,DBNVC,2026-08-15,2026,8,15,48.099999999999994,4.0
Thời gian chờ nhập,4,VLG,VLGVC,2026-08-02,2026,8,2,338.33333333333337,35.0
Hiệu quả kết nối nội tỉnh,7,HCM,HCMVC,2026-08-06,2026,8,6,207164.24,2822.1
Thời gian chờ nhập,4,DNG,DNGVC,2026-08-05,2026,8,5,71.66666666666667,19.0
Thời gian chờ nhập,4,DNI,DNIVC,2026-08-15,2026,8,15,799.5666666666666,72.0
Hiệu quả xe liên miền,18,DLK,DLKVC1,2026-08-02,2026,8,2,15143.41,26000.0
Hiệu quả kết nối nội tỉnh,7,QNI,QNIVC,2026-08-02,2026,8,2,49193.21,2013.0
Thời gian chờ nhập,4,DNG,DNGVC,2026-08-12,2026,8,12,159.28333333333333,21.0
Tỷ lệ kết nối đúng giờ,10,TQG,TQGVC,2026-08-13,2026,8,13,58.0,59.0
Hiệu quả kết nối nội tỉnh,7,HTH,HTHVC,2026-08-05,2026,8,5,30818.329999999998,919.3
Thời gian chờ nhập,4,DNG,DNGVC,2026-08-11,2026,8,11,139.91666666666666,21.0
Hiệu quả xe nội miền chiều đi,15,HCM,HCMVC,2026-08-13,2026,8,13,35193.82,38700.0
Hiệu quả xe nội tỉnh chiều về,9,TNH,TNHVC,2026-08-09,2026,8,9,15466.5,28700.0
Thời gian chờ nhập,4,LDG,LDGVC,2026-08-05,2026,8,5,1403.8666666666668,69.0
Tỷ lệ nhập đúng tải kiện 12.5s,5,DLK,DLKVC1,2026-08-01,2026,8,1,11610.0,15746.0
Hiệu quả xe nội tỉnh chiều đi,8,DLK,DLKVC1,2026-08-12,2026,8,12,86161.63,133240.0
Hiệu quả xe nội miền chiều đi,15,KHA,KHAVC,2026-08-17,2026,8,17,3700.9700000000003,6150.0
Tỷ lệ xuất sạch,3,DLK,DLKVC1,2026-08-03,2026,8,3,34653.0,38126.0
Tỷ lệ nhập đúng tải kiện 12.5s,5,DLK,DLKVC1,2026-08-04,2026,8,4,12477.0,13904.0
Hiệu quả kết nối nội tỉnh,7,LCI,LCIVC,2026-08-02,2026,8,2,69258.83,1185.0
Tỷ lệ xuất sạch,3,HPG,HPGVC,2026-08-13,2026,8,13,71242.0,72681.0
Thời gian chờ nhập,4,LCI,LCIVC,2026-08-09,2026,8,9,1185.1999999999998,12.0
Hiệu quả kết nối nội tỉnh,7,SLA,SLAVC,2026-08-08,2026,8,8,1185.01,82.0
Tỷ lệ kết nối đúng giờ,10,VLG,VLGVC,2026-08-15,2026,8,15,233.0,238.0
Hiệu quả kết nối nội tỉnh,7,TNN,TNNVC,2026-08-16,2026,8,16,65822.3,1099.0
Tỷ lệ xuất sạch,3,KHA,KHAVC,2026-08-03,2026,8,3,27863.0,30123.0
Tỷ lệ kết nối đúng giờ,10,THA,THAVC,2026-08-11,2026,8,11,246.0,250.0
Hiệu quả xe liên miền,18,HYN,HYNVC,2026-08-14,2026,8,14,6400.39,8000.0
Tỷ lệ xuất sạch,3,KHA,KHAVC,2026-08-01,2026,8,1,29089.0,32250.0
Thời gian chờ nhập,4,HNI,HNVC,2026-08-14,2026,8,14,2670.75,131.0
Tỷ lệ nhập đúng tải kiện 12.5s,5,CMU,CMUVC,2026-08-17,2026,8,17,8859.0,8895.0
Hiệu quả xe liên miền,18,THA,THAVC,2026-08-16,2026,8,16,7352.67,8000.0
Hiệu quả xe nội tỉnh chiều đi,8,NAN,NANVC,2026-08-17,2026,8,17,54918.72,85050.0
Tỷ lệ xuất sạch,3,HCM,HCMVC,2026-08-05,2026,8,5,122708.0,127034.0
Hiệu quả xe nội tỉnh chiều về,9,KHA,KHAVC,2026-08-02,2026,8,2,15039.67,60500.0
Hiệu quả xe nội tỉnh chiều về,9,TNH,TNHVC,2026-08-15,2026,8,15,270.34,4500.0
Hiệu quả xe nội tỉnh chiều về,9,QNH,QNHVC,2026-08-15,2026,8,15,874.32,4300.0
Hiệu quả kết nối nội miền,17,KHA,KHAVC,2026-08-07,2026,8,7,21510.800000000003,2383.0
Tỷ lệ kết nối đúng giờ,10,DTP,DTPVC,2026-08-06,2026,8,6,198.0,199.0
Hiệu quả kết nối nội miền,17,TNH,TNHVC,2026-08-11,2026,8,11,3581.25,268.0
Hiệu quả xe nội miền chiều về,16,DNI,DNIVC,2026-08-15,2026,8,15,12625.96,12500.0
Tỷ lệ nhập đúng tải kiện 12.5s,5,HUE,HUEVC,2026-08-10,2026,8,10,4629.0,4880.0
Hiệu quả xe nội tỉnh chiều về,9,HTH,HTHVC,2026-08-11,2026,8,11,8031.69,27600.0
Hiệu quả kết nối nội tỉnh,7,NBH,NBHVC,2026-08-06,2026,8,6,133200.08,1592.4299999999998
Tỷ lệ xuất sạch,3,QNI,QNIVC,2026-08-13,2026,8,13,21510.0,21525.0
Hiệu quả kết nối nội tỉnh,7,HUE,HUEVC,2026-08-03,2026,8,3,47577.52,866.0
Thời gian chờ nhập,4,LSN,LSNVC,2026-08-10,2026,8,10,35.666666666666664,8.0
Tỷ lệ kết nối đúng giờ,10,SLA,SLAVC,2026-08-03,2026,8,3,4.0,4.0
Tỷ lệ nhập đúng tải kiện 12.5s,5,QNI,QNIVC,2026-08-09,2026,8,9,5050.0,5073.0
Tỷ lệ xuất sạch,3,BNH,BNHVC,2026-08-13,2026,8,13,62392.0,74397.0
Hiệu quả xe nội tỉnh chiều đi,8,HTH,HTHVC,2026-08-01,2026,8,1,21449.64,36250.0
Tỷ lệ xuất sạch,3,DBN,DBNVC,2026-08-01,2026,8,1,2172.0,2179.0
Hiệu quả kết nối nội tỉnh,7,QNI,QNIVC,2026-08-12,2026,8,12,62577.579999999994,2059.0
Hiệu quả xe nội tỉnh chiều đi,8,GLI,GLIVC1,2026-08-04,2026,8,4,58179.58,81100.0
Hiệu quả xe nội tỉnh chiều về,9,PHO,PHOVC,2026-08-13,2026,8,13,104834.99,175300.0
Tỷ lệ nhập đúng tải kiện 12.5s,5,TNH,TNHVC,2026-08-09,2026,8,9,13786.0,14277.0
Hiệu quả kết nối nội tỉnh,7,TQG,TQGVC,2026-08-12,2026,8,12,24359.72,1141.0
Thời gian chờ nhập,4,NBH,NBHVC,2026-08-17,2026,8,17,416.1333333333333,56.0
Tỷ lệ nhập đúng tải kiện 12.5s,5,QNH,QNHVC,2026-08-11,2026,8,11,7924.0,9548.0
Hiệu quả kết nối nội miền,17,HYN,HYNVC,2026-08-03,2026,8,3,17548.53,132.0
Tỷ lệ nhập đúng tải kiện 12.5s,5,HUE,HUEVC,2026-08-13,2026,8,13,5460.0,5682.0
Hiệu quả xe nội tỉnh chiều đi,8,LDG,LDGVC,2026-08-17,2026,8,17,71372.35,88050.0
Hiệu quả xe nội tỉnh chiều về,9,QNH,QNHVC,2026-08-10,2026,8,10,19049.8,40400.0
Tỷ lệ xuất sạch,3,GLI,GLIVC1,2026-08-15,2026,8,15,33848.0,36183.0
Tỷ lệ nhập đúng tải kiện 12.5s,5,HYN,HYNVC,2026-08-07,2026,8,7,16516.0,16709.0
Hiệu quả xe nội tỉnh chiều đi,8,HPG,HPGVC,2026-08-09,2026,8,9,116934.44,139590.0
Hiệu quả xe nội tỉnh chiều về,9,KHA,KHAVC,2026-08-12,2026,8,12,32963.119999999995,72550.0
Hiệu quả xe nội tỉnh chiều đi,8,CTO,CTOVC,2026-08-10,2026,8,10,101683.97,145300.0
Hiệu quả xe nội tỉnh chiều về,9,TQG,TQGVC,2026-08-13,2026,8,13,9020.650000000001,10750.0
Tỷ lệ kết nối đúng giờ,10,LCI,LCIVC,2026-08-06,2026,8,6,100.0,100.0
Tỷ lệ xuất sạch,3,SLA,SLAVC,2026-08-03,2026,8,3,468.0,472.0
Hiệu quả xe nội tỉnh chiều về,9,PHO,PHOVC,2026-08-07,2026,8,7,116567.59,182500.0
Hiệu quả xe nội tỉnh chiều về,9,GLI,GLIVC1,2026-08-08,2026,8,8,51087.46,84930.0
Hiệu quả kết nối nội miền,17,GLI,GLIVC1,2026-08-17,2026,8,17,1378.39,221.0
Thời gian chờ nhập,4,KHA,KHAVC,2026-08-14,2026,8,14,1126.7833333333333,56.0
Tỷ lệ kết nối đúng giờ,10,LSN,LSNVC,2026-08-12,2026,8,12,17.0,17.0
Thời gian chờ nhập,4,DTP,DTPVC,2026-08-03,2026,8,3,1094.4833333333333,41.0
Hiệu quả kết nối nội tỉnh,7,CTO,CTOVC,2026-08-15,2026,8,15,176898.41,3448.0
Tỷ lệ kết nối đúng giờ,10,HCM,HCMVC,2026-08-12,2026,8,12,3234.0,3275.0
Hiệu quả kết nối nội tỉnh,7,HYN,HYNVC,2026-08-03,2026,8,3,306438.77,2796.0
Hiệu quả kết nối nội miền,17,QNI,QNIVC,2026-08-16,2026,8,16,7412.9,498.0
Hiệu quả xe nội tỉnh chiều đi,8,HPG,HPGVC,2026-08-11,2026,8,11,136265.47,196810.0
Tỷ lệ nhập đúng tải kiện 12.5s,5,DBN,DBNVC,2026-08-11,2026,8,11,607.0,607.0
Hiệu quả kết nối nội tỉnh,7,KHA,KHAVC,2026-08-06,2026,8,6,98725.61,1938.0
Thời gian chờ nhập,4,DTP,DTPVC,2026-08-09,2026,8,9,238.68333333333334,37.0
Tỷ lệ nhập đúng tải kiện 12.5s,5,DBN,DBNVC,2026-08-01,2026,8,1,667.0,667.0
Hiệu quả xe nội tỉnh chiều đi,8,TNN,TNNVC,2026-08-05,2026,8,5,37901.0,68590.0
Hiệu quả xe nội tỉnh chiều đi,8,SLA,SLAVC,2026-08-14,2026,8,14,1357.54,900.0
Hiệu quả xe nội tỉnh chiều về,9,DLK,DLKVC1,2026-08-11,2026,8,11,61393.08,132840.0
Hiệu quả xe nội tỉnh chiều đi,8,CTO,CTOVC,2026-08-15,2026,8,15,119066.3,149000.0
Tỷ lệ xuất sạch,3,QNH,QNHVC,2026-08-07,2026,8,7,21971.0,26484.0
Hiệu quả xe nội tỉnh chiều đi,8,DNG,DNGVC,2026-08-06,2026,8,6,128579.35,106800.0
Hiệu quả kết nối nội miền,17,HCM,HCMVC,2026-08-09,2026,8,9,3212.45,291.0
Tỷ lệ nhập đúng tải kiện 12.5s,5,LSN,LSNVC,2026-08-12,2026,8,12,2407.0,2408.0
Hiệu quả xe nội tỉnh chiều về,9,AGG,AGGVC,2026-08-07,2026,8,7,50719.87,115850.0
Thời gian chờ nhập,4,DLK,DLKVC1,2026-08-16,2026,8,16,977.5,45.0
Hiệu quả kết nối nội tỉnh,7,THA,THAVC,2026-08-05,2026,8,5,135605.87,3987.0
Tỷ lệ xuất sạch,3,HYN,HYNVC,2026-08-10,2026,8,10,48867.0,49900.0
Tỷ lệ xuất sạch,3,HYN,HYNVC,2026-08-01,2026,8,1,50372.0,52348.0
Tỷ lệ kết nối đúng giờ,10,PHO,PHOVC,2026-08-06,2026,8,6,349.0,352.0
Tỷ lệ nhập đúng tải kiện 12.5s,5,HCM,HCMVC,2026-08-13,2026,8,13,34371.0,38188.0
Hiệu quả kết nối nội miền,17,HCM,HCMVC,2026-08-04,2026,8,4,45126.57000000001,1053.0
Tỷ lệ nhập đúng tải kiện 12.5s,5,HNI,HNVC,2026-08-11,2026,8,11,47206.0,51856.0
Hiệu quả xe nội tỉnh chiều đi,8,HNI,HNVC,2026-08-08,2026,8,8,116356.75,366300.0
Thời gian chờ nhập,4,CMU,CMUVC,2026-08-07,2026,8,7,216.29999999999998,29.0
Hiệu quả kết nối nội miền,17,HCM,HCMVC,2026-08-01,2026,8,1,35969.73,1323.0
Hiệu quả xe nội tỉnh chiều đi,8,LDG,LDGVC,2026-08-05,2026,8,5,111214.77,145600.0
Tỷ lệ kết nối đúng giờ,10,DNI,DNIVC,2026-08-02,2026,8,2,390.0,397.0
Hiệu quả xe nội tỉnh chiều đi,8,LDG,LDGVC,2026-08-13,2026,8,13,126654.68,152950.0
Hiệu quả kết nối nội miền,17,VLG,VLGVC,2026-07-31,2026,7,31,12469.86,342.0
Tỷ lệ kết nối đúng giờ,10,LDG,LDGVC,2026-08-08,2026,8,8,279.0,283.0
Thời gian chờ nhập,4,LCI,LCIVC,2026-08-05,2026,8,5,292.75,15.0
Hiệu quả kết nối nội tỉnh,7,THA,THAVC,2026-08-17,2026,8,17,127971.95,3185.0
Tỷ lệ kết nối đúng giờ,10,QTI,QTIVC,2026-08-17,2026,8,17,161.0,174.0
Tỷ lệ kết nối đúng giờ,10,THA,THAVC,2026-08-08,2026,8,8,256.0,259.0
Tỷ lệ xuất sạch,3,CTO,CTOVC,2026-08-15,2026,8,15,13167.0,13827.0
Hiệu quả kết nối nội tỉnh,7,LCI,LCIVC,2026-08-03,2026,8,3,72213.6,1309.0
Tỷ lệ nhập đúng tải kiện 12.5s,5,HNI,HNVC,2026-08-07,2026,8,7,45324.0,48825.0
Tỷ lệ xuất sạch,3,QNI,QNIVC,2026-08-02,2026,8,2,16179.0,16594.0
Hiệu quả xe nội tỉnh chiều đi,8,NAN,NANVC,2026-08-01,2026,8,1,71629.47,90530.0
Tỷ lệ kết nối đúng giờ,10,DBN,DBNVC,2026-08-03,2026,8,3,17.0,17.0
Tỷ lệ kết nối đúng giờ,10,DBN,DBNVC,2026-08-01,2026,8,1,16.0,16.0
Hiệu quả xe nội tỉnh chiều đi,8,HPG,HPGVC,2026-08-13,2026,8,13,145192.49,201640.0
Hiệu quả kết nối nội tỉnh,7,NBH,NBHVC,2026-08-14,2026,8,14,134846.34,1408.81
Tỷ lệ kết nối đúng giờ,10,HYN,HYNVC,2026-08-06,2026,8,6,351.0,351.0
Hiệu quả xe nội tỉnh chiều về,9,HCM,HCMVC,2026-08-16,2026,8,16,45639.67,109900.0
Hiệu quả xe liên miền,18,HCM,HCMVC,2026-08-02,2026,8,2,9015.72,8000.0
Hiệu quả xe nội tỉnh chiều đi,8,HCM,HCMVC,2026-08-15,2026,8,15,122251.85,156600.0
Tỷ lệ nhập đúng tải kiện 12.5s,5,QTI,QTIVC,2026-08-04,2026,8,4,7642.0,7801.0
Tỷ lệ kết nối đúng giờ,10,THA,THAVC,2026-08-14,2026,8,14,232.0,232.0
Thời gian chờ nhập,4,TNN,TNNVC,2026-08-15,2026,8,15,195.8,22.0
Thời gian chờ nhập,4,PHO,PHOVC,2026-08-08,2026,8,8,1157.4833333333333,53.0
Tỷ lệ xuất sạch,3,LDG,LDGVC,2026-08-05,2026,8,5,47457.0,49854.0
Hiệu quả xe liên miền,18,THA,THAVC,2026-08-03,2026,8,3,38706.19,40000.0
Tỷ lệ xuất sạch,3,GLI,GLIVC1,2026-08-14,2026,8,14,31478.0,31807.0
Tỷ lệ xuất sạch,3,VLG,VLGVC,2026-08-07,2026,8,7,46472.0,47917.0
Tỷ lệ xuất sạch,3,LDG,LDGVC,2026-08-11,2026,8,11,50233.0,53134.0
Hiệu quả kết nối nội tỉnh,7,CMU,CMUVC,2026-08-02,2026,8,2,50366.51,1111.0
Tỷ lệ nhập đúng tải kiện 12.5s,5,DBN,DBNVC,2026-08-10,2026,8,10,437.0,437.0
Hiệu quả kết nối nội tỉnh,7,TNH,TNHVC,2026-08-08,2026,8,8,81599.24,1785.0
Tỷ lệ nhập đúng tải kiện 12.5s,5,GLI,GLIVC1,2026-08-07,2026,8,7,9711.0,10027.0
Hiệu quả xe nội tỉnh chiều đi,8,THA,THAVC,2026-08-01,2026,8,1,73787.86,145850.0
Hiệu quả xe nội miền chiều về,16,QNI,QNIVC,2026-08-01,2026,8,1,3056.84,3500.0
Hiệu quả xe nội tỉnh chiều về,9,DNI,DNIVC,2026-08-06,2026,8,6,16076.150000000001,46800.0
Hiệu quả xe nội tỉnh chiều đi,8,DLK,DLKVC1,2026-08-17,2026,8,17,84692.93999999999,133240.0
Hiệu quả xe nội tỉnh chiều về,9,HTH,HTHVC,2026-08-04,2026,8,4,8752.86,25600.0
Thời gian chờ nhập,4,CMU,CMUVC,2026-08-10,2026,8,10,142.86666666666667,29.0
Thời gian chờ nhập,4,GLI,GLIVC1,2026-08-02,2026,8,2,1681.8166666666666,39.0
Hiệu quả xe nội tỉnh chiều đi,8,QNH,QNHVC,2026-08-17,2026,8,17,3635.7,4300.0
Hiệu quả kết nối nội tỉnh,7,KHA,KHAVC,2026-08-13,2026,8,13,96614.48000000001,1944.0
Hiệu quả xe nội tỉnh chiều đi,8,HYN,HYNVC,2026-08-15,2026,8,15,121490.39,95100.0
Tỷ lệ kết nối đúng giờ,10,BNH,BNHVC,2026-08-01,2026,8,1,380.0,384.0
Tỷ lệ nhập đúng tải kiện 12.5s,5,DNI,DNIVC,2026-08-14,2026,8,14,22869.0,23903.0
Hiệu quả kết nối nội miền,17,KHA,KHAVC,2026-08-09,2026,8,9,19302.809999999998,2383.0
Hiệu quả xe nội tỉnh chiều đi,8,DTP,DTPVC,2026-08-07,2026,8,7,103780.86,146300.0
Hiệu quả xe nội tỉnh chiều về,9,HPG,HPGVC,2026-08-15,2026,8,15,84694.76,151290.0
Hiệu quả xe nội miền chiều đi,15,HYN,HYNVC,2026-08-04,2026,8,4,8180.41,5100.0
Tỷ lệ kết nối đúng giờ,10,TNN,TNNVC,2026-08-03,2026,8,3,155.0,157.0
Hiệu quả xe nội tỉnh chiều đi,8,THA,THAVC,2026-08-16,2026,8,16,71661.88,133650.0
Hiệu quả xe nội tỉnh chiều đi,8,SLA,SLAVC,2026-08-10,2026,8,10,751.89,900.0
Hiệu quả kết nối nội tỉnh,7,TNH,TNHVC,2026-08-07,2026,8,7,87222.19,1815.0
Hiệu quả xe nội tỉnh chiều đi,8,BNH,BNHVC,2026-08-13,2026,8,13,56351.37,98350.0
Hiệu quả kết nối nội tỉnh,7,DTP,DTPVC,2026-08-17,2026,8,17,147639.69,2586.0
Hiệu quả kết nối nội tỉnh,7,GLI,GLIVC1,2026-08-03,2026,8,3,117721.97,3592.0
Tỷ lệ kết nối đúng giờ,10,DNI,DNIVC,2026-08-05,2026,8,5,520.0,532.0
Hiệu quả xe nội tỉnh chiều đi,8,DBN,DBNVC,2026-08-13,2026,8,13,2404.8599999999997,3300.0
Tỷ lệ kết nối đúng giờ,10,NBH,NBHVC,2026-08-05,2026,8,5,335.0,338.0
Hiệu quả xe nội miền chiều đi,15,TNH,TNHVC,2026-08-14,2026,8,14,2283.74,5100.0
Thời gian chờ nhập,4,HNI,HNVC,2026-08-11,2026,8,11,2696.1,137.0
Thời gian chờ nhập,4,HUE,HUEVC,2026-08-04,2026,8,4,244.35,18.0
Hiệu quả xe nội tỉnh chiều đi,8,DLK,DLKVC1,2026-08-06,2026,8,6,96158.38,133240.0
Hiệu quả xe nội tỉnh chiều đi,8,KHA,KHAVC,2026-08-07,2026,8,7,64265.6,70900.0
Tỷ lệ kết nối đúng giờ,10,TNH,TNHVC,2026-08-02,2026,8,2,176.0,180.0
Hiệu quả kết nối nội tỉnh,7,THA,THAVC,2026-08-10,2026,8,10,140238.88,3928.0
Hiệu quả xe nội miền chiều đi,15,QNI,QNIVC,2026-08-13,2026,8,13,3892.2,3500.0
Hiệu quả xe nội tỉnh chiều về,9,DBN,DBNVC,2026-08-11,2026,8,11,94.22,1650.0
Tỷ lệ xuất sạch,3,NBH,NBHVC,2026-08-10,2026,8,10,60958.0,63646.0
Tỷ lệ xuất sạch,3,GLI,GLIVC1,2026-08-10,2026,8,10,30104.0,30827.0
Hiệu quả xe nội tỉnh chiều đi,8,LSN,LSNVC,2026-08-11,2026,8,11,9387.25,15750.0
Hiệu quả xe nội tỉnh chiều đi,8,HTH,HTHVC,2026-08-08,2026,8,8,21768.23,36250.0
Thời gian chờ nhập,4,DNI,DNIVC,2026-08-02,2026,8,2,1427.4333333333334,50.0
Hiệu quả xe liên miền,18,KHA,KHAVC,2026-07-30,2026,7,30,16914.67,21000.0
Hiệu quả xe nội tỉnh chiều về,9,VLG,VLGVC,2026-08-11,2026,8,11,27953.199999999997,82100.0
Hiệu quả kết nối nội tỉnh,7,LCI,LCIVC,2026-08-17,2026,8,17,58116.82,953.0
Tỷ lệ xuất sạch,3,HYN,HYNVC,2026-08-12,2026,8,12,54304.0,55341.0
Tỷ lệ kết nối đúng giờ,10,DNG,DNGVC,2026-08-07,2026,8,7,336.0,347.0
Tỷ lệ kết nối đúng giờ,10,BNH,BNHVC,2026-08-15,2026,8,15,393.0,396.0
Tỷ lệ nhập đúng tải kiện 12.5s,5,NAN,NANVC,2026-08-09,2026,8,9,9287.0,9304.0
Thời gian chờ nhập,4,KHA,KHAVC,2026-08-15,2026,8,15,543.9333333333334,50.0
Thời gian chờ nhập,4,VLG,VLGVC,2026-08-12,2026,8,12,788.6999999999999,59.0
Hiệu quả xe nội tỉnh chiều đi,8,THA,THAVC,2026-08-05,2026,8,5,69359.57,145700.0
Hiệu quả kết nối nội tỉnh,7,QNI,QNIVC,2026-08-11,2026,8,11,57205.89,1781.0
Hiệu quả xe nội tỉnh chiều đi,8,HNI,HNVC,2026-08-11,2026,8,11,121038.22,361450.0
Tỷ lệ kết nối đúng giờ,10,HNI,HNVC,2026-08-13,2026,8,13,3332.0,3543.0
Tỷ lệ xuất sạch,3,GLI,GLIVC1,2026-08-02,2026,8,2,30620.0,32126.0
Hiệu quả xe nội tỉnh chiều đi,8,PHO,PHOVC,2026-08-08,2026,8,8,137517.07,174900.0
Tỷ lệ xuất sạch,3,TQG,TQGVC,2026-08-04,2026,8,4,6416.0,6973.0
Tỷ lệ nhập đúng tải kiện 12.5s,5,HUE,HUEVC,2026-08-01,2026,8,1,4348.0,4615.0
Hiệu quả xe nội tỉnh chiều về,9,CTO,CTOVC,2026-07-31,2026,7,31,5924.98,10200.0
Tỷ lệ nhập đúng tải kiện 12.5s,5,TQG,TQGVC,2026-08-02,2026,8,2,3600.0,3600.0
Hiệu quả kết nối nội miền,17,PHO,PHOVC,2026-08-16,2026,8,16,10970.53,150.0
Hiệu quả xe nội tỉnh chiều đi,8,GLI,GLIVC1,2026-08-10,2026,8,10,72133.86,87250.0
Hiệu quả xe liên miền,18,TNH,TNHVC,2026-08-06,2026,8,6,8187.0,13000.0
Thời gian chờ nhập,4,SLA,SLAVC,2026-08-05,2026,8,5,16.583333333333336,2.0
Hiệu quả xe nội tỉnh chiều đi,8,HNI,HNVC,2026-08-10,2026,8,10,91097.62,335450.0
Tỷ lệ kết nối đúng giờ,10,QNH,QNHVC,2026-08-04,2026,8,4,117.0,118.0
Tỷ lệ nhập đúng tải kiện 12.5s,5,GLI,GLIVC1,2026-08-06,2026,8,6,9462.0,9542.0
Tỷ lệ nhập đúng tải kiện 12.5s,5,HTH,HTHVC,2026-08-04,2026,8,4,4291.0,4292.0
Tỷ lệ nhập đúng tải kiện 12.5s,5,HPG,HPGVC,2026-08-06,2026,8,6,20278.0,21458.0
Hiệu quả xe liên miền,18,DNI,DNIVC,2026-08-05,2026,8,5,16241.73,16000.0
Hiệu quả xe nội tỉnh chiều đi,8,KHA,KHAVC,2026-08-13,2026,8,13,62526.090000000004,70900.0
Hiệu quả xe nội tỉnh chiều về,9,TNH,TNHVC,2026-08-13,2026,8,13,475.06,4500.0
Hiệu quả kết nối nội tỉnh,7,GLI,GLIVC1,2026-08-08,2026,8,8,131858.89,3635.0
Hiệu quả xe nội tỉnh chiều về,9,LCI,LCIVC,2026-08-15,2026,8,15,45412.45,34500.0
Hiệu quả xe nội miền chiều đi,15,TNH,TNHVC,2026-08-07,2026,8,7,3037.02,5100.0
Thời gian chờ nhập,4,LSN,LSNVC,2026-08-08,2026,8,8,39.56666666666667,6.0
Hiệu quả xe nội tỉnh chiều về,9,QTI,QTIVC,2026-08-12,2026,8,12,26781.71,43990.0
Hiệu quả kết nối nội miền,17,HCM,HCMVC,2026-08-08,2026,8,8,44549.58,1061.0
Hiệu quả xe liên miền,18,GLI,GLIVC1,2026-08-03,2026,8,3,11567.91,14700.0
Hiệu quả xe nội miền chiều đi,15,TNH,TNHVC,2026-08-12,2026,8,12,3828.09,5100.0
Hiệu quả xe nội tỉnh chiều đi,8,QNH,QNHVC,2026-08-14,2026,8,14,1168.52,1900.0
Thời gian chờ nhập,4,SLA,SLAVC,2026-08-17,2026,8,17,12.15,1.0
Hiệu quả kết nối nội miền,17,LDG,LDGVC,2026-08-13,2026,8,13,6409.85,462.0
Tỷ lệ nhập đúng tải kiện 12.5s,5,CTO,CTOVC,2026-08-04,2026,8,4,4875.0,4875.0
Thời gian chờ nhập,4,HCM,HCMVC,2026-08-08,2026,8,8,1150.75,101.0
Hiệu quả xe nội tỉnh chiều về,9,CMU,CMUVC,2026-08-11,2026,8,11,22461.9,57850.0
Hiệu quả xe nội miền chiều về,16,VLG,VLGVC,2026-08-15,2026,8,15,7181.710000000001,15000.0
Hiệu quả xe nội tỉnh chiều về,9,AGG,AGGVC,2026-08-05,2026,8,5,54875.18000000001,109000.0
Tỷ lệ xuất sạch,3,LCU,LCUVC,2026-08-13,2026,8,13,658.0,721.0
Tỷ lệ xuất sạch,3,TQG,TQGVC,2026-08-07,2026,8,7,7193.0,7763.0
Hiệu quả xe nội miền chiều về,16,TNH,TNHVC,2026-08-08,2026,8,8,541.37,5100.0
Thời gian chờ nhập,4,DNI,DNIVC,2026-08-11,2026,8,11,541.6833333333334,77.0
Hiệu quả kết nối nội tỉnh,7,VLG,VLGVC,2026-08-17,2026,8,17,84608.69,1762.3999999999999
Tỷ lệ xuất sạch,3,DNI,DNIVC,2026-08-14,2026,8,14,111906.0,115584.0
Tỷ lệ xuất sạch,3,QNH,QNHVC,2026-08-05,2026,8,5,21178.0,29533.0
Hiệu quả kết nối nội tỉnh,7,LDG,LDGVC,2026-08-13,2026,8,13,198606.96000000002,5341.0
Tỷ lệ kết nối đúng giờ,10,QNH,QNHVC,2026-08-15,2026,8,15,113.0,116.0
Hiệu quả xe nội miền chiều đi,15,QNI,QNIVC,2026-08-10,2026,8,10,3560.42,3500.0
Hiệu quả xe nội miền chiều về,16,TNH,TNHVC,2026-08-09,2026,8,9,490.67,5100.0
Hiệu quả kết nối nội tỉnh,7,HPG,HPGVC,2026-08-05,2026,8,5,189714.72999999998,2722.0
Tỷ lệ kết nối đúng giờ,10,DNG,DNGVC,2026-08-10,2026,8,10,341.0,349.0
Tỷ lệ kết nối đúng giờ,10,QNI,QNIVC,2026-08-02,2026,8,2,166.0,166.0
Hiệu quả xe nội tỉnh chiều đi,8,HTH,HTHVC,2026-08-07,2026,8,7,24705.2,36250.0
Hiệu quả xe nội miền chiều về,16,TNH,TNHVC,2026-08-11,2026,8,11,203.25,5100.0
Tỷ lệ nhập đúng tải kiện 12.5s,5,TQG,TQGVC,2026-08-06,2026,8,6,4084.0,4085.0
Tỷ lệ xuất sạch,3,TNN,TNNVC,2026-08-12,2026,8,12,22093.0,25416.0
Hiệu quả xe nội tỉnh chiều về,9,DBN,DBNVC,2026-08-01,2026,8,1,89.65,1650.0
Tỷ lệ kết nối đúng giờ,10,DNI,DNIVC,2026-08-08,2026,8,8,505.0,534.0
Hiệu quả kết nối nội tỉnh,7,DBN,DBNVC,2026-08-11,2026,8,11,1995.73,185.0
Hiệu quả xe nội miền chiều đi,15,GLI,GLIVC1,2026-08-01,2026,8,1,1748.96,1900.0
Thời gian chờ nhập,4,CMU,CMUVC,2026-08-13,2026,8,13,179.23333333333332,28.0
Hiệu quả xe nội tỉnh chiều về,9,TNH,TNHVC,2026-08-16,2026,8,16,263.59,4500.0
Hiệu quả kết nối nội miền,17,HCM,HCMVC,2026-08-05,2026,8,5,42954.39,1477.0
Tỷ lệ nhập đúng tải kiện 12.5s,5,CMU,CMUVC,2026-08-11,2026,8,11,9067.0,9939.0
Tỷ lệ xuất sạch,3,SLA,SLAVC,2026-08-01,2026,8,1,429.0,429.0
Hiệu quả xe nội tỉnh chiều về,9,NBH,NBHVC,2026-08-09,2026,8,9,43444.68,59660.0
Hiệu quả xe nội tỉnh chiều về,9,NBH,NBHVC,2026-08-02,2026,8,2,64110.86,138960.0
Hiệu quả xe liên miền,18,LDG,LDGVC,2026-08-08,2026,8,8,35350.399999999994,50000.0
Thời gian chờ nhập,4,DLK,DLKVC1,2026-08-02,2026,8,2,622.35,43.0
Tỷ lệ nhập đúng tải kiện 12.5s,5,DTP,DTPVC,2026-08-14,2026,8,14,16451.0,16636.0
Hiệu quả xe nội tỉnh chiều đi,8,NAN,NANVC,2026-08-11,2026,8,11,62524.39,86830.0
Hiệu quả xe nội tỉnh chiều đi,8,QNI,QNIVC,2026-08-12,2026,8,12,35791.67,41290.0
Hiệu quả xe nội tỉnh chiều đi,8,VLG,VLGVC,2026-08-07,2026,8,7,42668.07,77000.0
Hiệu quả xe nội tỉnh chiều đi,8,VLG,VLGVC,2026-08-15,2026,8,15,51247.47,78900.0
Thời gian chờ nhập,4,LCI,LCIVC,2026-08-11,2026,8,11,493.55,17.0
Thời gian chờ nhập,4,HNI,HNVC,2026-08-13,2026,8,13,1329.3166666666666,113.0
Hiệu quả xe nội tỉnh chiều đi,8,CMU,CMUVC,2026-08-07,2026,8,7,48108.75,62950.0
Hiệu quả kết nối nội tỉnh,7,HPG,HPGVC,2026-08-13,2026,8,13,210408.07,2547.0
Tỷ lệ nhập đúng tải kiện 12.5s,5,HCM,HCMVC,2026-08-01,2026,8,1,33475.0,36874.0
Tỷ lệ xuất sạch,3,SLA,SLAVC,2026-08-06,2026,8,6,581.0,582.0
Hiệu quả xe liên miền,18,DLK,DLKVC1,2026-07-31,2026,7,31,18420.93,26000.0
Hiệu quả xe nội tỉnh chiều đi,8,DTP,DTPVC,2026-08-02,2026,8,2,80076.59,92350.0
Hiệu quả xe nội miền chiều về,16,LDG,LDGVC,2026-08-16,2026,8,16,3259.39,5000.0
Hiệu quả kết nối nội miền,17,PHO,PHOVC,2026-07-31,2026,7,31,7920.4400000000005,150.0
Thời gian chờ nhập,4,TNH,TNHVC,2026-08-10,2026,8,10,753.5166666666667,58.0
Hiệu quả xe liên miền,18,HYN,HYNVC,2026-08-05,2026,8,5,4115.08,8000.0
Hiệu quả kết nối nội tỉnh,7,LSN,LSNVC,2026-08-06,2026,8,6,26619.4,592.0
Tỷ lệ xuất sạch,3,HPG,HPGVC,2026-08-01,2026,8,1,55996.0,58712.0
Tỷ lệ nhập đúng tải kiện 12.5s,5,SLA,SLAVC,2026-08-08,2026,8,8,159.0,163.0
Hiệu quả xe nội tỉnh chiều về,9,HNI,HNVC,2026-08-01,2026,8,1,340467.08999999997,600800.0
Tỷ lệ nhập đúng tải kiện 12.5s,5,LCI,LCIVC,2026-08-13,2026,8,13,5152.0,6662.0
Hiệu quả xe nội tỉnh chiều đi,8,LCI,LCIVC,2026-08-08,2026,8,8,37574.91,34500.0
Thời gian chờ nhập,4,CMU,CMUVC,2026-08-02,2026,8,2,386.1,20.0
Tỷ lệ xuất sạch,3,HYN,HYNVC,2026-08-15,2026,8,15,49645.0,51186.0
Hiệu quả xe nội tỉnh chiều đi,8,KHA,KHAVC,2026-08-09,2026,8,9,66056.71,69250.0
Tỷ lệ kết nối đúng giờ,10,TNH,TNHVC,2026-08-14,2026,8,14,222.0,227.0
Tỷ lệ kết nối đúng giờ,10,HTH,HTHVC,2026-08-05,2026,8,5,70.0,72.0
Thời gian chờ nhập,4,TNH,TNHVC,2026-08-15,2026,8,15,1443.5,68.0
Hiệu quả xe nội tỉnh chiều về,9,QNH,QNHVC,2026-08-04,2026,8,4,22130.91,39550.0
Tỷ lệ nhập đúng tải kiện 12.5s,5,DBN,DBNVC,2026-08-08,2026,8,8,653.0,653.0
Thời gian chờ nhập,4,DBN,DBNVC,2026-08-09,2026,8,9,14.583333333333332,3.0
Tỷ lệ kết nối đúng giờ,10,TNN,TNNVC,2026-08-15,2026,8,15,147.0,150.0
Tỷ lệ xuất sạch,3,CTO,CTOVC,2026-08-05,2026,8,5,13444.0,13698.0
Hiệu quả xe nội tỉnh chiều về,9,DNG,DNGVC,2026-08-05,2026,8,5,89703.29999999999,148350.0
Tỷ lệ nhập đúng tải kiện 12.5s,5,THA,THAVC,2026-08-04,2026,8,4,11710.0,12891.0
Hiệu quả kết nối nội tỉnh,7,NBH,NBHVC,2026-08-11,2026,8,11,145034.82,1384.72
Hiệu quả xe nội tỉnh chiều về,9,SLA,SLAVC,2026-08-02,2026,8,2,551.98,900.0
Hiệu quả xe nội tỉnh chiều đi,8,VLG,VLGVC,2026-08-08,2026,8,8,53064.81,78750.0
Hiệu quả xe nội tỉnh chiều về,9,DLK,DLKVC1,2026-08-10,2026,8,10,63852.78,137790.0
Hiệu quả xe nội tỉnh chiều đi,8,HYN,HYNVC,2026-08-10,2026,8,10,123614.12000000001,160250.0
Hiệu quả kết nối nội tỉnh,7,LSN,LSNVC,2026-08-17,2026,8,17,19214.31,508.0
Hiệu quả xe nội tỉnh chiều về,9,SLA,SLAVC,2026-08-06,2026,8,6,128.0,900.0
Tỷ lệ nhập đúng tải kiện 12.5s,5,VLG,VLGVC,2026-08-04,2026,8,4,18942.0,19727.0
Hiệu quả xe nội tỉnh chiều đi,8,HCM,HCMVC,2026-08-05,2026,8,5,115076.45999999999,142500.0
Hiệu quả kết nối nội tỉnh,7,CMU,CMUVC,2026-08-01,2026,8,1,72923.86,2232.0
Hiệu quả kết nối nội miền,17,HCM,HCMVC,2026-08-02,2026,8,2,4678.66,371.0
Tỷ lệ xuất sạch,3,LCU,LCUVC,2026-08-14,2026,8,14,534.0,578.0
Thời gian chờ nhập,4,TNH,TNHVC,2026-08-09,2026,8,9,480.9666666666667,50.0
Hiệu quả xe nội tỉnh chiều đi,8,SLA,SLAVC,2026-08-08,2026,8,8,1079.72,900.0
Tỷ lệ xuất sạch,3,HPG,HPGVC,2026-08-04,2026,8,4,75891.0,77520.0
Tỷ lệ kết nối đúng giờ,10,GLI,GLIVC1,2026-08-07,2026,8,7,225.0,251.0
Tỷ lệ nhập đúng tải kiện 12.5s,5,VLG,VLGVC,2026-08-14,2026,8,14,17817.0,18339.0
Hiệu quả xe nội miền chiều đi,15,TNH,TNHVC,2026-08-13,2026,8,13,2111.38,5100.0
Hiệu quả xe liên miền,18,THA,THAVC,2026-08-02,2026,8,2,14373.46,16000.0
Tỷ lệ kết nối đúng giờ,10,CMU,CMUVC,2026-08-02,2026,8,2,44.0,44.0
Tỷ lệ kết nối đúng giờ,10,BNH,BNHVC,2026-08-11,2026,8,11,397.0,399.0
Hiệu quả xe nội tỉnh chiều đi,8,QTI,QTIVC,2026-08-11,2026,8,11,33510.399999999994,40690.0
Hiệu quả kết nối nội tỉnh,7,VLG,VLGVC,2026-08-08,2026,8,8,83063.06,1762.3999999999999
Hiệu quả xe nội tỉnh chiều đi,8,LSN,LSNVC,2026-08-10,2026,8,10,12302.74,15750.0
Hiệu quả xe nội tỉnh chiều đi,8,SLA,SLAVC,2026-08-12,2026,8,12,1247.67,900.0
Tỷ lệ xuất sạch,3,CMU,CMUVC,2026-08-04,2026,8,4,24396.0,24455.0
Tỷ lệ nhập đúng tải kiện 12.5s,5,DNG,DNGVC,2026-08-08,2026,8,8,6176.0,6396.0
Hiệu quả kết nối nội miền,17,KHA,KHAVC,2026-08-06,2026,8,6,21216.49,2383.0
Tỷ lệ kết nối đúng giờ,10,BNH,BNHVC,2026-08-07,2026,8,7,381.0,384.0
Hiệu quả kết nối nội tỉnh,7,NAN,NANVC,2026-08-15,2026,8,15,115996.83,3463.0
Tỷ lệ nhập đúng tải kiện 12.5s,5,BNH,BNHVC,2026-08-14,2026,8,14,22334.0,23733.0
Tỷ lệ xuất sạch,3,HTH,HTHVC,2026-08-11,2026,8,11,10906.0,11491.0
Tỷ lệ xuất sạch,3,HPG,HPGVC,2026-08-15,2026,8,15,62551.0,62834.0
Hiệu quả xe nội tỉnh chiều về,9,LDG,LDGVC,2026-08-04,2026,8,4,81978.98,141600.0
Tỷ lệ xuất sạch,3,TNH,TNHVC,2026-08-02,2026,8,2,44674.0,47530.0
Tỷ lệ xuất sạch,3,QTI,QTIVC,2026-08-13,2026,8,13,22296.0,22821.0
Thời gian chờ nhập,4,DNG,DNGVC,2026-08-02,2026,8,2,263.43333333333334,15.0
Hiệu quả xe nội tỉnh chiều đi,8,DBN,DBNVC,2026-08-12,2026,8,12,2873.9700000000003,3300.0
Thời gian chờ nhập,4,CMU,CMUVC,2026-08-08,2026,8,8,206.06666666666666,28.0
Hiệu quả xe nội tỉnh chiều đi,8,LCI,LCIVC,2026-08-14,2026,8,14,34529.69,32650.0
Hiệu quả kết nối nội tỉnh,7,VLG,VLGVC,2026-08-11,2026,8,11,76395.18,1762.3999999999999
Hiệu quả xe nội tỉnh chiều đi,8,DLK,DLKVC1,2026-08-11,2026,8,11,77027.72,129940.0
Thời gian chờ nhập,4,VLG,VLGVC,2026-08-03,2026,8,3,554.65,46.0
Hiệu quả kết nối nội tỉnh,7,DNG,DNGVC,2026-08-02,2026,8,2,120510.25,2864.0
Tỷ lệ xuất sạch,3,LCU,LCUVC,2026-08-05,2026,8,5,698.0,726.0
Tỷ lệ xuất sạch,3,LSN,LSNVC,2026-08-13,2026,8,13,7766.0,7793.0
Hiệu quả xe liên miền,18,DNI,DNIVC,2026-08-04,2026,8,4,7844.82,8000.0
Hiệu quả xe nội tỉnh chiều về,9,NAN,NANVC,2026-08-11,2026,8,11,40531.47,70630.0
Thời gian chờ nhập,4,DTP,DTPVC,2026-08-07,2026,8,7,411.01666666666665,45.0
Hiệu quả kết nối nội tỉnh,7,DTP,DTPVC,2026-08-09,2026,8,9,128957.25,2113.8
Hiệu quả xe nội miền chiều về,16,HYN,HYNVC,2026-08-12,2026,8,12,8995.21,5100.0
Hiệu quả xe nội tỉnh chiều về,9,VLG,VLGVC,2026-08-04,2026,8,4,69755.58,145750.0
Thời gian chờ nhập,4,CTO,CTOVC,2026-08-14,2026,8,14,48.08333333333333,13.0
Hiệu quả kết nối nội tỉnh,7,SLA,SLAVC,2026-08-02,2026,8,2,1774.83,82.0
Hiệu quả xe nội tỉnh chiều về,9,QNH,QNHVC,2026-08-05,2026,8,5,23016.309999999998,46350.0
Tỷ lệ kết nối đúng giờ,10,THA,THAVC,2026-08-12,2026,8,12,230.0,240.0
Hiệu quả xe nội tỉnh chiều đi,8,NAN,NANVC,2026-08-10,2026,8,10,65535.58,84930.0
Hiệu quả kết nối nội miền,17,LDG,LDGVC,2026-08-03,2026,8,3,2774.31,462.0
Hiệu quả kết nối nội miền,17,GLI,GLIVC1,2026-08-01,2026,8,1,3883.57,442.0
Hiệu quả xe nội tỉnh chiều về,9,BNH,BNHVC,2026-08-13,2026,8,13,62876.27,86250.0
Tỷ lệ nhập đúng tải kiện 12.5s,5,TNH,TNHVC,2026-08-14,2026,8,14,17907.0,19921.0
Hiệu quả kết nối nội tỉnh,7,TNN,TNNVC,2026-07-31,2026,7,31,4525.29,64.0
Hiệu quả xe nội miền chiều về,16,GLI,GLIVC1,2026-08-16,2026,8,16,2657.57,1900.0
Hiệu quả xe liên miền,18,LDG,LDGVC,2026-08-09,2026,8,9,21457.86,42000.0
Hiệu quả kết nối nội tỉnh,7,NAN,NANVC,2026-08-03,2026,8,3,91090.72,3327.0
Hiệu quả kết nối nội tỉnh,7,PHO,PHOVC,2026-08-16,2026,8,16,208459.56,3129.0
Thời gian chờ nhập,4,LDG,LDGVC,2026-08-02,2026,8,2,1102.4666666666667,68.0
Hiệu quả kết nối nội tỉnh,7,CTO,CTOVC,2026-08-01,2026,8,1,164243.98,3424.0
Thời gian chờ nhập,4,THA,THAVC,2026-08-02,2026,8,2,652.45,29.0
Hiệu quả kết nối nội tỉnh,7,KHA,KHAVC,2026-08-14,2026,8,14,106039.82999999999,2013.0
Thời gian chờ nhập,4,NAN,NANVC,2026-08-07,2026,8,7,742.05,37.0
Tỷ lệ kết nối đúng giờ,10,CMU,CMUVC,2026-08-01,2026,8,1,75.0,76.0
Tỷ lệ nhập đúng tải kiện 12.5s,5,TNN,TNNVC,2026-08-01,2026,8,1,6973.0,8688.0
Hiệu quả xe nội tỉnh chiều về,9,DLK,DLKVC1,2026-08-07,2026,8,7,63476.75,136140.0
Hiệu quả xe nội tỉnh chiều về,9,QNI,QNIVC,2026-08-12,2026,8,12,26785.91,44590.0
Hiệu quả kết nối nội tỉnh,7,LCI,LCIVC,2026-08-09,2026,8,9,67518.95999999999,1185.0
Hiệu quả xe nội tỉnh chiều về,9,HPG,HPGVC,2026-08-06,2026,8,6,80939.23000000001,162340.0
Thời gian chờ nhập,4,DTP,DTPVC,2026-08-11,2026,8,11,162.06666666666666,43.0
Tỷ lệ xuất sạch,3,HNI,HNVC,2026-08-04,2026,8,4,179639.0,181300.0
Hiệu quả xe liên miền,18,DNI,DNIVC,2026-08-13,2026,8,13,7640.35,8000.0
Hiệu quả xe nội tỉnh chiều đi,8,BNH,BNHVC,2026-08-09,2026,8,9,56333.77,103000.0
Hiệu quả xe nội tỉnh chiều đi,8,NAN,NANVC,2026-08-14,2026,8,14,76331.21,90580.0
Tỷ lệ xuất sạch,3,LSN,LSNVC,2026-08-07,2026,8,7,9815.0,9828.0
Thời gian chờ nhập,4,TNN,TNNVC,2026-08-13,2026,8,13,165.41666666666669,25.0
Hiệu quả kết nối nội tỉnh,7,HTH,HTHVC,2026-08-12,2026,8,12,30340.61,863.2
Tỷ lệ xuất sạch,3,TNH,TNHVC,2026-08-11,2026,8,11,55600.0,56262.0
Thời gian chờ nhập,4,LSN,LSNVC,2026-08-06,2026,8,6,21.45,6.0
Thời gian chờ nhập,4,HYN,HYNVC,2026-08-14,2026,8,14,249.93333333333334,59.0
Thời gian chờ nhập,4,GLI,GLIVC1,2026-07-31,2026,7,31,156.28333333333333,1.0
Thời gian chờ nhập,4,LCU,LCUVC,2026-08-02,2026,8,2,5.9,2.0
Hiệu quả xe nội tỉnh chiều về,9,THA,THAVC,2026-08-14,2026,8,14,69258.53,139500.0
Hiệu quả kết nối nội tỉnh,7,NAN,NANVC,2026-08-16,2026,8,16,108168.63,3213.0
Tỷ lệ xuất sạch,3,DNG,DNGVC,2026-08-07,2026,8,7,37084.0,38290.0
Tỷ lệ xuất sạch,3,HUE,HUEVC,2026-08-10,2026,8,10,19099.0,19288.0
Hiệu quả xe nội tỉnh chiều đi,8,TNH,TNHVC,2026-08-01,2026,8,1,109849.38,147400.0
Tỷ lệ kết nối đúng giờ,10,QNH,QNHVC,2026-08-01,2026,8,1,120.0,120.0
Hiệu quả xe nội miền chiều đi,15,TNH,TNHVC,2026-08-05,2026,8,5,4996.95,5100.0
Thời gian chờ nhập,4,VLG,VLGVC,2026-08-13,2026,8,13,629.2333333333333,59.0
Hiệu quả kết nối nội tỉnh,7,PHO,PHOVC,2026-08-13,2026,8,13,244140.69999999998,4114.0
Hiệu quả kết nối nội tỉnh,7,LCI,LCIVC,2026-08-16,2026,8,16,67599.5,1185.0
Hiệu quả xe nội miền chiều về,16,DNI,DNIVC,2026-08-05,2026,8,5,13774.099999999999,21500.0
Hiệu quả xe liên miền,18,HCM,HCMVC,2026-08-07,2026,8,7,7017.41,8000.0
Hiệu quả xe nội tỉnh chiều về,9,QTI,QTIVC,2026-08-04,2026,8,4,24187.3,38160.0
Hiệu quả kết nối nội tỉnh,7,DNG,DNGVC,2026-08-10,2026,8,10,205404.26,3499.0
Hiệu quả xe nội tỉnh chiều đi,8,DLK,DLKVC1,2026-08-05,2026,8,5,85870.1,128590.0
Hiệu quả kết nối nội tỉnh,7,GLI,GLIVC1,2026-08-14,2026,8,14,135497.31,3390.0
Thời gian chờ nhập,4,GLI,GLIVC1,2026-08-03,2026,8,3,1127.5166666666667,40.0
Tỷ lệ nhập đúng tải kiện 12.5s,5,PHO,PHOVC,2026-08-11,2026,8,11,20813.0,21964.0
Tỷ lệ nhập đúng tải kiện 12.5s,5,HYN,HYNVC,2026-08-06,2026,8,6,17242.0,17630.0
Hiệu quả xe nội tỉnh chiều về,9,CTO,CTOVC,2026-08-03,2026,8,3,59995.47,140550.0
Hiệu quả xe nội tỉnh chiều về,9,DNI,DNIVC,2026-08-02,2026,8,2,50782.2,160550.0
Tỷ lệ nhập đúng tải kiện 12.5s,5,TQG,TQGVC,2026-08-14,2026,8,14,3721.0,3727.0
Tỷ lệ nhập đúng tải kiện 12.5s,5,DNI,DNIVC,2026-08-12,2026,8,12,23336.0,24717.0
Tỷ lệ xuất sạch,3,HTH,HTHVC,2026-08-06,2026,8,6,10464.0,11220.0
Hiệu quả kết nối nội tỉnh,7,DBN,DBNVC,2026-08-04,2026,8,4,2548.73,185.0
Hiệu quả xe nội tỉnh chiều về,9,NAN,NANVC,2026-08-09,2026,8,9,30146.38,73980.0
Hiệu quả xe nội tỉnh chiều về,9,BNH,BNHVC,2026-08-02,2026,8,2,41108.42,88050.0
Hiệu quả xe nội tỉnh chiều về,9,PHO,PHOVC,2026-08-06,2026,8,6,117257.44,175300.0
Hiệu quả xe nội miền chiều đi,15,LDG,LDGVC,2026-08-15,2026,8,15,2506.3,5000.0
Thời gian chờ nhập,4,QNH,QNHVC,2026-08-16,2026,8,16,1046.7,22.0
Tỷ lệ kết nối đúng giờ,10,LCI,LCIVC,2026-08-10,2026,8,10,99.0,99.0
Hiệu quả kết nối nội miền,17,HPG,HPGVC,2026-08-01,2026,8,1,4179.95,115.0
Hiệu quả xe nội tỉnh chiều về,9,HUE,HUEVC,2026-08-14,2026,8,14,14892.51,23530.0
Hiệu quả xe nội tỉnh chiều đi,8,LDG,LDGVC,2026-08-04,2026,8,4,121282.82,153900.0
Tỷ lệ xuất sạch,3,QTI,QTIVC,2026-08-05,2026,8,5,19280.0,19901.0
Tỷ lệ xuất sạch,3,SLA,SLAVC,2026-08-12,2026,8,12,522.0,523.0
Hiệu quả xe liên miền,18,TNH,TNHVC,2026-07-26,2026,7,26,7647.12,8000.0
Tỷ lệ nhập đúng tải kiện 12.5s,5,HYN,HYNVC,2026-08-17,2026,8,17,13502.0,13901.0
Tỷ lệ xuất sạch,3,LCU,LCUVC,2026-08-12,2026,8,12,582.0,600.0
Tỷ lệ kết nối đúng giờ,10,HNI,HNVC,2026-08-05,2026,8,5,3319.0,3556.0
Hiệu quả xe nội tỉnh chiều đi,8,DNI,DNIVC,2026-08-03,2026,8,3,42858.78,51700.0
Hiệu quả kết nối nội tỉnh,7,HYN,HYNVC,2026-08-08,2026,8,8,290748.58,2374.0
Hiệu quả kết nối nội tỉnh,7,THA,THAVC,2026-08-02,2026,8,2,145126.95,4116.0
Hiệu quả xe nội tỉnh chiều đi,8,KHA,KHAVC,2026-08-11,2026,8,11,56924.329999999994,69000.0
Hiệu quả xe nội tỉnh chiều về,9,CTO,CTOVC,2026-08-13,2026,8,13,69236.58,147700.0
Hiệu quả xe nội miền chiều về,16,LDG,LDGVC,2026-08-15,2026,8,15,3272.75,5000.0
Hiệu quả xe nội tỉnh chiều về,9,KHA,KHAVC,2026-08-15,2026,8,15,30016.629999999997,72550.0
Hiệu quả kết nối nội tỉnh,7,HTH,HTHVC,2026-08-04,2026,8,4,27426.04,904.8
Hiệu quả kết nối nội tỉnh,7,PHO,PHOVC,2026-08-12,2026,8,12,273292.46,4231.0
Tỷ lệ nhập đúng tải kiện 12.5s,5,CTO,CTOVC,2026-08-12,2026,8,12,6190.0,6190.0
Thời gian chờ nhập,4,BNH,BNHVC,2026-08-12,2026,8,12,2835.85,63.0
Thời gian chờ nhập,4,AGG,AGGVC,2026-08-12,2026,8,12,601.9499999999999,48.0
Hiệu quả xe nội miền chiều về,16,GLI,GLIVC1,2026-08-17,2026,8,17,1378.39,1900.0
Hiệu quả kết nối nội tỉnh,7,BNH,BNHVC,2026-08-08,2026,8,8,182899.32,2807.0
Tỷ lệ xuất sạch,3,TQG,TQGVC,2026-08-01,2026,8,1,6420.0,7232.0
Tỷ lệ nhập đúng tải kiện 12.5s,5,DNI,DNIVC,2026-08-10,2026,8,10,21917.0,22561.0
Hiệu quả xe nội tỉnh chiều về,9,HCM,HCMVC,2026-08-12,2026,8,12,115158.34,181100.0
Hiệu quả kết nối nội tỉnh,7,NBH,NBHVC,2026-08-03,2026,8,3,200706.94,3370.8199999999997
Hiệu quả kết nối nội tỉnh,7,CTO,CTOVC,2026-08-05,2026,8,5,164931.51,3414.0
Hiệu quả kết nối nội tỉnh,7,VLG,VLGVC,2026-08-09,2026,8,9,61314.12,1034.4
Tỷ lệ xuất sạch,3,AGG,AGGVC,2026-08-13,2026,8,13,46285.0,48539.0
Hiệu quả xe liên miền,18,THA,THAVC,2026-07-29,2026,7,29,14972.130000000001,16000.0
Hiệu quả kết nối nội tỉnh,7,AGG,AGGVC,2026-08-07,2026,8,7,155813.16999999998,3950.0
Thời gian chờ nhập,4,CTO,CTOVC,2026-08-01,2026,8,1,127.46666666666667,16.0
Hiệu quả kết nối nội miền,17,LDG,LDGVC,2026-08-02,2026,8,2,4348.84,462.0
Hiệu quả kết nối nội tỉnh,7,LCI,LCIVC,2026-08-07,2026,8,7,81405.69,1309.0
Tỷ lệ nhập đúng tải kiện 12.5s,5,VLG,VLGVC,2026-08-03,2026,8,3,16390.0,17941.0
Hiệu quả xe nội tỉnh chiều đi,8,CTO,CTOVC,2026-08-03,2026,8,3,86082.97,148050.0
Tỷ lệ nhập đúng tải kiện 12.5s,5,TNH,TNHVC,2026-08-10,2026,8,10,15919.0,17462.0
Tỷ lệ kết nối đúng giờ,10,LCI,LCIVC,2026-08-12,2026,8,12,99.0,99.0
Hiệu quả xe nội tỉnh chiều đi,8,DBN,DBNVC,2026-08-04,2026,8,4,2446.12,3300.0
Tỷ lệ kết nối đúng giờ,10,KHA,KHAVC,2026-08-14,2026,8,14,197.0,201.0
Thời gian chờ nhập,4,KHA,KHAVC,2026-08-02,2026,8,2,915.9666666666666,39.0
Thời gian chờ nhập,4,QTI,QTIVC,2026-08-16,2026,8,16,223.68333333333334,31.0
Hiệu quả kết nối nội tỉnh,7,DBN,DBNVC,2026-08-17,2026,8,17,1468.13,179.0
Tỷ lệ kết nối đúng giờ,10,DNG,DNGVC,2026-08-17,2026,8,17,346.0,351.0
Thời gian chờ nhập,4,QTI,QTIVC,2026-08-14,2026,8,14,341.33333333333337,36.0
Tỷ lệ kết nối đúng giờ,10,DNG,DNGVC,2026-08-15,2026,8,15,336.0,350.0
Hiệu quả xe nội tỉnh chiều đi,8,THA,THAVC,2026-08-08,2026,8,8,86825.49,159000.0
Hiệu quả xe nội tỉnh chiều đi,8,SLA,SLAVC,2026-08-09,2026,8,9,1110.99,900.0
Hiệu quả kết nối nội tỉnh,7,DLK,DLKVC1,2026-08-12,2026,8,12,146158.58000000002,3558.0
Tỷ lệ xuất sạch,3,QTI,QTIVC,2026-08-02,2026,8,2,15926.0,16610.0
Tỷ lệ xuất sạch,3,LCI,LCIVC,2026-08-10,2026,8,10,12098.0,14976.0
Hiệu quả kết nối nội miền,17,TNH,TNHVC,2026-08-02,2026,8,2,4406.67,268.0
Tỷ lệ nhập đúng tải kiện 12.5s,5,NAN,NANVC,2026-08-10,2026,8,10,8703.0,8877.0
Tỷ lệ kết nối đúng giờ,10,VLG,VLGVC,2026-08-02,2026,8,2,142.0,144.0
Hiệu quả kết nối nội tỉnh,7,QNH,QNHVC,2026-08-09,2026,8,9,49035.13,1279.0
Hiệu quả kết nối nội tỉnh,7,DLK,DLKVC1,2026-08-01,2026,8,1,150748.33,3531.0
Hiệu quả xe nội tỉnh chiều đi,8,DNG,DNGVC,2026-08-12,2026,8,12,148121.42,108750.0
Hiệu quả xe nội tỉnh chiều về,9,CMU,CMUVC,2026-08-06,2026,8,6,21963.04,65850.0
Hiệu quả xe liên miền,18,LDG,LDGVC,2026-08-14,2026,8,14,27374.65,37000.0
Hiệu quả xe nội tỉnh chiều đi,8,PHO,PHOVC,2026-08-11,2026,8,11,119390.37000000001,180650.0
Hiệu quả kết nối nội tỉnh,7,LCI,LCIVC,2026-08-06,2026,8,6,71220.09,1309.0
Hiệu quả xe nội tỉnh chiều về,9,DLK,DLKVC1,2026-08-02,2026,8,2,45374.23,109740.0
Thời gian chờ nhập,4,DNI,DNIVC,2026-08-04,2026,8,4,309.7,77.0
Hiệu quả xe nội tỉnh chiều về,9,TNN,TNNVC,2026-08-03,2026,8,3,34071.5,63490.0
Tỷ lệ nhập đúng tải kiện 12.5s,5,TQG,TQGVC,2026-08-13,2026,8,13,4189.0,4216.0
Hiệu quả xe nội tỉnh chiều đi,8,HCM,HCMVC,2026-08-06,2026,8,6,114414.44,145850.0
Thời gian chờ nhập,4,HNI,HNVC,2026-08-06,2026,8,6,1905.4833333333333,131.0
Tỷ lệ kết nối đúng giờ,10,QTI,QTIVC,2026-08-14,2026,8,14,170.0,178.0
Tỷ lệ nhập đúng tải kiện 12.5s,5,DLK,DLKVC1,2026-08-02,2026,8,2,9923.0,12406.0
Thời gian chờ nhập,4,LDG,LDGVC,2026-08-09,2026,8,9,1507.0666666666666,73.0
Thời gian chờ nhập,4,HUE,HUEVC,2026-08-11,2026,8,11,455.71666666666664,21.0
Tỷ lệ xuất sạch,3,CMU,CMUVC,2026-08-01,2026,8,1,26901.0,29430.0
Tỷ lệ kết nối đúng giờ,10,SLA,SLAVC,2026-08-14,2026,8,14,3.0,4.0
Hiệu quả xe nội miền chiều đi,15,PHO,PHOVC,2026-08-08,2026,8,8,21832.02,25700.0
Thời gian chờ nhập,4,LDG,LDGVC,2026-08-17,2026,8,17,1375.6333333333334,69.0
Hiệu quả kết nối nội tỉnh,7,TQG,TQGVC,2026-08-16,2026,8,16,20316.55,1000.0
Thời gian chờ nhập,4,QNH,QNHVC,2026-08-12,2026,8,12,1167.6333333333334,26.0
Hiệu quả xe nội tỉnh chiều đi,8,TNH,TNHVC,2026-08-08,2026,8,8,44413.28,61550.0
Tỷ lệ xuất sạch,3,TQG,TQGVC,2026-08-11,2026,8,11,7586.0,8284.0
Tỷ lệ xuất sạch,3,CMU,CMUVC,2026-08-13,2026,8,13,28056.0,28663.0
Hiệu quả kết nối nội tỉnh,7,DLK,DLKVC1,2026-08-10,2026,8,10,161313.53,3568.0
Tỷ lệ xuất sạch,3,GLI,GLIVC1,2026-08-06,2026,8,6,34722.0,35743.0
Tỷ lệ kết nối đúng giờ,10,HPG,HPGVC,2026-08-03,2026,8,3,307.0,308.0
Thời gian chờ nhập,4,AGG,AGGVC,2026-08-01,2026,8,1,320.3666666666667,45.0
Thời gian chờ nhập,4,LCI,LCIVC,2026-08-15,2026,8,15,411.9666666666667,16.0
Tỷ lệ kết nối đúng giờ,10,DNG,DNGVC,2026-08-02,2026,8,2,225.0,233.0
Hiệu quả kết nối nội tỉnh,7,HNI,HNVC,2026-08-06,2026,8,6,499285.51,10917.3
Hiệu quả xe nội tỉnh chiều về,9,LDG,LDGVC,2026-08-17,2026,8,17,36348.96,71750.0
Hiệu quả xe liên miền,18,KHA,KHAVC,2026-08-01,2026,8,1,17191.83,21000.0
Hiệu quả xe nội miền chiều đi,15,TNH,TNHVC,2026-08-09,2026,8,9,2923.48,5100.0
Hiệu quả kết nối nội tỉnh,7,CMU,CMUVC,2026-08-15,2026,8,15,71931.47,2232.0
Hiệu quả xe nội tỉnh chiều đi,8,HTH,HTHVC,2026-08-09,2026,8,9,16163.939999999999,23400.0
Tỷ lệ xuất sạch,3,NBH,NBHVC,2026-08-03,2026,8,3,56490.0,56922.0
Hiệu quả kết nối nội tỉnh,7,DNG,DNGVC,2026-08-13,2026,8,13,216001.47,3652.0
Thời gian chờ nhập,4,LCU,LCUVC,2026-08-06,2026,8,6,3.566666666666667,2.0
Hiệu quả kết nối nội tỉnh,7,TQG,TQGVC,2026-08-08,2026,8,8,21047.31,1141.0
Thời gian chờ nhập,4,DTP,DTPVC,2026-08-13,2026,8,13,219.06666666666666,46.0
Thời gian chờ nhập,4,LDG,LDGVC,2026-07-31,2026,7,31,30.083333333333332,5.0
Hiệu quả xe nội tỉnh chiều về,9,BNH,BNHVC,2026-08-16,2026,8,16,49765.82,77850.0
Hiệu quả xe nội tỉnh chiều đi,8,NBH,NBHVC,2026-08-08,2026,8,8,65056.09,86630.0
Tỷ lệ kết nối đúng giờ,10,LSN,LSNVC,2026-08-01,2026,8,1,23.0,23.0
Tỷ lệ kết nối đúng giờ,10,HNI,HNVC,2026-08-06,2026,8,6,3343.0,3559.0
Hiệu quả kết nối nội miền,17,DNI,DNIVC,2026-08-04,2026,8,4,32098.039999999997,523.0
Thời gian chờ nhập,4,TNH,TNHVC,2026-08-03,2026,8,3,595.9333333333334,56.0
Hiệu quả xe nội tỉnh chiều về,9,NAN,NANVC,2026-08-05,2026,8,5,39337.87,67980.0
Hiệu quả kết nối nội miền,17,HCM,HCMVC,2026-08-14,2026,8,14,58821.18,1537.0
Tỷ lệ kết nối đúng giờ,10,DNG,DNGVC,2026-08-13,2026,8,13,350.0,356.0
Tỷ lệ xuất sạch,3,LCI,LCIVC,2026-08-15,2026,8,15,18397.0,18707.0
Hiệu quả xe liên miền,18,GLI,GLIVC1,2026-08-15,2026,8,15,12333.150000000001,21000.0
Hiệu quả xe nội tỉnh chiều đi,8,CMU,CMUVC,2026-08-02,2026,8,2,30595.579999999998,32100.0
Hiệu quả xe liên miền,18,KHA,KHAVC,2026-08-03,2026,8,3,15460.64,21000.0
Thời gian chờ nhập,4,PHO,PHOVC,2026-08-17,2026,8,17,680.5333333333333,48.0
Hiệu quả kết nối nội miền,17,QNI,QNIVC,2026-08-14,2026,8,14,8392.79,498.0
Tỷ lệ nhập đúng tải kiện 12.5s,5,HPG,HPGVC,2026-08-02,2026,8,2,14017.0,14218.0
Hiệu quả xe nội miền chiều đi,15,GLI,GLIVC1,2026-08-05,2026,8,5,1424.89,1900.0
Tỷ lệ nhập đúng tải kiện 12.5s,5,LDG,LDGVC,2026-08-01,2026,8,1,17468.0,21302.0
Hiệu quả kết nối nội tỉnh,7,HCM,HCMVC,2026-08-15,2026,8,15,231180.63,2884.1
Tỷ lệ kết nối đúng giờ,10,DNI,DNIVC,2026-08-07,2026,8,7,524.0,539.0
Tỷ lệ xuất sạch,3,DNI,DNIVC,2026-08-04,2026,8,4,110894.0,111642.0
Hiệu quả kết nối nội tỉnh,7,LDG,LDGVC,2026-08-02,2026,8,2,170613.93,5016.0
Hiệu quả xe liên miền,18,DNI,DNIVC,2026-08-08,2026,8,8,8122.18,8000.0
Hiệu quả kết nối nội tỉnh,7,HTH,HTHVC,2026-08-02,2026,8,2,23560.73,556.5
Hiệu quả kết nối nội miền,17,DNI,DNIVC,2026-08-06,2026,8,6,34211.88,425.0
Hiệu quả xe nội tỉnh chiều đi,8,KHA,KHAVC,2026-08-10,2026,8,10,59177.34,69000.0
Hiệu quả kết nối nội tỉnh,7,TQG,TQGVC,2026-08-02,2026,8,2,19732.98,1000.0
Hiệu quả xe nội tỉnh chiều về,9,THA,THAVC,2026-08-16,2026,8,16,55996.270000000004,131800.0
Hiệu quả kết nối nội tỉnh,7,KHA,KHAVC,2026-08-15,2026,8,15,94170.72,1994.0
Hiệu quả kết nối nội tỉnh,7,AGG,AGGVC,2026-08-02,2026,8,2,120282.53,2630.0
Thời gian chờ nhập,4,BNH,BNHVC,2026-08-06,2026,8,6,854.9166666666666,57.0
Thời gian chờ nhập,4,HYN,HYNVC,2026-08-17,2026,8,17,234.85,51.0
Hiệu quả xe liên miền,18,THA,THAVC,2026-08-01,2026,8,1,30280.21,32000.0
Hiệu quả xe nội tỉnh chiều đi,8,DLK,DLKVC1,2026-08-07,2026,8,7,88990.51000000001,133240.0
Tỷ lệ nhập đúng tải kiện 12.5s,5,QNH,QNHVC,2026-08-04,2026,8,4,7424.0,9217.0
Tỷ lệ xuất sạch,3,NAN,NANVC,2026-08-01,2026,8,1,35286.0,36484.0
Thời gian chờ nhập,4,DLK,DLKVC1,2026-08-14,2026,8,14,1008.6,51.0
Hiệu quả xe nội tỉnh chiều đi,8,HYN,HYNVC,2026-08-09,2026,8,9,89277.93,92000.0
Hiệu quả xe nội miền chiều đi,15,PHO,PHOVC,2026-08-16,2026,8,16,10970.53,10300.0
Tỷ lệ xuất sạch,3,GLI,GLIVC1,2026-08-03,2026,8,3,30575.0,31272.0
Tỷ lệ xuất sạch,3,LCU,LCUVC,2026-08-07,2026,8,7,352.0,550.0
Hiệu quả kết nối nội miền,17,HPG,HPGVC,2026-08-14,2026,8,14,834.83,115.0
Tỷ lệ nhập đúng tải kiện 12.5s,5,BNH,BNHVC,2026-08-07,2026,8,7,19524.0,23922.0
Hiệu quả xe nội miền chiều đi,15,LDG,LDGVC,2026-08-10,2026,8,10,1605.53,5000.0
Hiệu quả kết nối nội miền,17,DNI,DNIVC,2026-08-05,2026,8,5,27345.17,474.0
Thời gian chờ nhập,4,NBH,NBHVC,2026-08-12,2026,8,12,623.5333333333333,54.0
Hiệu quả xe nội tỉnh chiều về,9,NAN,NANVC,2026-08-04,2026,8,4,38008.08,78980.0
Hiệu quả xe nội tỉnh chiều về,9,DNG,DNGVC,2026-08-13,2026,8,13,81863.47,138800.0
Thời gian chờ nhập,4,CTO,CTOVC,2026-08-10,2026,8,10,45.1,14.0
Tỷ lệ kết nối đúng giờ,10,HUE,HUEVC,2026-08-03,2026,8,3,78.0,80.0
Hiệu quả xe nội tỉnh chiều đi,8,VLG,VLGVC,2026-08-09,2026,8,9,39035.21,46950.0
Tỷ lệ kết nối đúng giờ,10,HCM,HCMVC,2026-08-06,2026,8,6,3248.0,3289.0
Hiệu quả xe liên miền,18,LDG,LDGVC,2026-08-01,2026,8,1,37910.89,30700.0
Hiệu quả xe nội tỉnh chiều về,9,PHO,PHOVC,2026-07-31,2026,7,31,9285.35,8400.0
Hiệu quả kết nối nội tỉnh,7,GLI,GLIVC1,2026-08-15,2026,8,15,135738.26,3596.0
Tỷ lệ kết nối đúng giờ,10,HCM,HCMVC,2026-08-13,2026,8,13,3235.0,3279.0
Hiệu quả xe nội tỉnh chiều đi,8,QNI,QNIVC,2026-08-09,2026,8,9,42153.19,41290.0
Tỷ lệ kết nối đúng giờ,10,LCI,LCIVC,2026-08-01,2026,8,1,99.0,99.0
Hiệu quả kết nối nội tỉnh,7,DNG,DNGVC,2026-08-16,2026,8,16,133963.96,2736.0
Thời gian chờ nhập,4,TNH,TNHVC,2026-08-08,2026,8,8,1089.5333333333333,67.0
Hiệu quả xe nội tỉnh chiều đi,8,QNH,QNHVC,2026-08-02,2026,8,2,33104.25,28000.0
Tỷ lệ xuất sạch,3,THA,THAVC,2026-08-11,2026,8,11,48528.0,52295.0
Tỷ lệ xuất sạch,3,LDG,LDGVC,2026-08-03,2026,8,3,43665.0,49503.0
Tỷ lệ kết nối đúng giờ,10,THA,THAVC,2026-08-17,2026,8,17,238.0,240.0
Tỷ lệ kết nối đúng giờ,10,DTP,DTPVC,2026-07-31,2026,7,31,6.0,6.0
Tỷ lệ kết nối đúng giờ,10,CTO,CTOVC,2026-08-10,2026,8,10,261.0,264.0
Hiệu quả xe nội tỉnh chiều về,9,HNI,HNVC,2026-08-15,2026,8,15,342173.22000000003,607300.0
Hiệu quả xe nội tỉnh chiều về,9,NBH,NBHVC,2026-08-13,2026,8,13,63331.0,101860.0
Hiệu quả xe nội tỉnh chiều đi,8,VLG,VLGVC,2026-08-01,2026,8,1,99581.42000000001,133500.0
Hiệu quả xe nội tỉnh chiều đi,8,DLK,DLKVC1,2026-08-09,2026,8,9,92284.39000000001,121940.0
Thời gian chờ nhập,4,TQG,TQGVC,2026-08-02,2026,8,2,47.93333333333334,11.0
Thời gian chờ nhập,4,DLK,DLKVC1,2026-08-15,2026,8,15,1097.8,54.0
Thời gian chờ nhập,4,LDG,LDGVC,2026-08-14,2026,8,14,1937.6833333333334,64.0
Hiệu quả kết nối nội tỉnh,7,HNI,HNVC,2026-08-08,2026,8,8,471568.26,10945.2
Tỷ lệ xuất sạch,3,DLK,DLKVC1,2026-08-02,2026,8,2,31206.0,32612.0
Tỷ lệ kết nối đúng giờ,10,DNI,DNIVC,2026-08-11,2026,8,11,523.0,532.0
Hiệu quả kết nối nội miền,17,VLG,VLGVC,2026-08-09,2026,8,9,12893.17,486.0
Hiệu quả xe nội tỉnh chiều về,9,PHO,PHOVC,2026-08-09,2026,8,9,91252.64,166100.0
Hiệu quả xe nội miền chiều đi,15,HCM,HCMVC,2026-08-01,2026,8,1,27742.15,34200.0
Hiệu quả xe nội tỉnh chiều về,9,DBN,DBNVC,2026-08-05,2026,8,5,75.48,1650.0
Hiệu quả xe nội tỉnh chiều về,9,HUE,HUEVC,2026-08-01,2026,8,1,18853.93,29430.0
Hiệu quả xe nội tỉnh chiều đi,8,HUE,HUEVC,2026-08-16,2026,8,16,29037.73,31580.0
Hiệu quả kết nối nội tỉnh,7,LCI,LCIVC,2026-08-05,2026,8,5,73817.63,1309.0
Hiệu quả kết nối nội tỉnh,7,HNI,HNVC,2026-08-09,2026,8,9,284678.39,5249.0
Hiệu quả xe nội tỉnh chiều về,9,DNG,DNGVC,2026-08-02,2026,8,2,40118.73,94600.0
Hiệu quả xe nội tỉnh chiều đi,8,TNN,TNNVC,2026-08-08,2026,8,8,41267.590000000004,61010.0
Hiệu quả kết nối nội tỉnh,7,GLI,GLIVC1,2026-08-13,2026,8,13,129831.36,3502.0
Thời gian chờ nhập,4,KHA,KHAVC,2026-07-31,2026,7,31,78.3,6.0
Tỷ lệ nhập đúng tải kiện 12.5s,5,KHA,KHAVC,2026-08-14,2026,8,14,6501.0,9018.0
Thời gian chờ nhập,4,HCM,HCMVC,2026-07-31,2026,7,31,13.416666666666666,2.0
Hiệu quả xe nội tỉnh chiều đi,8,QNI,QNIVC,2026-08-16,2026,8,16,34989.600000000006,39295.0
Hiệu quả xe nội tỉnh chiều về,9,NBH,NBHVC,2026-08-07,2026,8,7,58980.46000000001,95930.0
Hiệu quả xe nội tỉnh chiều đi,8,CMU,CMUVC,2026-08-15,2026,8,15,52026.31999999999,60050.0
Thời gian chờ nhập,4,QTI,QTIVC,2026-08-13,2026,8,13,210.33333333333331,31.0
Thời gian chờ nhập,4,LSN,LSNVC,2026-08-03,2026,8,3,16.28333333333333,8.0
Hiệu quả xe nội tỉnh chiều đi,8,TNH,TNHVC,2026-08-05,2026,8,5,43118.28,57850.0
Tỷ lệ kết nối đúng giờ,10,AGG,AGGVC,2026-08-04,2026,8,4,186.0,194.0
Hiệu quả kết nối nội tỉnh,7,HUE,HUEVC,2026-08-07,2026,8,7,41338.979999999996,778.0
Hiệu quả xe nội tỉnh chiều đi,8,DTP,DTPVC,2026-08-09,2026,8,9,85549.65,91250.0
Tỷ lệ xuất sạch,3,DTP,DTPVC,2026-08-07,2026,8,7,49901.0,50090.0
Tỷ lệ nhập đúng tải kiện 12.5s,5,HUE,HUEVC,2026-08-04,2026,8,4,4303.0,4372.0
Hiệu quả kết nối nội miền,17,LDG,LDGVC,2026-08-15,2026,8,15,5779.05,462.0
Hiệu quả xe nội tỉnh chiều về,9,QTI,QTIVC,2026-08-13,2026,8,13,24753.43,48260.0
Hiệu quả xe nội miền chiều về,16,LDG,LDGVC,2026-08-01,2026,8,1,3017.28,5000.0
Tỷ lệ xuất sạch,3,LSN,LSNVC,2026-08-12,2026,8,12,7900.0,7915.0
Tỷ lệ xuất sạch,3,QTI,QTIVC,2026-08-17,2026,8,17,37352.0,41314.0
Hiệu quả kết nối nội tỉnh,7,TQG,TQGVC,2026-08-14,2026,8,14,22992.93,1133.0
Hiệu quả xe nội tỉnh chiều về,9,DLK,DLKVC1,2026-08-17,2026,8,17,60109.46,132640.0
Hiệu quả xe nội miền chiều đi,15,KHA,KHAVC,2026-08-13,2026,8,13,10032.740000000002,14500.0
Hiệu quả xe nội tỉnh chiều đi,8,NAN,NANVC,2026-08-12,2026,8,12,75194.7,90830.0
Hiệu quả kết nối nội tỉnh,7,GLI,GLIVC1,2026-08-05,2026,8,5,119129.98000000001,3316.0
Hiệu quả kết nối nội miền,17,HYN,HYNVC,2026-08-04,2026,8,4,14490.41,132.0
Hiệu quả kết nối nội tỉnh,7,LSN,LSNVC,2026-08-13,2026,8,13,27036.65,660.0
Tỷ lệ kết nối đúng giờ,10,QTI,QTIVC,2026-08-09,2026,8,9,114.0,124.0
Tỷ lệ kết nối đúng giờ,10,KHA,KHAVC,2026-08-12,2026,8,12,193.0,196.0
Tỷ lệ kết nối đúng giờ,10,GLI,GLIVC1,2026-08-17,2026,8,17,230.0,243.0
Hiệu quả xe liên miền,18,HCM,HCMVC,2026-08-14,2026,8,14,15980.24,8000.0
Hiệu quả xe nội miền chiều đi,15,VLG,VLGVC,2026-08-14,2026,8,14,17130.32,18500.0
Hiệu quả xe nội miền chiều về,16,HCM,HCMVC,2026-08-16,2026,8,16,1670.82,9650.0
Tỷ lệ kết nối đúng giờ,10,CMU,CMUVC,2026-08-05,2026,8,5,73.0,76.0
Hiệu quả kết nối nội tỉnh,7,HYN,HYNVC,2026-08-17,2026,8,17,190466.02000000002,1233.0
Hiệu quả xe nội tỉnh chiều về,9,HTH,HTHVC,2026-08-09,2026,8,9,6163.73,18250.0
Hiệu quả xe nội tỉnh chiều đi,8,CTO,CTOVC,2026-08-04,2026,8,4,90346.18,146200.0
Tỷ lệ nhập đúng tải kiện 12.5s,5,BNH,BNHVC,2026-08-17,2026,8,17,21030.0,23218.0
Hiệu quả xe nội tỉnh chiều về,9,QTI,QTIVC,2026-08-17,2026,8,17,24639.75,45790.0
Hiệu quả xe nội miền chiều đi,15,HCM,HCMVC,2026-07-31,2026,7,31,16119.63,20500.0
Hiệu quả xe nội tỉnh chiều đi,8,TQG,TQGVC,2026-08-06,2026,8,6,11596.48,12400.0
Hiệu quả xe nội miền chiều đi,15,PHO,PHOVC,2026-08-07,2026,8,7,19415.600000000002,25700.0
Hiệu quả xe nội miền chiều về,16,GLI,GLIVC1,2026-08-06,2026,8,6,2467.94,1900.0
Thời gian chờ nhập,4,HUE,HUEVC,2026-08-14,2026,8,14,639.8833333333333,15.0
Tỷ lệ kết nối đúng giờ,10,LDG,LDGVC,2026-08-17,2026,8,17,296.0,303.0
Hiệu quả xe nội miền chiều về,16,QNI,QNIVC,2026-08-13,2026,8,13,2646.9,3500.0
Thời gian chờ nhập,4,HUE,HUEVC,2026-08-05,2026,8,5,161.21666666666667,18.0
Hiệu quả xe nội tỉnh chiều về,9,DTP,DTPVC,2026-08-16,2026,8,16,50548.42999999999,96600.0
Hiệu quả kết nối nội tỉnh,7,HTH,HTHVC,2026-08-10,2026,8,10,32769.88,863.2
Hiệu quả kết nối nội miền,17,VLG,VLGVC,2026-08-06,2026,8,6,23233.870000000003,825.0
Thời gian chờ nhập,4,DBN,DBNVC,2026-08-17,2026,8,17,9.9,3.0
Thời gian chờ nhập,4,DLK,DLKVC1,2026-08-10,2026,8,10,818.6166666666668,52.0
Tỷ lệ kết nối đúng giờ,10,TNN,TNNVC,2026-08-02,2026,8,2,136.0,137.0
Tỷ lệ nhập đúng tải kiện 12.5s,5,GLI,GLIVC1,2026-08-13,2026,8,13,7135.0,7460.0
Hiệu quả xe nội miền chiều đi,15,HPG,HPGVC,2026-08-11,2026,8,11,1180.03,1900.0
Tỷ lệ kết nối đúng giờ,10,AGG,AGGVC,2026-08-06,2026,8,6,189.0,192.0
Hiệu quả xe nội miền chiều đi,15,TNH,TNHVC,2026-08-04,2026,8,4,895.29,5100.0
Tỷ lệ kết nối đúng giờ,10,QTI,QTIVC,2026-08-07,2026,8,7,153.0,163.0
Hiệu quả kết nối nội tỉnh,7,LDG,LDGVC,2026-07-31,2026,7,31,11862.92,522.0
Tỷ lệ kết nối đúng giờ,10,NAN,NANVC,2026-08-12,2026,8,12,175.0,177.0
Hiệu quả xe nội tỉnh chiều đi,8,THA,THAVC,2026-08-04,2026,8,4,72849.19,139950.0
Tỷ lệ kết nối đúng giờ,10,TQG,TQGVC,2026-08-14,2026,8,14,59.0,59.0
Hiệu quả kết nối nội miền,17,GLI,GLIVC1,2026-08-08,2026,8,8,4521.87,442.0
Tỷ lệ xuất sạch,3,CTO,CTOVC,2026-08-17,2026,8,17,26020.0,26204.0
Hiệu quả xe nội tỉnh chiều đi,8,TQG,TQGVC,2026-08-16,2026,8,16,13503.07,10750.0
Tỷ lệ nhập đúng tải kiện 12.5s,5,HNI,HNVC,2026-08-02,2026,8,2,27880.0,29314.0
Thời gian chờ nhập,4,CMU,CMUVC,2026-08-11,2026,8,11,166.53333333333333,28.0
Hiệu quả kết nối nội tỉnh,7,CMU,CMUVC,2026-08-05,2026,8,5,75167.59,2232.0
Tỷ lệ kết nối đúng giờ,10,NBH,NBHVC,2026-08-16,2026,8,16,279.0,287.0
Tỷ lệ xuất sạch,3,QNH,QNHVC,2026-08-06,2026,8,6,22554.0,25541.0
Hiệu quả xe nội miền chiều về,16,GLI,GLIVC1,2026-08-15,2026,8,15,1976.49,1900.0
Tỷ lệ nhập đúng tải kiện 12.5s,5,KHA,KHAVC,2026-08-02,2026,8,2,6473.0,8687.0
Tỷ lệ nhập đúng tải kiện 12.5s,5,THA,THAVC,2026-08-08,2026,8,8,12685.0,13954.0
Hiệu quả xe nội miền chiều đi,15,VLG,VLGVC,2026-08-15,2026,8,15,13293.43,15000.0
Hiệu quả xe nội miền chiều đi,15,QNI,QNIVC,2026-08-04,2026,8,4,3937.09,3500.0
Hiệu quả kết nối nội tỉnh,7,QTI,QTIVC,2026-08-04,2026,8,4,53248.41,2243.3
Hiệu quả xe nội tỉnh chiều về,9,DTP,DTPVC,2026-08-07,2026,8,7,62951.08,141200.0
Thời gian chờ nhập,4,LCU,LCUVC,2026-08-14,2026,8,14,9.9,3.0
Hiệu quả xe nội tỉnh chiều đi,8,HYN,HYNVC,2026-08-04,2026,8,4,143208.42,160250.0
Hiệu quả kết nối nội miền,17,VLG,VLGVC,2026-08-01,2026,8,1,22677.280000000002,827.0
Tỷ lệ nhập đúng tải kiện 12.5s,5,QNI,QNIVC,2026-08-10,2026,8,10,5396.0,5401.0
Tỷ lệ nhập đúng tải kiện 12.5s,5,LSN,LSNVC,2026-08-11,2026,8,11,2382.0,2382.0
Thời gian chờ nhập,4,TQG,TQGVC,2026-08-05,2026,8,5,316.45000000000005,12.0
Tỷ lệ kết nối đúng giờ,10,HTH,HTHVC,2026-08-17,2026,8,17,79.0,80.0
Hiệu quả xe nội miền chiều đi,15,KHA,KHAVC,2026-08-07,2026,8,7,11615.73,14500.0
Thời gian chờ nhập,4,QNH,QNHVC,2026-08-03,2026,8,3,1816.95,25.0
Tỷ lệ xuất sạch,3,HCM,HCMVC,2026-08-03,2026,8,3,99156.0,100908.0
Tỷ lệ nhập đúng tải kiện 12.5s,5,HTH,HTHVC,2026-08-08,2026,8,8,4173.0,4179.0
Hiệu quả xe nội tỉnh chiều đi,8,TNN,TNNVC,2026-08-14,2026,8,14,50003.52,63490.0
Tỷ lệ kết nối đúng giờ,10,DBN,DBNVC,2026-08-12,2026,8,12,13.0,13.0
Hiệu quả xe nội miền chiều về,16,VLG,VLGVC,2026-08-17,2026,8,17,3430.88,4500.0
Hiệu quả xe liên miền,18,HYN,HYNVC,2026-08-12,2026,8,12,6817.0,8000.0
Thời gian chờ nhập,4,DBN,DBNVC,2026-08-03,2026,8,3,27.833333333333332,4.0
Hiệu quả xe liên miền,18,LDG,LDGVC,2026-08-10,2026,8,10,26386.83,37000.0
Thời gian chờ nhập,4,CTO,CTOVC,2026-08-02,2026,8,2,47.266666666666666,13.0
Thời gian chờ nhập,4,VLG,VLGVC,2026-08-14,2026,8,14,561.9,57.0
Hiệu quả kết nối nội miền,17,HCM,HCMVC,2026-08-16,2026,8,16,1670.82,259.0
Thời gian chờ nhập,4,QNH,QNHVC,2026-08-01,2026,8,1,1269.8333333333333,24.0
Thời gian chờ nhập,4,GLI,GLIVC1,2026-08-08,2026,8,8,2529.333333333333,40.0
Hiệu quả xe nội tỉnh chiều về,9,QTI,QTIVC,2026-08-01,2026,8,1,24227.09,46110.0
Hiệu quả kết nối nội tỉnh,7,CTO,CTOVC,2026-08-17,2026,8,17,149061.37,3469.0
Tỷ lệ nhập đúng tải kiện 12.5s,5,DTP,DTPVC,2026-08-02,2026,8,2,12187.0,12218.0
Tỷ lệ kết nối đúng giờ,10,NAN,NANVC,2026-08-14,2026,8,14,177.0,178.0
Tỷ lệ kết nối đúng giờ,10,DTP,DTPVC,2026-08-10,2026,8,10,190.0,193.0
Tỷ lệ kết nối đúng giờ,10,NAN,NANVC,2026-08-09,2026,8,9,163.0,163.0
Hiệu quả kết nối nội tỉnh,7,HTH,HTHVC,2026-08-14,2026,8,14,33319.29,909.1
Hiệu quả kết nối nội tỉnh,7,HPG,HPGVC,2026-08-17,2026,8,17,220910.90999999997,2540.0
Hiệu quả kết nối nội miền,17,VLG,VLGVC,2026-08-02,2026,8,2,13299.6,488.0
Tỷ lệ kết nối đúng giờ,10,HUE,HUEVC,2026-08-07,2026,8,7,89.0,89.0
Hiệu quả xe nội tỉnh chiều đi,8,PHO,PHOVC,2026-08-09,2026,8,9,125400.73999999999,161000.0
Hiệu quả xe nội tỉnh chiều đi,8,DLK,DLKVC1,2026-08-08,2026,8,8,91449.7,129790.0
Hiệu quả xe nội tỉnh chiều về,9,NAN,NANVC,2026-08-17,2026,8,17,41095.3,76180.0
Hiệu quả kết nối nội tỉnh,7,TNH,TNHVC,2026-08-12,2026,8,12,3623.96,156.0
Hiệu quả xe nội tỉnh chiều về,9,QTI,QTIVC,2026-08-14,2026,8,14,23961.42,49090.0
Hiệu quả xe nội miền chiều về,16,VLG,VLGVC,2026-08-04,2026,8,4,8742.689999999999,10500.0
Tỷ lệ kết nối đúng giờ,10,THA,THAVC,2026-08-09,2026,8,9,212.0,219.0
Hiệu quả xe nội tỉnh chiều về,9,VLG,VLGVC,2026-08-07,2026,8,7,28057.98,82100.0
Hiệu quả kết nối nội tỉnh,7,BNH,BNHVC,2026-08-14,2026,8,14,123451.58,1653.0
Tỷ lệ kết nối đúng giờ,10,HNI,HNVC,2026-08-14,2026,8,14,3244.0,3492.0
Tỷ lệ xuất sạch,3,PHO,PHOVC,2026-08-10,2026,8,10,41898.0,48741.0
Hiệu quả xe nội tỉnh chiều đi,8,LDG,LDGVC,2026-08-10,2026,8,10,116283.88,147250.0
Hiệu quả kết nối nội tỉnh,7,VLG,VLGVC,2026-08-16,2026,8,16,54498.33,981.8
Hiệu quả kết nối nội tỉnh,7,HPG,HPGVC,2026-08-10,2026,8,10,195033.93,2591.0
Hiệu quả kết nối nội miền,17,VLG,VLGVC,2026-08-10,2026,8,10,19453.6,486.0
Hiệu quả xe nội tỉnh chiều đi,8,LSN,LSNVC,2026-08-12,2026,8,12,11219.33,16350.0
Hiệu quả xe liên miền,18,LDG,LDGVC,2026-08-02,2026,8,2,25011.85,42000.0
Hiệu quả kết nối nội miền,17,TNH,TNHVC,2026-08-05,2026,8,5,5258.95,268.0
Hiệu quả xe nội miền chiều về,16,GLI,GLIVC1,2026-08-02,2026,8,2,2578.04,1900.0
Hiệu quả xe nội tỉnh chiều đi,8,HCM,HCMVC,2026-08-02,2026,8,2,101586.69,144600.0
Hiệu quả xe nội tỉnh chiều đi,8,NAN,NANVC,2026-08-03,2026,8,3,53420.95,81550.0
Hiệu quả kết nối nội miền,17,VLG,VLGVC,2026-08-16,2026,8,16,11547.01,486.0
Hiệu quả xe nội tỉnh chiều đi,8,PHO,PHOVC,2026-08-12,2026,8,12,141540.53,182250.0
Hiệu quả xe liên miền,18,DLK,DLKVC1,2026-08-15,2026,8,15,10502.71,13000.0
Tỷ lệ xuất sạch,3,HCM,HCMVC,2026-08-13,2026,8,13,136638.0,140316.0
Tỷ lệ xuất sạch,3,QTI,QTIVC,2026-08-01,2026,8,1,19124.0,19503.0
Hiệu quả xe nội miền chiều về,16,TNH,TNHVC,2026-08-12,2026,8,12,393.04,5100.0
Hiệu quả xe nội tỉnh chiều đi,8,HCM,HCMVC,2026-07-31,2026,7,31,2222.33,1650.0
Hiệu quả xe nội tỉnh chiều đi,8,CMU,CMUVC,2026-08-09,2026,8,9,35147.22,35000.0
Hiệu quả kết nối nội tỉnh,7,CMU,CMUVC,2026-08-06,2026,8,6,72013.11,2232.0
Hiệu quả xe nội tỉnh chiều về,9,QNI,QNIVC,2026-08-16,2026,8,16,16688.83,42940.0
Tỷ lệ nhập đúng tải kiện 12.5s,5,HUE,HUEVC,2026-08-06,2026,8,6,4192.0,4521.0
Hiệu quả xe nội tỉnh chiều đi,8,TNH,TNHVC,2026-08-12,2026,8,12,3252.73,4500.0
Tỷ lệ nhập đúng tải kiện 12.5s,5,CTO,CTOVC,2026-08-01,2026,8,1,5987.0,5987.0
Tỷ lệ kết nối đúng giờ,10,NAN,NANVC,2026-08-03,2026,8,3,172.0,174.0
Tỷ lệ nhập đúng tải kiện 12.5s,5,HUE,HUEVC,2026-08-12,2026,8,12,4824.0,5074.0
Hiệu quả xe nội tỉnh chiều về,9,VLG,VLGVC,2026-08-01,2026,8,1,70838.75,142300.0
Tỷ lệ kết nối đúng giờ,10,LDG,LDGVC,2026-08-13,2026,8,13,280.0,291.0
Tỷ lệ nhập đúng tải kiện 12.5s,5,HUE,HUEVC,2026-08-17,2026,8,17,4121.0,4724.0
Hiệu quả xe nội tỉnh chiều đi,8,DLK,DLKVC1,2026-08-02,2026,8,2,79374.44,111540.0
Tỷ lệ nhập đúng tải kiện 12.5s,5,LSN,LSNVC,2026-08-14,2026,8,14,2313.0,2313.0
Hiệu quả kết nối nội miền,17,HPG,HPGVC,2026-08-07,2026,8,7,1716.26,115.0
Tỷ lệ nhập đúng tải kiện 12.5s,5,DTP,DTPVC,2026-08-06,2026,8,6,15833.0,15870.0
Hiệu quả xe nội tỉnh chiều về,9,HYN,HYNVC,2026-08-06,2026,8,6,107442.72,143600.0
Hiệu quả xe nội miền chiều đi,15,VLG,VLGVC,2026-08-10,2026,8,10,16901.0,15000.0
Hiệu quả xe nội tỉnh chiều về,9,DNG,DNGVC,2026-08-10,2026,8,10,78986.70999999999,132000.0
Thời gian chờ nhập,4,PHO,PHOVC,2026-08-13,2026,8,13,1331.5666666666666,56.0
Hiệu quả kết nối nội tỉnh,7,LDG,LDGVC,2026-08-03,2026,8,3,188635.09,5174.0
Thời gian chờ nhập,4,DNG,DNGVC,2026-08-10,2026,8,10,308.35,27.0
Hiệu quả xe nội tỉnh chiều về,9,HPG,HPGVC,2026-08-13,2026,8,13,65215.58,153690.0
Hiệu quả xe nội tỉnh chiều đi,8,DTP,DTPVC,2026-08-08,2026,8,8,108603.63,148200.0
Hiệu quả xe nội tỉnh chiều về,9,CMU,CMUVC,2026-08-13,2026,8,13,24027.66,65850.0
Tỷ lệ xuất sạch,3,DNG,DNGVC,2026-08-15,2026,8,15,33405.0,38158.0
Hiệu quả xe nội tỉnh chiều về,9,HUE,HUEVC,2026-08-03,2026,8,3,19771.29,29680.0
Hiệu quả xe nội tỉnh chiều về,9,TQG,TQGVC,2026-08-06,2026,8,6,11110.71,10750.0
Thời gian chờ nhập,4,DNI,DNIVC,2026-08-05,2026,8,5,736.5666666666666,74.0
Hiệu quả xe nội miền chiều về,16,HYN,HYNVC,2026-08-16,2026,8,16,23618.61,5100.0
Hiệu quả xe liên miền,18,KHA,KHAVC,2026-08-06,2026,8,6,13414.32,26000.0
Hiệu quả xe liên miền,18,HYN,HYNVC,2026-08-01,2026,8,1,5815.78,8000.0
Hiệu quả xe nội tỉnh chiều về,9,TQG,TQGVC,2026-08-05,2026,8,5,8175.599999999999,10750.0
Tỷ lệ nhập đúng tải kiện 12.5s,5,CTO,CTOVC,2026-08-11,2026,8,11,6298.0,6304.0
Hiệu quả kết nối nội tỉnh,7,SLA,SLAVC,2026-08-10,2026,8,10,1001.8399999999999,82.0
Hiệu quả xe nội miền chiều về,16,GLI,GLIVC1,2026-08-14,2026,8,14,2755.92,1900.0
Tỷ lệ kết nối đúng giờ,10,LCI,LCIVC,2026-08-14,2026,8,14,99.0,99.0
Thời gian chờ nhập,4,GLI,GLIVC1,2026-08-11,2026,8,11,1159.45,34.0
Tỷ lệ kết nối đúng giờ,10,CTO,CTOVC,2026-08-14,2026,8,14,245.0,252.0
Hiệu quả xe nội tỉnh chiều về,9,DBN,DBNVC,2026-08-13,2026,8,13,200.87,1650.0
Tỷ lệ xuất sạch,3,DLK,DLKVC1,2026-08-01,2026,8,1,38297.0,41225.0
Hiệu quả xe nội tỉnh chiều về,9,LCI,LCIVC,2026-08-10,2026,8,10,47062.78,32500.0
Hiệu quả xe nội tỉnh chiều đi,8,TNH,TNHVC,2026-08-11,2026,8,11,3756.81,4500.0
Hiệu quả xe nội tỉnh chiều đi,8,DNI,DNIVC,2026-08-02,2026,8,2,139268.84,176550.0
Hiệu quả kết nối nội tỉnh,7,DTP,DTPVC,2026-07-31,2026,7,31,2425.2,28.4
Tỷ lệ kết nối đúng giờ,10,QNH,QNHVC,2026-08-03,2026,8,3,115.0,116.0
Hiệu quả xe nội tỉnh chiều đi,8,TQG,TQGVC,2026-08-07,2026,8,7,12503.77,9900.0
Hiệu quả kết nối nội tỉnh,7,DBN,DBNVC,2026-08-03,2026,8,3,2335.12,185.0
Tỷ lệ kết nối đúng giờ,10,PHO,PHOVC,2026-08-11,2026,8,11,333.0,361.0
Hiệu quả kết nối nội tỉnh,7,DBN,DBNVC,2026-08-05,2026,8,5,2539.9700000000003,185.0
Hiệu quả xe nội tỉnh chiều đi,8,HTH,HTHVC,2026-08-03,2026,8,3,25862.07,36250.0
Tỷ lệ xuất sạch,3,CTO,CTOVC,2026-08-13,2026,8,13,14294.0,15150.0
Tỷ lệ kết nối đúng giờ,10,LDG,LDGVC,2026-08-14,2026,8,14,298.0,301.0
Thời gian chờ nhập,4,KHA,KHAVC,2026-08-13,2026,8,13,390.95,47.0
Hiệu quả kết nối nội tỉnh,7,QNH,QNHVC,2026-08-10,2026,8,10,67418.78,1735.0
Hiệu quả xe nội miền chiều đi,15,LDG,LDGVC,2026-08-09,2026,8,9,1853.81,5000.0
Thời gian chờ nhập,4,DNI,DNIVC,2026-08-08,2026,8,8,328.6166666666667,77.0
Tỷ lệ nhập đúng tải kiện 12.5s,5,CMU,CMUVC,2026-08-08,2026,8,8,9576.0,10209.0
Thời gian chờ nhập,4,DBN,DBNVC,2026-08-06,2026,8,6,0.8,1.0
Tỷ lệ xuất sạch,3,QNI,QNIVC,2026-08-07,2026,8,7,21113.0,21458.0
Hiệu quả xe nội tỉnh chiều về,9,GLI,GLIVC1,2026-08-10,2026,8,10,45685.270000000004,83530.0
Hiệu quả kết nối nội tỉnh,7,TQG,TQGVC,2026-08-11,2026,8,11,21490.87,1133.0
Thời gian chờ nhập,4,SLA,SLAVC,2026-08-15,2026,8,15,31.816666666666666,5.0
Hiệu quả kết nối nội tỉnh,7,VLG,VLGVC,2026-08-12,2026,8,12,74058.37,1762.3999999999999
Tỷ lệ kết nối đúng giờ,10,HUE,HUEVC,2026-08-08,2026,8,8,88.0,89.0
Tỷ lệ kết nối đúng giờ,10,QNI,QNIVC,2026-08-12,2026,8,12,175.0,176.0
Hiệu quả xe nội tỉnh chiều về,9,NAN,NANVC,2026-08-03,2026,8,3,37669.77,68230.0
Tỷ lệ kết nối đúng giờ,10,HUE,HUEVC,2026-08-05,2026,8,5,77.0,78.0
Hiệu quả xe nội tỉnh chiều đi,8,HPG,HPGVC,2026-08-02,2026,8,2,114611.25,136060.0
Tỷ lệ nhập đúng tải kiện 12.5s,5,LSN,LSNVC,2026-08-13,2026,8,13,2541.0,2541.0
Hiệu quả xe nội tỉnh chiều về,9,KHA,KHAVC,2026-08-13,2026,8,13,34088.39,68050.0
Hiệu quả xe nội tỉnh chiều đi,8,DNG,DNGVC,2026-08-09,2026,8,9,104201.82,96000.0
Tỷ lệ nhập đúng tải kiện 12.5s,5,TNH,TNHVC,2026-08-02,2026,8,2,12201.0,13714.0
Tỷ lệ xuất sạch,3,TQG,TQGVC,2026-08-06,2026,8,6,6493.0,7489.0
Tỷ lệ nhập đúng tải kiện 12.5s,5,LSN,LSNVC,2026-08-08,2026,8,8,1620.0,2225.0
Thời gian chờ nhập,4,THA,THAVC,2026-08-03,2026,8,3,760.05,32.0
Thời gian chờ nhập,4,VLG,VLGVC,2026-08-09,2026,8,9,411.0333333333333,39.0
Hiệu quả kết nối nội tỉnh,7,PHO,PHOVC,2026-08-02,2026,8,2,204756.72,4184.0
Hiệu quả xe nội tỉnh chiều đi,8,NBH,NBHVC,2026-08-17,2026,8,17,61883.96000000001,101560.0
Tỷ lệ nhập đúng tải kiện 12.5s,5,SLA,SLAVC,2026-08-07,2026,8,7,200.0,236.0
Thời gian chờ nhập,4,DTP,DTPVC,2026-08-14,2026,8,14,315.08333333333337,42.0
Tỷ lệ nhập đúng tải kiện 12.5s,5,SLA,SLAVC,2026-08-01,2026,8,1,332.0,403.0
Hiệu quả kết nối nội miền,17,VLG,VLGVC,2026-08-11,2026,8,11,24095.92,825.0
Thời gian chờ nhập,4,NAN,NANVC,2026-08-14,2026,8,14,598.1166666666667,36.0
Tỷ lệ kết nối đúng giờ,10,HNI,HNVC,2026-08-12,2026,8,12,3356.0,3555.0
Thời gian chờ nhập,4,TNH,TNHVC,2026-08-13,2026,8,13,1097.1333333333332,64.0
Hiệu quả kết nối nội miền,17,KHA,KHAVC,2026-08-16,2026,8,16,14370.220000000001,2383.0
Hiệu quả xe nội tỉnh chiều đi,8,HPG,HPGVC,2026-08-03,2026,8,3,93683.52,201200.0
Hiệu quả xe nội tỉnh chiều về,9,KHA,KHAVC,2026-08-06,2026,8,6,34785.659999999996,70900.0
Hiệu quả xe nội tỉnh chiều về,9,PHO,PHOVC,2026-08-17,2026,8,17,76676.17,141900.0
Hiệu quả xe nội miền chiều về,16,KHA,KHAVC,2026-08-08,2026,8,8,9985.89,14500.0
Tỷ lệ kết nối đúng giờ,10,NBH,NBHVC,2026-07-31,2026,7,31,8.0,8.0
Hiệu quả xe nội tỉnh chiều đi,8,NBH,NBHVC,2026-08-14,2026,8,14,73725.29999999999,96460.0
Tỷ lệ xuất sạch,3,PHO,PHOVC,2026-08-12,2026,8,12,51466.0,61853.0
Tỷ lệ xuất sạch,3,QNH,QNHVC,2026-08-15,2026,8,15,22107.0,22382.0
Tỷ lệ xuất sạch,3,LDG,LDGVC,2026-08-01,2026,8,1,48773.0,51936.0
Hiệu quả kết nối nội tỉnh,7,HTH,HTHVC,2026-08-08,2026,8,8,30081.91,904.8
Tỷ lệ nhập đúng tải kiện 12.5s,5,DNG,DNGVC,2026-08-09,2026,8,9,2370.0,2396.0
Hiệu quả xe nội tỉnh chiều về,9,HPG,HPGVC,2026-08-14,2026,8,14,92377.41,151070.0
Hiệu quả xe nội tỉnh chiều đi,8,LCI,LCIVC,2026-08-02,2026,8,2,35761.95,30000.0
Hiệu quả xe nội tỉnh chiều đi,8,HUE,HUEVC,2026-08-04,2026,8,4,23718.08,37730.0
Tỷ lệ nhập đúng tải kiện 12.5s,5,VLG,VLGVC,2026-08-01,2026,8,1,17762.0,18515.0
Thời gian chờ nhập,4,THA,THAVC,2026-08-15,2026,8,15,1155.9833333333333,40.0
Hiệu quả xe nội miền chiều về,16,KHA,KHAVC,2026-08-10,2026,8,10,10484.51,14500.0
Hiệu quả xe nội miền chiều đi,15,LDG,LDGVC,2026-07-31,2026,7,31,1430.84,5000.0
Hiệu quả xe nội tỉnh chiều về,9,SLA,SLAVC,2026-08-03,2026,8,3,158.71,900.0
Hiệu quả xe liên miền,18,HYN,HYNVC,2026-08-07,2026,8,7,6266.05,8000.0
Thời gian chờ nhập,4,DTP,DTPVC,2026-08-01,2026,8,1,205.91666666666666,44.0
Hiệu quả kết nối nội tỉnh,7,TQG,TQGVC,2026-08-06,2026,8,6,22707.190000000002,1133.0
Hiệu quả xe nội tỉnh chiều về,9,DNG,DNGVC,2026-08-06,2026,8,6,101180.72,149600.0
Tỷ lệ kết nối đúng giờ,10,LSN,LSNVC,2026-08-04,2026,8,4,23.0,23.0
Hiệu quả kết nối nội tỉnh,7,HCM,HCMVC,2026-08-16,2026,8,16,163205.68,1952.6
Hiệu quả kết nối nội tỉnh,7,NBH,NBHVC,2026-08-01,2026,8,1,223193.66,3148.0299999999997
Tỷ lệ xuất sạch,3,VLG,VLGVC,2026-08-04,2026,8,4,44193.0,46236.0
Thời gian chờ nhập,4,TNN,TNNVC,2026-08-04,2026,8,4,243.11666666666665,27.0
Hiệu quả kết nối nội tỉnh,7,HCM,HCMVC,2026-08-08,2026,8,8,221127.39,2839.9
Hiệu quả kết nối nội tỉnh,7,QNI,QNIVC,2026-08-15,2026,8,15,67251.9,2073.0
Hiệu quả xe nội tỉnh chiều đi,8,DTP,DTPVC,2026-08-04,2026,8,4,87843.28,147600.0
Hiệu quả kết nối nội tỉnh,7,LSN,LSNVC,2026-08-04,2026,8,4,29072.17,592.0
Hiệu quả kết nối nội miền,17,DNI,DNIVC,2026-08-15,2026,8,15,26921.230000000003,327.0
Tỷ lệ kết nối đúng giờ,10,QNH,QNHVC,2026-08-10,2026,8,10,116.0,121.0
Hiệu quả xe liên miền,18,THA,THAVC,2026-08-11,2026,8,11,30149.23,32000.0
Hiệu quả kết nối nội tỉnh,7,LCI,LCIVC,2026-08-14,2026,8,14,75993.53,1309.0
Hiệu quả kết nối nội tỉnh,7,NBH,NBHVC,2026-08-17,2026,8,17,101259.56,1241.32
Hiệu quả xe nội tỉnh chiều đi,8,HUE,HUEVC,2026-08-08,2026,8,8,25744.010000000002,31580.0
Hiệu quả xe nội tỉnh chiều đi,8,LDG,LDGVC,2026-08-06,2026,8,6,136094.12,147250.0
Tỷ lệ xuất sạch,3,TNH,TNHVC,2026-08-10,2026,8,10,45226.0,46569.0
Hiệu quả kết nối nội tỉnh,7,DNI,DNIVC,2026-08-05,2026,8,5,61611.1,2182.0
Hiệu quả xe nội miền chiều đi,15,KHA,KHAVC,2026-08-02,2026,8,2,7608.6900000000005,14500.0
Thời gian chờ nhập,4,CTO,CTOVC,2026-08-11,2026,8,11,48.233333333333334,14.0
Hiệu quả kết nối nội miền,17,HYN,HYNVC,2026-08-17,2026,8,17,14200.52,132.0
Hiệu quả xe nội tỉnh chiều về,9,HPG,HPGVC,2026-08-09,2026,8,9,15356.0,56150.0
Hiệu quả kết nối nội tỉnh,7,DNG,DNGVC,2026-08-04,2026,8,4,150951.58000000002,3382.0
Thời gian chờ nhập,4,AGG,AGGVC,2026-08-10,2026,8,10,629.6833333333334,47.0
Hiệu quả xe nội tỉnh chiều đi,8,TNH,TNHVC,2026-08-04,2026,8,4,44860.48,57850.0
Hiệu quả xe nội tỉnh chiều đi,8,SLA,SLAVC,2026-08-01,2026,8,1,895.93,900.0
Hiệu quả xe nội miền chiều về,16,QNI,QNIVC,2026-08-09,2026,8,9,3495.88,3500.0
Thời gian chờ nhập,4,GLI,GLIVC1,2026-08-04,2026,8,4,892.2333333333333,36.0
Hiệu quả xe liên miền,18,DNI,DNIVC,2026-07-31,2026,7,31,8833.6,8000.0
Tỷ lệ kết nối đúng giờ,10,SLA,SLAVC,2026-08-06,2026,8,6,4.0,4.0
Hiệu quả kết nối nội tỉnh,7,DTP,DTPVC,2026-08-01,2026,8,1,168405.14,2762.6
Hiệu quả kết nối nội tỉnh,7,QNI,QNIVC,2026-08-09,2026,8,9,61630.5,2050.0
Hiệu quả xe nội tỉnh chiều về,9,QNI,QNIVC,2026-08-08,2026,8,8,22885.0,42940.0
Hiệu quả xe nội miền chiều đi,15,KHA,KHAVC,2026-07-31,2026,7,31,3801.92,8350.0
Hiệu quả xe nội tỉnh chiều đi,8,TNN,TNNVC,2026-08-06,2026,8,6,36471.69,58390.0
Thời gian chờ nhập,4,DTP,DTPVC,2026-08-10,2026,8,10,245.95,41.0
Hiệu quả kết nối nội tỉnh,7,QTI,QTIVC,2026-08-16,2026,8,16,53595.3,1699.0
Tỷ lệ xuất sạch,3,HYN,HYNVC,2026-08-14,2026,8,14,52548.0,56101.0
Tỷ lệ nhập đúng tải kiện 12.5s,5,HNI,HNVC,2026-08-03,2026,8,3,46390.0,50619.0
Tỷ lệ kết nối đúng giờ,10,SLA,SLAVC,2026-08-05,2026,8,5,2.0,4.0
Thời gian chờ nhập,4,HCM,HCMVC,2026-08-07,2026,8,7,1710.6333333333332,83.0
Hiệu quả xe nội miền chiều đi,15,PHO,PHOVC,2026-08-06,2026,8,6,20193.92,25700.0
Hiệu quả xe liên miền,18,THA,THAVC,2026-08-15,2026,8,15,7031.03,8000.0
Hiệu quả xe nội tỉnh chiều đi,8,LCI,LCIVC,2026-08-06,2026,8,6,32072.64,30650.0
Hiệu quả kết nối nội miền,17,KHA,KHAVC,2026-08-12,2026,8,12,22426.89,2383.0
Hiệu quả xe nội tỉnh chiều về,9,DTP,DTPVC,2026-08-03,2026,8,3,58878.59,131300.0
Tỷ lệ xuất sạch,3,HUE,HUEVC,2026-08-13,2026,8,13,21238.0,21357.0
Hiệu quả xe nội tỉnh chiều về,9,HCM,HCMVC,2026-08-13,2026,8,13,118726.86,169850.0
Tỷ lệ xuất sạch,3,DTP,DTPVC,2026-08-04,2026,8,4,41271.0,41567.0
Hiệu quả xe nội tỉnh chiều về,9,GLI,GLIVC1,2026-08-02,2026,8,2,40914.17,78330.0
Thời gian chờ nhập,4,NAN,NANVC,2026-08-03,2026,8,3,554.0666666666667,32.0
Hiệu quả kết nối nội tỉnh,7,SLA,SLAVC,2026-08-01,2026,8,1,1047.34,82.0
Tỷ lệ kết nối đúng giờ,10,TQG,TQGVC,2026-08-01,2026,8,1,57.0,59.0
Hiệu quả kết nối nội tỉnh,7,DNG,DNGVC,2026-08-05,2026,8,5,231129.96,3729.0
Thời gian chờ nhập,4,AGG,AGGVC,2026-08-14,2026,8,14,659.55,47.0
Hiệu quả xe nội tỉnh chiều về,9,NAN,NANVC,2026-08-01,2026,8,1,35163.9,75830.0
Hiệu quả xe nội tỉnh chiều về,9,GLI,GLIVC1,2026-08-07,2026,8,7,50065.15,79780.0
Tỷ lệ nhập đúng tải kiện 12.5s,5,NAN,NANVC,2026-08-08,2026,8,8,10307.0,10412.0
Hiệu quả xe nội tỉnh chiều về,9,LDG,LDGVC,2026-07-31,2026,7,31,11862.92,16700.0
Thời gian chờ nhập,4,TNH,TNHVC,2026-08-06,2026,8,6,1233.3,66.0
Hiệu quả kết nối nội tỉnh,7,TQG,TQGVC,2026-08-07,2026,8,7,20010.6,823.0
Hiệu quả xe nội miền chiều đi,15,KHA,KHAVC,2026-08-01,2026,8,1,9351.01,14500.0
Tỷ lệ nhập đúng tải kiện 12.5s,5,QTI,QTIVC,2026-08-08,2026,8,8,8431.0,8594.0
Thời gian chờ nhập,4,BNH,BNHVC,2026-07-31,2026,7,31,368.5,3.0
Thời gian chờ nhập,4,GLI,GLIVC1,2026-08-15,2026,8,15,1623.75,40.0
Tỷ lệ nhập đúng tải kiện 12.5s,5,QTI,QTIVC,2026-08-12,2026,8,12,6856.0,7042.0
Hiệu quả kết nối nội tỉnh,7,DLK,DLKVC1,2026-08-03,2026,8,3,155386.2,3552.0
Hiệu quả xe liên miền,18,GLI,GLIVC1,2026-08-09,2026,8,9,8678.92,14700.0
Hiệu quả xe nội miền chiều về,16,HYN,HYNVC,2026-08-17,2026,8,17,8412.5,5100.0
Thời gian chờ nhập,4,LDG,LDGVC,2026-08-10,2026,8,10,1296.9666666666667,69.0
Tỷ lệ kết nối đúng giờ,10,GLI,GLIVC1,2026-08-08,2026,8,8,229.0,248.0
Hiệu quả kết nối nội tỉnh,7,QTI,QTIVC,2026-08-14,2026,8,14,75656.16,2600.3
Hiệu quả xe nội tỉnh chiều đi,8,DTP,DTPVC,2026-08-10,2026,8,10,99700.48999999999,144850.0
Hiệu quả xe nội miền chiều về,16,HYN,HYNVC,2026-08-11,2026,8,11,5073.2,5100.0
Tỷ lệ nhập đúng tải kiện 12.5s,5,QNH,QNHVC,2026-08-10,2026,8,10,5099.0,7006.0
Tỷ lệ kết nối đúng giờ,10,DNI,DNIVC,2026-08-12,2026,8,12,513.0,536.0
Tỷ lệ kết nối đúng giờ,10,DTP,DTPVC,2026-08-05,2026,8,5,196.0,202.0
Hiệu quả xe nội tỉnh chiều về,9,DLK,DLKVC1,2026-08-05,2026,8,5,58967.53,131490.0
Hiệu quả xe nội tỉnh chiều đi,8,LCI,LCIVC,2026-08-16,2026,8,16,33010.68,29000.0
Hiệu quả xe nội miền chiều về,16,VLG,VLGVC,2026-08-07,2026,8,7,7185.58,15000.0
Hiệu quả kết nối nội miền,17,HCM,HCMVC,2026-08-13,2026,8,13,54109.840000000004,1332.0
Tỷ lệ xuất sạch,3,DNG,DNGVC,2026-08-02,2026,8,2,27612.0,28719.0
Tỷ lệ xuất sạch,3,CMU,CMUVC,2026-08-12,2026,8,12,27591.0,27904.0
Thời gian chờ nhập,4,QNH,QNHVC,2026-08-09,2026,8,9,876.5166666666667,24.0
Tỷ lệ kết nối đúng giờ,10,BNH,BNHVC,2026-08-08,2026,8,8,392.0,394.0
Hiệu quả xe nội tỉnh chiều đi,8,KHA,KHAVC,2026-08-14,2026,8,14,69741.27,70650.0
Tỷ lệ xuất sạch,3,BNH,BNHVC,2026-08-01,2026,8,1,58780.0,72790.0
Tỷ lệ xuất sạch,3,PHO,PHOVC,2026-08-11,2026,8,11,50601.0,59246.0
Thời gian chờ nhập,4,NBH,NBHVC,2026-08-15,2026,8,15,458.0333333333333,48.0
Hiệu quả xe nội miền chiều đi,15,DNI,DNIVC,2026-08-11,2026,8,11,10983.279999999999,17000.0
Thời gian chờ nhập,4,SLA,SLAVC,2026-08-09,2026,8,9,93.16666666666666,3.0
Hiệu quả kết nối nội tỉnh,7,HCM,HCMVC,2026-08-10,2026,8,10,191887.93,2832.1
Tỷ lệ kết nối đúng giờ,10,SLA,SLAVC,2026-08-08,2026,8,8,3.0,4.0
Hiệu quả xe nội tỉnh chiều về,9,QNI,QNIVC,2026-08-14,2026,8,14,20112.59,35650.0
Tỷ lệ kết nối đúng giờ,10,DTP,DTPVC,2026-08-13,2026,8,13,193.0,193.0
Hiệu quả xe liên miền,18,DLK,DLKVC1,2026-08-03,2026,8,3,19623.46,21000.0
Hiệu quả xe nội tỉnh chiều đi,8,HYN,HYNVC,2026-08-12,2026,8,12,130598.26000000001,130300.0
Tỷ lệ nhập đúng tải kiện 12.5s,5,LDG,LDGVC,2026-08-17,2026,8,17,15243.0,17282.0
Tỷ lệ xuất sạch,3,QNI,QNIVC,2026-08-04,2026,8,4,16665.0,16687.0
Hiệu quả xe nội miền chiều đi,15,PHO,PHOVC,2026-08-03,2026,8,3,14560.980000000001,20600.0
Hiệu quả xe nội tỉnh chiều về,9,HYN,HYNVC,2026-08-11,2026,8,11,113462.95,116900.0
Hiệu quả kết nối nội tỉnh,7,CTO,CTOVC,2026-08-16,2026,8,16,160409.81,3300.0
Hiệu quả xe nội tỉnh chiều về,9,LDG,LDGVC,2026-08-12,2026,8,12,80783.18,133550.0
Hiệu quả xe nội tỉnh chiều về,9,CTO,CTOVC,2026-08-10,2026,8,10,68308.48999999999,123950.0
Hiệu quả kết nối nội tỉnh,7,PHO,PHOVC,2026-08-03,2026,8,3,202078.2,4302.0
Tỷ lệ nhập đúng tải kiện 12.5s,5,DNG,DNGVC,2026-08-03,2026,8,3,6260.0,6333.0
Tỷ lệ xuất sạch,3,KHA,KHAVC,2026-08-05,2026,8,5,30666.0,31890.0
Thời gian chờ nhập,4,QNI,QNIVC,2026-08-08,2026,8,8,310.0,34.0
Tỷ lệ nhập đúng tải kiện 12.5s,5,LSN,LSNVC,2026-08-07,2026,8,7,2643.0,2836.0
Hiệu quả kết nối nội tỉnh,7,TNN,TNNVC,2026-08-04,2026,8,4,78457.09,1245.0
Hiệu quả kết nối nội miền,17,QNI,QNIVC,2026-08-05,2026,8,5,6894.52,498.0
Tỷ lệ xuất sạch,3,DLK,DLKVC1,2026-08-15,2026,8,15,35943.0,42684.0
Tỷ lệ kết nối đúng giờ,10,NBH,NBHVC,2026-08-08,2026,8,8,305.0,309.0
Tỷ lệ nhập đúng tải kiện 12.5s,5,DNI,DNIVC,2026-08-09,2026,8,9,12540.0,13478.0
Hiệu quả xe nội tỉnh chiều đi,8,NBH,NBHVC,2026-08-10,2026,8,10,73675.14,92190.0
Tỷ lệ nhập đúng tải kiện 12.5s,5,LSN,LSNVC,2026-08-04,2026,8,4,2840.0,2840.0
Hiệu quả xe nội tỉnh chiều đi,8,QNI,QNIVC,2026-08-11,2026,8,11,31466.08,34345.0
Hiệu quả xe nội tỉnh chiều đi,8,TQG,TQGVC,2026-08-02,2026,8,2,12689.77,10750.0
Tỷ lệ xuất sạch,3,DLK,DLKVC1,2026-08-11,2026,8,11,36101.0,36929.0
Hiệu quả xe nội tỉnh chiều đi,8,QTI,QTIVC,2026-08-07,2026,8,7,45817.58,47440.0
Tỷ lệ kết nối đúng giờ,10,DNG,DNGVC,2026-08-06,2026,8,6,348.0,358.0
Hiệu quả xe nội tỉnh chiều về,9,THA,THAVC,2026-08-05,2026,8,5,66246.3,140550.0
Tỷ lệ nhập đúng tải kiện 12.5s,5,TNN,TNNVC,2026-08-14,2026,8,14,7411.0,8985.0
Tỷ lệ xuất sạch,3,HPG,HPGVC,2026-08-03,2026,8,3,45795.0,46319.0
Hiệu quả xe nội tỉnh chiều về,9,HPG,HPGVC,2026-08-08,2026,8,8,68803.08,152160.0
Hiệu quả kết nối nội tỉnh,7,HPG,HPGVC,2026-08-01,2026,8,1,223969.37,2785.0
Thời gian chờ nhập,4,CMU,CMUVC,2026-08-14,2026,8,14,309.18333333333334,28.0
Tỷ lệ xuất sạch,3,TNH,TNHVC,2026-08-14,2026,8,14,54333.0,55281.0
Thời gian chờ nhập,4,SLA,SLAVC,2026-08-14,2026,8,14,233.3,3.0
Thời gian chờ nhập,4,LCI,LCIVC,2026-08-01,2026,8,1,1196.5833333333333,18.0
Thời gian chờ nhập,4,TQG,TQGVC,2026-08-03,2026,8,3,365.9,14.0
Tỷ lệ kết nối đúng giờ,10,LCI,LCIVC,2026-08-11,2026,8,11,99.0,99.0
Tỷ lệ nhập đúng tải kiện 12.5s,5,DTP,DTPVC,2026-08-17,2026,8,17,13208.0,13357.0
Tỷ lệ nhập đúng tải kiện 12.5s,5,TNN,TNNVC,2026-08-06,2026,8,6,7955.0,9234.0
Tỷ lệ kết nối đúng giờ,10,VLG,VLGVC,2026-08-11,2026,8,11,235.0,236.0
Hiệu quả xe nội tỉnh chiều về,9,HPG,HPGVC,2026-08-05,2026,8,5,61041.22,149840.0
Hiệu quả xe nội tỉnh chiều đi,8,LDG,LDGVC,2026-08-08,2026,8,8,126644.79,141100.0
Hiệu quả xe liên miền,18,LDG,LDGVC,2026-08-06,2026,8,6,28929.66,35700.0
Thời gian chờ nhập,4,HUE,HUEVC,2026-08-08,2026,8,8,420.03333333333336,20.0
Tỷ lệ kết nối đúng giờ,10,HCM,HCMVC,2026-08-09,2026,8,9,1847.0,1875.0
Hiệu quả kết nối nội tỉnh,7,NAN,NANVC,2026-08-06,2026,8,6,102810.45,3382.0
Tỷ lệ kết nối đúng giờ,10,VLG,VLGVC,2026-08-07,2026,8,7,235.0,239.0
Hiệu quả xe nội tỉnh chiều về,9,LCI,LCIVC,2026-08-01,2026,8,1,48519.8,33500.0
Tỷ lệ xuất sạch,3,GLI,GLIVC1,2026-08-13,2026,8,13,35671.0,37368.0
Hiệu quả xe nội tỉnh chiều đi,8,HPG,HPGVC,2026-08-10,2026,8,10,126491.66,199540.0
Hiệu quả xe nội tỉnh chiều về,9,QNI,QNIVC,2026-08-10,2026,8,10,27391.170000000002,42940.0
Hiệu quả kết nối nội miền,17,KHA,KHAVC,2026-08-03,2026,8,3,20024.71,2383.0
Tỷ lệ xuất sạch,3,SLA,SLAVC,2026-08-14,2026,8,14,603.0,608.0
Thời gian chờ nhập,4,KHA,KHAVC,2026-08-01,2026,8,1,1264.4166666666667,49.0
Tỷ lệ kết nối đúng giờ,10,VLG,VLGVC,2026-08-09,2026,8,9,155.0,156.0
Hiệu quả xe nội tỉnh chiều đi,8,DBN,DBNVC,2026-08-07,2026,8,7,2758.76,3300.0
Tỷ lệ kết nối đúng giờ,10,HYN,HYNVC,2026-08-07,2026,8,7,357.0,358.0
Hiệu quả xe nội tỉnh chiều đi,8,TQG,TQGVC,2026-08-14,2026,8,14,14782.66,12400.0
Hiệu quả xe nội tỉnh chiều đi,8,TNH,TNHVC,2026-08-13,2026,8,13,3352.89,4500.0
Hiệu quả kết nối nội tỉnh,7,DBN,DBNVC,2026-08-08,2026,8,8,2780.31,185.0
Tỷ lệ kết nối đúng giờ,10,NBH,NBHVC,2026-08-15,2026,8,15,319.0,326.0
Tỷ lệ nhập đúng tải kiện 12.5s,5,HCM,HCMVC,2026-08-08,2026,8,8,38770.0,44953.0
Tỷ lệ kết nối đúng giờ,10,HUE,HUEVC,2026-08-16,2026,8,16,96.0,97.0
Hiệu quả xe nội tỉnh chiều về,9,QTI,QTIVC,2026-08-06,2026,8,6,26769.44,48010.0
Hiệu quả kết nối nội tỉnh,7,PHO,PHOVC,2026-08-07,2026,8,7,248434.27000000002,4228.0
Tỷ lệ kết nối đúng giờ,10,LDG,LDGVC,2026-08-12,2026,8,12,300.0,303.0
Thời gian chờ nhập,4,DNI,DNIVC,2026-08-09,2026,8,9,1152.9333333333332,52.0
Hiệu quả xe liên miền,18,THA,THAVC,2026-08-09,2026,8,9,37559.369999999995,40000.0
Tỷ lệ kết nối đúng giờ,10,VLG,VLGVC,2026-08-05,2026,8,5,233.0,235.0
Thời gian chờ nhập,4,VLG,VLGVC,2026-08-08,2026,8,8,576.0833333333334,57.0
Thời gian chờ nhập,4,TNN,TNNVC,2026-08-01,2026,8,1,241.53333333333333,21.0
Hiệu quả kết nối nội tỉnh,7,TNN,TNNVC,2026-08-06,2026,8,6,71943.75,1200.0
Hiệu quả xe nội miền chiều đi,15,DNI,DNIVC,2026-07-31,2026,7,31,1534.3,4500.0
Hiệu quả xe nội miền chiều về,16,VLG,VLGVC,2026-08-09,2026,8,9,8144.550000000001,15000.0
Tỷ lệ kết nối đúng giờ,10,CTO,CTOVC,2026-08-16,2026,8,16,238.0,241.0
Hiệu quả xe nội tỉnh chiều đi,8,QTI,QTIVC,2026-08-09,2026,8,9,38975.03,34540.0
Hiệu quả kết nối nội tỉnh,7,LSN,LSNVC,2026-08-09,2026,8,9,23728.89,592.0
Hiệu quả xe nội tỉnh chiều về,9,HCM,HCMVC,2026-08-01,2026,8,1,90914.42,168200.0
Thời gian chờ nhập,4,AGG,AGGVC,2026-08-05,2026,8,5,493.79999999999995,42.0
Tỷ lệ nhập đúng tải kiện 12.5s,5,BNH,BNHVC,2026-08-09,2026,8,9,15198.0,18159.0
Tỷ lệ kết nối đúng giờ,10,PHO,PHOVC,2026-08-01,2026,8,1,362.0,364.0
Hiệu quả kết nối nội tỉnh,7,LDG,LDGVC,2026-08-17,2026,8,17,107721.31,3139.5
Hiệu quả kết nối nội tỉnh,7,LCI,LCIVC,2026-08-10,2026,8,10,79353.93,1309.0
Tỷ lệ kết nối đúng giờ,10,TNN,TNNVC,2026-08-16,2026,8,16,131.0,132.0
Thời gian chờ nhập,4,KHA,KHAVC,2026-08-10,2026,8,10,867.0833333333333,51.0
Tỷ lệ nhập đúng tải kiện 12.5s,5,CTO,CTOVC,2026-08-03,2026,8,3,4654.0,4803.0
Tỷ lệ kết nối đúng giờ,10,QTI,QTIVC,2026-08-10,2026,8,10,163.0,176.0
Thời gian chờ nhập,4,HUE,HUEVC,2026-08-17,2026,8,17,523.1333333333333,16.0
Thời gian chờ nhập,4,QNH,QNHVC,2026-08-06,2026,8,6,1012.8166666666666,24.0
Tỷ lệ kết nối đúng giờ,10,DNI,DNIVC,2026-08-17,2026,8,17,509.0,520.0
Tỷ lệ xuất sạch,3,HPG,HPGVC,2026-08-17,2026,8,17,98818.0,99656.0
Thời gian chờ nhập,4,HCM,HCMVC,2026-08-13,2026,8,13,1535.0333333333333,85.0
Tỷ lệ xuất sạch,3,TNN,TNNVC,2026-08-05,2026,8,5,20017.0,20958.0
Hiệu quả xe nội miền chiều đi,15,HCM,HCMVC,2026-08-10,2026,8,10,41732.03999999999,38700.0
Hiệu quả xe nội tỉnh chiều về,9,QNI,QNIVC,2026-08-06,2026,8,6,25329.69,44590.0
Hiệu quả kết nối nội tỉnh,7,GLI,GLIVC1,2026-08-10,2026,8,10,117819.13,3574.0
Tỷ lệ xuất sạch,3,QNH,QNHVC,2026-08-04,2026,8,4,25556.0,27589.0
Hiệu quả xe nội tỉnh chiều về,9,NBH,NBHVC,2026-08-10,2026,8,10,60280.25,97360.0
Tỷ lệ nhập đúng tải kiện 12.5s,5,LCI,LCIVC,2026-08-01,2026,8,1,5930.0,7444.0
Hiệu quả xe nội miền chiều về,16,KHA,KHAVC,2026-08-03,2026,8,3,9948.46,14500.0
Tỷ lệ kết nối đúng giờ,10,VLG,VLGVC,2026-08-16,2026,8,16,143.0,148.0
Hiệu quả xe nội tỉnh chiều đi,8,HPG,HPGVC,2026-08-06,2026,8,6,130007.65,199470.0
Hiệu quả xe nội miền chiều về,16,HPG,HPGVC,2026-07-31,2026,7,31,174.93,1650.0
Tỷ lệ kết nối đúng giờ,10,DNI,DNIVC,2026-08-14,2026,8,14,484.0,528.0
Hiệu quả xe nội tỉnh chiều đi,8,HCM,HCMVC,2026-08-09,2026,8,9,108579.84,139750.0
Tỷ lệ nhập đúng tải kiện 12.5s,5,PHO,PHOVC,2026-08-12,2026,8,12,21726.0,22896.0
Tỷ lệ kết nối đúng giờ,10,THA,THAVC,2026-08-03,2026,8,3,242.0,247.0
Hiệu quả xe liên miền,18,LDG,LDGVC,2026-08-05,2026,8,5,24392.81,37000.0
Hiệu quả xe nội tỉnh chiều về,9,LDG,LDGVC,2026-08-09,2026,8,9,53714.770000000004,131000.0
Tỷ lệ xuất sạch,3,TNN,TNNVC,2026-08-11,2026,8,11,20198.0,24160.0
Hiệu quả xe nội tỉnh chiều đi,8,GLI,GLIVC1,2026-08-11,2026,8,11,67331.84,83950.0
Hiệu quả kết nối nội miền,17,HYN,HYNVC,2026-08-08,2026,8,8,16863.15,132.0
Thời gian chờ nhập,4,TNH,TNHVC,2026-08-02,2026,8,2,598.7333333333332,50.0
Hiệu quả xe nội tỉnh chiều đi,8,AGG,AGGVC,2026-08-03,2026,8,3,107674.38,114900.0
Tỷ lệ kết nối đúng giờ,10,HNI,HNVC,2026-08-04,2026,8,4,3331.0,3555.0
Tỷ lệ nhập đúng tải kiện 12.5s,5,QNI,QNIVC,2026-08-06,2026,8,6,6268.0,6272.0
Tỷ lệ nhập đúng tải kiện 12.5s,5,CMU,CMUVC,2026-08-13,2026,8,13,9571.0,10141.0
Thời gian chờ nhập,4,HPG,HPGVC,2026-08-13,2026,8,13,692.8333333333333,42.0
Tỷ lệ kết nối đúng giờ,10,HUE,HUEVC,2026-08-14,2026,8,14,101.0,101.0
Tỷ lệ xuất sạch,3,LCI,LCIVC,2026-08-11,2026,8,11,16570.0,18311.0
Tỷ lệ nhập đúng tải kiện 12.5s,5,QNH,QNHVC,2026-08-03,2026,8,3,6982.0,7125.0
Tỷ lệ nhập đúng tải kiện 12.5s,5,LCU,LCUVC,2026-08-10,2026,8,10,507.0,509.0
Tỷ lệ xuất sạch,3,DNG,DNGVC,2026-08-01,2026,8,1,34335.0,37387.0
Hiệu quả kết nối nội tỉnh,7,DNG,DNGVC,2026-08-12,2026,8,12,226665.75,3658.0
Hiệu quả kết nối nội tỉnh,7,QTI,QTIVC,2026-08-02,2026,8,2,57867.22,1724.2
Hiệu quả xe nội miền chiều đi,15,HYN,HYNVC,2026-08-02,2026,8,2,5307.0,5100.0
Hiệu quả xe nội tỉnh chiều về,9,DTP,DTPVC,2026-08-04,2026,8,4,60129.8,138000.0
Hiệu quả kết nối nội tỉnh,7,HYN,HYNVC,2026-08-15,2026,8,15,233601.3,1307.0
Tỷ lệ kết nối đúng giờ,10,HPG,HPGVC,2026-08-12,2026,8,12,292.0,294.0
Thời gian chờ nhập,4,LCU,LCUVC,2026-08-03,2026,8,3,3.2,2.0
Hiệu quả xe nội tỉnh chiều về,9,TNH,TNHVC,2026-08-11,2026,8,11,203.33,4500.0
Tỷ lệ kết nối đúng giờ,10,LDG,LDGVC,2026-08-05,2026,8,5,283.0,294.0
Hiệu quả kết nối nội tỉnh,7,KHA,KHAVC,2026-08-08,2026,8,8,103029.52,1992.0
Hiệu quả xe nội tỉnh chiều đi,8,HTH,HTHVC,2026-08-06,2026,8,6,22205.63,30800.0
Hiệu quả xe nội miền chiều về,16,DNI,DNIVC,2026-08-04,2026,8,4,13493.84,19500.0
Hiệu quả xe nội tỉnh chiều về,9,HPG,HPGVC,2026-08-10,2026,8,10,68542.27,142840.0
Tỷ lệ xuất sạch,3,VLG,VLGVC,2026-08-11,2026,8,11,50540.0,51728.0
Hiệu quả xe nội tỉnh chiều đi,8,NAN,NANVC,2026-08-05,2026,8,5,73003.28,91480.0
Tỷ lệ kết nối đúng giờ,10,LSN,LSNVC,2026-08-14,2026,8,14,21.0,21.0
Hiệu quả xe nội tỉnh chiều đi,8,HNI,HNVC,2026-08-07,2026,8,7,120456.02,365700.0
Tỷ lệ kết nối đúng giờ,10,BNH,BNHVC,2026-07-31,2026,7,31,3.0,3.0
Tỷ lệ nhập đúng tải kiện 12.5s,5,DNG,DNGVC,2026-08-02,2026,8,2,4871.0,4963.0
Hiệu quả kết nối nội miền,17,DNI,DNIVC,2026-08-02,2026,8,2,8799.11,188.0
Hiệu quả xe nội miền chiều đi,15,PHO,PHOVC,2026-08-09,2026,8,9,29701.489999999998,25700.0
Hiệu quả xe nội tỉnh chiều về,9,TNH,TNHVC,2026-08-01,2026,8,1,76689.5,150900.0
Hiệu quả xe nội tỉnh chiều về,9,DLK,DLKVC1,2026-08-09,2026,8,9,45589.28,124840.0
Tỷ lệ xuất sạch,3,DBN,DBNVC,2026-08-10,2026,8,10,2224.0,2498.0
Tỷ lệ nhập đúng tải kiện 12.5s,5,DNI,DNIVC,2026-08-11,2026,8,11,21442.0,22125.0
Tỷ lệ kết nối đúng giờ,10,LSN,LSNVC,2026-08-09,2026,8,9,22.0,23.0
Hiệu quả xe nội miền chiều về,16,QNI,QNIVC,2026-08-10,2026,8,10,1446.2,3500.0
Tỷ lệ kết nối đúng giờ,10,LCI,LCIVC,2026-08-15,2026,8,15,98.0,99.0
Hiệu quả xe nội tỉnh chiều về,9,HCM,HCMVC,2026-08-02,2026,8,2,30432.799999999996,112200.0
Hiệu quả kết nối nội miền,17,HYN,HYNVC,2026-08-02,2026,8,2,10725.0,132.0
Tỷ lệ kết nối đúng giờ,10,DLK,DLKVC1,2026-08-05,2026,8,5,237.0,243.0
Thời gian chờ nhập,4,LCU,LCUVC,2026-08-17,2026,8,17,3.75,3.0
Tỷ lệ kết nối đúng giờ,10,HUE,HUEVC,2026-08-09,2026,8,9,85.0,85.0
Tỷ lệ nhập đúng tải kiện 12.5s,5,NAN,NANVC,2026-08-14,2026,8,14,9875.0,10526.0
Thời gian chờ nhập,4,KHA,KHAVC,2026-08-12,2026,8,12,559.5000000000001,52.0
Hiệu quả xe nội tỉnh chiều đi,8,QNI,QNIVC,2026-08-13,2026,8,13,13763.23,15050.0
Hiệu quả xe nội miền chiều đi,15,DNI,DNIVC,2026-08-15,2026,8,15,14295.27,16000.0
Hiệu quả xe liên miền,18,DLK,DLKVC1,2026-08-01,2026,8,1,19690.190000000002,26000.0
Hiệu quả xe nội tỉnh chiều về,9,LCI,LCIVC,2026-08-09,2026,8,9,35823.14,29000.0
Hiệu quả kết nối nội miền,17,GLI,GLIVC1,2026-08-12,2026,8,12,4011.87,442.0
Hiệu quả kết nối nội tỉnh,7,QNI,QNIVC,2026-08-04,2026,8,4,46321.91,1687.0
Thời gian chờ nhập,4,QTI,QTIVC,2026-08-05,2026,8,5,182.91666666666669,31.0
Hiệu quả xe nội tỉnh chiều về,9,KHA,KHAVC,2026-08-01,2026,8,1,31417.46,68750.0
Hiệu quả xe nội tỉnh chiều đi,8,HUE,HUEVC,2026-08-03,2026,8,3,27806.23,37730.0
Hiệu quả xe nội tỉnh chiều đi,8,PHO,PHOVC,2026-08-04,2026,8,4,120095.22,180650.0
Hiệu quả kết nối nội tỉnh,7,HPG,HPGVC,2026-08-06,2026,8,6,210946.88,2869.0
Hiệu quả xe nội tỉnh chiều về,9,HUE,HUEVC,2026-08-15,2026,8,15,14158.93,23530.0
Tỷ lệ kết nối đúng giờ,10,HTH,HTHVC,2026-08-07,2026,8,7,69.0,72.0
Tỷ lệ kết nối đúng giờ,10,DLK,DLKVC1,2026-08-12,2026,8,12,245.0,249.0
Hiệu quả kết nối nội tỉnh,7,TQG,TQGVC,2026-08-09,2026,8,9,17716.09,1008.0
Hiệu quả xe nội tỉnh chiều về,9,TNN,TNNVC,2026-08-10,2026,8,10,42230.94,65140.0
Hiệu quả xe nội tỉnh chiều về,9,HYN,HYNVC,2026-08-16,2026,8,16,35234.02,41900.0
Hiệu quả xe nội tỉnh chiều về,9,GLI,GLIVC1,2026-08-03,2026,8,3,46079.98,79780.0
Hiệu quả xe nội tỉnh chiều đi,8,HUE,HUEVC,2026-08-01,2026,8,1,28375.27,37480.0
Tỷ lệ kết nối đúng giờ,10,HNI,HNVC,2026-08-10,2026,8,10,3351.0,3573.0
Hiệu quả kết nối nội tỉnh,7,LCI,LCIVC,2026-08-04,2026,8,4,70763.53,1309.0
Hiệu quả kết nối nội tỉnh,7,BNH,BNHVC,2026-08-12,2026,8,12,125966.76,1731.0
Tỷ lệ xuất sạch,3,KHA,KHAVC,2026-08-04,2026,8,4,28096.0,28534.0
Tỷ lệ kết nối đúng giờ,10,CTO,CTOVC,2026-08-02,2026,8,2,225.0,230.0
Hiệu quả xe nội miền chiều đi,15,GLI,GLIVC1,2026-08-09,2026,8,9,1165.42,1900.0
Thời gian chờ nhập,4,TQG,TQGVC,2026-08-06,2026,8,6,129.3,14.0
Hiệu quả xe nội tỉnh chiều đi,8,HPG,HPGVC,2026-08-15,2026,8,15,147073.7,197300.0
Hiệu quả xe nội miền chiều đi,15,KHA,KHAVC,2026-08-16,2026,8,16,7805.340000000001,14500.0
Hiệu quả xe nội tỉnh chiều về,9,QNI,QNIVC,2026-08-03,2026,8,3,22516.15,44590.0
Hiệu quả kết nối nội tỉnh,7,HTH,HTHVC,2026-08-07,2026,8,7,32141.49,904.8000000000001
Thời gian chờ nhập,4,HYN,HYNVC,2026-08-16,2026,8,16,171.01666666666668,34.0
Hiệu quả kết nối nội tỉnh,7,TNN,TNNVC,2026-08-10,2026,8,10,74261.5,1260.0
Tỷ lệ kết nối đúng giờ,10,HNI,HNVC,2026-08-11,2026,8,11,3405.0,3641.0
Tỷ lệ kết nối đúng giờ,10,KHA,KHAVC,2026-08-03,2026,8,3,193.0,196.0
Hiệu quả xe liên miền,18,DLK,DLKVC1,2026-08-04,2026,8,4,9519.22,13000.0
Tỷ lệ nhập đúng tải kiện 12.5s,5,AGG,AGGVC,2026-08-03,2026,8,3,14049.0,14761.0
Tỷ lệ nhập đúng tải kiện 12.5s,5,QTI,QTIVC,2026-08-09,2026,8,9,6177.0,6420.0
Tỷ lệ kết nối đúng giờ,10,LSN,LSNVC,2026-08-16,2026,8,16,19.0,19.0
Hiệu quả xe nội tỉnh chiều đi,8,HCM,HCMVC,2026-08-16,2026,8,16,117566.01000000001,140500.0
Hiệu quả kết nối nội tỉnh,7,DTP,DTPVC,2026-08-05,2026,8,5,162069.81,2774.9
Hiệu quả kết nối nội tỉnh,7,QNI,QNIVC,2026-08-01,2026,8,1,56807.009999999995,2036.0
Tỷ lệ nhập đúng tải kiện 12.5s,5,TNH,TNHVC,2026-08-07,2026,8,7,18978.0,21572.0
Hiệu quả kết nối nội miền,17,GLI,GLIVC1,2026-08-05,2026,8,5,3298.33,442.0
Thời gian chờ nhập,4,DNG,DNGVC,2026-08-15,2026,8,15,119.03333333333333,21.0
Hiệu quả xe nội miền chiều về,16,KHA,KHAVC,2026-08-15,2026,8,15,9969.35,14500.0
Tỷ lệ xuất sạch,3,HYN,HYNVC,2026-08-07,2026,8,7,54425.0,56131.0
Hiệu quả kết nối nội tỉnh,7,NAN,NANVC,2026-08-17,2026,8,17,96014.02,3329.0
Thời gian chờ nhập,4,LSN,LSNVC,2026-08-16,2026,8,16,46.76666666666667,9.0
Thời gian chờ nhập,4,PHO,PHOVC,2026-08-12,2026,8,12,1558.05,58.0
Tỷ lệ nhập đúng tải kiện 12.5s,5,TQG,TQGVC,2026-08-08,2026,8,8,3960.0,3974.0
Tỷ lệ nhập đúng tải kiện 12.5s,5,HCM,HCMVC,2026-08-14,2026,8,14,34907.0,39118.0
Hiệu quả kết nối nội tỉnh,7,AGG,AGGVC,2026-08-10,2026,8,10,87714.2,1795.0
Hiệu quả xe nội miền chiều về,16,LDG,LDGVC,2026-08-05,2026,8,5,3068.8,5000.0
Thời gian chờ nhập,4,HUE,HUEVC,2026-08-09,2026,8,9,327.56666666666666,19.0
Hiệu quả xe nội tỉnh chiều đi,8,TQG,TQGVC,2026-08-11,2026,8,11,11991.86,12400.0
Hiệu quả xe nội tỉnh chiều đi,8,TQG,TQGVC,2026-08-09,2026,8,9,10139.18,10750.0
Hiệu quả xe nội miền chiều về,16,HCM,HCMVC,2026-08-03,2026,8,3,7227.719999999999,9900.0
Hiệu quả xe nội tỉnh chiều về,9,HUE,HUEVC,2026-08-06,2026,8,6,18714.38,29680.0
Thời gian chờ nhập,4,BNH,BNHVC,2026-08-07,2026,8,7,742.1333333333333,54.0
Tỷ lệ kết nối đúng giờ,10,QTI,QTIVC,2026-08-03,2026,8,3,178.0,185.0
Tỷ lệ xuất sạch,3,LDG,LDGVC,2026-08-14,2026,8,14,54853.0,61686.0
Tỷ lệ xuất sạch,3,VLG,VLGVC,2026-08-06,2026,8,6,47524.0,50572.0
Hiệu quả xe nội tỉnh chiều về,9,LDG,LDGVC,2026-08-02,2026,8,2,52480.09,129350.0
Tỷ lệ xuất sạch,3,HTH,HTHVC,2026-08-07,2026,8,7,11552.0,11631.0
Tỷ lệ kết nối đúng giờ,10,DLK,DLKVC1,2026-08-01,2026,8,1,239.0,241.0
Hiệu quả xe nội tỉnh chiều về,9,QTI,QTIVC,2026-08-07,2026,8,7,26719.6,44710.0
Tỷ lệ xuất sạch,3,CMU,CMUVC,2026-08-05,2026,8,5,27111.0,27124.0
Hiệu quả xe nội tỉnh chiều đi,8,LCI,LCIVC,2026-08-15,2026,8,15,38508.020000000004,34500.0
Thời gian chờ nhập,4,QNI,QNIVC,2026-08-12,2026,8,12,593.8833333333332,38.0
Tỷ lệ kết nối đúng giờ,10,KHA,KHAVC,2026-08-13,2026,8,13,198.0,199.0
Tỷ lệ nhập đúng tải kiện 12.5s,5,DBN,DBNVC,2026-08-06,2026,8,6,299.0,299.0
Tỷ lệ xuất sạch,3,VLG,VLGVC,2026-08-14,2026,8,14,51564.0,52627.0
Hiệu quả kết nối nội tỉnh,7,HNI,HNVC,2026-08-15,2026,8,15,455236.93,10521.5
Tỷ lệ xuất sạch,3,DNG,DNGVC,2026-08-05,2026,8,5,36357.0,38828.0
Tỷ lệ kết nối đúng giờ,10,QNI,QNIVC,2026-08-06,2026,8,6,169.0,170.0
Hiệu quả kết nối nội miền,17,HPG,HPGVC,2026-08-13,2026,8,13,1039.08,115.0
Tỷ lệ nhập đúng tải kiện 12.5s,5,QNH,QNHVC,2026-08-13,2026,8,13,7433.0,9179.0
Tỷ lệ kết nối đúng giờ,10,TQG,TQGVC,2026-08-08,2026,8,8,58.0,59.0
Hiệu quả xe nội tỉnh chiều về,9,THA,THAVC,2026-08-12,2026,8,12,75290.65,146800.0
Hiệu quả kết nối nội tỉnh,7,TNN,TNNVC,2026-08-05,2026,8,5,80005.77,1276.0
Hiệu quả kết nối nội tỉnh,7,VLG,VLGVC,2026-08-01,2026,8,1,170420.17,2960.2
Tỷ lệ nhập đúng tải kiện 12.5s,5,DLK,DLKVC1,2026-08-17,2026,8,17,10259.0,11012.0
Hiệu quả kết nối nội tỉnh,7,HUE,HUEVC,2026-08-14,2026,8,14,43122.4,816.0
Hiệu quả xe nội miền chiều về,16,TNH,TNHVC,2026-08-01,2026,8,1,506.31,5100.0
Tỷ lệ kết nối đúng giờ,10,DBN,DBNVC,2026-08-06,2026,8,6,13.0,13.0
Hiệu quả xe nội tỉnh chiều về,9,DBN,DBNVC,2026-08-17,2026,8,17,18.0,1650.0
Hiệu quả xe liên miền,18,KHA,KHAVC,2026-08-08,2026,8,8,14237.47,21000.0
Hiệu quả xe nội tỉnh chiều về,9,SLA,SLAVC,2026-08-09,2026,8,9,50.66,900.0
Thời gian chờ nhập,4,CMU,CMUVC,2026-08-15,2026,8,15,193.23333333333335,26.0
Hiệu quả kết nối nội tỉnh,7,QTI,QTIVC,2026-08-10,2026,8,10,79202.44,2564.8
Thời gian chờ nhập,4,NBH,NBHVC,2026-08-13,2026,8,13,681.0333333333333,55.0
Hiệu quả xe nội miền chiều đi,15,HCM,HCMVC,2026-08-03,2026,8,3,34643.7,38700.0
Tỷ lệ nhập đúng tải kiện 12.5s,5,CTO,CTOVC,2026-08-09,2026,8,9,6377.0,6377.0
Hiệu quả xe nội tỉnh chiều về,9,HCM,HCMVC,2026-08-11,2026,8,11,96787.76999999999,166050.0
Tỷ lệ kết nối đúng giờ,10,TQG,TQGVC,2026-08-15,2026,8,15,58.0,59.0
Hiệu quả xe nội tỉnh chiều về,9,QTI,QTIVC,2026-08-16,2026,8,16,19464.34,32060.0
Thời gian chờ nhập,4,TNH,TNHVC,2026-08-11,2026,8,11,1046.4166666666665,63.0
Tỷ lệ xuất sạch,3,LCU,LCUVC,2026-08-11,2026,8,11,588.0,610.0
Hiệu quả xe nội tỉnh chiều về,9,LDG,LDGVC,2026-08-05,2026,8,5,70304.43,134950.0
Hiệu quả xe nội tỉnh chiều đi,8,TNN,TNNVC,2026-08-09,2026,8,9,35537.75,55910.0
Tỷ lệ nhập đúng tải kiện 12.5s,5,QNI,QNIVC,2026-08-11,2026,8,11,6371.0,6556.0
Tỷ lệ kết nối đúng giờ,10,QNI,QNIVC,2026-08-10,2026,8,10,166.0,166.0
Tỷ lệ nhập đúng tải kiện 12.5s,5,PHO,PHOVC,2026-08-10,2026,8,10,18618.0,19065.0
Hiệu quả xe nội tỉnh chiều về,9,AGG,AGGVC,2026-08-03,2026,8,3,52869.880000000005,115750.0
Tỷ lệ nhập đúng tải kiện 12.5s,5,DTP,DTPVC,2026-08-08,2026,8,8,16719.0,16767.0
Hiệu quả xe nội tỉnh chiều về,9,TNN,TNNVC,2026-08-15,2026,8,15,35025.06,63480.0
Tỷ lệ kết nối đúng giờ,10,SLA,SLAVC,2026-08-02,2026,8,2,4.0,4.0
Hiệu quả kết nối nội tỉnh,7,QNI,QNIVC,2026-08-06,2026,8,6,63422.6,2036.0
Thời gian chờ nhập,4,HNI,HNVC,2026-08-10,2026,8,10,1993.333333333333,141.0
Tỷ lệ xuất sạch,3,QNI,QNIVC,2026-08-03,2026,8,3,20306.0,20587.0
Thời gian chờ nhập,4,HNI,HNVC,2026-08-16,2026,8,16,1683.75,90.0
Hiệu quả kết nối nội tỉnh,7,LCI,LCIVC,2026-08-11,2026,8,11,77937.95999999999,1309.0
Tỷ lệ nhập đúng tải kiện 12.5s,5,NBH,NBHVC,2026-08-02,2026,8,2,12717.0,12755.0
Hiệu quả kết nối nội tỉnh,7,HCM,HCMVC,2026-08-01,2026,8,1,216936.4,2843.1
Thời gian chờ nhập,4,THA,THAVC,2026-08-06,2026,8,6,1319.9166666666667,44.0
Hiệu quả kết nối nội tỉnh,7,GLI,GLIVC1,2026-08-11,2026,8,11,116124.26999999999,3198.0
Hiệu quả xe liên miền,18,GLI,GLIVC1,2026-08-08,2026,8,8,10583.470000000001,21000.0
Tỷ lệ nhập đúng tải kiện 12.5s,5,NAN,NANVC,2026-08-04,2026,8,4,11320.0,11851.0
Hiệu quả xe nội tỉnh chiều đi,8,NBH,NBHVC,2026-08-15,2026,8,15,64959.34,89060.0
Tỷ lệ xuất sạch,3,CTO,CTOVC,2026-08-07,2026,8,7,14371.0,14396.0
Hiệu quả xe nội tỉnh chiều đi,8,BNH,BNHVC,2026-08-04,2026,8,4,109064.75,192450.0
Hiệu quả xe nội tỉnh chiều về,9,DNG,DNGVC,2026-08-08,2026,8,8,83815.4,138400.0
Tỷ lệ nhập đúng tải kiện 12.5s,5,DLK,DLKVC1,2026-08-06,2026,8,6,11446.0,16229.0
Tỷ lệ nhập đúng tải kiện 12.5s,5,NBH,NBHVC,2026-08-09,2026,8,9,11707.0,11832.0
Tỷ lệ kết nối đúng giờ,10,TNH,TNHVC,2026-08-09,2026,8,9,177.0,184.0
Hiệu quả xe nội tỉnh chiều đi,8,QNI,QNIVC,2026-08-15,2026,8,15,40320.96000000001,41290.0
Hiệu quả kết nối nội tỉnh,7,HNI,HNVC,2026-08-13,2026,8,13,481455.22,11114.3
Tỷ lệ xuất sạch,3,AGG,AGGVC,2026-08-05,2026,8,5,46019.0,47687.0
Hiệu quả kết nối nội tỉnh,7,DNG,DNGVC,2026-08-03,2026,8,3,184406.56,3589.0
Hiệu quả xe nội tỉnh chiều về,9,QTI,QTIVC,2026-08-02,2026,8,2,19699.55,31810.0
Tỷ lệ nhập đúng tải kiện 12.5s,5,LCU,LCUVC,2026-08-07,2026,8,7,817.0,829.0
Hiệu quả xe nội tỉnh chiều về,9,BNH,BNHVC,2026-08-06,2026,8,6,128617.66,192200.0
Hiệu quả xe liên miền,18,HCM,HCMVC,2026-08-06,2026,8,6,7346.77,8000.0
Tỷ lệ nhập đúng tải kiện 12.5s,5,QTI,QTIVC,2026-08-07,2026,8,7,7413.0,7865.0
Tỷ lệ xuất sạch,3,LCI,LCIVC,2026-08-02,2026,8,2,17041.0,17186.0
Hiệu quả kết nối nội tỉnh,7,NBH,NBHVC,2026-08-15,2026,8,15,122934.5,1269.76
Thời gian chờ nhập,4,KHA,KHAVC,2026-08-03,2026,8,3,702.7666666666667,54.0
Hiệu quả xe nội tỉnh chiều đi,8,NBH,NBHVC,2026-08-12,2026,8,12,71511.57,105060.0
Thời gian chờ nhập,4,SLA,SLAVC,2026-08-01,2026,8,1,299.6166666666667,3.0
Hiệu quả xe nội tỉnh chiều đi,8,DTP,DTPVC,2026-08-05,2026,8,5,96156.86,155600.0
Hiệu quả xe nội miền chiều đi,15,LDG,LDGVC,2026-08-07,2026,8,7,2391.27,5000.0
Tỷ lệ nhập đúng tải kiện 12.5s,5,HNI,HNVC,2026-08-13,2026,8,13,46495.0,50328.0
Thời gian chờ nhập,4,TNN,TNNVC,2026-08-08,2026,8,8,322.85,24.0
Hiệu quả kết nối nội tỉnh,7,CTO,CTOVC,2026-07-31,2026,7,31,5924.98,54.0
Tỷ lệ xuất sạch,3,AGG,AGGVC,2026-08-10,2026,8,10,43217.0,47169.0
Tỷ lệ xuất sạch,3,KHA,KHAVC,2026-08-12,2026,8,12,32202.0,32959.0
Hiệu quả xe liên miền,18,DLK,DLKVC1,2026-08-12,2026,8,12,17313.59,26000.0
Thời gian chờ nhập,4,GLI,GLIVC1,2026-08-06,2026,8,6,1807.25,41.0
Hiệu quả kết nối nội miền,17,VLG,VLGVC,2026-08-15,2026,8,15,20475.14,677.0
Tỷ lệ xuất sạch,3,THA,THAVC,2026-08-06,2026,8,6,43945.0,49816.0
Thời gian chờ nhập,4,HCM,HCMVC,2026-08-12,2026,8,12,1595.1166666666668,103.0
Thời gian chờ nhập,4,HNI,HNVC,2026-08-03,2026,8,3,1538.1333333333334,125.0
Hiệu quả xe nội tỉnh chiều về,9,GLI,GLIVC1,2026-08-11,2026,8,11,48792.42999999999,77730.0
Hiệu quả xe nội tỉnh chiều về,9,LCI,LCIVC,2026-08-06,2026,8,6,39147.450000000004,30650.0
Tỷ lệ nhập đúng tải kiện 12.5s,5,HNI,HNVC,2026-08-14,2026,8,14,43066.0,47362.0
Hiệu quả xe nội miền chiều đi,15,GLI,GLIVC1,2026-08-07,2026,8,7,1208.02,1900.0
Hiệu quả kết nối nội tỉnh,7,DNG,DNGVC,2026-08-06,2026,8,6,229760.07,3684.0
Hiệu quả xe nội tỉnh chiều đi,8,CMU,CMUVC,2026-08-05,2026,8,5,52564.83,62950.0
Hiệu quả kết nối nội tỉnh,7,LSN,LSNVC,2026-08-12,2026,8,12,26097.010000000002,593.0
Hiệu quả xe nội tỉnh chiều về,9,KHA,KHAVC,2026-08-17,2026,8,17,37997.62,74200.0
Hiệu quả kết nối nội tỉnh,7,NBH,NBHVC,2026-08-12,2026,8,12,131033.5,1481.8700000000001
Hiệu quả xe nội miền chiều đi,15,HYN,HYNVC,2026-08-09,2026,8,9,5530.0,5100.0
Tỷ lệ kết nối đúng giờ,10,DLK,DLKVC1,2026-08-06,2026,8,6,246.0,248.0
Hiệu quả kết nối nội tỉnh,7,GLI,GLIVC1,2026-08-07,2026,8,7,135090.4,3542.0
Hiệu quả kết nối nội tỉnh,7,DLK,DLKVC1,2026-08-11,2026,8,11,138420.8,3446.0
Hiệu quả xe nội tỉnh chiều về,9,DBN,DBNVC,2026-08-14,2026,8,14,120.02,1650.0
Hiệu quả xe nội miền chiều về,16,HYN,HYNVC,2026-08-06,2026,8,6,5753.0,5100.0
Tỷ lệ nhập đúng tải kiện 12.5s,5,HPG,HPGVC,2026-08-12,2026,8,12,19160.0,19782.0
Hiệu quả kết nối nội tỉnh,7,BNH,BNHVC,2026-08-03,2026,8,3,201469.08000000002,3109.0
Hiệu quả xe nội miền chiều đi,15,LDG,LDGVC,2026-08-13,2026,8,13,3402.61,5000.0
Hiệu quả xe nội tỉnh chiều đi,8,NBH,NBHVC,2026-08-05,2026,8,5,107990.88,186060.0
Hiệu quả kết nối nội miền,17,VLG,VLGVC,2026-08-03,2026,8,3,22448.42,932.0
Hiệu quả xe nội tỉnh chiều đi,8,HUE,HUEVC,2026-08-10,2026,8,10,27905.010000000002,31580.0
Tỷ lệ kết nối đúng giờ,10,QNI,QNIVC,2026-08-14,2026,8,14,168.0,172.0
Hiệu quả xe nội tỉnh chiều đi,8,LSN,LSNVC,2026-08-16,2026,8,16,10239.19,19200.0
Hiệu quả xe nội tỉnh chiều về,9,HTH,HTHVC,2026-08-05,2026,8,5,8350.23,27250.0
Thời gian chờ nhập,4,NBH,NBHVC,2026-08-02,2026,8,2,198.81666666666666,42.0
Hiệu quả kết nối nội tỉnh,7,QNH,QNHVC,2026-08-01,2026,8,1,62387.95,1847.0
Tỷ lệ kết nối đúng giờ,10,GLI,GLIVC1,2026-08-06,2026,8,6,221.0,242.0
Tỷ lệ kết nối đúng giờ,10,AGG,AGGVC,2026-08-01,2026,8,1,184.0,187.0
Hiệu quả xe nội miền chiều đi,15,QNI,QNIVC,2026-08-12,2026,8,12,3087.72,3500.0
Thời gian chờ nhập,4,THA,THAVC,2026-08-10,2026,8,10,632.9166666666666,33.0
Hiệu quả xe nội miền chiều đi,15,VLG,VLGVC,2026-08-01,2026,8,1,15742.460000000001,12150.0
Hiệu quả kết nối nội tỉnh,7,CMU,CMUVC,2026-08-10,2026,8,10,97459.62,2232.0
Hiệu quả xe liên miền,18,DLK,DLKVC1,2026-08-06,2026,8,6,17637.4,21000.0
Tỷ lệ kết nối đúng giờ,10,NBH,NBHVC,2026-08-07,2026,8,7,345.0,346.0
Tỷ lệ xuất sạch,3,HNI,HNVC,2026-08-07,2026,8,7,196650.0,198625.0
Hiệu quả kết nối nội miền,17,VLG,VLGVC,2026-08-12,2026,8,12,23755.399999999998,972.0
Thời gian chờ nhập,4,TQG,TQGVC,2026-08-17,2026,8,17,403.15,14.0
Hiệu quả kết nối nội tỉnh,7,HNI,HNVC,2026-08-05,2026,8,5,469091.5,10841.8
Hiệu quả xe nội miền chiều về,16,HCM,HCMVC,2026-08-07,2026,8,7,13476.05,22950.0
Tỷ lệ xuất sạch,3,LSN,LSNVC,2026-08-14,2026,8,14,9253.0,9283.0
Tỷ lệ kết nối đúng giờ,10,TNH,TNHVC,2026-08-04,2026,8,4,228.0,231.0
Tỷ lệ kết nối đúng giờ,10,SLA,SLAVC,2026-08-12,2026,8,12,4.0,4.0
Hiệu quả xe nội miền chiều đi,15,HYN,HYNVC,2026-08-06,2026,8,6,5447.1,5100.0
Tỷ lệ kết nối đúng giờ,10,HTH,HTHVC,2026-08-01,2026,8,1,72.0,72.0
Hiệu quả xe nội tỉnh chiều đi,8,QNH,QNHVC,2026-08-12,2026,8,12,17009.11,12750.0
Thời gian chờ nhập,4,GLI,GLIVC1,2026-08-14,2026,8,14,2415.0333333333333,41.0
Tỷ lệ nhập đúng tải kiện 12.5s,5,QNH,QNHVC,2026-08-08,2026,8,8,6058.0,6360.0
Hiệu quả xe nội miền chiều về,16,VLG,VLGVC,2026-08-03,2026,8,3,3626.76,8000.0
Tỷ lệ nhập đúng tải kiện 12.5s,5,LCI,LCIVC,2026-08-10,2026,8,10,3738.0,5512.0
Tỷ lệ xuất sạch,3,LDG,LDGVC,2026-08-04,2026,8,4,49431.0,51838.0
Tỷ lệ xuất sạch,3,LSN,LSNVC,2026-08-11,2026,8,11,6865.0,6883.0
Tỷ lệ xuất sạch,3,HNI,HNVC,2026-08-14,2026,8,14,197401.0,198575.0
Tỷ lệ kết nối đúng giờ,10,DNI,DNIVC,2026-08-10,2026,8,10,507.0,530.0
Tỷ lệ xuất sạch,3,NAN,NANVC,2026-08-02,2026,8,2,34260.0,34623.0
Thời gian chờ nhập,4,QNI,QNIVC,2026-08-14,2026,8,14,560.2666666666667,36.0
Tỷ lệ kết nối đúng giờ,10,KHA,KHAVC,2026-08-17,2026,8,17,201.0,202.0
Hiệu quả xe nội tỉnh chiều đi,8,QNH,QNHVC,2026-08-13,2026,8,13,8510.380000000001,8700.0
Tỷ lệ kết nối đúng giờ,10,DTP,DTPVC,2026-08-09,2026,8,9,118.0,120.0
Thời gian chờ nhập,4,HCM,HCMVC,2026-08-04,2026,8,4,1914.2333333333333,95.0
Tỷ lệ xuất sạch,3,DNI,DNIVC,2026-08-06,2026,8,6,109667.0,111020.0
Hiệu quả xe nội tỉnh chiều về,9,KHA,KHAVC,2026-08-04,2026,8,4,35054.7,70900.0
Hiệu quả xe nội tỉnh chiều về,9,NAN,NANVC,2026-08-10,2026,8,10,42199.02,66430.0
Hiệu quả xe nội miền chiều đi,15,HYN,HYNVC,2026-08-11,2026,8,11,6603.0,5100.0
Tỷ lệ nhập đúng tải kiện 12.5s,5,TQG,TQGVC,2026-08-04,2026,8,4,3770.0,3818.0
Hiệu quả kết nối nội tỉnh,7,BNH,BNHVC,2026-08-13,2026,8,13,119227.64,1748.0
Hiệu quả xe nội tỉnh chiều về,9,DNG,DNGVC,2026-08-09,2026,8,9,40383.0,85700.0
Tỷ lệ kết nối đúng giờ,10,HNI,HNVC,2026-08-16,2026,8,16,1874.0,2018.0
Tỷ lệ xuất sạch,3,HCM,HCMVC,2026-08-07,2026,8,7,117963.0,120808.0
Thời gian chờ nhập,4,HPG,HPGVC,2026-08-05,2026,8,5,354.48333333333335,36.0
Hiệu quả xe nội tỉnh chiều đi,8,QNI,QNIVC,2026-08-08,2026,8,8,37329.56,36340.0
Hiệu quả xe nội tỉnh chiều đi,8,SLA,SLAVC,2026-08-16,2026,8,16,1070.88,900.0
Tỷ lệ kết nối đúng giờ,10,TNN,TNNVC,2026-08-09,2026,8,9,136.0,136.0
Hiệu quả kết nối nội tỉnh,7,KHA,KHAVC,2026-08-05,2026,8,5,87514.68,1948.0
Tỷ lệ nhập đúng tải kiện 12.5s,5,GLI,GLIVC1,2026-08-09,2026,8,9,6839.0,6886.0
Hiệu quả xe nội tỉnh chiều đi,8,HYN,HYNVC,2026-08-05,2026,8,5,130363.48999999999,155150.0
Thời gian chờ nhập,4,HTH,HTHVC,2026-08-03,2026,8,3,190.7,12.0
Hiệu quả xe nội tỉnh chiều đi,8,TNH,TNHVC,2026-08-14,2026,8,14,3304.01,4500.0
Tỷ lệ nhập đúng tải kiện 12.5s,5,HPG,HPGVC,2026-08-17,2026,8,17,17393.0,17651.0
Tỷ lệ xuất sạch,3,DNG,DNGVC,2026-08-12,2026,8,12,40819.0,43373.0
Hiệu quả xe nội tỉnh chiều đi,8,DNG,DNGVC,2026-08-08,2026,8,8,104897.45999999999,106800.0
Thời gian chờ nhập,4,QNH,QNHVC,2026-08-07,2026,8,7,408.31666666666666,20.0
Hiệu quả xe nội tỉnh chiều đi,8,SLA,SLAVC,2026-08-17,2026,8,17,1176.18,900.0
Hiệu quả xe nội miền chiều đi,15,LDG,LDGVC,2026-08-11,2026,8,11,2998.06,5000.0
Thời gian chờ nhập,4,CTO,CTOVC,2026-08-13,2026,8,13,87.08333333333333,14.0
Tỷ lệ nhập đúng tải kiện 12.5s,5,HTH,HTHVC,2026-08-10,2026,8,10,2913.0,3081.0
Thời gian chờ nhập,4,BNH,BNHVC,2026-08-15,2026,8,15,3835.65,64.0
Tỷ lệ xuất sạch,3,HUE,HUEVC,2026-08-15,2026,8,15,18846.0,18892.0
Hiệu quả xe nội miền chiều đi,15,KHA,KHAVC,2026-08-10,2026,8,10,10878.74,14500.0
Thời gian chờ nhập,4,GLI,GLIVC1,2026-08-13,2026,8,13,2129.65,37.0
Hiệu quả xe nội tỉnh chiều đi,8,HUE,HUEVC,2026-08-15,2026,8,15,26010.89,31580.0
Hiệu quả kết nối nội tỉnh,7,HTH,HTHVC,2026-08-03,2026,8,3,32680.38,904.8
Hiệu quả kết nối nội tỉnh,7,SLA,SLAVC,2026-08-16,2026,8,16,1397.5800000000002,82.0
Tỷ lệ nhập đúng tải kiện 12.5s,5,BNH,BNHVC,2026-08-12,2026,8,12,21842.0,23655.0
Hiệu quả xe nội miền chiều về,16,HYN,HYNVC,2026-08-01,2026,8,1,16378.0,5100.0
Hiệu quả kết nối nội tỉnh,7,BNH,BNHVC,2026-08-17,2026,8,17,85853.67,1353.0
Hiệu quả xe nội miền chiều đi,15,VLG,VLGVC,2026-08-03,2026,8,3,18821.66,15650.0
Hiệu quả kết nối nội tỉnh,7,GLI,GLIVC1,2026-08-12,2026,8,12,121766.84,3461.0
Tỷ lệ kết nối đúng giờ,10,CTO,CTOVC,2026-08-15,2026,8,15,244.0,254.0
Thời gian chờ nhập,4,DTP,DTPVC,2026-08-02,2026,8,2,163.81666666666666,33.0
Hiệu quả xe nội tỉnh chiều về,9,BNH,BNHVC,2026-08-04,2026,8,4,115891.88,181050.0
Thời gian chờ nhập,4,HNI,HNVC,2026-08-04,2026,8,4,1810.35,130.0
Hiệu quả kết nối nội miền,17,PHO,PHOVC,2026-08-09,2026,8,9,29701.489999999998,375.0
Hiệu quả xe nội tỉnh chiều về,9,KHA,KHAVC,2026-07-31,2026,7,31,4653.76,6750.0
Hiệu quả xe nội miền chiều về,16,QNI,QNIVC,2026-08-06,2026,8,6,3478.13,3500.0
Hiệu quả xe nội tỉnh chiều đi,8,PHO,PHOVC,2026-08-07,2026,8,7,131866.68,177800.0
Hiệu quả kết nối nội tỉnh,7,DNG,DNGVC,2026-08-15,2026,8,15,194008.39,3632.0
Hiệu quả xe nội tỉnh chiều về,9,SLA,SLAVC,2026-08-13,2026,8,13,224.75,900.0
Tỷ lệ kết nối đúng giờ,10,QTI,QTIVC,2026-08-05,2026,8,5,168.0,176.0
Tỷ lệ kết nối đúng giờ,10,HYN,HYNVC,2026-08-11,2026,8,11,354.0,356.0
Thời gian chờ nhập,4,NAN,NANVC,2026-08-17,2026,8,17,571.3,30.0
Thời gian chờ nhập,4,PHO,PHOVC,2026-08-10,2026,8,10,1507.1833333333334,54.0
Hiệu quả xe nội tỉnh chiều đi,8,LDG,LDGVC,2026-08-03,2026,8,3,112419.0,139250.0
Hiệu quả kết nối nội tỉnh,7,VLG,VLGVC,2026-08-02,2026,8,2,92904.97,1641.0
Hiệu quả xe nội tỉnh chiều đi,8,HYN,HYNVC,2026-08-13,2026,8,13,151614.87000000002,119950.0
Hiệu quả kết nối nội tỉnh,7,TNH,TNHVC,2026-08-13,2026,8,13,3827.95,156.0
Tỷ lệ xuất sạch,3,CMU,CMUVC,2026-08-03,2026,8,3,25167.0,30763.0
Tỷ lệ nhập đúng tải kiện 12.5s,5,BNH,BNHVC,2026-08-01,2026,8,1,20418.0,22116.0
Hiệu quả xe nội tỉnh chiều về,9,DLK,DLKVC1,2026-07-31,2026,7,31,6274.870000000001,6150.0
Hiệu quả kết nối nội tỉnh,7,DBN,DBNVC,2026-08-06,2026,8,6,2937.09,185.0
Thời gian chờ nhập,4,TNN,TNNVC,2026-08-11,2026,8,11,197.1,24.0
Hiệu quả kết nối nội tỉnh,7,HCM,HCMVC,2026-08-03,2026,8,3,182207.11,2618.4
Tỷ lệ xuất sạch,3,HUE,HUEVC,2026-08-04,2026,8,4,17129.0,17190.0
Hiệu quả kết nối nội miền,17,KHA,KHAVC,2026-08-04,2026,8,4,19175.84,2383.0
Hiệu quả xe nội tỉnh chiều về,9,GLI,GLIVC1,2026-08-04,2026,8,4,52644.759999999995,80030.0
Thời gian chờ nhập,4,KHA,KHAVC,2026-08-06,2026,8,6,788.2166666666667,60.0
Hiệu quả xe liên miền,18,LDG,LDGVC,2026-07-31,2026,7,31,29537.54,37000.0
Hiệu quả kết nối nội tỉnh,7,BNH,BNHVC,2026-08-05,2026,8,5,215866.85,3256.0
Tỷ lệ nhập đúng tải kiện 12.5s,5,BNH,BNHVC,2026-08-10,2026,8,10,20963.0,22593.0
Tỷ lệ kết nối đúng giờ,10,TNH,TNHVC,2026-08-16,2026,8,16,179.0,183.0
Tỷ lệ kết nối đúng giờ,10,CTO,CTOVC,2026-08-01,2026,8,1,241.0,243.0
Hiệu quả kết nối nội tỉnh,7,TNH,TNHVC,2026-08-16,2026,8,16,263.59,78.0
Hiệu quả xe nội tỉnh chiều đi,8,VLG,VLGVC,2026-08-03,2026,8,3,88090.04999999999,123250.0
Hiệu quả xe nội miền chiều đi,15,HCM,HCMVC,2026-08-08,2026,8,8,26707.64,34200.0
Tỷ lệ xuất sạch,3,LCU,LCUVC,2026-08-17,2026,8,17,964.0,964.0
Tỷ lệ nhập đúng tải kiện 12.5s,5,HYN,HYNVC,2026-08-10,2026,8,10,15591.0,15766.0
Tỷ lệ kết nối đúng giờ,10,TNH,TNHVC,2026-08-10,2026,8,10,210.0,220.0
Thời gian chờ nhập,4,HNI,HNVC,2026-08-08,2026,8,8,2153.3333333333335,120.0
Tỷ lệ xuất sạch,3,HTH,HTHVC,2026-08-10,2026,8,10,11673.0,12059.0
Hiệu quả kết nối nội miền,17,LDG,LDGVC,2026-08-16,2026,8,16,4882.59,462.0
Hiệu quả xe nội tỉnh chiều về,9,DTP,DTPVC,2026-08-09,2026,8,9,43407.6,94700.0
Thời gian chờ nhập,4,THA,THAVC,2026-08-05,2026,8,5,676.8,27.0
Hiệu quả xe nội miền chiều về,16,GLI,GLIVC1,2026-08-09,2026,8,9,1804.34,1900.0
Tỷ lệ nhập đúng tải kiện 12.5s,5,KHA,KHAVC,2026-08-10,2026,8,10,6523.0,8773.0
Hiệu quả xe nội tỉnh chiều về,9,HNI,HNVC,2026-08-03,2026,8,3,389697.81,611800.0
Tỷ lệ kết nối đúng giờ,10,DBN,DBNVC,2026-08-14,2026,8,14,13.0,13.0
Tỷ lệ kết nối đúng giờ,10,QTI,QTIVC,2026-08-12,2026,8,12,161.0,166.0
Hiệu quả xe nội tỉnh chiều đi,8,PHO,PHOVC,2026-08-17,2026,8,17,81422.36,157250.0
Tỷ lệ kết nối đúng giờ,10,HUE,HUEVC,2026-08-12,2026,8,12,97.0,101.0
Hiệu quả kết nối nội tỉnh,7,DBN,DBNVC,2026-08-13,2026,8,13,2605.73,185.0
Hiệu quả xe nội tỉnh chiều về,9,NAN,NANVC,2026-08-13,2026,8,13,37743.6,75830.0
Hiệu quả kết nối nội miền,17,HYN,HYNVC,2026-08-05,2026,8,5,13681.0,132.0
Hiệu quả xe nội tỉnh chiều về,9,HCM,HCMVC,2026-08-04,2026,8,4,97064.95999999999,166500.0
Hiệu quả xe nội tỉnh chiều đi,8,KHA,KHAVC,2026-08-08,2026,8,8,71115.29,69250.0
Tỷ lệ nhập đúng tải kiện 12.5s,5,BNH,BNHVC,2026-08-06,2026,8,6,21580.0,25900.0
Thời gian chờ nhập,4,LSN,LSNVC,2026-08-02,2026,8,2,26.833333333333332,6.0
Hiệu quả kết nối nội tỉnh,7,HPG,HPGVC,2026-08-07,2026,8,7,207798.19,2781.0
Hiệu quả xe nội tỉnh chiều đi,8,THA,THAVC,2026-08-14,2026,8,14,77763.26,144850.0
Hiệu quả xe nội tỉnh chiều đi,8,CMU,CMUVC,2026-08-10,2026,8,10,73548.28,62950.0
Tỷ lệ kết nối đúng giờ,10,HPG,HPGVC,2026-08-15,2026,8,15,293.0,293.0
Hiệu quả xe nội tỉnh chiều về,9,HNI,HNVC,2026-08-02,2026,8,2,149911.63,291050.0
Hiệu quả xe nội miền chiều đi,15,KHA,KHAVC,2026-08-06,2026,8,6,9991.99,14500.0
Thời gian chờ nhập,4,CTO,CTOVC,2026-08-09,2026,8,9,79.51666666666667,15.0
Hiệu quả xe nội tỉnh chiều đi,8,QNH,QNHVC,2026-08-11,2026,8,11,51130.08,53850.0
Hiệu quả kết nối nội tỉnh,7,QNH,QNHVC,2026-08-11,2026,8,11,78034.33,1808.0
Hiệu quả kết nối nội tỉnh,7,KHA,KHAVC,2026-08-11,2026,8,11,98078.38,1998.0
Tỷ lệ kết nối đúng giờ,10,QNI,QNIVC,2026-08-09,2026,8,9,176.0,176.0
Tỷ lệ kết nối đúng giờ,10,QNH,QNHVC,2026-08-16,2026,8,16,75.0,75.0
Tỷ lệ kết nối đúng giờ,10,CMU,CMUVC,2026-08-12,2026,8,12,75.0,76.0
Hiệu quả xe nội tỉnh chiều về,9,LDG,LDGVC,2026-08-14,2026,8,14,78392.45,135900.0
Tỷ lệ xuất sạch,3,HCM,HCMVC,2026-08-17,2026,8,17,201208.0,206428.0
Hiệu quả xe liên miền,18,THA,THAVC,2026-08-06,2026,8,6,22091.15,24000.0
Hiệu quả xe liên miền,18,THA,THAVC,2026-07-30,2026,7,30,23894.93,24000.0
Tỷ lệ nhập đúng tải kiện 12.5s,5,DNI,DNIVC,2026-08-03,2026,8,3,20738.0,23227.0
Hiệu quả kết nối nội tỉnh,7,BNH,BNHVC,2026-08-02,2026,8,2,88175.92,1703.0
Hiệu quả xe nội miền chiều đi,15,PHO,PHOVC,2026-08-17,2026,8,17,13914.89,20500.0
Hiệu quả xe nội tỉnh chiều về,9,HUE,HUEVC,2026-08-17,2026,8,17,14858.56,24100.0
Hiệu quả xe nội tỉnh chiều về,9,HTH,HTHVC,2026-08-12,2026,8,12,7575.59,27600.0
Thời gian chờ nhập,4,NBH,NBHVC,2026-08-05,2026,8,5,337.08333333333337,52.0
Hiệu quả xe nội tỉnh chiều về,9,LCI,LCIVC,2026-08-07,2026,8,7,43817.26,33500.0
Tỷ lệ nhập đúng tải kiện 12.5s,5,THA,THAVC,2026-08-06,2026,8,6,12007.0,14053.0
Thời gian chờ nhập,4,CMU,CMUVC,2026-08-12,2026,8,12,345.9666666666666,26.0
Thời gian chờ nhập,4,SLA,SLAVC,2026-08-12,2026,8,12,0.3,1.0
Hiệu quả kết nối nội tỉnh,7,TNH,TNHVC,2026-08-10,2026,8,10,2815.83,78.0
Tỷ lệ xuất sạch,3,QNI,QNIVC,2026-08-01,2026,8,1,19637.0,19653.0
Tỷ lệ kết nối đúng giờ,10,HNI,HNVC,2026-08-17,2026,8,17,3085.0,3358.0
Hiệu quả xe liên miền,18,DLK,DLKVC1,2026-08-09,2026,8,9,13590.49,21000.0
Hiệu quả xe nội tỉnh chiều đi,8,HPG,HPGVC,2026-08-17,2026,8,17,142105.76,202700.0
Hiệu quả xe nội tỉnh chiều đi,8,QTI,QTIVC,2026-08-13,2026,8,13,56149.55,50740.0
Tỷ lệ kết nối đúng giờ,10,QTI,QTIVC,2026-08-04,2026,8,4,157.0,160.0
Thời gian chờ nhập,4,QTI,QTIVC,2026-08-04,2026,8,4,225.23333333333335,32.0
Tỷ lệ xuất sạch,3,TQG,TQGVC,2026-08-12,2026,8,12,8457.0,8672.0
Hiệu quả xe nội miền chiều đi,15,GLI,GLIVC1,2026-08-14,2026,8,14,1817.1,1900.0
Tỷ lệ kết nối đúng giờ,10,LCI,LCIVC,2026-08-09,2026,8,9,89.0,89.0
Hiệu quả xe nội tỉnh chiều về,9,BNH,BNHVC,2026-08-10,2026,8,10,72808.15000000001,91050.0
Thời gian chờ nhập,4,LSN,LSNVC,2026-08-09,2026,8,9,481.6666666666667,8.0
Tỷ lệ kết nối đúng giờ,10,BNH,BNHVC,2026-08-05,2026,8,5,387.0,389.0
Tỷ lệ kết nối đúng giờ,10,HUE,HUEVC,2026-08-13,2026,8,13,101.0,101.0
Hiệu quả xe nội tỉnh chiều đi,8,HNI,HNVC,2026-08-15,2026,8,15,113063.70999999999,357050.0
Tỷ lệ kết nối đúng giờ,10,DNI,DNIVC,2026-08-15,2026,8,15,516.0,527.0
Tỷ lệ xuất sạch,3,LCI,LCIVC,2026-08-04,2026,8,4,15623.0,16174.0
Tỷ lệ nhập đúng tải kiện 12.5s,5,HNI,HNVC,2026-08-09,2026,8,9,27341.0,30928.0
Tỷ lệ xuất sạch,3,NBH,NBHVC,2026-08-02,2026,8,2,56096.0,56184.0
Hiệu quả xe nội tỉnh chiều về,9,CTO,CTOVC,2026-08-11,2026,8,11,71104.56,136300.0
Hiệu quả kết nối nội tỉnh,7,CTO,CTOVC,2026-08-08,2026,8,8,172615.88,3262.0
Thời gian chờ nhập,4,LSN,LSNVC,2026-08-07,2026,8,7,27.316666666666666,6.0
Hiệu quả kết nối nội tỉnh,7,DTP,DTPVC,2026-08-10,2026,8,10,161506.48,2777.4
Hiệu quả xe nội tỉnh chiều về,9,PHO,PHOVC,2026-08-08,2026,8,8,108398.26000000001,161600.0
Hiệu quả xe nội tỉnh chiều về,9,CMU,CMUVC,2026-08-08,2026,8,8,21582.32,60050.0
Thời gian chờ nhập,4,DBN,DBNVC,2026-08-11,2026,8,11,4.216666666666667,4.0
Tỷ lệ kết nối đúng giờ,10,HCM,HCMVC,2026-08-01,2026,8,1,3013.0,3041.0
Hiệu quả kết nối nội tỉnh,7,HUE,HUEVC,2026-08-15,2026,8,15,40169.82,816.0
Tỷ lệ kết nối đúng giờ,10,HPG,HPGVC,2026-08-11,2026,8,11,280.0,282.0
Hiệu quả xe liên miền,18,GLI,GLIVC1,2026-08-12,2026,8,12,12523.490000000002,21000.0
Hiệu quả xe nội miền chiều về,16,HYN,HYNVC,2026-08-09,2026,8,9,5776.82,5100.0
Hiệu quả xe nội tỉnh chiều đi,8,VLG,VLGVC,2026-08-02,2026,8,2,44296.8,74400.0
Hiệu quả kết nối nội tỉnh,7,DBN,DBNVC,2026-08-07,2026,8,7,2782.96,185.0
Hiệu quả xe nội tỉnh chiều đi,8,LCI,LCIVC,2026-08-04,2026,8,4,32010.67,32650.0
Tỷ lệ kết nối đúng giờ,10,LSN,LSNVC,2026-08-05,2026,8,5,26.0,26.0
Tỷ lệ xuất sạch,3,AGG,AGGVC,2026-08-12,2026,8,12,44476.0,46691.0
Hiệu quả xe nội tỉnh chiều đi,8,LCI,LCIVC,2026-08-03,2026,8,3,30819.8,33650.0
Hiệu quả xe nội tỉnh chiều đi,8,AGG,AGGVC,2026-08-06,2026,8,6,103759.9,115750.0
Hiệu quả kết nối nội tỉnh,7,HPG,HPGVC,2026-08-08,2026,8,8,202832.26,2604.0
Hiệu quả xe nội miền chiều về,16,LDG,LDGVC,2026-08-04,2026,8,4,3107.35,5000.0
Tỷ lệ nhập đúng tải kiện 12.5s,5,QNI,QNIVC,2026-08-07,2026,8,7,7734.0,7782.0
Hiệu quả kết nối nội tỉnh,7,KHA,KHAVC,2026-08-16,2026,8,16,85382.98999999999,1970.0
Hiệu quả kết nối nội miền,17,PHO,PHOVC,2026-08-03,2026,8,3,14560.980000000001,300.0
Thời gian chờ nhập,4,CTO,CTOVC,2026-08-07,2026,8,7,77.9,14.0
Tỷ lệ nhập đúng tải kiện 12.5s,5,PHO,PHOVC,2026-08-06,2026,8,6,21772.0,23065.0
Tỷ lệ nhập đúng tải kiện 12.5s,5,DNI,DNIVC,2026-08-08,2026,8,8,25176.0,25772.0
Hiệu quả xe nội tỉnh chiều đi,8,TQG,TQGVC,2026-08-17,2026,8,17,16028.25,12400.0
Thời gian chờ nhập,4,NAN,NANVC,2026-08-09,2026,8,9,664.6666666666666,32.0
Hiệu quả kết nối nội tỉnh,7,HCM,HCMVC,2026-08-14,2026,8,14,220793.53999999998,2858.1
Hiệu quả xe liên miền,18,THA,THAVC,2026-08-12,2026,8,12,41010.030000000006,40000.0
Tỷ lệ xuất sạch,3,NBH,NBHVC,2026-08-07,2026,8,7,71353.0,71693.0
Tỷ lệ kết nối đúng giờ,10,CMU,CMUVC,2026-08-17,2026,8,17,74.0,76.0
Hiệu quả xe nội tỉnh chiều về,9,HUE,HUEVC,2026-08-04,2026,8,4,19362.78,29680.0
Hiệu quả xe nội tỉnh chiều về,9,HUE,HUEVC,2026-08-09,2026,8,9,9799.08,23530.0
Tỷ lệ nhập đúng tải kiện 12.5s,5,DTP,DTPVC,2026-08-10,2026,8,10,13216.0,13297.0
Tỷ lệ xuất sạch,3,HYN,HYNVC,2026-08-03,2026,8,3,45868.0,47145.0
Tỷ lệ xuất sạch,3,AGG,AGGVC,2026-08-02,2026,8,2,32940.0,36264.0
Tỷ lệ nhập đúng tải kiện 12.5s,5,THA,THAVC,2026-08-11,2026,8,11,12137.0,13332.0
Hiệu quả xe nội miền chiều đi,15,QNI,QNIVC,2026-08-01,2026,8,1,2852.17,3500.0
Tỷ lệ xuất sạch,3,LSN,LSNVC,2026-08-17,2026,8,17,15832.0,15922.0
Hiệu quả kết nối nội tỉnh,7,HPG,HPGVC,2026-08-11,2026,8,11,218449.66,2605.0
Tỷ lệ xuất sạch,3,TNN,TNNVC,2026-08-15,2026,8,15,21037.0,22949.0
Thời gian chờ nhập,4,KHA,KHAVC,2026-08-04,2026,8,4,440.3166666666666,52.0
Hiệu quả kết nối nội miền,17,PHO,PHOVC,2026-08-08,2026,8,8,21832.02,375.0
Tỷ lệ nhập đúng tải kiện 12.5s,5,THA,THAVC,2026-08-10,2026,8,10,9829.0,10693.0
Hiệu quả xe liên miền,18,HCM,HCMVC,2026-08-08,2026,8,8,5631.63,8000.0
Hiệu quả xe nội tỉnh chiều về,9,TQG,TQGVC,2026-08-16,2026,8,16,6813.48,9100.0
Hiệu quả kết nối nội tỉnh,7,TNN,TNNVC,2026-08-14,2026,8,14,88677.53,1268.0
Hiệu quả xe nội tỉnh chiều đi,8,LCI,LCIVC,2026-08-09,2026,8,9,31695.82,29000.0
Tỷ lệ xuất sạch,3,DBN,DBNVC,2026-08-15,2026,8,15,2327.0,2329.0
Tỷ lệ nhập đúng tải kiện 12.5s,5,PHO,PHOVC,2026-08-17,2026,8,17,15386.0,17729.0
Thời gian chờ nhập,4,HUE,HUEVC,2026-08-12,2026,8,12,323.9,18.0
Hiệu quả xe nội tỉnh chiều đi,8,HPG,HPGVC,2026-08-14,2026,8,14,148855.76,211520.0
Hiệu quả kết nối nội tỉnh,7,THA,THAVC,2026-07-31,2026,7,31,7816.91,234.0
Hiệu quả xe nội tỉnh chiều đi,8,TNN,TNNVC,2026-08-13,2026,8,13,41626.0,63490.0
Hiệu quả kết nối nội tỉnh,7,QNI,QNIVC,2026-08-05,2026,8,5,57073.22,2024.0
Tỷ lệ kết nối đúng giờ,10,QNH,QNHVC,2026-08-07,2026,8,7,115.0,116.0
Hiệu quả xe nội tỉnh chiều đi,8,LCI,LCIVC,2026-08-11,2026,8,11,34425.9,33500.0
Hiệu quả xe nội tỉnh chiều về,9,QNI,QNIVC,2026-08-05,2026,8,5,24796.03,44590.0
Thời gian chờ nhập,4,THA,THAVC,2026-08-13,2026,8,13,1266.9333333333334,35.0
Hiệu quả kết nối nội tỉnh,7,AGG,AGGVC,2026-08-03,2026,8,3,160544.26,3854.0
Hiệu quả xe nội tỉnh chiều đi,8,HNI,HNVC,2026-08-17,2026,8,17,91161.12,356950.0
Hiệu quả xe nội tỉnh chiều về,9,HTH,HTHVC,2026-08-13,2026,8,13,6304.92,29250.0
Hiệu quả xe nội miền chiều về,16,HYN,HYNVC,2026-08-07,2026,8,7,7023.0,5100.0
Tỷ lệ nhập đúng tải kiện 12.5s,5,HTH,HTHVC,2026-08-07,2026,8,7,4314.0,4324.0
Tỷ lệ nhập đúng tải kiện 12.5s,5,LDG,LDGVC,2026-08-12,2026,8,12,19483.0,21160.0
Tỷ lệ kết nối đúng giờ,10,DLK,DLKVC1,2026-08-13,2026,8,13,244.0,245.0
Tỷ lệ kết nối đúng giờ,10,DLK,DLKVC1,2026-08-16,2026,8,16,225.0,229.0
Tỷ lệ nhập đúng tải kiện 12.5s,5,SLA,SLAVC,2026-08-06,2026,8,6,220.0,250.0
Thời gian chờ nhập,4,LCI,LCIVC,2026-08-17,2026,8,17,507.7166666666667,16.0
Hiệu quả xe liên miền,18,KHA,KHAVC,2026-08-14,2026,8,14,12766.04,26000.0
Hiệu quả xe liên miền,18,KHA,KHAVC,2026-08-15,2026,8,15,12921.46,14700.0
Tỷ lệ nhập đúng tải kiện 12.5s,5,QNI,QNIVC,2026-08-08,2026,8,8,6436.0,6575.0
Tỷ lệ nhập đúng tải kiện 12.5s,5,HTH,HTHVC,2026-08-17,2026,8,17,2841.0,2862.0
Tỷ lệ kết nối đúng giờ,10,BNH,BNHVC,2026-08-06,2026,8,6,392.0,392.0
Thời gian chờ nhập,4,SLA,SLAVC,2026-08-04,2026,8,4,21.066666666666666,1.0
Hiệu quả kết nối nội tỉnh,7,PHO,PHOVC,2026-08-09,2026,8,9,216653.38,3982.0
Hiệu quả xe nội tỉnh chiều đi,8,LCI,LCIVC,2026-08-05,2026,8,5,31058.809999999998,31650.0
Hiệu quả xe nội tỉnh chiều về,9,SLA,SLAVC,2026-08-15,2026,8,15,249.37,900.0
Hiệu quả xe nội tỉnh chiều đi,8,DNG,DNGVC,2026-08-03,2026,8,3,111523.32,110450.0
Hiệu quả kết nối nội tỉnh,7,SLA,SLAVC,2026-08-04,2026,8,4,1165.75,82.0
Hiệu quả xe nội miền chiều về,16,GLI,GLIVC1,2026-08-03,2026,8,3,1930.24,1900.0
Hiệu quả xe nội tỉnh chiều về,9,QTI,QTIVC,2026-08-11,2026,8,11,25716.16,38210.0
Tỷ lệ kết nối đúng giờ,10,QNI,QNIVC,2026-08-05,2026,8,5,165.0,166.0
Hiệu quả xe liên miền,18,KHA,KHAVC,2026-07-31,2026,7,31,11967.470000000001,26000.0
Hiệu quả xe nội tỉnh chiều về,9,LDG,LDGVC,2026-08-06,2026,8,6,74522.75,133300.0
Tỷ lệ xuất sạch,3,DNI,DNIVC,2026-08-17,2026,8,17,205810.0,208826.0
Hiệu quả xe nội tỉnh chiều về,9,DNG,DNGVC,2026-08-03,2026,8,3,72883.24,135200.0
Tỷ lệ nhập đúng tải kiện 12.5s,5,VLG,VLGVC,2026-08-13,2026,8,13,17274.0,18240.0
Hiệu quả kết nối nội tỉnh,7,KHA,KHAVC,2026-08-09,2026,8,9,84568.41,1892.0
Hiệu quả kết nối nội tỉnh,7,HNI,HNVC,2026-08-16,2026,8,16,245600.44,4870.2
Thời gian chờ nhập,4,THA,THAVC,2026-08-09,2026,8,9,991.4833333333333,37.0
Tỷ lệ nhập đúng tải kiện 12.5s,5,PHO,PHOVC,2026-08-13,2026,8,13,19339.0,21208.0
Hiệu quả xe nội tỉnh chiều về,9,KHA,KHAVC,2026-08-16,2026,8,16,19736.85,69000.0
Tỷ lệ nhập đúng tải kiện 12.5s,5,CMU,CMUVC,2026-08-14,2026,8,14,9145.0,9722.0
Hiệu quả kết nối nội tỉnh,7,NAN,NANVC,2026-08-01,2026,8,1,106793.37,3369.0
Tỷ lệ xuất sạch,3,TNN,TNNVC,2026-08-14,2026,8,14,22214.0,24283.0
Hiệu quả xe nội tỉnh chiều về,9,THA,THAVC,2026-08-08,2026,8,8,70208.37,151300.0
Hiệu quả xe nội tỉnh chiều về,9,GLI,GLIVC1,2026-08-05,2026,8,5,51540.65,86130.0
Tỷ lệ xuất sạch,3,QNI,QNIVC,2026-08-06,2026,8,6,21447.0,21516.0
Hiệu quả xe nội miền chiều đi,15,VLG,VLGVC,2026-08-13,2026,8,13,13328.24,15000.0
Hiệu quả kết nối nội tỉnh,7,HTH,HTHVC,2026-08-01,2026,8,1,27633.76,904.8000000000001
Hiệu quả xe nội tỉnh chiều về,9,BNH,BNHVC,2026-08-14,2026,8,14,59335.380000000005,78400.0
Tỷ lệ kết nối đúng giờ,10,HPG,HPGVC,2026-08-16,2026,8,16,180.0,180.0
Hiệu quả xe nội tỉnh chiều về,9,DNG,DNGVC,2026-08-07,2026,8,7,92563.84000000001,130750.0
Tỷ lệ nhập đúng tải kiện 12.5s,5,SLA,SLAVC,2026-08-04,2026,8,4,288.0,303.0
Tỷ lệ kết nối đúng giờ,10,VLG,VLGVC,2026-08-03,2026,8,3,233.0,237.0
Hiệu quả kết nối nội tỉnh,7,CTO,CTOVC,2026-08-10,2026,8,10,169992.46,3165.0
Thời gian chờ nhập,4,DLK,DLKVC1,2026-08-11,2026,8,11,1150.2333333333333,50.0
Tỷ lệ kết nối đúng giờ,10,LSN,LSNVC,2026-08-13,2026,8,13,22.0,22.0
Tỷ lệ kết nối đúng giờ,10,HCM,HCMVC,2026-08-05,2026,8,5,3156.0,3206.0
Hiệu quả xe nội tỉnh chiều về,9,PHO,PHOVC,2026-08-05,2026,8,5,107085.87,187400.0
Hiệu quả kết nối nội tỉnh,7,VLG,VLGVC,2026-08-10,2026,8,10,81645.74,1762.3999999999999
Thời gian chờ nhập,4,NAN,NANVC,2026-08-04,2026,8,4,395.4166666666667,35.0
Hiệu quả xe nội tỉnh chiều đi,8,KHA,KHAVC,2026-08-12,2026,8,12,49927.869999999995,68750.0
Tỷ lệ nhập đúng tải kiện 12.5s,5,LCU,LCUVC,2026-08-09,2026,8,9,687.0,689.0
Hiệu quả kết nối nội tỉnh,7,PHO,PHOVC,2026-08-10,2026,8,10,221761.31,4250.0
Tỷ lệ kết nối đúng giờ,10,SLA,SLAVC,2026-08-04,2026,8,4,4.0,4.0
Hiệu quả xe nội tỉnh chiều về,9,QTI,QTIVC,2026-08-08,2026,8,8,24892.94,44710.0
Thời gian chờ nhập,4,HCM,HCMVC,2026-08-11,2026,8,11,1644.0166666666664,102.0
Tỷ lệ xuất sạch,3,QNH,QNHVC,2026-08-10,2026,8,10,16220.0,23884.0
Thời gian chờ nhập,4,HTH,HTHVC,2026-08-07,2026,8,7,314.7333333333333,14.0
Tỷ lệ kết nối đúng giờ,10,AGG,AGGVC,2026-08-13,2026,8,13,204.0,211.0
Hiệu quả xe nội tỉnh chiều về,9,CMU,CMUVC,2026-08-01,2026,8,1,18817.54,60050.0
Hiệu quả xe nội miền chiều đi,15,HPG,HPGVC,2026-08-01,2026,8,1,4179.95,1900.0
Tỷ lệ nhập đúng tải kiện 12.5s,5,NBH,NBHVC,2026-08-10,2026,8,10,15549.0,16297.0
Tỷ lệ nhập đúng tải kiện 12.5s,5,HPG,HPGVC,2026-08-01,2026,8,1,19884.0,20459.0
Hiệu quả kết nối nội miền,17,KHA,KHAVC,2026-08-08,2026,8,8,19545.84,2383.0
Hiệu quả xe nội tỉnh chiều đi,8,NBH,NBHVC,2026-08-02,2026,8,2,84041.39,140790.0
Tỷ lệ xuất sạch,3,DBN,DBNVC,2026-08-07,2026,8,7,2377.0,2382.0
Hiệu quả xe nội tỉnh chiều về,9,LSN,LSNVC,2026-08-12,2026,8,12,14877.68,16350.0
Tỷ lệ xuất sạch,3,LDG,LDGVC,2026-08-10,2026,8,10,45818.0,51684.0
Hiệu quả xe nội tỉnh chiều đi,8,DBN,DBNVC,2026-08-05,2026,8,5,2464.49,3300.0
Tỷ lệ xuất sạch,3,KHA,KHAVC,2026-08-10,2026,8,10,28753.0,30055.0
Tỷ lệ kết nối đúng giờ,10,LDG,LDGVC,2026-08-07,2026,8,7,298.0,300.0
Tỷ lệ kết nối đúng giờ,10,HTH,HTHVC,2026-08-02,2026,8,2,44.0,45.0
Hiệu quả kết nối nội tỉnh,7,TNN,TNNVC,2026-08-03,2026,8,3,66246.69,1242.0
Hiệu quả xe nội tỉnh chiều đi,8,QNH,QNHVC,2026-08-15,2026,8,15,3466.61,4300.0
Hiệu quả kết nối nội tỉnh,7,KHA,KHAVC,2026-08-01,2026,8,1,94548.7,1961.0
Hiệu quả kết nối nội miền,17,QNI,QNIVC,2026-08-10,2026,8,10,5006.62,498.0
Hiệu quả kết nối nội miền,17,TNH,TNHVC,2026-08-07,2026,8,7,3294.68,268.0
Hiệu quả xe nội tỉnh chiều đi,8,BNH,BNHVC,2026-08-06,2026,8,6,103124.08,208700.0
Hiệu quả xe nội tỉnh chiều về,9,NBH,NBHVC,2026-08-11,2026,8,11,67748.15,101860.0
Thời gian chờ nhập,4,DBN,DBNVC,2026-08-05,2026,8,5,11.05,3.0
Tỷ lệ nhập đúng tải kiện 12.5s,5,LDG,LDGVC,2026-08-02,2026,8,2,15575.0,19056.0
Tỷ lệ nhập đúng tải kiện 12.5s,5,TNH,TNHVC,2026-08-13,2026,8,13,16922.0,18388.0
Hiệu quả xe nội tỉnh chiều đi,8,NAN,NANVC,2026-08-02,2026,8,2,60570.37,86430.0
Tỷ lệ kết nối đúng giờ,10,HYN,HYNVC,2026-08-17,2026,8,17,353.0,354.0
Hiệu quả xe nội miền chiều về,16,HYN,HYNVC,2026-08-08,2026,8,8,11221.15,5100.0
Hiệu quả xe nội miền chiều về,16,LDG,LDGVC,2026-08-12,2026,8,12,3813.79,5000.0
Thời gian chờ nhập,4,CTO,CTOVC,2026-08-05,2026,8,5,169.96666666666667,14.0
Thời gian chờ nhập,4,TNN,TNNVC,2026-08-16,2026,8,16,108.06666666666666,18.0
Hiệu quả kết nối nội tỉnh,7,HTH,HTHVC,2026-08-13,2026,8,13,29493.04,919.3
Hiệu quả xe nội tỉnh chiều đi,8,BNH,BNHVC,2026-08-14,2026,8,14,64116.2,99200.0
Tỷ lệ xuất sạch,3,TQG,TQGVC,2026-08-05,2026,8,5,6046.0,7543.0
Tỷ lệ nhập đúng tải kiện 12.5s,5,HUE,HUEVC,2026-08-14,2026,8,14,5041.0,5375.0
Thời gian chờ nhập,4,DNI,DNIVC,2026-08-10,2026,8,10,518.0,67.0
Tỷ lệ xuất sạch,3,AGG,AGGVC,2026-08-11,2026,8,11,45474.0,46034.0
Tỷ lệ xuất sạch,3,TNH,TNHVC,2026-08-13,2026,8,13,60169.0,60649.0
Hiệu quả kết nối nội tỉnh,7,BNH,BNHVC,2026-08-16,2026,8,16,98497.42,1585.0
Thời gian chờ nhập,4,NAN,NANVC,2026-08-15,2026,8,15,774.8,41.0
Tỷ lệ kết nối đúng giờ,10,NAN,NANVC,2026-08-15,2026,8,15,179.0,181.0
Hiệu quả xe nội tỉnh chiều về,9,TNN,TNNVC,2026-08-17,2026,8,17,20895.079999999998,42210.0
Hiệu quả xe liên miền,18,DNI,DNIVC,2026-08-11,2026,8,11,8010.9,8000.0
Hiệu quả xe nội tỉnh chiều đi,8,PHO,PHOVC,2026-08-13,2026,8,13,139305.71,177150.0
Tỷ lệ xuất sạch,3,DBN,DBNVC,2026-08-11,2026,8,11,1702.0,1702.0
Thời gian chờ nhập,4,LDG,LDGVC,2026-08-11,2026,8,11,2189.3166666666666,70.0
Hiệu quả kết nối nội tỉnh,7,HPG,HPGVC,2026-08-03,2026,8,3,171399.01,2828.0
Tỷ lệ nhập đúng tải kiện 12.5s,5,AGG,AGGVC,2026-08-08,2026,8,8,17049.0,17576.0
Thời gian chờ nhập,4,THA,THAVC,2026-08-12,2026,8,12,1527.0166666666667,31.0
Hiệu quả kết nối nội miền,17,HYN,HYNVC,2026-08-15,2026,8,15,13495.5,132.0
Tỷ lệ xuất sạch,3,HUE,HUEVC,2026-08-02,2026,8,2,16949.0,17153.0
Hiệu quả xe nội tỉnh chiều đi,8,KHA,KHAVC,2026-08-15,2026,8,15,64154.090000000004,69000.0
Hiệu quả xe nội miền chiều về,16,DNI,DNIVC,2026-08-10,2026,8,10,8098.56,12500.0
Hiệu quả kết nối nội tỉnh,7,KHA,KHAVC,2026-08-17,2026,8,17,96947.64,2022.0
Hiệu quả xe liên miền,18,KHA,KHAVC,2026-08-05,2026,8,5,27895.270000000004,39000.0
Hiệu quả xe nội miền chiều về,16,KHA,KHAVC,2026-08-17,2026,8,17,1408.6,1650.0
Hiệu quả kết nối nội miền,17,HPG,HPGVC,2026-08-10,2026,8,10,1700.82,115.0
Hiệu quả xe nội tỉnh chiều đi,8,AGG,AGGVC,2026-08-10,2026,8,10,58467.69,75300.0
Hiệu quả xe nội tỉnh chiều đi,8,NAN,NANVC,2026-08-04,2026,8,4,61797.29,88100.0
Tỷ lệ xuất sạch,3,HCM,HCMVC,2026-08-01,2026,8,1,117029.0,119900.0
Tỷ lệ nhập đúng tải kiện 12.5s,5,QNH,QNHVC,2026-08-06,2026,8,6,6339.0,7953.0
Hiệu quả xe nội tỉnh chiều về,9,SLA,SLAVC,2026-08-04,2026,8,4,209.87,900.0
Thời gian chờ nhập,4,VLG,VLGVC,2026-08-07,2026,8,7,1833.4,55.0
Hiệu quả kết nối nội tỉnh,7,CTO,CTOVC,2026-08-12,2026,8,12,182037.31,3345.0
Hiệu quả xe nội tỉnh chiều đi,8,BNH,BNHVC,2026-08-05,2026,8,5,99546.18,194000.0
Thời gian chờ nhập,4,LSN,LSNVC,2026-08-12,2026,8,12,20.2,6.0
Thời gian chờ nhập,4,THA,THAVC,2026-08-11,2026,8,11,1238.1,33.0
Hiệu quả kết nối nội miền,17,LDG,LDGVC,2026-08-04,2026,8,4,5084.85,462.0
Tỷ lệ kết nối đúng giờ,10,KHA,KHAVC,2026-08-01,2026,8,1,187.0,191.0
Tỷ lệ kết nối đúng giờ,10,QNH,QNHVC,2026-07-31,2026,7,31,7.0,7.0
Tỷ lệ nhập đúng tải kiện 12.5s,5,LDG,LDGVC,2026-08-09,2026,8,9,15993.0,19476.0
Thời gian chờ nhập,4,LDG,LDGVC,2026-08-04,2026,8,4,1500.3166666666666,70.0
Hiệu quả xe nội miền chiều về,16,LDG,LDGVC,2026-08-14,2026,8,14,3681.94,5000.0
Thời gian chờ nhập,4,NBH,NBHVC,2026-08-09,2026,8,9,387.6166666666667,38.0
Thời gian chờ nhập,4,VLG,VLGVC,2026-08-15,2026,8,15,584.9833333333333,61.0
Tỷ lệ kết nối đúng giờ,10,DTP,DTPVC,2026-08-08,2026,8,8,194.0,196.0
Hiệu quả kết nối nội miền,17,HYN,HYNVC,2026-08-01,2026,8,1,21850.0,132.0
Hiệu quả kết nối nội tỉnh,7,HTH,HTHVC,2026-08-15,2026,8,15,29948.690000000002,863.2
Thời gian chờ nhập,4,TQG,TQGVC,2026-08-07,2026,8,7,395.54999999999995,14.0
Thời gian chờ nhập,4,GLI,GLIVC1,2026-08-01,2026,8,1,2634.883333333333,42.0
Tỷ lệ xuất sạch,3,DLK,DLKVC1,2026-08-10,2026,8,10,35919.0,37963.0
Thời gian chờ nhập,4,TNH,TNHVC,2026-08-12,2026,8,12,697.9833333333333,61.0
Tỷ lệ xuất sạch,3,HPG,HPGVC,2026-08-11,2026,8,11,66526.0,70784.0
Hiệu quả xe nội miền chiều đi,15,GLI,GLIVC1,2026-08-12,2026,8,12,1690.19,1900.0
Tỷ lệ kết nối đúng giờ,10,HUE,HUEVC,2026-08-06,2026,8,6,77.0,78.0
Tỷ lệ nhập đúng tải kiện 12.5s,5,LCI,LCIVC,2026-08-08,2026,8,8,3964.0,6030.0
Hiệu quả xe nội tỉnh chiều về,9,HPG,HPGVC,2026-08-16,2026,8,16,15164.52,70350.0
Hiệu quả xe nội miền chiều đi,15,DNI,DNIVC,2026-08-02,2026,8,2,4212.79,8000.0
Hiệu quả xe nội tỉnh chiều đi,8,QNI,QNIVC,2026-08-01,2026,8,1,36713.17,39295.0
Hiệu quả kết nối nội tỉnh,7,HCM,HCMVC,2026-07-31,2026,7,31,17036.230000000003,321.0
Hiệu quả xe nội tỉnh chiều về,9,LSN,LSNVC,2026-08-04,2026,8,4,19461.329999999998,15750.0
Hiệu quả kết nối nội miền,17,PHO,PHOVC,2026-08-12,2026,8,12,21803.97,375.0
Hiệu quả kết nối nội tỉnh,7,HTH,HTHVC,2026-08-16,2026,8,16,23161.08,561.4
Tỷ lệ xuất sạch,3,VLG,VLGVC,2026-08-01,2026,8,1,46735.0,48498.0
Tỷ lệ nhập đúng tải kiện 12.5s,5,QTI,QTIVC,2026-08-14,2026,8,14,6623.0,6972.0
Tỷ lệ nhập đúng tải kiện 12.5s,5,LDG,LDGVC,2026-08-11,2026,8,11,17478.0,20116.0
Tỷ lệ nhập đúng tải kiện 12.5s,5,HNI,HNVC,2026-08-04,2026,8,4,46296.0,50060.0
Thời gian chờ nhập,4,GLI,GLIVC1,2026-08-07,2026,8,7,1094.8666666666666,35.0
Tỷ lệ xuất sạch,3,QNI,QNIVC,2026-08-15,2026,8,15,22878.0,23084.0
Hiệu quả kết nối nội miền,17,HCM,HCMVC,2026-08-10,2026,8,10,45431.009999999995,855.0
Hiệu quả kết nối nội miền,17,TNH,TNHVC,2026-08-08,2026,8,8,3179.39,268.0
Tỷ lệ kết nối đúng giờ,10,GLI,GLIVC1,2026-08-01,2026,8,1,228.0,240.0
Hiệu quả xe nội tỉnh chiều đi,8,DTP,DTPVC,2026-08-17,2026,8,17,89188.54999999999,147050.0
Hiệu quả xe nội tỉnh chiều về,9,HTH,HTHVC,2026-08-03,2026,8,3,6818.3099999999995,29450.0
Tỷ lệ nhập đúng tải kiện 12.5s,5,NAN,NANVC,2026-08-13,2026,8,13,10832.0,11889.0
Hiệu quả xe liên miền,18,HYN,HYNVC,2026-08-06,2026,8,6,9701.52,8000.0
Thời gian chờ nhập,4,PHO,PHOVC,2026-08-11,2026,8,11,1411.7166666666667,55.0
Tỷ lệ kết nối đúng giờ,10,TNH,TNHVC,2026-08-07,2026,8,7,220.0,226.0
Hiệu quả kết nối nội tỉnh,7,TNH,TNHVC,2026-08-11,2026,8,11,3960.14,156.0
Tỷ lệ xuất sạch,3,AGG,AGGVC,2026-08-04,2026,8,4,42366.0,43260.0
Hiệu quả xe nội tỉnh chiều đi,8,HNI,HNVC,2026-08-03,2026,8,3,78905.0,353700.0
Thời gian chờ nhập,4,TNN,TNNVC,2026-08-10,2026,8,10,203.81666666666666,22.0
Hiệu quả kết nối nội miền,17,LDG,LDGVC,2026-08-07,2026,8,7,5645.280000000001,462.0
Tỷ lệ xuất sạch,3,HTH,HTHVC,2026-08-15,2026,8,15,12220.0,12407.0
Tỷ lệ kết nối đúng giờ,10,THA,THAVC,2026-08-13,2026,8,13,249.0,252.0
Thời gian chờ nhập,4,DNI,DNIVC,2026-08-12,2026,8,12,458.65,68.0
Tỷ lệ kết nối đúng giờ,10,HPG,HPGVC,2026-08-10,2026,8,10,293.0,293.0
Hiệu quả kết nối nội tỉnh,7,DNI,DNIVC,2026-07-31,2026,7,31,9380.05,149.0
Thời gian chờ nhập,4,BNH,BNHVC,2026-08-14,2026,8,14,1574.05,57.0
Hiệu quả xe nội tỉnh chiều về,9,CTO,CTOVC,2026-08-16,2026,8,16,48185.009999999995,132150.0
Tỷ lệ xuất sạch,3,CMU,CMUVC,2026-08-15,2026,8,15,26101.0,26498.0
Hiệu quả xe nội tỉnh chiều đi,8,HNI,HNVC,2026-08-09,2026,8,9,108667.33,249800.0
Hiệu quả xe nội tỉnh chiều về,9,DTP,DTPVC,2026-08-10,2026,8,10,61805.990000000005,130100.0
Hiệu quả xe nội miền chiều đi,15,PHO,PHOVC,2026-08-14,2026,8,14,15650.22,20500.0
Tỷ lệ nhập đúng tải kiện 12.5s,5,LCI,LCIVC,2026-08-06,2026,8,6,5337.0,7973.0
Hiệu quả kết nối nội tỉnh,7,CMU,CMUVC,2026-08-17,2026,8,17,87043.85,2232.0
Tỷ lệ nhập đúng tải kiện 12.5s,5,DNI,DNIVC,2026-08-04,2026,8,4,22580.0,24375.0
Hiệu quả kết nối nội tỉnh,7,NBH,NBHVC,2026-08-04,2026,8,4,219732.07,3401.63
Thời gian chờ nhập,4,BNH,BNHVC,2026-08-09,2026,8,9,2421.7833333333333,40.0
Thời gian chờ nhập,4,DNG,DNGVC,2026-08-07,2026,8,7,431.75,27.0
Tỷ lệ xuất sạch,3,KHA,KHAVC,2026-08-02,2026,8,2,25905.0,26523.0
Hiệu quả xe nội miền chiều đi,15,DNI,DNIVC,2026-08-09,2026,8,9,4867.91,8000.0
Hiệu quả xe nội miền chiều về,16,GLI,GLIVC1,2026-08-01,2026,8,1,2134.61,1900.0
Tỷ lệ xuất sạch,3,THA,THAVC,2026-08-14,2026,8,14,39505.0,46612.0
Hiệu quả xe nội miền chiều về,16,LDG,LDGVC,2026-08-10,2026,8,10,2620.63,5000.0
Hiệu quả kết nối nội tỉnh,7,DNG,DNGVC,2026-07-31,2026,7,31,6010.700000000001,57.0
Tỷ lệ xuất sạch,3,THA,THAVC,2026-08-04,2026,8,4,42941.0,45724.0
Tỷ lệ xuất sạch,3,PHO,PHOVC,2026-08-07,2026,8,7,42687.0,57434.0
Tỷ lệ nhập đúng tải kiện 12.5s,5,HYN,HYNVC,2026-08-08,2026,8,8,15853.0,15917.0
Thời gian chờ nhập,4,DLK,DLKVC1,2026-08-07,2026,8,7,1148.2166666666667,49.0
Hiệu quả xe nội tỉnh chiều đi,8,HCM,HCMVC,2026-08-04,2026,8,4,115258.62,150500.0
Hiệu quả kết nối nội tỉnh,7,QNI,QNIVC,2026-08-13,2026,8,13,22360.8,1067.0
Tỷ lệ nhập đúng tải kiện 12.5s,5,HNI,HNVC,2026-08-08,2026,8,8,44793.0,49147.0
Tỷ lệ xuất sạch,3,LSN,LSNVC,2026-08-01,2026,8,1,11827.0,11863.0
Tỷ lệ kết nối đúng giờ,10,SLA,SLAVC,2026-08-07,2026,8,7,3.0,4.0
Tỷ lệ kết nối đúng giờ,10,TNH,TNHVC,2026-08-11,2026,8,11,217.0,223.0
Hiệu quả kết nối nội miền,17,HPG,HPGVC,2026-08-08,2026,8,8,1078.48,115.0
Thời gian chờ nhập,4,CMU,CMUVC,2026-08-04,2026,8,4,144.71666666666667,27.0
Tỷ lệ nhập đúng tải kiện 12.5s,5,DLK,DLKVC1,2026-08-13,2026,8,13,13070.0,15386.0
Hiệu quả kết nối nội tỉnh,7,CMU,CMUVC,2026-08-03,2026,8,3,89392.43,2232.0
Hiệu quả kết nối nội tỉnh,7,CMU,CMUVC,2026-08-07,2026,8,7,70767.2,2232.0
Hiệu quả kết nối nội tỉnh,7,SLA,SLAVC,2026-08-06,2026,8,6,1179.81,82.0
Tỷ lệ kết nối đúng giờ,10,HUE,HUEVC,2026-08-04,2026,8,4,77.0,77.0
Thời gian chờ nhập,4,LCU,LCUVC,2026-08-15,2026,8,15,1.8333333333333333,1.0
Hiệu quả xe nội tỉnh chiều đi,8,NAN,NANVC,2026-08-06,2026,8,6,66659.28,89930.0
Hiệu quả xe nội tỉnh chiều về,9,CTO,CTOVC,2026-08-09,2026,8,9,56631.72,131550.0
Thời gian chờ nhập,4,CTO,CTOVC,2026-08-17,2026,8,17,76.21666666666667,15.0
Hiệu quả xe nội miền chiều đi,15,HPG,HPGVC,2026-08-12,2026,8,12,1379.66,1900.0
Hiệu quả xe nội tỉnh chiều về,9,NAN,NANVC,2026-08-08,2026,8,8,44184.27,75830.0
Hiệu quả xe nội tỉnh chiều về,9,DBN,DBNVC,2026-08-04,2026,8,4,102.61,1650.0
Hiệu quả xe nội tỉnh chiều đi,8,HTH,HTHVC,2026-08-12,2026,8,12,22765.02,34400.0
Hiệu quả xe liên miền,18,LDG,LDGVC,2026-08-13,2026,8,13,33917.74,50000.0
Thời gian chờ nhập,4,DTP,DTPVC,2026-08-04,2026,8,4,513.6833333333334,46.0
Tỷ lệ nhập đúng tải kiện 12.5s,5,DLK,DLKVC1,2026-08-09,2026,8,9,8358.0,11440.0
Hiệu quả kết nối nội tỉnh,7,HUE,HUEVC,2026-08-13,2026,8,13,42521.270000000004,772.0
Hiệu quả xe nội tỉnh chiều về,9,TNH,TNHVC,2026-08-12,2026,8,12,371.23,4500.0
Hiệu quả kết nối nội tỉnh,7,QTI,QTIVC,2026-08-07,2026,8,7,72537.18,2196.5
Hiệu quả xe nội tỉnh chiều đi,8,PHO,PHOVC,2026-08-01,2026,8,1,116190.17,178800.0
Tỷ lệ nhập đúng tải kiện 12.5s,5,CMU,CMUVC,2026-08-03,2026,8,3,8941.0,9462.0
Tỷ lệ kết nối đúng giờ,10,CMU,CMUVC,2026-08-03,2026,8,3,76.0,76.0
Hiệu quả xe nội tỉnh chiều đi,8,HNI,HNVC,2026-08-12,2026,8,12,121539.73000000001,350550.0
Thời gian chờ nhập,4,HNI,HNVC,2026-08-01,2026,8,1,1698.85,131.0
Hiệu quả xe nội tỉnh chiều đi,8,DNI,DNIVC,2026-07-31,2026,7,31,2582.7,1650.0
Tỷ lệ kết nối đúng giờ,10,NAN,NANVC,2026-08-11,2026,8,11,180.0,183.0
Hiệu quả xe nội tỉnh chiều về,9,HYN,HYNVC,2026-08-17,2026,8,17,81306.57,81000.0
Hiệu quả xe nội miền chiều đi,15,GLI,GLIVC1,2026-08-04,2026,8,4,2531.67,1900.0
Hiệu quả kết nối nội tỉnh,7,TQG,TQGVC,2026-08-17,2026,8,17,22669.05,1081.0
Hiệu quả kết nối nội miền,17,LDG,LDGVC,2026-08-01,2026,8,1,5382.48,462.0
Hiệu quả xe nội tỉnh chiều đi,8,TQG,TQGVC,2026-08-04,2026,8,4,11291.73,12400.0
Hiệu quả xe nội tỉnh chiều đi,8,AGG,AGGVC,2026-08-02,2026,8,2,79827.16,85900.0
Tỷ lệ nhập đúng tải kiện 12.5s,5,DTP,DTPVC,2026-08-11,2026,8,11,16604.0,16692.0
Tỷ lệ xuất sạch,3,HPG,HPGVC,2026-08-12,2026,8,12,65988.0,67670.0
Thời gian chờ nhập,4,LSN,LSNVC,2026-08-04,2026,8,4,69.71666666666667,8.0
Thời gian chờ nhập,4,DNG,DNGVC,2026-08-08,2026,8,8,391.1166666666666,20.0
Tỷ lệ nhập đúng tải kiện 12.5s,5,NAN,NANVC,2026-08-12,2026,8,12,10213.0,10287.0
Hiệu quả xe nội miền chiều về,16,HCM,HCMVC,2026-08-13,2026,8,13,18916.020000000004,36850.0
Tỷ lệ kết nối đúng giờ,10,CMU,CMUVC,2026-08-04,2026,8,4,76.0,76.0
Tỷ lệ xuất sạch,3,DNI,DNIVC,2026-08-11,2026,8,11,108679.0,112053.0
Hiệu quả xe nội miền chiều về,16,TNH,TNHVC,2026-08-13,2026,8,13,339.75,5100.0
Tỷ lệ kết nối đúng giờ,10,THA,THAVC,2026-08-02,2026,8,2,226.0,227.0
Hiệu quả kết nối nội tỉnh,7,TQG,TQGVC,2026-08-10,2026,8,10,18253.68,996.0
Hiệu quả xe nội tỉnh chiều về,9,BNH,BNHVC,2026-08-15,2026,8,15,74589.59,98000.0
Hiệu quả kết nối nội tỉnh,7,LSN,LSNVC,2026-08-02,2026,8,2,20151.54,592.0
Tỷ lệ xuất sạch,3,KHA,KHAVC,2026-08-17,2026,8,17,58408.0,63388.0
Hiệu quả xe nội tỉnh chiều về,9,HNI,HNVC,2026-08-07,2026,8,7,364390.68,604950.0
Tỷ lệ nhập đúng tải kiện 12.5s,5,TNN,TNNVC,2026-08-08,2026,8,8,6587.0,8023.0
Hiệu quả xe nội tỉnh chiều về,9,PHO,PHOVC,2026-08-12,2026,8,12,131751.93,179000.0
Tỷ lệ nhập đúng tải kiện 12.5s,5,SLA,SLAVC,2026-08-09,2026,8,9,147.0,222.0
Tỷ lệ xuất sạch,3,BNH,BNHVC,2026-08-15,2026,8,15,60382.0,70628.0
Hiệu quả xe nội miền chiều đi,15,DNI,DNIVC,2026-08-08,2026,8,8,12517.779999999999,19500.0
Hiệu quả xe nội tỉnh chiều về,9,CMU,CMUVC,2026-08-17,2026,8,17,19742.05,62950.0
Tỷ lệ kết nối đúng giờ,10,NAN,NANVC,2026-08-06,2026,8,6,176.0,177.0
Hiệu quả xe nội tỉnh chiều về,9,LSN,LSNVC,2026-08-08,2026,8,8,14135.880000000001,15750.0
Hiệu quả xe nội tỉnh chiều đi,8,CMU,CMUVC,2026-08-04,2026,8,4,47041.9,62950.0
Tỷ lệ kết nối đúng giờ,10,BNH,BNHVC,2026-08-04,2026,8,4,371.0,374.0
Hiệu quả xe nội tỉnh chiều về,9,NBH,NBHVC,2026-08-16,2026,8,16,40619.93,84260.0
Hiệu quả kết nối nội miền,17,LDG,LDGVC,2026-08-12,2026,8,12,5575.47,462.0
Tỷ lệ nhập đúng tải kiện 12.5s,5,TNH,TNHVC,2026-08-01,2026,8,1,16627.0,18962.0
Thời gian chờ nhập,4,NAN,NANVC,2026-08-05,2026,8,5,745.4666666666666,35.0
Hiệu quả kết nối nội tỉnh,7,DLK,DLKVC1,2026-08-06,2026,8,6,164772.14,3549.0
Tỷ lệ kết nối đúng giờ,10,QTI,QTIVC,2026-08-06,2026,8,6,165.0,173.0
Tỷ lệ nhập đúng tải kiện 12.5s,5,QTI,QTIVC,2026-08-06,2026,8,6,7778.0,8012.0
Thời gian chờ nhập,4,QTI,QTIVC,2026-08-06,2026,8,6,407.83333333333337,32.0
Hiệu quả xe nội tỉnh chiều đi,8,HPG,HPGVC,2026-08-01,2026,8,1,154352.17,200250.0
Tỷ lệ xuất sạch,3,DTP,DTPVC,2026-08-03,2026,8,3,38665.0,43120.0
Hiệu quả xe nội tỉnh chiều về,9,TQG,TQGVC,2026-08-12,2026,8,12,9200.630000000001,12400.0
Hiệu quả xe liên miền,18,HCM,HCMVC,2026-07-31,2026,7,31,20468.63,16000.0
Tỷ lệ kết nối đúng giờ,10,HNI,HNVC,2026-08-09,2026,8,9,1973.0,2104.0
Hiệu quả kết nối nội miền,17,GLI,GLIVC1,2026-08-07,2026,8,7,3684.33,442.0
Hiệu quả xe nội miền chiều về,16,VLG,VLGVC,2026-08-02,2026,8,2,6556.530000000001,9650.0
Hiệu quả kết nối nội tỉnh,7,SLA,SLAVC,2026-08-03,2026,8,3,778.71,82.0
Hiệu quả kết nối nội tỉnh,7,AGG,AGGVC,2026-07-31,2026,7,31,2724.09,13.0
Hiệu quả xe nội tỉnh chiều đi,8,DNG,DNGVC,2026-08-15,2026,8,15,111914.17000000001,109850.0
Hiệu quả kết nối nội miền,17,KHA,KHAVC,2026-08-10,2026,8,10,21363.25,2383.0
Hiệu quả xe liên miền,18,GLI,GLIVC1,2026-07-31,2026,7,31,11650.76,21000.0
Hiệu quả xe nội tỉnh chiều đi,8,DNG,DNGVC,2026-08-13,2026,8,13,134138.0,108500.0
Hiệu quả xe nội tỉnh chiều đi,8,LSN,LSNVC,2026-08-14,2026,8,14,11735.21,20850.0
Tỷ lệ kết nối đúng giờ,10,HYN,HYNVC,2026-08-12,2026,8,12,360.0,360.0
Hiệu quả xe nội tỉnh chiều đi,8,HNI,HNVC,2026-08-14,2026,8,14,118123.56,353900.0
Hiệu quả kết nối nội miền,17,GLI,GLIVC1,2026-08-02,2026,8,2,3558.72,442.0
Thời gian chờ nhập,4,LSN,LSNVC,2026-08-15,2026,8,15,21.933333333333334,5.0
Tỷ lệ xuất sạch,3,PHO,PHOVC,2026-08-05,2026,8,5,48163.0,54218.0
Tỷ lệ nhập đúng tải kiện 12.5s,5,HPG,HPGVC,2026-08-03,2026,8,3,17917.0,19282.0
Hiệu quả xe nội miền chiều đi,15,HCM,HCMVC,2026-08-15,2026,8,15,29593.060000000005,34200.0
Tỷ lệ kết nối đúng giờ,10,QNH,QNHVC,2026-08-17,2026,8,17,110.0,112.0
Hiệu quả kết nối nội tỉnh,7,HCM,HCMVC,2026-08-13,2026,8,13,236545.90999999997,2832.1
Hiệu quả xe nội tỉnh chiều về,9,NBH,NBHVC,2026-08-05,2026,8,5,101748.16,183460.0
Hiệu quả xe nội tỉnh chiều về,9,DNI,DNIVC,2026-08-01,2026,8,1,103348.75,224100.0
Thời gian chờ nhập,4,QTI,QTIVC,2026-08-07,2026,8,7,106.18333333333334,23.0
Tỷ lệ xuất sạch,3,SLA,SLAVC,2026-08-15,2026,8,15,195.0,262.0
Hiệu quả xe nội miền chiều về,16,GLI,GLIVC1,2026-08-12,2026,8,12,2321.68,1900.0
Hiệu quả xe nội miền chiều về,16,TNH,TNHVC,2026-08-05,2026,8,5,262.0,5100.0
Thời gian chờ nhập,4,AGG,AGGVC,2026-08-03,2026,8,3,356.1,49.0
Tỷ lệ xuất sạch,3,AGG,AGGVC,2026-08-14,2026,8,14,48188.0,50220.0
Hiệu quả xe nội tỉnh chiều về,9,DTP,DTPVC,2026-08-17,2026,8,17,58451.14,119200.0
Tỷ lệ kết nối đúng giờ,10,DTP,DTPVC,2026-08-12,2026,8,12,187.0,192.0
Hiệu quả kết nối nội tỉnh,7,NAN,NANVC,2026-08-14,2026,8,14,112975.41,3390.0
Tỷ lệ xuất sạch,3,NAN,NANVC,2026-08-12,2026,8,12,43064.0,43693.0
Hiệu quả xe nội tỉnh chiều về,9,DNG,DNGVC,2026-08-14,2026,8,14,77681.37,144700.0
Tỷ lệ xuất sạch,3,DNI,DNIVC,2026-08-12,2026,8,12,110500.0,114268.0
Tỷ lệ nhập đúng tải kiện 12.5s,5,HCM,HCMVC,2026-08-04,2026,8,4,38258.0,43030.0
Hiệu quả xe liên miền,18,THA,THAVC,2026-08-07,2026,8,7,30457.170000000002,32000.0
Hiệu quả xe nội tỉnh chiều về,9,TNN,TNNVC,2026-07-31,2026,7,31,4525.29,5930.0
Tỷ lệ nhập đúng tải kiện 12.5s,5,AGG,AGGVC,2026-08-02,2026,8,2,14114.0,14659.0
Hiệu quả kết nối nội miền,17,VLG,VLGVC,2026-08-14,2026,8,14,25564.690000000002,825.0
Hiệu quả kết nối nội miền,17,HCM,HCMVC,2026-08-15,2026,8,15,47421.130000000005,1033.0
Hiệu quả kết nối nội miền,17,DNI,DNIVC,2026-08-14,2026,8,14,24443.469999999998,376.0
Hiệu quả xe nội miền chiều đi,15,HYN,HYNVC,2026-08-05,2026,8,5,5003.0,5100.0
Tỷ lệ xuất sạch,3,QTI,QTIVC,2026-08-04,2026,8,4,14176.0,15141.0
Hiệu quả xe nội tỉnh chiều đi,8,LCI,LCIVC,2026-08-13,2026,8,13,37770.68,34500.0
Hiệu quả kết nối nội tỉnh,7,TNN,TNNVC,2026-08-08,2026,8,8,73085.25,1212.0
Tỷ lệ xuất sạch,3,TNN,TNNVC,2026-08-02,2026,8,2,17536.0,18835.0
Thời gian chờ nhập,4,DBN,DBNVC,2026-08-02,2026,8,2,21.333333333333336,3.0
Hiệu quả xe nội tỉnh chiều đi,8,NBH,NBHVC,2026-08-04,2026,8,4,115863.8,184160.0
Hiệu quả kết nối nội tỉnh,7,HYN,HYNVC,2026-08-13,2026,8,13,297353.61,1890.0
Hiệu quả xe nội miền chiều về,16,DNI,DNIVC,2026-08-07,2026,8,7,11525.82,12500.0
Hiệu quả xe nội tỉnh chiều đi,8,CTO,CTOVC,2026-08-16,2026,8,16,112224.8,148750.0
Thời gian chờ nhập,4,TNN,TNNVC,2026-08-05,2026,8,5,382.25,22.0
Hiệu quả kết nối nội tỉnh,7,NAN,NANVC,2026-08-10,2026,8,10,107734.6,3213.0
Tỷ lệ nhập đúng tải kiện 12.5s,5,THA,THAVC,2026-08-03,2026,8,3,10201.0,11445.0
Tỷ lệ xuất sạch,3,AGG,AGGVC,2026-08-01,2026,8,1,46688.0,48024.0
Thời gian chờ nhập,4,LSN,LSNVC,2026-08-11,2026,8,11,30.633333333333333,9.0
Hiệu quả kết nối nội miền,17,PHO,PHOVC,2026-08-02,2026,8,2,10918.810000000001,225.0
Thời gian chờ nhập,4,GLI,GLIVC1,2026-08-09,2026,8,9,1463.6666666666667,41.0
Hiệu quả kết nối nội tỉnh,7,PHO,PHOVC,2026-08-06,2026,8,6,229741.93,4283.0
Tỷ lệ kết nối đúng giờ,10,KHA,KHAVC,2026-08-02,2026,8,2,182.0,182.0
Hiệu quả xe nội miền chiều về,16,HCM,HCMVC,2026-08-17,2026,8,17,352.86,900.0
Tỷ lệ nhập đúng tải kiện 12.5s,5,TNH,TNHVC,2026-08-11,2026,8,11,19249.0,21213.0
Thời gian chờ nhập,4,HCM,HCMVC,2026-08-15,2026,8,15,1362.6333333333332,94.0
Hiệu quả kết nối nội tỉnh,7,DLK,DLKVC1,2026-08-16,2026,8,16,148205.45,3181.0
Tỷ lệ kết nối đúng giờ,10,TQG,TQGVC,2026-08-11,2026,8,11,57.0,59.0
Hiệu quả xe liên miền,18,TNH,TNHVC,2026-08-07,2026,8,7,7433.0,13000.0
Hiệu quả xe liên miền,18,LDG,LDGVC,2026-08-15,2026,8,15,34233.27,35700.0
Tỷ lệ kết nối đúng giờ,10,LCI,LCIVC,2026-08-03,2026,8,3,97.0,99.0
Hiệu quả xe nội tỉnh chiều về,9,THA,THAVC,2026-08-03,2026,8,3,69730.14,152000.0
Tỷ lệ kết nối đúng giờ,10,HNI,HNVC,2026-08-07,2026,8,7,3350.0,3564.0
Hiệu quả kết nối nội tỉnh,7,HCM,HCMVC,2026-08-17,2026,8,17,185311.12,2476.9
Hiệu quả kết nối nội tỉnh,7,DLK,DLKVC1,2026-08-17,2026,8,17,144802.4,3465.0
Thời gian chờ nhập,4,THA,THAVC,2026-07-31,2026,7,31,130.53333333333333,1.0
Tỷ lệ kết nối đúng giờ,10,QNH,QNHVC,2026-08-05,2026,8,5,114.0,116.0
Hiệu quả kết nối nội miền,17,TNH,TNHVC,2026-08-13,2026,8,13,2451.13,268.0
Hiệu quả xe nội tỉnh chiều về,9,KHA,KHAVC,2026-08-10,2026,8,10,37984.22,74200.0
Tỷ lệ kết nối đúng giờ,10,HYN,HYNVC,2026-08-08,2026,8,8,326.0,326.0
Hiệu quả kết nối nội tỉnh,7,SLA,SLAVC,2026-08-12,2026,8,12,1469.93,82.0
Tỷ lệ nhập đúng tải kiện 12.5s,5,NBH,NBHVC,2026-08-06,2026,8,6,17717.0,18199.0
Thời gian chờ nhập,4,HCM,HCMVC,2026-08-01,2026,8,1,1081.1333333333334,93.0
Thời gian chờ nhập,4,KHA,KHAVC,2026-08-16,2026,8,16,570.25,42.0
Tỷ lệ nhập đúng tải kiện 12.5s,5,QTI,QTIVC,2026-08-10,2026,8,10,5927.0,6254.0
Hiệu quả xe nội miền chiều về,16,QNI,QNIVC,2026-08-16,2026,8,16,4037.48,3500.0
Tỷ lệ kết nối đúng giờ,10,DBN,DBNVC,2026-08-11,2026,8,11,17.0,17.0
Thời gian chờ nhập,4,CTO,CTOVC,2026-08-03,2026,8,3,242.06666666666666,15.0
Tỷ lệ nhập đúng tải kiện 12.5s,5,TNN,TNNVC,2026-08-13,2026,8,13,7311.0,8689.0
Hiệu quả xe liên miền,18,DLK,DLKVC1,2026-08-08,2026,8,8,16103.279999999999,21000.0
Tỷ lệ nhập đúng tải kiện 12.5s,5,DLK,DLKVC1,2026-08-07,2026,8,7,13720.0,16912.0
Thời gian chờ nhập,4,LCU,LCUVC,2026-08-12,2026,8,12,4.8999999999999995,2.0
Hiệu quả xe nội miền chiều về,16,DNI,DNIVC,2026-08-08,2026,8,8,14044.240000000002,17000.0
Hiệu quả xe nội tỉnh chiều đi,8,BNH,BNHVC,2026-08-17,2026,8,17,52689.43,96950.0
Hiệu quả xe nội tỉnh chiều đi,8,HYN,HYNVC,2026-08-17,2026,8,17,109159.45,95100.0
Tỷ lệ nhập đúng tải kiện 12.5s,5,VLG,VLGVC,2026-08-06,2026,8,6,17995.0,19589.0
Tỷ lệ xuất sạch,3,VLG,VLGVC,2026-08-05,2026,8,5,43524.0,45697.0
Hiệu quả xe nội miền chiều đi,15,KHA,KHAVC,2026-08-11,2026,8,11,13067.84,14500.0
Hiệu quả xe liên miền,18,DLK,DLKVC1,2026-08-10,2026,8,10,24430.08,21000.0
Thời gian chờ nhập,4,TQG,TQGVC,2026-08-12,2026,8,12,126.63333333333333,14.0
Hiệu quả xe liên miền,18,GLI,GLIVC1,2026-08-14,2026,8,14,14569.220000000001,21000.0
Hiệu quả kết nối nội miền,17,TNH,TNHVC,2026-08-15,2026,8,15,2626.24,134.0
Hiệu quả xe nội tỉnh chiều về,9,LSN,LSNVC,2026-08-14,2026,8,14,17764.98,19200.0
Hiệu quả xe nội tỉnh chiều đi,8,VLG,VLGVC,2026-08-05,2026,8,5,43974.39,78900.0
Hiệu quả kết nối nội miền,17,LDG,LDGVC,2026-08-09,2026,8,9,5662.24,462.0
Hiệu quả kết nối nội tỉnh,7,QNH,QNHVC,2026-08-06,2026,8,6,62115.24,1800.0
Thời gian chờ nhập,4,HCM,HCMVC,2026-08-16,2026,8,16,1100.5333333333333,64.0
Hiệu quả xe nội tỉnh chiều về,9,QNI,QNIVC,2026-08-02,2026,8,2,15572.419999999998,42940.0
Tỷ lệ kết nối đúng giờ,10,NBH,NBHVC,2026-08-02,2026,8,2,266.0,270.0
Hiệu quả xe nội tỉnh chiều về,9,LSN,LSNVC,2026-08-16,2026,8,16,12656.96,20850.0
Hiệu quả xe nội tỉnh chiều về,9,TNH,TNHVC,2026-08-06,2026,8,6,33856.98,55000.0
Tỷ lệ kết nối đúng giờ,10,PHO,PHOVC,2026-08-12,2026,8,12,337.0,359.0
Hiệu quả kết nối nội miền,17,KHA,KHAVC,2026-08-05,2026,8,5,22626.44,2383.0
Tỷ lệ nhập đúng tải kiện 12.5s,5,LCU,LCUVC,2026-08-11,2026,8,11,650.0,652.0
Tỷ lệ xuất sạch,3,HPG,HPGVC,2026-08-07,2026,8,7,66083.0,67076.0
Hiệu quả kết nối nội tỉnh,7,BNH,BNHVC,2026-08-09,2026,8,9,101811.98,1593.0
Tỷ lệ nhập đúng tải kiện 12.5s,5,DLK,DLKVC1,2026-08-14,2026,8,14,12181.0,15000.0
Tỷ lệ xuất sạch,3,QTI,QTIVC,2026-08-03,2026,8,3,16948.0,18383.0
Tỷ lệ kết nối đúng giờ,10,HPG,HPGVC,2026-08-14,2026,8,14,299.0,301.0
Tỷ lệ xuất sạch,3,PHO,PHOVC,2026-08-01,2026,8,1,55242.0,62386.0
Hiệu quả xe nội tỉnh chiều về,9,SLA,SLAVC,2026-08-12,2026,8,12,222.26,900.0
Tỷ lệ nhập đúng tải kiện 12.5s,5,CMU,CMUVC,2026-08-07,2026,8,7,8872.0,9248.0
Tỷ lệ xuất sạch,3,DNG,DNGVC,2026-08-14,2026,8,14,37557.0,41412.0
Hiệu quả xe nội tỉnh chiều về,9,VLG,VLGVC,2026-08-13,2026,8,13,29282.079999999998,77000.0
Tỷ lệ kết nối đúng giờ,10,PHO,PHOVC,2026-08-05,2026,8,5,358.0,367.0
Hiệu quả xe nội miền chiều về,16,LDG,LDGVC,2026-08-09,2026,8,9,3808.43,5000.0
Tỷ lệ kết nối đúng giờ,10,AGG,AGGVC,2026-08-11,2026,8,11,200.0,207.0
Thời gian chờ nhập,4,SLA,SLAVC,2026-08-08,2026,8,8,8.266666666666666,2.0
Hiệu quả xe nội miền chiều đi,15,DNI,DNIVC,2026-08-10,2026,8,10,13404.490000000002,13500.0
Hiệu quả xe nội tỉnh chiều về,9,HNI,HNVC,2026-08-06,2026,8,6,380175.43,596150.0
Hiệu quả xe nội tỉnh chiều về,9,GLI,GLIVC1,2026-08-09,2026,8,9,40223.08,81430.0
Hiệu quả kết nối nội tỉnh,7,BNH,BNHVC,2026-08-01,2026,8,1,201939.03,3213.0
Tỷ lệ kết nối đúng giờ,10,DNI,DNIVC,2026-08-04,2026,8,4,530.0,536.0
Hiệu quả xe nội tỉnh chiều về,9,NBH,NBHVC,2026-07-31,2026,7,31,24239.809999999998,30000.0
Hiệu quả xe nội tỉnh chiều về,9,DBN,DBNVC,2026-08-07,2026,8,7,24.2,1650.0
Hiệu quả kết nối nội tỉnh,7,QNI,QNIVC,2026-08-07,2026,8,7,65281.56,2027.0
Tỷ lệ kết nối đúng giờ,10,PHO,PHOVC,2026-08-04,2026,8,4,352.0,361.0
Tỷ lệ kết nối đúng giờ,10,TNH,TNHVC,2026-08-06,2026,8,6,226.0,232.0
Hiệu quả xe nội tỉnh chiều về,9,VLG,VLGVC,2026-08-17,2026,8,17,29364.85,82100.0
Hiệu quả kết nối nội tỉnh,7,VLG,VLGVC,2026-08-07,2026,8,7,70726.05,1711.4
Hiệu quả xe nội tỉnh chiều về,9,HNI,HNVC,2026-08-04,2026,8,4,358290.65,610550.0
Tỷ lệ xuất sạch,3,NBH,NBHVC,2026-08-06,2026,8,6,67706.0,68097.0
Hiệu quả xe nội tỉnh chiều về,9,HTH,HTHVC,2026-08-02,2026,8,2,6668.69,18250.0
Hiệu quả xe nội tỉnh chiều về,9,DTP,DTPVC,2026-08-06,2026,8,6,55689.619999999995,127900.0
Hiệu quả xe nội tỉnh chiều đi,8,CTO,CTOVC,2026-08-09,2026,8,9,114805.24,131200.0
Thời gian chờ nhập,4,QNI,QNIVC,2026-08-10,2026,8,10,361.91666666666663,34.0
Thời gian chờ nhập,4,HTH,HTHVC,2026-08-14,2026,8,14,414.7833333333333,14.0
Hiệu quả xe nội miền chiều đi,15,VLG,VLGVC,2026-08-09,2026,8,9,4748.62,4500.0
Thời gian chờ nhập,4,LDG,LDGVC,2026-08-06,2026,8,6,1480.9333333333334,69.0
Thời gian chờ nhập,4,BNH,BNHVC,2026-08-01,2026,8,1,1888.8,55.0
Hiệu quả xe nội tỉnh chiều đi,8,DNG,DNGVC,2026-08-10,2026,8,10,126417.55,106650.0
Tỷ lệ nhập đúng tải kiện 12.5s,5,DNI,DNIVC,2026-08-17,2026,8,17,21910.0,22628.0
Tỷ lệ xuất sạch,3,DNG,DNGVC,2026-08-11,2026,8,11,26366.0,28473.0
Hiệu quả kết nối nội tỉnh,7,PHO,PHOVC,2026-07-31,2026,7,31,9285.35,83.0
Thời gian chờ nhập,4,HUE,HUEVC,2026-08-06,2026,8,6,274.66666666666663,18.0
Tỷ lệ nhập đúng tải kiện 12.5s,5,AGG,AGGVC,2026-08-09,2026,8,9,15718.0,16180.0
Tỷ lệ kết nối đúng giờ,10,TNN,TNNVC,2026-08-01,2026,8,1,151.0,153.0
Hiệu quả kết nối nội tỉnh,7,DBN,DBNVC,2026-08-12,2026,8,12,2873.9700000000003,98.0
Tỷ lệ nhập đúng tải kiện 12.5s,5,DTP,DTPVC,2026-08-04,2026,8,4,16226.0,16289.0
Hiệu quả kết nối nội tỉnh,7,DLK,DLKVC1,2026-08-09,2026,8,9,137873.67,3142.0
Hiệu quả kết nối nội tỉnh,7,HCM,HCMVC,2026-08-04,2026,8,4,212323.58000000002,2732.4
Tỷ lệ kết nối đúng giờ,10,CTO,CTOVC,2026-08-17,2026,8,17,256.0,257.0
Hiệu quả kết nối nội tỉnh,7,NBH,NBHVC,2026-08-10,2026,8,10,133955.39,1404.72
Hiệu quả kết nối nội tỉnh,7,TNN,TNNVC,2026-08-02,2026,8,2,58915.16,1193.0
Hiệu quả kết nối nội tỉnh,7,TNH,TNHVC,2026-08-01,2026,8,1,186538.88,4417.0
Hiệu quả xe nội miền chiều về,16,DNI,DNIVC,2026-08-13,2026,8,13,14234.42,17000.0
Hiệu quả kết nối nội miền,17,QNI,QNIVC,2026-08-01,2026,8,1,5909.01,498.0
Tỷ lệ nhập đúng tải kiện 12.5s,5,TQG,TQGVC,2026-08-12,2026,8,12,3928.0,3945.0
Tỷ lệ kết nối đúng giờ,10,HYN,HYNVC,2026-08-15,2026,8,15,320.0,320.0
Hiệu quả kết nối nội tỉnh,7,VLG,VLGVC,2026-08-05,2026,8,5,71817.98000000001,1744.3999999999999
Hiệu quả kết nối nội tỉnh,7,QNI,QNIVC,2026-08-03,2026,8,3,61029.19,1970.0
Hiệu quả xe nội miền chiều về,16,QNI,QNIVC,2026-08-03,2026,8,3,2004.0,3500.0
Tỷ lệ xuất sạch,3,QNI,QNIVC,2026-08-12,2026,8,12,21896.0,22034.0
Hiệu quả xe nội tỉnh chiều đi,8,THA,THAVC,2026-08-07,2026,8,7,82711.5,150200.0
Tỷ lệ nhập đúng tải kiện 12.5s,5,LCU,LCUVC,2026-08-17,2026,8,17,487.0,489.0
Thời gian chờ nhập,4,HPG,HPGVC,2026-08-06,2026,8,6,499.98333333333335,50.0
Hiệu quả kết nối nội tỉnh,7,HYN,HYNVC,2026-08-16,2026,8,16,95611.92,675.0
Tỷ lệ nhập đúng tải kiện 12.5s,5,CMU,CMUVC,2026-08-12,2026,8,12,9280.0,9484.0
Tỷ lệ nhập đúng tải kiện 12.5s,5,DTP,DTPVC,2026-08-01,2026,8,1,15707.0,16046.0
Hiệu quả kết nối nội miền,17,KHA,KHAVC,2026-07-31,2026,7,31,12530.57,1744.0
Hiệu quả kết nối nội tỉnh,7,DNI,DNIVC,2026-08-03,2026,8,3,63370.26,2182.0
Tỷ lệ nhập đúng tải kiện 12.5s,5,LCU,LCUVC,2026-08-14,2026,8,14,780.0,780.0
Hiệu quả xe nội miền chiều về,16,QNI,QNIVC,2026-08-04,2026,8,4,2606.02,3500.0
Hiệu quả kết nối nội tỉnh,7,HYN,HYNVC,2026-08-11,2026,8,11,230206.94,1900.0
Tỷ lệ xuất sạch,3,HNI,HNVC,2026-08-10,2026,8,10,182827.0,183760.0
Hiệu quả kết nối nội tỉnh,7,DLK,DLKVC1,2026-08-08,2026,8,8,149810.09,3548.0
Hiệu quả xe nội miền chiều đi,15,HPG,HPGVC,2026-08-03,2026,8,3,1552.19,1900.0
Tỷ lệ nhập đúng tải kiện 12.5s,5,HTH,HTHVC,2026-08-06,2026,8,6,4195.0,4195.0
Tỷ lệ xuất sạch,3,DBN,DBNVC,2026-08-06,2026,8,6,2027.0,2032.0
Hiệu quả kết nối nội tỉnh,7,HCM,HCMVC,2026-08-12,2026,8,12,232236.55,2864.9
Hiệu quả xe nội miền chiều về,16,HYN,HYNVC,2026-08-13,2026,8,13,5911.0,5100.0
Tỷ lệ nhập đúng tải kiện 12.5s,5,KHA,KHAVC,2026-08-17,2026,8,17,6371.0,7663.0
Thời gian chờ nhập,4,DBN,DBNVC,2026-08-07,2026,8,7,2.0,2.0
Tỷ lệ xuất sạch,3,HNI,HNVC,2026-08-11,2026,8,11,204537.0,212485.0
Hiệu quả xe nội miền chiều về,16,HCM,HCMVC,2026-08-09,2026,8,9,3212.45,11300.0
Tỷ lệ nhập đúng tải kiện 12.5s,5,QNH,QNHVC,2026-08-14,2026,8,14,7118.0,8082.0
Hiệu quả xe liên miền,18,KHA,KHAVC,2026-08-11,2026,8,11,22534.29,19700.0
Thời gian chờ nhập,4,DNI,DNIVC,2026-08-06,2026,8,6,512.9666666666667,73.0
Tỷ lệ xuất sạch,3,CTO,CTOVC,2026-08-12,2026,8,12,13737.0,13793.0
Hiệu quả xe nội miền chiều đi,15,GLI,GLIVC1,2026-08-02,2026,8,2,980.68,1900.0
Tỷ lệ kết nối đúng giờ,10,HYN,HYNVC,2026-08-13,2026,8,13,359.0,359.0
Hiệu quả xe nội tỉnh chiều đi,8,TNN,TNNVC,2026-08-02,2026,8,2,31776.409999999996,58340.0
Tỷ lệ nhập đúng tải kiện 12.5s,5,LDG,LDGVC,2026-08-06,2026,8,6,19202.0,22334.0
Tỷ lệ nhập đúng tải kiện 12.5s,5,TNH,TNHVC,2026-08-12,2026,8,12,17327.0,18561.0
Hiệu quả xe nội tỉnh chiều đi,8,HUE,HUEVC,2026-08-02,2026,8,2,32400.579999999998,37480.0
Tỷ lệ nhập đúng tải kiện 12.5s,5,DBN,DBNVC,2026-08-09,2026,8,9,652.0,653.0
Hiệu quả kết nối nội miền,17,LDG,LDGVC,2026-08-05,2026,8,5,5664.42,462.0
Hiệu quả kết nối nội tỉnh,7,DNG,DNGVC,2026-08-08,2026,8,8,188712.86,3574.0
Hiệu quả kết nối nội tỉnh,7,LSN,LSNVC,2026-08-14,2026,8,14,29500.190000000002,627.0
Thời gian chờ nhập,4,LCU,LCUVC,2026-08-16,2026,8,16,6.8,3.0
Tỷ lệ xuất sạch,3,HUE,HUEVC,2026-08-14,2026,8,14,22758.0,22823.0
Tỷ lệ nhập đúng tải kiện 12.5s,5,TQG,TQGVC,2026-08-09,2026,8,9,3663.0,3664.0
Tỷ lệ xuất sạch,3,HPG,HPGVC,2026-08-02,2026,8,2,48230.0,48871.0
Thời gian chờ nhập,4,QTI,QTIVC,2026-08-08,2026,8,8,712.6333333333333,30.0
Tỷ lệ xuất sạch,3,LCU,LCUVC,2026-08-10,2026,8,10,619.0,619.0
Hiệu quả kết nối nội miền,17,HYN,HYNVC,2026-08-16,2026,8,16,30258.170000000002,132.0
Hiệu quả kết nối nội miền,17,QNI,QNIVC,2026-08-17,2026,8,17,1261.32,249.0
Thời gian chờ nhập,4,HNI,HNVC,2026-08-02,2026,8,2,2202.016666666667,89.0
Hiệu quả xe nội tỉnh chiều đi,8,GLI,GLIVC1,2026-08-03,2026,8,3,71641.99,87000.0
Hiệu quả kết nối nội tỉnh,7,VLG,VLGVC,2026-08-13,2026,8,13,66950.66,1737.6
Hiệu quả xe nội tỉnh chiều đi,8,DBN,DBNVC,2026-08-06,2026,8,6,2931.09,3300.0
Hiệu quả xe nội miền chiều đi,15,GLI,GLIVC1,2026-08-03,2026,8,3,1533.84,1900.0
Hiệu quả xe nội tỉnh chiều đi,8,AGG,AGGVC,2026-08-09,2026,8,9,55404.29,61700.0
Hiệu quả xe nội tỉnh chiều đi,8,QNH,QNHVC,2026-08-10,2026,8,10,48368.979999999996,49850.0
Tỷ lệ kết nối đúng giờ,10,DNG,DNGVC,2026-08-16,2026,8,16,231.0,237.0
Tỷ lệ nhập đúng tải kiện 12.5s,5,THA,THAVC,2026-08-01,2026,8,1,10945.0,11823.0
Hiệu quả kết nối nội miền,17,KHA,KHAVC,2026-08-13,2026,8,13,19929.61,2383.0
Thời gian chờ nhập,4,QNH,QNHVC,2026-08-08,2026,8,8,1796.8,21.0
Hiệu quả xe nội tỉnh chiều về,9,LSN,LSNVC,2026-08-06,2026,8,6,15122.77,15750.0
Hiệu quả kết nối nội miền,17,DNI,DNIVC,2026-08-12,2026,8,12,23735.199999999997,327.0
Tỷ lệ kết nối đúng giờ,10,TNH,TNHVC,2026-08-03,2026,8,3,207.0,215.0
Thời gian chờ nhập,4,HPG,HPGVC,2026-08-11,2026,8,11,286.58333333333337,41.0
Thời gian chờ nhập,4,NAN,NANVC,2026-08-08,2026,8,8,694.2666666666667,32.0
Tỷ lệ xuất sạch,3,DNI,DNIVC,2026-08-01,2026,8,1,98165.0,99850.0
Tỷ lệ nhập đúng tải kiện 12.5s,5,DNG,DNGVC,2026-08-10,2026,8,10,7028.0,7045.0
Tỷ lệ kết nối đúng giờ,10,HYN,HYNVC,2026-08-16,2026,8,16,198.0,198.0
Hiệu quả xe nội tỉnh chiều đi,8,HNI,HNVC,2026-08-04,2026,8,4,107584.29000000001,353500.0
Hiệu quả kết nối nội tỉnh,7,CMU,CMUVC,2026-08-09,2026,8,9,53123.41,1111.0
Hiệu quả xe nội tỉnh chiều về,9,KHA,KHAVC,2026-08-09,2026,8,9,18511.699999999997,64300.0
Thời gian chờ nhập,4,DNG,DNGVC,2026-08-09,2026,8,9,78.31666666666666,12.0
Tỷ lệ nhập đúng tải kiện 12.5s,5,AGG,AGGVC,2026-08-13,2026,8,13,15846.0,16152.0
Tỷ lệ nhập đúng tải kiện 12.5s,5,HCM,HCMVC,2026-08-07,2026,8,7,34309.0,38897.0
Hiệu quả xe nội tỉnh chiều đi,8,GLI,GLIVC1,2026-08-05,2026,8,5,67589.33,83700.0
Tỷ lệ nhập đúng tải kiện 12.5s,5,PHO,PHOVC,2026-08-04,2026,8,4,22917.0,23684.0
Tỷ lệ nhập đúng tải kiện 12.5s,5,DNG,DNGVC,2026-08-14,2026,8,14,4805.0,4842.0
Tỷ lệ nhập đúng tải kiện 12.5s,5,CMU,CMUVC,2026-08-10,2026,8,10,9480.0,9480.0
Hiệu quả xe nội tỉnh chiều đi,8,PHO,PHOVC,2026-08-16,2026,8,16,116039.44,148800.0
Hiệu quả kết nối nội tỉnh,7,SLA,SLAVC,2026-08-15,2026,8,15,249.37,41.0
Hiệu quả xe nội miền chiều về,16,QNI,QNIVC,2026-08-08,2026,8,8,3913.62,3500.0
Tỷ lệ nhập đúng tải kiện 12.5s,5,DLK,DLKVC1,2026-08-08,2026,8,8,11410.0,16723.0
Tỷ lệ nhập đúng tải kiện 12.5s,5,HNI,HNVC,2026-08-10,2026,8,10,44547.0,49051.0
Tỷ lệ kết nối đúng giờ,10,VLG,VLGVC,2026-07-31,2026,7,31,3.0,3.0
Tỷ lệ nhập đúng tải kiện 12.5s,5,DTP,DTPVC,2026-08-07,2026,8,7,17508.0,17651.0
Hiệu quả xe nội tỉnh chiều đi,8,HNI,HNVC,2026-08-16,2026,8,16,100207.04999999999,257050.0
Thời gian chờ nhập,4,THA,THAVC,2026-08-01,2026,8,1,700.7333333333333,36.0
Hiệu quả xe nội tỉnh chiều đi,8,SLA,SLAVC,2026-08-05,2026,8,5,1174.03,900.0
Thời gian chờ nhập,4,BNH,BNHVC,2026-08-05,2026,8,5,1087.95,62.0
Tỷ lệ kết nối đúng giờ,10,HTH,HTHVC,2026-08-09,2026,8,9,44.0,45.0
Tỷ lệ xuất sạch,3,NAN,NANVC,2026-08-03,2026,8,3,29488.0,30820.0
Tỷ lệ kết nối đúng giờ,10,LDG,LDGVC,2026-08-10,2026,8,10,293.0,296.0
Hiệu quả xe nội tỉnh chiều đi,8,QNH,QNHVC,2026-08-09,2026,8,9,33768.09,28000.0
Hiệu quả xe nội miền chiều đi,15,KHA,KHAVC,2026-08-12,2026,8,12,12060.02,14500.0
Tỷ lệ kết nối đúng giờ,10,DBN,DBNVC,2026-08-17,2026,8,17,17.0,17.0
Tỷ lệ xuất sạch,3,KHA,KHAVC,2026-08-11,2026,8,11,31367.0,31912.0
Hiệu quả xe nội miền chiều đi,15,HYN,HYNVC,2026-08-01,2026,8,1,5472.0,5100.0
Hiệu quả xe nội tỉnh chiều về,9,HYN,HYNVC,2026-08-12,2026,8,12,137877.04,124050.0
Hiệu quả xe nội tỉnh chiều về,9,QTI,QTIVC,2026-08-03,2026,8,3,28835.729999999996,48010.0
Thời gian chờ nhập,4,KHA,KHAVC,2026-08-08,2026,8,8,498.0333333333333,54.0
Hiệu quả xe nội tỉnh chiều đi,8,NBH,NBHVC,2026-08-11,2026,8,11,77286.67000000001,95630.0
Tỷ lệ nhập đúng tải kiện 12.5s,5,AGG,AGGVC,2026-08-12,2026,8,12,15921.0,16278.0
Tỷ lệ xuất sạch,3,NAN,NANVC,2026-08-10,2026,8,10,32057.0,32707.0
Tỷ lệ kết nối đúng giờ,10,KHA,KHAVC,2026-08-09,2026,8,9,179.0,179.0
Hiệu quả kết nối nội miền,17,LDG,LDGVC,2026-08-14,2026,8,14,5388.59,462.0
Tỷ lệ kết nối đúng giờ,10,QNI,QNIVC,2026-08-16,2026,8,16,168.0,170.0
Hiệu quả kết nối nội tỉnh,7,NAN,NANVC,2026-08-13,2026,8,13,108911.8,3353.0
Hiệu quả xe nội miền chiều đi,15,VLG,VLGVC,2026-08-05,2026,8,5,24426.43,23000.0
Tỷ lệ xuất sạch,3,DLK,DLKVC1,2026-08-13,2026,8,13,39778.0,41645.0
Tỷ lệ kết nối đúng giờ,10,LCI,LCIVC,2026-08-04,2026,8,4,99.0,99.0
Hiệu quả kết nối nội miền,17,GLI,GLIVC1,2026-08-13,2026,8,13,3737.82,442.0
Tỷ lệ nhập đúng tải kiện 12.5s,5,DTP,DTPVC,2026-08-03,2026,8,3,13850.0,13883.0
Hiệu quả kết nối nội tỉnh,7,THA,THAVC,2026-08-01,2026,8,1,143656.54,4184.0
Hiệu quả xe nội miền chiều đi,15,VLG,VLGVC,2026-07-31,2026,7,31,12469.86,10500.0
Hiệu quả xe nội tỉnh chiều về,9,TNN,TNNVC,2026-08-04,2026,8,4,38391.869999999995,65140.0
Tỷ lệ kết nối đúng giờ,10,THA,THAVC,2026-08-07,2026,8,7,249.0,256.0
Tỷ lệ kết nối đúng giờ,10,HPG,HPGVC,2026-08-08,2026,8,8,292.0,294.0
Tỷ lệ kết nối đúng giờ,10,HPG,HPGVC,2026-08-07,2026,8,7,287.0,294.0
Tỷ lệ xuất sạch,3,VLG,VLGVC,2026-08-02,2026,8,2,33185.0,33963.0
Thời gian chờ nhập,4,HPG,HPGVC,2026-08-03,2026,8,3,342.85,44.0
Thời gian chờ nhập,4,HNI,HNVC,2026-07-31,2026,7,31,0.95,1.0
Tỷ lệ nhập đúng tải kiện 12.5s,5,AGG,AGGVC,2026-08-01,2026,8,1,16284.0,17052.0
Tỷ lệ nhập đúng tải kiện 12.5s,5,HCM,HCMVC,2026-08-06,2026,8,6,35754.0,40345.0
Hiệu quả xe nội tỉnh chiều về,9,TNN,TNNVC,2026-08-09,2026,8,9,27249.38,55910.0
Hiệu quả xe nội miền chiều về,16,QNI,QNIVC,2026-08-15,2026,8,15,4063.12,3500.0
Hiệu quả xe nội tỉnh chiều về,9,GLI,GLIVC1,2026-08-06,2026,8,6,52241.979999999996,87780.0
Hiệu quả xe liên miền,18,DNI,DNIVC,2026-08-14,2026,8,14,16391.64,15000.0
Tỷ lệ kết nối đúng giờ,10,DTP,DTPVC,2026-08-04,2026,8,4,198.0,199.0
Hiệu quả kết nối nội tỉnh,7,TNN,TNNVC,2026-08-13,2026,8,13,76750.96,1260.0
Hiệu quả xe nội tỉnh chiều đi,8,AGG,AGGVC,2026-08-05,2026,8,5,110066.98000000001,112300.0
Hiệu quả kết nối nội tỉnh,7,VLG,VLGVC,2026-08-14,2026,8,14,82537.01,1737.6
Hiệu quả kết nối nội tỉnh,7,LCI,LCIVC,2026-08-12,2026,8,12,77024.05,1309.0
Thời gian chờ nhập,4,TNH,TNHVC,2026-08-07,2026,8,7,1078.0333333333333,66.0
Hiệu quả xe nội tỉnh chiều về,9,NBH,NBHVC,2026-08-14,2026,8,14,61121.04,100160.0
Thời gian chờ nhập,4,BNH,BNHVC,2026-08-16,2026,8,16,2431.483333333333,41.0
Tỷ lệ nhập đúng tải kiện 12.5s,5,SLA,SLAVC,2026-08-12,2026,8,12,146.0,147.0
Thời gian chờ nhập,4,CTO,CTOVC,2026-08-06,2026,8,6,67.16666666666667,13.0
Thời gian chờ nhập,4,DNI,DNIVC,2026-08-17,2026,8,17,646.1,76.0
Tỷ lệ kết nối đúng giờ,10,LSN,LSNVC,2026-08-15,2026,8,15,17.0,17.0
Tỷ lệ kết nối đúng giờ,10,GLI,GLIVC1,2026-08-14,2026,8,14,230.0,246.0
Tỷ lệ xuất sạch,3,LCU,LCUVC,2026-08-01,2026,8,1,414.0,429.0
Tỷ lệ xuất sạch,3,CMU,CMUVC,2026-08-10,2026,8,10,26998.0,32017.0
Tỷ lệ kết nối đúng giờ,10,CMU,CMUVC,2026-08-10,2026,8,10,76.0,76.0
Tỷ lệ xuất sạch,3,QTI,QTIVC,2026-08-10,2026,8,10,18823.0,20567.0
Tỷ lệ xuất sạch,3,NBH,NBHVC,2026-08-04,2026,8,4,71239.0,71806.0
Thời gian chờ nhập,4,QTI,QTIVC,2026-08-02,2026,8,2,258.9,28.0
Tỷ lệ kết nối đúng giờ,10,QNH,QNHVC,2026-08-14,2026,8,14,113.0,116.0
Hiệu quả xe nội tỉnh chiều đi,8,GLI,GLIVC1,2026-08-02,2026,8,2,85705.6,86400.0
Hiệu quả xe nội tỉnh chiều đi,8,QTI,QTIVC,2026-08-04,2026,8,4,29061.11,37220.0
Hiệu quả kết nối nội tỉnh,7,QNH,QNHVC,2026-07-31,2026,7,31,8055.33,468.0
Hiệu quả xe nội tỉnh chiều đi,8,KHA,KHAVC,2026-08-02,2026,8,2,59737.32,68750.0
Thời gian chờ nhập,4,QNH,QNHVC,2026-08-14,2026,8,14,1016.9666666666667,26.0
Hiệu quả xe nội tỉnh chiều đi,8,CMU,CMUVC,2026-08-11,2026,8,11,54358.11,62950.0
Hiệu quả xe nội tỉnh chiều đi,8,HYN,HYNVC,2026-08-03,2026,8,3,154960.13,160250.0
Tỷ lệ kết nối đúng giờ,10,TQG,TQGVC,2026-08-12,2026,8,12,55.0,59.0
Hiệu quả xe nội tỉnh chiều về,9,DLK,DLKVC1,2026-08-15,2026,8,15,61906.909999999996,131640.0
Tỷ lệ nhập đúng tải kiện 12.5s,5,AGG,AGGVC,2026-08-10,2026,8,10,14982.0,16061.0
Tỷ lệ kết nối đúng giờ,10,PHO,PHOVC,2026-08-13,2026,8,13,338.0,355.0
Tỷ lệ nhập đúng tải kiện 12.5s,5,QNH,QNHVC,2026-08-07,2026,8,7,6740.0,7314.0
Hiệu quả xe nội tỉnh chiều đi,8,CTO,CTOVC,2026-08-05,2026,8,5,99711.95999999999,149300.0
Tỷ lệ xuất sạch,3,HTH,HTHVC,2026-08-04,2026,8,4,10100.0,10155.0
Thời gian chờ nhập,4,CMU,CMUVC,2026-08-06,2026,8,6,434.4833333333333,31.0
Hiệu quả xe liên miền,18,HYN,HYNVC,2026-07-31,2026,7,31,7028.35,8000.0
Hiệu quả kết nối nội miền,17,HCM,HCMVC,2026-08-07,2026,8,7,47543.130000000005,1053.0
Tỷ lệ kết nối đúng giờ,10,KHA,KHAVC,2026-08-11,2026,8,11,193.0,196.0
Hiệu quả xe nội tỉnh chiều đi,8,DBN,DBNVC,2026-08-03,2026,8,3,2166.93,3300.0
Hiệu quả kết nối nội tỉnh,7,DBN,DBNVC,2026-08-14,2026,8,14,2614.62,185.0
Hiệu quả xe nội miền chiều đi,15,KHA,KHAVC,2026-08-14,2026,8,14,11282.2,14500.0
Hiệu quả kết nối nội miền,17,HCM,HCMVC,2026-08-03,2026,8,3,41871.42,875.0
Tỷ lệ nhập đúng tải kiện 12.5s,5,LSN,LSNVC,2026-08-01,2026,8,1,2349.0,2503.0
Hiệu quả xe liên miền,18,LDG,LDGVC,2026-08-04,2026,8,4,43862.630000000005,60000.0
Hiệu quả xe nội miền chiều về,16,HYN,HYNVC,2026-08-15,2026,8,15,5860.5,5100.0
Hiệu quả kết nối nội tỉnh,7,HUE,HUEVC,2026-08-17,2026,8,17,43887.61,834.0
Tỷ lệ kết nối đúng giờ,10,GLI,GLIVC1,2026-08-15,2026,8,15,220.0,243.0
Hiệu quả xe nội tỉnh chiều đi,8,DNG,DNGVC,2026-08-04,2026,8,4,64968.53999999999,97350.0
Thời gian chờ nhập,4,DBN,DBNVC,2026-08-08,2026,8,8,8.85,2.0
Hiệu quả xe liên miền,18,TNH,TNHVC,2026-08-11,2026,8,11,15272.0,26000.0
Hiệu quả xe liên miền,18,KHA,KHAVC,2026-08-07,2026,8,7,14069.27,26000.0
Hiệu quả xe nội tỉnh chiều về,9,VLG,VLGVC,2026-08-16,2026,8,16,20882.71,46150.0
Tỷ lệ xuất sạch,3,LSN,LSNVC,2026-08-05,2026,8,5,11077.0,13363.0
Hiệu quả xe nội miền chiều đi,15,PHO,PHOVC,2026-08-04,2026,8,4,19710.0,25600.0
Tỷ lệ xuất sạch,3,THA,THAVC,2026-08-02,2026,8,2,42249.0,46718.0
Tỷ lệ nhập đúng tải kiện 12.5s,5,NBH,NBHVC,2026-08-12,2026,8,12,17081.0,17252.0
Hiệu quả kết nối nội tỉnh,7,HYN,HYNVC,2026-08-14,2026,8,14,261574.1,2144.0
Hiệu quả kết nối nội tỉnh,7,CMU,CMUVC,2026-08-14,2026,8,14,72860.55,2232.0
Thời gian chờ nhập,4,AGG,AGGVC,2026-08-15,2026,8,15,540.2166666666667,46.0
Hiệu quả xe nội tỉnh chiều về,9,NAN,NANVC,2026-08-02,2026,8,2,27062.27,72330.0
Hiệu quả kết nối nội tỉnh,7,QNH,QNHVC,2026-08-12,2026,8,12,21678.09,632.0
Tỷ lệ nhập đúng tải kiện 12.5s,5,HTH,HTHVC,2026-08-11,2026,8,11,4162.0,4163.0
Tỷ lệ kết nối đúng giờ,10,HPG,HPGVC,2026-08-04,2026,8,4,310.0,310.0
Tỷ lệ nhập đúng tải kiện 12.5s,5,LDG,LDGVC,2026-08-10,2026,8,10,14675.0,15860.0
Tỷ lệ nhập đúng tải kiện 12.5s,5,VLG,VLGVC,2026-08-09,2026,8,9,14861.0,15672.0
Hiệu quả xe nội tỉnh chiều về,9,THA,THAVC,2026-08-01,2026,8,1,69868.68000000001,149150.0
Hiệu quả xe nội tỉnh chiều về,9,HCM,HCMVC,2026-07-31,2026,7,31,14813.900000000001,22850.0
Hiệu quả xe nội tỉnh chiều đi,8,NAN,NANVC,2026-08-16,2026,8,16,72381.28,85830.0
Tỷ lệ nhập đúng tải kiện 12.5s,5,DNI,DNIVC,2026-08-06,2026,8,6,21530.0,22886.0
Hiệu quả xe liên miền,18,HCM,HCMVC,2026-07-29,2026,7,29,20448.32,16000.0
Hiệu quả kết nối nội miền,17,HPG,HPGVC,2026-08-04,2026,8,4,2225.52,115.0
Tỷ lệ xuất sạch,3,THA,THAVC,2026-08-07,2026,8,7,45221.0,50648.0
Thời gian chờ nhập,4,THA,THAVC,2026-08-07,2026,8,7,877.3666666666667,30.0
Hiệu quả xe nội miền chiều đi,15,HYN,HYNVC,2026-08-14,2026,8,14,5107.0,5100.0
Tỷ lệ xuất sạch,3,HCM,HCMVC,2026-08-14,2026,8,14,141930.0,145407.0
Hiệu quả xe nội tỉnh chiều về,9,DLK,DLKVC1,2026-08-03,2026,8,3,65205.5,137790.0
Hiệu quả xe nội miền chiều về,16,LDG,LDGVC,2026-08-11,2026,8,11,3913.35,5000.0
Tỷ lệ xuất sạch,3,DNI,DNIVC,2026-08-07,2026,8,7,99541.0,101064.0
Hiệu quả xe nội tỉnh chiều về,9,DBN,DBNVC,2026-08-10,2026,8,10,59.65,1650.0
Hiệu quả xe nội tỉnh chiều về,9,TNN,TNNVC,2026-08-08,2026,8,8,31817.66,64310.0
Thời gian chờ nhập,4,DNG,DNGVC,2026-08-04,2026,8,4,83.6,23.0
Tỷ lệ nhập đúng tải kiện 12.5s,5,KHA,KHAVC,2026-08-01,2026,8,1,8935.0,11844.0
Tỷ lệ nhập đúng tải kiện 12.5s,5,NBH,NBHVC,2026-08-04,2026,8,4,17942.0,18143.0
Thời gian chờ nhập,4,HPG,HPGVC,2026-08-12,2026,8,12,530.0999999999999,46.0
Hiệu quả xe nội tỉnh chiều về,9,DNG,DNGVC,2026-08-01,2026,8,1,76414.04000000001,134950.0
Tỷ lệ kết nối đúng giờ,10,LDG,LDGVC,2026-08-11,2026,8,11,283.0,287.0
Tỷ lệ nhập đúng tải kiện 12.5s,5,LCI,LCIVC,2026-08-03,2026,8,3,5134.0,6332.0
Hiệu quả xe nội tỉnh chiều về,9,TNN,TNNVC,2026-08-02,2026,8,2,27138.75,58340.0
Thời gian chờ nhập,4,DNG,DNGVC,2026-08-06,2026,8,6,277.65,22.0
Tỷ lệ xuất sạch,3,THA,THAVC,2026-08-05,2026,8,5,40821.0,48376.0
Hiệu quả kết nối nội tỉnh,7,QTI,QTIVC,2026-08-01,2026,8,1,65518.56,2414.8
Hiệu quả xe nội tỉnh chiều về,9,QNH,QNHVC,2026-08-01,2026,8,1,17737.07,46550.0
Thời gian chờ nhập,4,HCM,HCMVC,2026-08-02,2026,8,2,810.3,67.0
Hiệu quả xe nội tỉnh chiều đi,8,PHO,PHOVC,2026-08-14,2026,8,14,125880.62,161800.0
Hiệu quả kết nối nội miền,17,HPG,HPGVC,2026-08-03,2026,8,3,1552.19,115.0
Hiệu quả xe nội tỉnh chiều về,9,DNG,DNGVC,2026-08-15,2026,8,15,82094.22,134800.0
Hiệu quả xe nội miền chiều về,16,HCM,HCMVC,2026-08-11,2026,8,11,13757.18,38700.0
Hiệu quả kết nối nội tỉnh,7,QNI,QNIVC,2026-08-16,2026,8,16,51678.43,2025.0
Tỷ lệ xuất sạch,3,VLG,VLGVC,2026-08-12,2026,8,12,48300.0,50079.0
Hiệu quả xe nội tỉnh chiều đi,8,LDG,LDGVC,2026-08-12,2026,8,12,128769.04,150800.0
Tỷ lệ kết nối đúng giờ,10,HNI,HNVC,2026-08-03,2026,8,3,3364.0,3563.0
Hiệu quả kết nối nội tỉnh,7,GLI,GLIVC1,2026-08-06,2026,8,6,129631.66,3490.0
Hiệu quả xe nội tỉnh chiều đi,8,VLG,VLGVC,2026-08-14,2026,8,14,53014.75,82100.0
Hiệu quả xe nội tỉnh chiều đi,8,HCM,HCMVC,2026-08-13,2026,8,13,117819.04999999999,153000.0
Hiệu quả kết nối nội tỉnh,7,DTP,DTPVC,2026-08-03,2026,8,3,154836.4,2724.0
Hiệu quả xe liên miền,18,THA,THAVC,2026-08-14,2026,8,14,16812.62,16000.0
Tỷ lệ nhập đúng tải kiện 12.5s,5,NBH,NBHVC,2026-08-13,2026,8,13,17473.0,17739.0
Hiệu quả xe nội tỉnh chiều về,9,TNH,TNHVC,2026-08-02,2026,8,2,40085.28,122000.0
Hiệu quả xe nội tỉnh chiều về,9,HTH,HTHVC,2026-08-16,2026,8,16,7183.150000000001,18250.0
Tỷ lệ nhập đúng tải kiện 12.5s,5,GLI,GLIVC1,2026-08-08,2026,8,8,9887.0,10752.0
Tỷ lệ xuất sạch,3,CTO,CTOVC,2026-08-14,2026,8,14,14296.0,15081.0
Hiệu quả kết nối nội tỉnh,7,BNH,BNHVC,2026-08-10,2026,8,10,126462.99,1891.0
Hiệu quả xe nội tỉnh chiều về,9,SLA,SLAVC,2026-08-01,2026,8,1,151.41,900.0
Tỷ lệ kết nối đúng giờ,10,THA,THAVC,2026-08-01,2026,8,1,232.0,240.0
Hiệu quả xe nội tỉnh chiều đi,8,DTP,DTPVC,2026-08-11,2026,8,11,93619.75,154250.0
Tỷ lệ xuất sạch,3,HCM,HCMVC,2026-08-04,2026,8,4,116109.0,122483.0
Hiệu quả kết nối nội miền,17,GLI,GLIVC1,2026-08-04,2026,8,4,5244.62,442.0
Tỷ lệ kết nối đúng giờ,10,NBH,NBHVC,2026-08-06,2026,8,6,348.0,351.0
Tỷ lệ xuất sạch,3,HTH,HTHVC,2026-08-05,2026,8,5,10460.0,11447.0
Hiệu quả kết nối nội tỉnh,7,DLK,DLKVC1,2026-08-15,2026,8,15,154269.46,3485.0
Thời gian chờ nhập,4,DTP,DTPVC,2026-08-05,2026,8,5,287.68333333333334,38.0
Tỷ lệ kết nối đúng giờ,10,CTO,CTOVC,2026-08-05,2026,8,5,241.0,245.0
Thời gian chờ nhập,4,DLK,DLKVC1,2026-08-05,2026,8,5,721.8166666666666,38.0
Thời gian chờ nhập,4,TQG,TQGVC,2026-08-09,2026,8,9,364.23333333333335,13.0
Tỷ lệ kết nối đúng giờ,10,HTH,HTHVC,2026-08-03,2026,8,3,72.0,72.0
Hiệu quả xe nội miền chiều về,16,VLG,VLGVC,2026-08-06,2026,8,6,6650.879999999999,15000.0
Tỷ lệ nhập đúng tải kiện 12.5s,5,KHA,KHAVC,2026-08-08,2026,8,8,8626.0,11288.0
Hiệu quả kết nối nội tỉnh,7,PHO,PHOVC,2026-08-14,2026,8,14,243674.81,3534.0
Hiệu quả xe nội miền chiều đi,15,LDG,LDGVC,2026-08-14,2026,8,14,1706.65,5000.0
Hiệu quả xe nội tỉnh chiều đi,8,HUE,HUEVC,2026-08-09,2026,8,9,26765.36,31580.0
Hiệu quả xe nội tỉnh chiều đi,8,SLA,SLAVC,2026-08-02,2026,8,2,1222.85,900.0
Tỷ lệ xuất sạch,3,QNH,QNHVC,2026-08-12,2026,8,12,28038.0,29712.0
Tỷ lệ kết nối đúng giờ,10,NAN,NANVC,2026-08-13,2026,8,13,176.0,180.0
Hiệu quả xe liên miền,18,LDG,LDGVC,2026-08-12,2026,8,12,24972.75,29000.0
Hiệu quả kết nối nội miền,17,GLI,GLIVC1,2026-08-11,2026,8,11,3684.98,442.0
Hiệu quả kết nối nội tỉnh,7,HYN,HYNVC,2026-08-09,2026,8,9,144033.46,1681.0
Tỷ lệ kết nối đúng giờ,10,DLK,DLKVC1,2026-08-09,2026,8,9,216.0,223.0
Tỷ lệ xuất sạch,3,HUE,HUEVC,2026-08-17,2026,8,17,36762.0,36936.0
Hiệu quả xe nội tỉnh chiều về,9,VLG,VLGVC,2026-08-10,2026,8,10,32090.6,75400.0
Hiệu quả kết nối nội tỉnh,7,HNI,HNVC,2026-08-03,2026,8,3,468602.81,11386.3
Hiệu quả xe nội tỉnh chiều đi,8,CMU,CMUVC,2026-08-03,2026,8,3,67756.04000000001,60050.0
Hiệu quả kết nối nội tỉnh,7,QNH,QNHVC,2026-08-02,2026,8,2,44685.81,1289.0
Tỷ lệ kết nối đúng giờ,10,VLG,VLGVC,2026-08-01,2026,8,1,243.0,244.0
Hiệu quả xe nội tỉnh chiều về,9,LSN,LSNVC,2026-08-01,2026,8,1,22691.21,20850.0
Tỷ lệ nhập đúng tải kiện 12.5s,5,DNI,DNIVC,2026-08-02,2026,8,2,13176.0,14165.0
Tỷ lệ kết nối đúng giờ,10,HCM,HCMVC,2026-08-08,2026,8,8,3016.0,3047.0
Thời gian chờ nhập,4,NBH,NBHVC,2026-08-16,2026,8,16,825.3500000000001,48.0
Thời gian chờ nhập,4,QTI,QTIVC,2026-08-15,2026,8,15,178.38333333333333,30.0
Thời gian chờ nhập,4,HUE,HUEVC,2026-08-15,2026,8,15,388.26666666666665,19.0
Thời gian chờ nhập,4,LDG,LDGVC,2026-08-03,2026,8,3,1204.6833333333334,64.0
Hiệu quả xe nội tỉnh chiều về,9,HYN,HYNVC,2026-08-01,2026,8,1,119508.95000000001,142000.0
Hiệu quả kết nối nội tỉnh,7,HTH,HTHVC,2026-08-17,2026,8,17,36203.24,909.1
Hiệu quả kết nối nội tỉnh,7,HUE,HUEVC,2026-08-06,2026,8,6,49448.47,873.0
Hiệu quả kết nối nội tỉnh,7,HPG,HPGVC,2026-08-14,2026,8,14,241233.16999999998,2572.0
Hiệu quả xe nội tỉnh chiều đi,8,DTP,DTPVC,2026-08-03,2026,8,3,95957.81,148200.0
Tỷ lệ nhập đúng tải kiện 12.5s,5,SLA,SLAVC,2026-08-10,2026,8,10,135.0,188.0
Hiệu quả xe nội miền chiều đi,15,DNI,DNIVC,2026-08-07,2026,8,7,15566.49,21500.0
Hiệu quả kết nối nội miền,17,TNH,TNHVC,2026-08-16,2026,8,16,1463.02,268.0
Tỷ lệ kết nối đúng giờ,10,SLA,SLAVC,2026-08-10,2026,8,10,4.0,4.0
Tỷ lệ xuất sạch,3,DBN,DBNVC,2026-08-04,2026,8,4,1715.0,1720.0
Hiệu quả xe nội miền chiều đi,15,HYN,HYNVC,2026-08-03,2026,8,3,7847.15,5100.0
Hiệu quả xe liên miền,18,HCM,HCMVC,2026-08-12,2026,8,12,19574.550000000003,16000.0
Tỷ lệ kết nối đúng giờ,10,NBH,NBHVC,2026-08-11,2026,8,11,342.0,348.0
Hiệu quả xe nội tỉnh chiều đi,8,NBH,NBHVC,2026-08-03,2026,8,3,97401.56,172130.0
Tỷ lệ nhập đúng tải kiện 12.5s,5,PHO,PHOVC,2026-08-07,2026,8,7,22741.0,23269.0
Thời gian chờ nhập,4,LCI,LCIVC,2026-08-13,2026,8,13,313.44999999999993,15.0
Hiệu quả xe liên miền,18,DNI,DNIVC,2026-08-02,2026,8,2,15263.38,16000.0
Hiệu quả xe nội tỉnh chiều đi,8,BNH,BNHVC,2026-08-01,2026,8,1,93006.73000000001,196700.0
Tỷ lệ nhập đúng tải kiện 12.5s,5,QNI,QNIVC,2026-08-14,2026,8,14,5521.0,5605.0
Tỷ lệ xuất sạch,3,TNH,TNHVC,2026-08-03,2026,8,3,39083.0,40264.0
Hiệu quả xe nội tỉnh chiều về,9,NBH,NBHVC,2026-08-01,2026,8,1,102223.21,158460.0
Hiệu quả xe nội miền chiều đi,15,VLG,VLGVC,2026-08-07,2026,8,7,9887.77,7000.0
Hiệu quả kết nối nội miền,17,KHA,KHAVC,2026-08-02,2026,8,2,15696.570000000002,2383.0
Tỷ lệ kết nối đúng giờ,10,HNI,HNVC,2026-08-02,2026,8,2,1901.0,2042.0
Thời gian chờ nhập,4,HYN,HYNVC,2026-08-07,2026,8,7,304.96666666666664,59.0
Thời gian chờ nhập,4,VLG,VLGVC,2026-08-04,2026,8,4,562.5166666666667,55.0
Thời gian chờ nhập,4,BNH,BNHVC,2026-08-13,2026,8,13,2651.3500000000004,62.0
Hiệu quả xe nội tỉnh chiều về,9,HPG,HPGVC,2026-08-02,2026,8,2,16786.829999999998,63300.0
Tỷ lệ xuất sạch,3,NBH,NBHVC,2026-08-01,2026,8,1,66917.0,67592.0
Hiệu quả kết nối nội tỉnh,7,BNH,BNHVC,2026-08-11,2026,8,11,133629.72,1778.0
Thời gian chờ nhập,4,TNN,TNNVC,2026-08-09,2026,8,9,335.23333333333335,20.0
Hiệu quả xe nội tỉnh chiều đi,8,DLK,DLKVC1,2026-08-15,2026,8,15,92362.55,131245.0
Hiệu quả xe nội tỉnh chiều đi,8,GLI,GLIVC1,2026-08-07,2026,8,7,85025.25,87000.0
Hiệu quả xe nội tỉnh chiều về,9,TNH,TNHVC,2026-07-31,2026,7,31,20823.06,24250.0
Tỷ lệ kết nối đúng giờ,10,TNN,TNNVC,2026-08-04,2026,8,4,155.0,157.0
Thời gian chờ nhập,4,QNH,QNHVC,2026-08-05,2026,8,5,834.4333333333333,29.0
Tỷ lệ kết nối đúng giờ,10,QNI,QNIVC,2026-08-07,2026,8,7,169.0,169.0
Hiệu quả kết nối nội tỉnh,7,DTP,DTPVC,2026-08-13,2026,8,13,157897.05,2928.2
Hiệu quả xe nội tỉnh chiều về,9,CMU,CMUVC,2026-08-02,2026,8,2,19770.93,29600.0
Tỷ lệ kết nối đúng giờ,10,CTO,CTOVC,2026-08-03,2026,8,3,247.0,254.0
Hiệu quả xe nội miền chiều đi,15,TNH,TNHVC,2026-08-01,2026,8,1,4204.19,5100.0
Hiệu quả xe nội tỉnh chiều về,9,SLA,SLAVC,2026-08-10,2026,8,10,249.95,900.0
Hiệu quả xe nội tỉnh chiều đi,8,DBN,DBNVC,2026-08-15,2026,8,15,2122.5,3300.0
Hiệu quả xe nội miền chiều về,16,VLG,VLGVC,2026-08-13,2026,8,13,6913.630000000001,15000.0
Hiệu quả xe nội tỉnh chiều về,9,THA,THAVC,2026-08-09,2026,8,9,56043.4,124900.0
Hiệu quả xe nội miền chiều về,16,HCM,HCMVC,2026-07-31,2026,7,31,9024.26,15650.0
Thời gian chờ nhập,4,QNH,QNHVC,2026-08-11,2026,8,11,742.0666666666666,28.0
Tỷ lệ kết nối đúng giờ,10,NAN,NANVC,2026-08-01,2026,8,1,181.0,182.0
Hiệu quả xe nội tỉnh chiều đi,8,QNI,QNIVC,2026-08-04,2026,8,4,23269.739999999998,31045.0
Tỷ lệ nhập đúng tải kiện 12.5s,5,CMU,CMUVC,2026-08-09,2026,8,9,8179.0,8966.0
Hiệu quả xe liên miền,18,GLI,GLIVC1,2026-08-04,2026,8,4,13474.150000000001,14700.0
Tỷ lệ nhập đúng tải kiện 12.5s,5,QNI,QNIVC,2026-08-12,2026,8,12,5675.0,5849.0
Hiệu quả xe nội miền chiều đi,15,PHO,PHOVC,2026-08-12,2026,8,12,21803.97,25700.0
Tỷ lệ nhập đúng tải kiện 12.5s,5,DNI,DNIVC,2026-08-07,2026,8,7,22512.0,23692.0
Tỷ lệ kết nối đúng giờ,10,QNI,QNIVC,2026-08-04,2026,8,4,142.0,142.0
Hiệu quả xe nội tỉnh chiều về,9,CTO,CTOVC,2026-08-06,2026,8,6,72140.22,146400.0
Thời gian chờ nhập,4,AGG,AGGVC,2026-08-04,2026,8,4,407.2833333333333,48.0
Hiệu quả xe nội tỉnh chiều đi,8,DTP,DTPVC,2026-08-15,2026,8,15,102729.73000000001,148900.0
Tỷ lệ nhập đúng tải kiện 12.5s,5,THA,THAVC,2026-08-07,2026,8,7,11898.0,12731.0
Tỷ lệ kết nối đúng giờ,10,PHO,PHOVC,2026-08-02,2026,8,2,338.0,340.0
Tỷ lệ kết nối đúng giờ,10,TNN,TNNVC,2026-08-07,2026,8,7,137.0,143.0
Hiệu quả xe nội miền chiều đi,15,QNI,QNIVC,2026-08-02,2026,8,2,2718.48,3500.0
Tỷ lệ xuất sạch,3,TQG,TQGVC,2026-08-14,2026,8,14,7271.0,7923.0
Hiệu quả xe nội tỉnh chiều đi,8,HTH,HTHVC,2026-08-17,2026,8,17,27427.05,36300.0
Hiệu quả xe nội tỉnh chiều về,9,BNH,BNHVC,2026-08-01,2026,8,1,108932.3,179900.0
Thời gian chờ nhập,4,TQG,TQGVC,2026-08-13,2026,8,13,375.0333333333333,16.0
Hiệu quả xe nội tỉnh chiều đi,8,TNH,TNHVC,2026-08-02,2026,8,2,95445.3,126950.0
Tỷ lệ kết nối đúng giờ,10,CTO,CTOVC,2026-08-13,2026,8,13,244.0,250.0
Thời gian chờ nhập,4,TNN,TNNVC,2026-08-12,2026,8,12,209.85000000000002,23.0
Hiệu quả xe nội tỉnh chiều về,9,DBN,DBNVC,2026-08-08,2026,8,8,98.72,1650.0
Hiệu quả xe nội miền chiều đi,15,DNI,DNIVC,2026-08-14,2026,8,14,7009.629999999999,12500.0
Hiệu quả xe nội tỉnh chiều đi,8,GLI,GLIVC1,2026-08-14,2026,8,14,83487.9,87000.0
Hiệu quả xe nội miền chiều đi,15,VLG,VLGVC,2026-08-02,2026,8,2,6743.07,4500.0
Tỷ lệ kết nối đúng giờ,10,DTP,DTPVC,2026-08-02,2026,8,2,123.0,125.0
Hiệu quả xe nội tỉnh chiều về,9,TNH,TNHVC,2026-08-03,2026,8,3,47079.26,119200.0
Tỷ lệ kết nối đúng giờ,10,DLK,DLKVC1,2026-08-14,2026,8,14,241.0,245.0
Hiệu quả xe liên miền,18,LDG,LDGVC,2026-08-07,2026,8,7,23009.18,29000.0
Thời gian chờ nhập,4,TNH,TNHVC,2026-08-16,2026,8,16,907.4,53.0
Tỷ lệ nhập đúng tải kiện 12.5s,5,NBH,NBHVC,2026-08-07,2026,8,7,17019.0,17419.0
Thời gian chờ nhập,4,DNG,DNGVC,2026-08-17,2026,8,17,453.05,24.0
Tỷ lệ xuất sạch,3,HPG,HPGVC,2026-08-05,2026,8,5,60899.0,62434.0
Hiệu quả kết nối nội tỉnh,7,HYN,HYNVC,2026-08-06,2026,8,6,239833.41999999998,2725.0
Thời gian chờ nhập,4,TNH,TNHVC,2026-08-01,2026,8,1,1215.35,65.0
Hiệu quả xe nội tỉnh chiều về,9,HCM,HCMVC,2026-08-03,2026,8,3,86201.17,140850.0
Hiệu quả xe nội tỉnh chiều đi,8,BNH,BNHVC,2026-08-03,2026,8,3,80447.64,192850.0
Thời gian chờ nhập,4,HTH,HTHVC,2026-08-02,2026,8,2,88.55,10.0
Tỷ lệ kết nối đúng giờ,10,LDG,LDGVC,2026-08-09,2026,8,9,268.0,271.0
Hiệu quả xe nội tỉnh chiều đi,8,LSN,LSNVC,2026-08-05,2026,8,5,10465.07,17400.0
Hiệu quả xe nội tỉnh chiều về,9,SLA,SLAVC,2026-08-11,2026,8,11,371.24,900.0
Tỷ lệ kết nối đúng giờ,10,HYN,HYNVC,2026-08-01,2026,8,1,320.0,320.0
Hiệu quả xe nội tỉnh chiều về,9,DLK,DLKVC1,2026-08-13,2026,8,13,65879.94,136140.0
Hiệu quả kết nối nội miền,17,QNI,QNIVC,2026-08-07,2026,8,7,6758.99,498.0
Hiệu quả kết nối nội tỉnh,7,QNH,QNHVC,2026-08-05,2026,8,5,78506.22,1808.0
Hiệu quả xe nội miền chiều về,16,HCM,HCMVC,2026-08-02,2026,8,2,4678.660000000001,16300.0
Tỷ lệ nhập đúng tải kiện 12.5s,5,BNH,BNHVC,2026-08-08,2026,8,8,17403.0,21636.0
Tỷ lệ kết nối đúng giờ,10,PHO,PHOVC,2026-08-08,2026,8,8,322.0,331.0
Hiệu quả xe nội tỉnh chiều đi,8,DNI,DNIVC,2026-08-06,2026,8,6,43623.63,48450.0
Hiệu quả kết nối nội tỉnh,7,NBH,NBHVC,2026-08-05,2026,8,5,209739.04,3478.5299999999997
Tỷ lệ kết nối đúng giờ,10,TNH,TNHVC,2026-08-01,2026,8,1,218.0,225.0
Hiệu quả xe nội tỉnh chiều về,9,LSN,LSNVC,2026-08-15,2026,8,15,19511.46,19200.0
Thời gian chờ nhập,4,LCU,LCUVC,2026-08-10,2026,8,10,2.65,1.0
Hiệu quả xe nội tỉnh chiều đi,8,DLK,DLKVC1,2026-08-01,2026,8,1,89549.89,124690.0
Hiệu quả xe nội tỉnh chiều đi,8,CTO,CTOVC,2026-08-14,2026,8,14,120297.42,148300.0
Hiệu quả xe liên miền,18,DLK,DLKVC1,2026-08-11,2026,8,11,16553.69,21000.0
Hiệu quả xe nội tỉnh chiều đi,8,LSN,LSNVC,2026-08-01,2026,8,1,11278.58,15750.0
Tỷ lệ xuất sạch,3,HNI,HNVC,2026-08-12,2026,8,12,197118.0,203765.0
Hiệu quả xe nội miền chiều đi,15,HPG,HPGVC,2026-08-10,2026,8,10,1700.82,1900.0
Hiệu quả xe nội miền chiều về,16,VLG,VLGVC,2026-08-12,2026,8,12,6255.73,18500.0
Tỷ lệ kết nối đúng giờ,10,DTP,DTPVC,2026-08-15,2026,8,15,193.0,199.0
Hiệu quả kết nối nội tỉnh,7,LDG,LDGVC,2026-08-08,2026,8,8,198420.22,5177.0
Tỷ lệ nhập đúng tải kiện 12.5s,5,BNH,BNHVC,2026-08-04,2026,8,4,21647.0,25619.0
Tỷ lệ xuất sạch,3,BNH,BNHVC,2026-08-14,2026,8,14,62548.0,74306.0
Hiệu quả xe nội tỉnh chiều về,9,BNH,BNHVC,2026-08-11,2026,8,11,66754.56,89850.0
Hiệu quả xe nội tỉnh chiều về,9,NAN,NANVC,2026-08-06,2026,8,6,36151.17,78080.0
Hiệu quả xe nội tỉnh chiều về,9,QTI,QTIVC,2026-08-05,2026,8,5,24224.57,48010.0
Tỷ lệ kết nối đúng giờ,10,TQG,TQGVC,2026-08-10,2026,8,10,55.0,59.0
Tỷ lệ nhập đúng tải kiện 12.5s,5,GLI,GLIVC1,2026-08-12,2026,8,12,7828.0,7849.0
Tỷ lệ xuất sạch,3,HCM,HCMVC,2026-08-06,2026,8,6,123970.0,127848.0
Thời gian chờ nhập,4,NAN,NANVC,2026-08-13,2026,8,13,940.1666666666666,34.0
Tỷ lệ xuất sạch,3,NAN,NANVC,2026-08-06,2026,8,6,38286.0,38758.0
Tỷ lệ kết nối đúng giờ,10,TNN,TNNVC,2026-08-13,2026,8,13,156.0,158.0
Thời gian chờ nhập,4,VLG,VLGVC,2026-08-10,2026,8,10,888.45,50.0
Hiệu quả xe nội tỉnh chiều về,9,TQG,TQGVC,2026-08-10,2026,8,10,7497.12,9900.0
Thời gian chờ nhập,4,QNI,QNIVC,2026-08-09,2026,8,9,412.1166666666667,31.0
Hiệu quả xe nội tỉnh chiều đi,8,AGG,AGGVC,2026-08-08,2026,8,8,59836.52,75300.0
Hiệu quả xe nội miền chiều về,16,KHA,KHAVC,2026-08-01,2026,8,1,10910.88,14500.0
Hiệu quả kết nối nội tỉnh,7,PHO,PHOVC,2026-08-08,2026,8,8,245915.33000000002,3899.0
Thời gian chờ nhập,4,QTI,QTIVC,2026-08-10,2026,8,10,148.06666666666666,30.0
Tỷ lệ nhập đúng tải kiện 12.5s,5,TNN,TNNVC,2026-08-17,2026,8,17,6862.0,7389.0
Thời gian chờ nhập,4,HUE,HUEVC,2026-08-07,2026,8,7,192.85,18.0
Tỷ lệ kết nối đúng giờ,10,DBN,DBNVC,2026-08-08,2026,8,8,13.0,13.0
Hiệu quả xe nội tỉnh chiều về,9,HNI,HNVC,2026-08-14,2026,8,14,361761.77,622800.0
Hiệu quả xe nội tỉnh chiều về,9,QNI,QNIVC,2026-08-13,2026,8,13,8597.57,18350.0
Hiệu quả kết nối nội tỉnh,7,DTP,DTPVC,2026-08-12,2026,8,12,167033.24,2749.9
Tỷ lệ kết nối đúng giờ,10,LCI,LCIVC,2026-08-13,2026,8,13,98.0,99.0
Hiệu quả xe nội tỉnh chiều về,9,LCI,LCIVC,2026-08-14,2026,8,14,41463.84,32650.0
Hiệu quả kết nối nội tỉnh,7,LCI,LCIVC,2026-08-08,2026,8,8,88537.51999999999,1309.0
Hiệu quả xe nội tỉnh chiều đi,8,KHA,KHAVC,2026-08-05,2026,8,5,55997.55,67600.0
Tỷ lệ nhập đúng tải kiện 12.5s,5,LCU,LCUVC,2026-08-02,2026,8,2,804.0,805.0
Thời gian chờ nhập,4,AGG,AGGVC,2026-08-13,2026,8,13,420.3333333333333,47.0
Hiệu quả xe nội tỉnh chiều về,9,LDG,LDGVC,2026-08-16,2026,8,16,61453.979999999996,117850.0
Hiệu quả kết nối nội tỉnh,7,THA,THAVC,2026-08-04,2026,8,4,143137.59,3987.0
Thời gian chờ nhập,4,DNG,DNGVC,2026-08-01,2026,8,1,314.0,19.0
Hiệu quả kết nối nội tỉnh,7,HUE,HUEVC,2026-08-09,2026,8,9,36564.44,782.0
Hiệu quả xe nội miền chiều về,16,GLI,GLIVC1,2026-08-07,2026,8,7,2476.31,1900.0
Tỷ lệ xuất sạch,3,CMU,CMUVC,2026-08-14,2026,8,14,29096.0,29107.0
Hiệu quả kết nối nội miền,17,HPG,HPGVC,2026-08-05,2026,8,5,1387.17,115.0
Hiệu quả xe nội tỉnh chiều về,9,DBN,DBNVC,2026-08-03,2026,8,3,168.19,1650.0
Thời gian chờ nhập,4,VLG,VLGVC,2026-08-01,2026,8,1,1171.8999999999999,55.0
Tỷ lệ xuất sạch,3,BNH,BNHVC,2026-08-03,2026,8,3,49534.0,55611.0
Hiệu quả xe nội tỉnh chiều về,9,HYN,HYNVC,2026-08-13,2026,8,13,145738.74,109700.0
Hiệu quả xe nội miền chiều đi,15,PHO,PHOVC,2026-08-10,2026,8,10,20872.190000000002,25700.0
Tỷ lệ xuất sạch,3,KHA,KHAVC,2026-08-06,2026,8,6,34205.0,35101.0
Hiệu quả xe nội tỉnh chiều đi,8,TQG,TQGVC,2026-08-05,2026,8,5,13664.63,12400.0
Hiệu quả kết nối nội miền,17,GLI,GLIVC1,2026-08-03,2026,8,3,3464.08,442.0
Tỷ lệ xuất sạch,3,THA,THAVC,2026-08-13,2026,8,13,46872.0,53368.0
Tỷ lệ xuất sạch,3,QNH,QNHVC,2026-08-02,2026,8,2,11479.0,17098.0
Hiệu quả xe nội tỉnh chiều đi,8,CMU,CMUVC,2026-08-12,2026,8,12,54585.33,62950.0
Hiệu quả xe nội tỉnh chiều về,9,DNG,DNGVC,2026-08-11,2026,8,11,96946.5,135400.0
Hiệu quả kết nối nội tỉnh,7,QNI,QNIVC,2026-08-10,2026,8,10,64682.979999999996,1956.0
Hiệu quả xe nội tỉnh chiều về,9,LDG,LDGVC,2026-08-07,2026,8,7,69197.47,137800.0
Hiệu quả xe nội miền chiều đi,15,QNI,QNIVC,2026-08-03,2026,8,3,2968.28,3500.0
Tỷ lệ nhập đúng tải kiện 12.5s,5,AGG,AGGVC,2026-08-11,2026,8,11,17925.0,18490.0
Tỷ lệ xuất sạch,3,TQG,TQGVC,2026-08-13,2026,8,13,8208.0,8370.0
Tỷ lệ nhập đúng tải kiện 12.5s,5,LSN,LSNVC,2026-08-02,2026,8,2,1948.0,2161.0
Hiệu quả xe nội tỉnh chiều về,9,NAN,NANVC,2026-08-07,2026,8,7,37622.770000000004,75830.0
Tỷ lệ xuất sạch,3,NAN,NANVC,2026-08-15,2026,8,15,41399.0,42349.0
Tỷ lệ xuất sạch,3,TNH,TNHVC,2026-08-04,2026,8,4,50304.0,51290.0
Hiệu quả xe nội tỉnh chiều đi,8,DLK,DLKVC1,2026-08-10,2026,8,10,97460.75,133240.0
Hiệu quả kết nối nội tỉnh,7,BNH,BNHVC,2026-08-07,2026,8,7,216730.97,3237.0
Hiệu quả kết nối nội tỉnh,7,LDG,LDGVC,2026-08-11,2026,8,11,204941.67,5192.0
Hiệu quả xe nội tỉnh chiều về,9,DTP,DTPVC,2026-08-08,2026,8,8,61583.65,139650.0
Hiệu quả xe nội miền chiều đi,15,HPG,HPGVC,2026-08-07,2026,8,7,1716.26,1900.0
Tỷ lệ kết nối đúng giờ,10,LDG,LDGVC,2026-08-02,2026,8,2,269.0,273.0
Hiệu quả xe nội miền chiều đi,15,DNI,DNIVC,2026-08-12,2026,8,12,12535.789999999999,17000.0
Hiệu quả kết nối nội miền,17,DNI,DNIVC,2026-08-09,2026,8,9,10747.5,188.0
Thời gian chờ nhập,4,DTP,DTPVC,2026-08-16,2026,8,16,319.01666666666665,38.0
Hiệu quả xe nội tỉnh chiều đi,8,THA,THAVC,2026-08-15,2026,8,15,79497.43,145850.0
Hiệu quả xe nội tỉnh chiều về,9,DNI,DNIVC,2026-08-05,2026,8,5,19569.579999999998,48450.0
Hiệu quả kết nối nội tỉnh,7,THA,THAVC,2026-08-07,2026,8,7,153406.51,4244.0
Thời gian chờ nhập,4,GLI,GLIVC1,2026-08-16,2026,8,16,1974.5,41.0
Hiệu quả xe nội miền chiều về,16,LDG,LDGVC,2026-08-17,2026,8,17,1452.12,5000.0
Hiệu quả kết nối nội miền,17,VLG,VLGVC,2026-08-04,2026,8,4,18040.47,534.0
Thời gian chờ nhập,4,HPG,HPGVC,2026-08-16,2026,8,16,317.2833333333333,17.0
Hiệu quả xe nội miền chiều về,16,GLI,GLIVC1,2026-08-13,2026,8,13,2099.67,1900.0
Hiệu quả xe nội tỉnh chiều đi,8,BNH,BNHVC,2026-08-08,2026,8,8,89800.18,154750.0
Hiệu quả xe nội tỉnh chiều về,9,THA,THAVC,2026-08-06,2026,8,6,72840.55,148950.0
Hiệu quả kết nối nội miền,17,DNI,DNIVC,2026-08-10,2026,8,10,21503.050000000003,286.0
Hiệu quả xe nội tỉnh chiều về,9,CMU,CMUVC,2026-08-10,2026,8,10,23911.339999999997,62950.0
Hiệu quả kết nối nội tỉnh,7,DLK,DLKVC1,2026-08-14,2026,8,14,163126.29,3572.0
Tỷ lệ kết nối đúng giờ,10,LSN,LSNVC,2026-08-07,2026,8,7,23.0,23.0
Hiệu quả kết nối nội tỉnh,7,HNI,HNVC,2026-08-10,2026,8,10,496459.98,11557.1
Tỷ lệ kết nối đúng giờ,10,BNH,BNHVC,2026-08-16,2026,8,16,245.0,257.0
Hiệu quả xe nội tỉnh chiều đi,8,GLI,GLIVC1,2026-08-09,2026,8,9,75788.43,87000.0
Tỷ lệ xuất sạch,3,LCI,LCIVC,2026-08-12,2026,8,12,15918.0,18835.0
Hiệu quả kết nối nội miền,17,DNI,DNIVC,2026-08-13,2026,8,13,25224.510000000002,376.0
Hiệu quả xe nội tỉnh chiều đi,8,DBN,DBNVC,2026-08-11,2026,8,11,1901.51,3300.0
Hiệu quả xe nội tỉnh chiều về,9,QNI,QNIVC,2026-08-15,2026,8,15,26930.940000000002,46240.0
Hiệu quả xe nội tỉnh chiều đi,8,TQG,TQGVC,2026-08-08,2026,8,8,11596.54,12400.0
Hiệu quả kết nối nội tỉnh,7,TNN,TNNVC,2026-08-09,2026,8,9,62787.13,1129.0
Tỷ lệ kết nối đúng giờ,10,LSN,LSNVC,2026-08-17,2026,8,17,23.0,23.0
Hiệu quả xe nội miền chiều đi,15,HYN,HYNVC,2026-08-12,2026,8,12,6578.0,5100.0
Hiệu quả xe nội tỉnh chiều đi,8,TQG,TQGVC,2026-08-01,2026,8,1,14509.57,12400.0
Tỷ lệ kết nối đúng giờ,10,HTH,HTHVC,2026-08-16,2026,8,16,46.0,47.0
Hiệu quả xe nội miền chiều đi,15,HYN,HYNVC,2026-08-13,2026,8,13,6127.0,5100.0
Tỷ lệ xuất sạch,3,NAN,NANVC,2026-08-07,2026,8,7,38849.0,39376.0
Tỷ lệ nhập đúng tải kiện 12.5s,5,TQG,TQGVC,2026-08-07,2026,8,7,4491.0,4494.0
Hiệu quả xe nội tỉnh chiều đi,8,THA,THAVC,2026-08-09,2026,8,9,73038.49,133500.0
Hiệu quả kết nối nội tỉnh,7,TNN,TNNVC,2026-08-15,2026,8,15,73659.05,1182.0
Thời gian chờ nhập,4,HYN,HYNVC,2026-08-12,2026,8,12,234.79999999999998,57.0
Hiệu quả xe nội tỉnh chiều đi,8,HCM,HCMVC,2026-08-01,2026,8,1,126021.98,156450.0
Hiệu quả xe liên miền,18,KHA,KHAVC,2026-08-04,2026,8,4,6333.4,8000.0
Tỷ lệ kết nối đúng giờ,10,QNH,QNHVC,2026-08-11,2026,8,11,111.0,116.0
Hiệu quả xe nội miền chiều đi,15,HCM,HCMVC,2026-08-17,2026,8,17,8239.23,2550.0
Hiệu quả kết nối nội miền,17,LDG,LDGVC,2026-08-17,2026,8,17,1452.12,231.0
Thời gian chờ nhập,4,HPG,HPGVC,2026-08-15,2026,8,15,470.16666666666663,41.0
Hiệu quả kết nối nội tỉnh,7,HNI,HNVC,2026-08-02,2026,8,2,239720.28,4595.4
Hiệu quả kết nối nội tỉnh,7,DTP,DTPVC,2026-08-07,2026,8,7,166731.94,2758.5
Hiệu quả xe nội miền chiều đi,15,KHA,KHAVC,2026-08-08,2026,8,8,9559.95,14500.0
Tỷ lệ nhập đúng tải kiện 12.5s,5,HUE,HUEVC,2026-08-08,2026,8,8,5835.0,6004.0
Tỷ lệ nhập đúng tải kiện 12.5s,5,QNI,QNIVC,2026-08-02,2026,8,2,5597.0,5802.0
Tỷ lệ xuất sạch,3,GLI,GLIVC1,2026-08-05,2026,8,5,33466.0,33662.0
Hiệu quả xe nội tỉnh chiều về,9,KHA,KHAVC,2026-08-14,2026,8,14,36298.56,74200.0
Hiệu quả xe nội miền chiều đi,15,HYN,HYNVC,2026-08-15,2026,8,15,7635.0,5100.0
Hiệu quả xe nội tỉnh chiều đi,8,DBN,DBNVC,2026-07-31,2026,7,31,610.22,1650.0
Tỷ lệ nhập đúng tải kiện 12.5s,5,THA,THAVC,2026-08-13,2026,8,13,11332.0,12807.0
Hiệu quả xe nội miền chiều đi,15,DNI,DNIVC,2026-08-05,2026,8,5,13571.07,21500.0
Tỷ lệ xuất sạch,3,DLK,DLKVC1,2026-08-14,2026,8,14,42414.0,44704.0
Hiệu quả xe nội tỉnh chiều đi,8,HTH,HTHVC,2026-08-16,2026,8,16,15977.93,23400.0
Tỷ lệ kết nối đúng giờ,10,QNI,QNIVC,2026-08-08,2026,8,8,158.0,159.0
Hiệu quả kết nối nội miền,17,GLI,GLIVC1,2026-07-31,2026,7,31,1009.25,221.0
Hiệu quả kết nối nội miền,17,HYN,HYNVC,2026-08-11,2026,8,11,11676.2,132.0
Hiệu quả xe liên miền,18,KHA,KHAVC,2026-08-02,2026,8,2,3222.82,13000.0
Hiệu quả xe nội tỉnh chiều đi,8,TNN,TNNVC,2026-08-03,2026,8,3,32175.190000000002,63490.0
Thời gian chờ nhập,4,DBN,DBNVC,2026-08-12,2026,8,12,12.333333333333332,3.0
Thời gian chờ nhập,4,LCU,LCUVC,2026-08-05,2026,8,5,3.466666666666667,2.0
Tỷ lệ kết nối đúng giờ,10,TQG,TQGVC,2026-08-06,2026,8,6,58.0,59.0
Hiệu quả kết nối nội tỉnh,7,DTP,DTPVC,2026-08-06,2026,8,6,147053.88,2628.5
Hiệu quả xe nội miền chiều đi,15,DNI,DNIVC,2026-08-13,2026,8,13,10990.09,17000.0
Hiệu quả kết nối nội miền,17,HYN,HYNVC,2026-08-12,2026,8,12,15573.21,132.0
Hiệu quả kết nối nội miền,17,GLI,GLIVC1,2026-08-06,2026,8,6,5125.08,442.0
Tỷ lệ xuất sạch,3,HUE,HUEVC,2026-08-11,2026,8,11,19703.0,19781.0
Hiệu quả xe nội tỉnh chiều đi,8,QNI,QNIVC,2026-08-07,2026,8,7,38080.08,39640.0
Hiệu quả kết nối nội miền,17,VLG,VLGVC,2026-08-07,2026,8,7,17073.35,532.0
Thời gian chờ nhập,4,LSN,LSNVC,2026-08-17,2026,8,17,19.166666666666664,7.0
Tỷ lệ nhập đúng tải kiện 12.5s,5,HYN,HYNVC,2026-08-09,2026,8,9,9338.0,9417.0
Hiệu quả kết nối nội tỉnh,7,TNN,TNNVC,2026-08-07,2026,8,7,73416.23,1157.0
Hiệu quả xe nội tỉnh chiều đi,8,DLK,DLKVC1,2026-08-04,2026,8,4,62302.29,128290.0
Thời gian chờ nhập,4,TQG,TQGVC,2026-08-15,2026,8,15,286.20000000000005,15.0
Hiệu quả kết nối nội tỉnh,7,KHA,KHAVC,2026-08-10,2026,8,10,97161.56,2004.0
Hiệu quả xe nội tỉnh chiều đi,8,HPG,HPGVC,2026-08-12,2026,8,12,161423.16,204920.0
Hiệu quả xe nội tỉnh chiều về,9,LDG,LDGVC,2026-08-10,2026,8,10,70521.6,137800.0
Hiệu quả xe nội tỉnh chiều đi,8,THA,THAVC,2026-08-03,2026,8,3,55140.49,145000.0
Tỷ lệ xuất sạch,3,DNI,DNIVC,2026-08-10,2026,8,10,97836.0,101613.0
Hiệu quả kết nối nội tỉnh,7,SLA,SLAVC,2026-08-09,2026,8,9,1161.65,82.0
Hiệu quả xe nội miền chiều về,16,VLG,VLGVC,2026-08-05,2026,8,5,3785.43,7000.0
Hiệu quả kết nối nội tỉnh,7,HUE,HUEVC,2026-08-11,2026,8,11,37683.95,792.0
Tỷ lệ xuất sạch,3,DTP,DTPVC,2026-08-02,2026,8,2,34652.0,35169.0
Hiệu quả xe nội miền chiều đi,15,HPG,HPGVC,2026-08-17,2026,8,17,1558.3,1900.0
Thời gian chờ nhập,4,PHO,PHOVC,2026-08-02,2026,8,2,1177.5333333333333,48.0
Hiệu quả xe nội miền chiều đi,15,KHA,KHAVC,2026-08-15,2026,8,15,9641.39,14500.0
Hiệu quả kết nối nội tỉnh,7,GLI,GLIVC1,2026-08-01,2026,8,1,113011.15,3397.0
Hiệu quả xe nội miền chiều về,16,KHA,KHAVC,2026-08-04,2026,8,4,9475.19,14500.0
Tỷ lệ xuất sạch,3,QNH,QNHVC,2026-08-13,2026,8,13,25049.0,29480.0
Hiệu quả xe nội tỉnh chiều đi,8,HCM,HCMVC,2026-08-10,2026,8,10,89147.0,145850.0
Hiệu quả xe nội miền chiều về,16,TNH,TNHVC,2026-08-16,2026,8,16,485.12,5100.0
Tỷ lệ xuất sạch,3,QTI,QTIVC,2026-08-11,2026,8,11,16238.0,16962.0
Hiệu quả kết nối nội miền,17,DNI,DNIVC,2026-08-08,2026,8,8,26562.02,425.0
Hiệu quả kết nối nội miền,17,QNI,QNIVC,2026-08-08,2026,8,8,7262.98,498.0
Hiệu quả xe liên miền,18,THA,THAVC,2026-08-10,2026,8,10,14273.56,16000.0
Tỷ lệ kết nối đúng giờ,10,BNH,BNHVC,2026-08-17,2026,8,17,367.0,385.0
Tỷ lệ xuất sạch,3,HNI,HNVC,2026-08-06,2026,8,6,195167.0,199186.0
Hiệu quả kết nối nội tỉnh,7,DNG,DNGVC,2026-08-09,2026,8,9,144584.82,2774.0
Thời gian chờ nhập,4,HTH,HTHVC,2026-08-11,2026,8,11,355.66666666666663,16.0
Thời gian chờ nhập,4,LCU,LCUVC,2026-08-11,2026,8,11,5.166666666666666,3.0
Hiệu quả xe nội miền chiều đi,15,TNH,TNHVC,2026-08-06,2026,8,6,3925.79,5100.0
Hiệu quả kết nối nội tỉnh,7,NAN,NANVC,2026-08-09,2026,8,9,93396.92,3213.0
Thời gian chờ nhập,4,DNG,DNGVC,2026-07-31,2026,7,31,1.5,1.0
Tỷ lệ nhập đúng tải kiện 12.5s,5,HCM,HCMVC,2026-08-11,2026,8,11,34059.0,39829.0
Tỷ lệ xuất sạch,3,DTP,DTPVC,2026-08-10,2026,8,10,41884.0,46069.0
Hiệu quả xe nội miền chiều đi,15,QNI,QNIVC,2026-08-05,2026,8,5,3837.66,3500.0
Hiệu quả kết nối nội tỉnh,7,DTP,DTPVC,2026-08-15,2026,8,15,167256.56,2767.6
Tỷ lệ kết nối đúng giờ,10,CTO,CTOVC,2026-08-06,2026,8,6,240.0,245.0
Hiệu quả kết nối nội tỉnh,7,NAN,NANVC,2026-08-04,2026,8,4,99805.37,3394.0
Hiệu quả xe nội tỉnh chiều về,9,HYN,HYNVC,2026-08-09,2026,8,9,54755.53,86850.0
Hiệu quả kết nối nội tỉnh,7,THA,THAVC,2026-08-14,2026,8,14,147021.79,3903.0
Hiệu quả kết nối nội tỉnh,7,THA,THAVC,2026-08-16,2026,8,16,127658.15000000001,3426.0
Tỷ lệ xuất sạch,3,HPG,HPGVC,2026-08-06,2026,8,6,65029.0,65992.0
Thời gian chờ nhập,4,HTH,HTHVC,2026-08-13,2026,8,13,425.6666666666667,13.0
Hiệu quả xe nội miền chiều về,16,DNI,DNIVC,2026-08-02,2026,8,2,4586.32,9000.0
Hiệu quả xe nội tỉnh chiều về,9,DNG,DNGVC,2026-07-31,2026,7,31,6010.700000000001,10350.0
Hiệu quả xe nội miền chiều đi,15,GLI,GLIVC1,2026-08-08,2026,8,8,2069.65,1900.0
Thời gian chờ nhập,4,CTO,CTOVC,2026-08-15,2026,8,15,140.38333333333333,16.0
Thời gian chờ nhập,4,DLK,DLKVC1,2026-08-06,2026,8,6,1285.8,53.0
Hiệu quả xe nội tỉnh chiều về,9,DTP,DTPVC,2026-08-14,2026,8,14,65947.77,144850.0
Thời gian chờ nhập,4,HYN,HYNVC,2026-08-08,2026,8,8,231.45,53.0
Hiệu quả xe liên miền,18,DNI,DNIVC,2026-08-01,2026,8,1,7870.03,8000.0
Thời gian chờ nhập,4,TNH,TNHVC,2026-07-31,2026,7,31,5.366666666666666,1.0
Hiệu quả xe nội tỉnh chiều đi,8,QTI,QTIVC,2026-08-15,2026,8,15,41777.630000000005,50740.0
Hiệu quả kết nối nội tỉnh,7,HYN,HYNVC,2026-07-31,2026,7,31,19764.27,204.0
Thời gian chờ nhập,4,QTI,QTIVC,2026-08-11,2026,8,11,180.05,26.0
Tỷ lệ kết nối đúng giờ,10,HTH,HTHVC,2026-08-04,2026,8,4,73.0,74.0
Hiệu quả xe nội tỉnh chiều về,9,DTP,DTPVC,2026-08-12,2026,8,12,74928.17,133950.0
Hiệu quả xe nội tỉnh chiều đi,8,DTP,DTPVC,2026-08-16,2026,8,16,99819.42,106200.0
Tỷ lệ xuất sạch,3,KHA,KHAVC,2026-08-14,2026,8,14,34770.0,36045.0
Tỷ lệ kết nối đúng giờ,10,HYN,HYNVC,2026-08-04,2026,8,4,354.0,355.0
Hiệu quả xe nội miền chiều đi,15,HYN,HYNVC,2026-08-07,2026,8,7,4682.0,5100.0
Hiệu quả xe nội miền chiều về,16,HYN,HYNVC,2026-08-05,2026,8,5,8678.0,5100.0
Hiệu quả xe nội tỉnh chiều đi,8,KHA,KHAVC,2026-08-16,2026,8,16,65646.14,68750.0
Hiệu quả xe nội miền chiều về,16,VLG,VLGVC,2026-08-16,2026,8,16,7353.98,15000.0
Tỷ lệ kết nối đúng giờ,10,HPG,HPGVC,2026-08-01,2026,8,1,299.0,300.0
Tỷ lệ xuất sạch,3,PHO,PHOVC,2026-08-13,2026,8,13,53973.0,61244.0
Thời gian chờ nhập,4,THA,THAVC,2026-08-08,2026,8,8,1649.4,36.0
Hiệu quả xe nội tỉnh chiều đi,8,PHO,PHOVC,2026-08-15,2026,8,15,103304.48999999999,160700.0
Hiệu quả xe nội tỉnh chiều về,9,DNI,DNIVC,2026-07-31,2026,7,31,6797.35,9950.0
Hiệu quả xe nội tỉnh chiều về,9,HUE,HUEVC,2026-08-05,2026,8,5,19524.13,29680.0
Hiệu quả xe nội tỉnh chiều đi,8,HCM,HCMVC,2026-08-12,2026,8,12,117078.20999999999,147750.0
Hiệu quả kết nối nội tỉnh,7,VLG,VLGVC,2026-07-31,2026,7,31,8618.119999999999,132.8
Tỷ lệ nhập đúng tải kiện 12.5s,5,HCM,HCMVC,2026-08-03,2026,8,3,30187.0,35409.0
Tỷ lệ kết nối đúng giờ,10,TNN,TNNVC,2026-08-17,2026,8,17,158.0,160.0
Thời gian chờ nhập,4,HYN,HYNVC,2026-08-02,2026,8,2,214.39999999999998,35.0
Thời gian chờ nhập,4,AGG,AGGVC,2026-08-09,2026,8,9,332.76666666666665,41.0
Tỷ lệ kết nối đúng giờ,10,LDG,LDGVC,2026-08-01,2026,8,1,286.0,292.0
Tỷ lệ kết nối đúng giờ,10,DNG,DNGVC,2026-08-03,2026,8,3,346.0,353.0
Tỷ lệ kết nối đúng giờ,10,CTO,CTOVC,2026-08-11,2026,8,11,248.0,251.0
Tỷ lệ xuất sạch,3,DTP,DTPVC,2026-08-11,2026,8,11,45658.0,46446.0
Tỷ lệ kết nối đúng giờ,10,NBH,NBHVC,2026-08-03,2026,8,3,339.0,341.0
Hiệu quả xe liên miền,18,HCM,HCMVC,2026-08-13,2026,8,13,9765.44,8000.0
Tỷ lệ nhập đúng tải kiện 12.5s,5,PHO,PHOVC,2026-08-02,2026,8,2,16957.0,18448.0
Hiệu quả xe liên miền,18,KHA,KHAVC,2026-08-13,2026,8,13,18497.55,26000.0
Hiệu quả xe nội tỉnh chiều đi,8,DNG,DNGVC,2026-08-02,2026,8,2,80391.51999999999,97900.0
Hiệu quả kết nối nội tỉnh,7,DLK,DLKVC1,2026-08-05,2026,8,5,144837.63,3523.0
Tỷ lệ nhập đúng tải kiện 12.5s,5,AGG,AGGVC,2026-08-17,2026,8,17,15266.0,15731.0
Tỷ lệ nhập đúng tải kiện 12.5s,5,DNI,DNIVC,2026-08-01,2026,8,1,21026.0,22659.0
Hiệu quả kết nối nội tỉnh,7,LSN,LSNVC,2026-08-10,2026,8,10,29521.3,592.0
Hiệu quả kết nối nội miền,17,PHO,PHOVC,2026-08-17,2026,8,17,13914.89,300.0
Hiệu quả kết nối nội tỉnh,7,KHA,KHAVC,2026-08-12,2026,8,12,82890.99,1990.0
Tỷ lệ nhập đúng tải kiện 12.5s,5,QNI,QNIVC,2026-08-13,2026,8,13,5122.0,5196.0
Hiệu quả kết nối nội tỉnh,7,LSN,LSNVC,2026-08-03,2026,8,3,22382.05,592.0
Hiệu quả xe nội tỉnh chiều đi,8,GLI,GLIVC1,2026-08-17,2026,8,17,78067.16,86180.0
Tỷ lệ kết nối đúng giờ,10,TNH,TNHVC,2026-07-31,2026,7,31,2.0,2.0
Tỷ lệ xuất sạch,3,HYN,HYNVC,2026-08-17,2026,8,17,84532.0,89554.0
Hiệu quả xe nội miền chiều đi,15,GLI,GLIVC1,2026-08-10,2026,8,10,1482.6,1900.0
Tỷ lệ xuất sạch,3,QNI,QNIVC,2026-08-17,2026,8,17,49188.0,49680.0
Hiệu quả kết nối nội miền,17,GLI,GLIVC1,2026-08-10,2026,8,10,3152.92,442.0
Hiệu quả kết nối nội tỉnh,7,HPG,HPGVC,2026-08-12,2026,8,12,237131.58000000002,2687.0
Thời gian chờ nhập,4,HNI,HNVC,2026-08-17,2026,8,17,1735.3,122.0
Hiệu quả kết nối nội miền,17,QNI,QNIVC,2026-08-11,2026,8,11,7732.51,498.0
Thời gian chờ nhập,4,HTH,HTHVC,2026-08-05,2026,8,5,124.46666666666667,11.0
Tỷ lệ kết nối đúng giờ,10,DNI,DNIVC,2026-08-01,2026,8,1,530.0,540.0
Tỷ lệ xuất sạch,3,BNH,BNHVC,2026-08-07,2026,8,7,65271.0,73071.0
Hiệu quả xe liên miền,18,GLI,GLIVC1,2026-08-06,2026,8,6,11762.14,19700.0
Hiệu quả xe nội tỉnh chiều đi,8,HTH,HTHVC,2026-08-10,2026,8,10,24618.07,34400.0
Hiệu quả xe nội tỉnh chiều đi,8,GLI,GLIVC1,2026-08-12,2026,8,12,72562.93,83800.0
Hiệu quả xe nội tỉnh chiều đi,8,CMU,CMUVC,2026-08-14,2026,8,14,50406.1,62950.0
Tỷ lệ kết nối đúng giờ,10,NAN,NANVC,2026-08-08,2026,8,8,177.0,177.0
Hiệu quả kết nối nội tỉnh,7,PHO,PHOVC,2026-08-17,2026,8,17,158098.53,3258.0
Hiệu quả kết nối nội tỉnh,7,TQG,TQGVC,2026-08-03,2026,8,3,19682.0,1133.0
Hiệu quả kết nối nội tỉnh,7,QTI,QTIVC,2026-08-17,2026,8,17,72172.95999999999,2529.9
Hiệu quả kết nối nội tỉnh,7,TNH,TNHVC,2026-08-06,2026,8,6,82108.96,1923.0
Tỷ lệ xuất sạch,3,SLA,SLAVC,2026-08-04,2026,8,4,388.0,389.0
Tỷ lệ kết nối đúng giờ,10,LSN,LSNVC,2026-08-03,2026,8,3,23.0,23.0
Hiệu quả xe nội tỉnh chiều về,9,TNN,TNNVC,2026-08-12,2026,8,12,38212.85,65960.0
Tỷ lệ xuất sạch,3,KHA,KHAVC,2026-08-15,2026,8,15,29640.0,30699.0
Hiệu quả xe nội tỉnh chiều đi,8,NBH,NBHVC,2026-08-06,2026,8,6,76563.18000000001,109560.0
Hiệu quả xe nội tỉnh chiều đi,8,DTP,DTPVC,2026-08-13,2026,8,13,92241.76999999999,148650.0
Tỷ lệ kết nối đúng giờ,10,DLK,DLKVC1,2026-08-03,2026,8,3,240.0,243.0
Hiệu quả xe nội tỉnh chiều đi,8,LDG,LDGVC,2026-08-11,2026,8,11,119092.59,144200.0
Hiệu quả xe nội tỉnh chiều đi,8,TNH,TNHVC,2026-08-06,2026,8,6,48251.98,63000.0
Hiệu quả kết nối nội tỉnh,7,LDG,LDGVC,2026-08-01,2026,8,1,200727.64,5327.0
Thời gian chờ nhập,4,QNI,QNIVC,2026-08-17,2026,8,17,365.45000000000005,31.0
