kpi_name,kpi_id,branch,unit,date,year,month,day,numerator,denominator
Tỷ lệ xuất sạch,3,CMU,HUBCMU,2026-09-03,2026,9,3,12408.0,14250.0
Tỷ lệ xuất sạch,3,HCM,HUBTAN,2026-09-03,2026,9,3,18417.0,18421.0
Tỷ lệ xuất sạch,3,DTP,HUBDTP,2026-09-03,2026,9,3,16709.0,18588.0
Tỷ lệ xuất sạch,3,THA,HUBTHA,2026-09-03,2026,9,3,30412.0,31251.0
Tỷ lệ xuất sạch,3,LDG,HUBLDG01,2026-09-03,2026,9,3,8441.0,9366.0
Tỷ lệ xuất sạch,3,DNI,HUBDNI,2026-09-03,2026,9,3,68047.0,68346.0
Tỷ lệ xuất sạch,3,DNI,HUBBPC,2026-09-03,2026,9,3,15069.0,15851.0
Tỷ lệ xuất sạch,3,VLG,HUBBTE,2026-09-03,2026,9,3,18020.0,20043.0
Tỷ lệ xuất sạch,3,HYN,HUBTBH,2026-09-03,2026,9,3,16847.0,17060.0
Tỷ lệ xuất sạch,3,HTH,HUBHTH,2026-09-03,2026,9,3,7904.0,8851.0
Tỷ lệ xuất sạch,3,PHO,HUBPHO,2026-09-03,2026,9,3,13674.0,15247.0
Tỷ lệ xuất sạch,3,LCI,HUBLCI01,2026-09-03,2026,9,3,8256.0,8298.0
Tỷ lệ xuất sạch,3,BNH,HUBBNH,2026-09-03,2026,9,3,33392.0,33576.0
Tỷ lệ xuất sạch,3,QNH,HUBQNH,2026-09-03,2026,9,3,15830.0,17312.0
Tỷ lệ xuất sạch,3,QNI,HUBKTM,2026-09-03,2026,9,3,5337.0,5338.0
Tỷ lệ xuất sạch,3,LCI,HUBYBN,2026-09-03,2026,9,3,6694.0,7490.0
Tỷ lệ xuất sạch,3,QTI,HUBQTI,2026-09-03,2026,9,3,6735.0,6754.0
Tỷ lệ xuất sạch,3,GLI,HUBBHD,2026-09-03,2026,9,3,7868.0,8461.0
Tỷ lệ xuất sạch,3,QTI,HUBQBH,2026-09-03,2026,9,3,7895.0,9958.0
Tỷ lệ xuất sạch,3,HNI,HUBLBN,2026-09-03,2026,9,3,49697.0,50046.0
Tỷ lệ xuất sạch,3,HCM,HUBTTO,2026-09-03,2026,9,3,23665.0,23824.0
Tỷ lệ xuất sạch,3,CMU,HUBBLU,2026-09-03,2026,9,3,9331.0,10762.0
Tỷ lệ xuất sạch,3,HNI,BBSDPG,2026-09-03,2026,9,3,48548.0,56922.0
Tỷ lệ xuất sạch,3,VLG,HUBVLG,2026-09-03,2026,9,3,12575.0,13146.0
Tỷ lệ xuất sạch,3,AGG,HUBAGG,2026-09-03,2026,9,3,17633.0,17782.0
Tỷ lệ xuất sạch,3,CBG,HUBCBG,2026-09-03,2026,9,3,569.0,666.0
Tỷ lệ xuất sạch,3,LSN,HUBLSN,2026-09-03,2026,9,3,9999.0,10174.0
Tỷ lệ xuất sạch,3,DNG,HUBDNG,2026-09-03,2026,9,3,9344.0,9492.0
Tỷ lệ xuất sạch,3,AGG,HUBKGG01,2026-09-03,2026,9,3,14126.0,14266.0
Tỷ lệ xuất sạch,3,PHO,HUBVPC,2026-09-03,2026,9,3,14167.0,15437.0
Tỷ lệ xuất sạch,3,KHA,HUBKHA,2026-09-03,2026,9,3,16782.0,17148.0
Tỷ lệ xuất sạch,3,NBH,HUBHNM,2026-09-03,2026,9,3,13338.0,13523.0
Tỷ lệ xuất sạch,3,KHA,HUBNTN,2026-09-03,2026,9,3,6007.0,6147.0
Tỷ lệ xuất sạch,3,TNH,HUBTNH,2026-09-03,2026,9,3,17817.0,17829.0
Tỷ lệ xuất sạch,3,TQG,HUBHGG,2026-09-03,2026,9,3,1605.0,1686.0
Tỷ lệ xuất sạch,3,NAN,HUBNAN,2026-09-03,2026,9,3,28147.0,28876.0
Tỷ lệ xuất sạch,3,DBN,HUBDBN,2026-09-03,2026,9,3,1763.0,2047.0
Tỷ lệ xuất sạch,3,LCU,HUBLCU,2026-09-03,2026,9,3,858.0,859.0
Tỷ lệ xuất sạch,3,HCM,HUBVTU,2026-09-03,2026,9,3,16195.0,16285.0
Tỷ lệ xuất sạch,3,HCM,HUBTDC,2026-09-03,2026,9,3,26665.0,26778.0
Tỷ lệ xuất sạch,3,DTP,HUBTGG,2026-09-03,2026,9,3,15364.0,15965.0
Tỷ lệ xuất sạch,3,HUE,HUBHUE,2026-09-03,2026,9,3,14941.0,14963.0
Tỷ lệ xuất sạch,3,TNN,HUBTNN,2026-09-03,2026,9,3,13495.0,17004.0
Tỷ lệ xuất sạch,3,HPG,HUBHPG,2026-09-03,2026,9,3,24331.0,24411.0
Tỷ lệ xuất sạch,3,LDG,HUBDKG,2026-09-03,2026,9,3,7089.0,8223.0
Tỷ lệ xuất sạch,3,TQG,HUBTQG,2026-09-03,2026,9,3,3617.0,4291.0
Tỷ lệ xuất sạch,3,DLK,HUBDLK,2026-09-03,2026,9,3,21626.0,23570.0
Tỷ lệ xuất sạch,3,TNN,HUBBKN,2026-09-03,2026,9,3,1813.0,1816.0
Tỷ lệ xuất sạch,3,HYN,HUBHYN,2026-09-03,2026,9,3,28464.0,29109.0
Tỷ lệ xuất sạch,3,VLG,HUBTVH,2026-09-03,2026,9,3,9235.0,9384.0
Tỷ lệ xuất sạch,3,DNG,HUBQNM,2026-09-03,2026,9,3,12176.0,13295.0
Tỷ lệ xuất sạch,3,HPG,HUBHDG,2026-09-03,2026,9,3,23375.0,24153.0
Tỷ lệ xuất sạch,3,DLK,HUBPYN,2026-09-03,2026,9,3,8753.0,8849.0
Tỷ lệ xuất sạch,3,SLA,HUBSLA,2026-09-03,2026,9,3,431.0,431.0
Tỷ lệ xuất sạch,3,HNI,HUBYAN,2026-09-03,2026,9,3,35990.0,36840.0
Tỷ lệ xuất sạch,3,NBH,HUBNDH,2026-09-03,2026,9,3,20523.0,20555.0
Tỷ lệ xuất sạch,3,PHO,HUBHBH,2026-09-03,2026,9,3,9733.0,9756.0
Tỷ lệ xuất sạch,3,TNH,HUBLAN,2026-09-03,2026,9,3,16628.0,17120.0
Tỷ lệ xuất sạch,3,LDG,HUBBTN,2026-09-03,2026,9,3,9114.0,9568.0
Tỷ lệ xuất sạch,3,QNI,HUBQNI,2026-09-03,2026,9,3,11705.0,12190.0
Tỷ lệ xuất sạch,3,GLI,HUBGLI,2026-09-03,2026,9,3,13763.0,14233.0
Tỷ lệ xuất sạch,3,HCM,HUBBDG,2026-09-03,2026,9,3,24819.0,24832.0
Tỷ lệ xuất sạch,3,HNI,HUBTTI,2026-09-03,2026,9,3,46398.0,46413.0
Tỷ lệ xuất sạch,3,BNH,HUBBGG,2026-09-03,2026,9,3,20193.0,26909.0
Tỷ lệ xuất sạch,3,CTO,HUBSTG,2026-09-03,2026,9,3,9495.0,9503.0
Tỷ lệ xuất sạch,3,LDG,HUBLDG03,2026-09-03,2026,9,3,5155.0,5619.0
Tỷ lệ xuất sạch,3,NBH,HUBNBH,2026-09-03,2026,9,3,16482.0,16985.0
Tỷ lệ xuất sạch,3,HNI,HUBTTI,2026-09-04,2026,9,4,55901.0,55981.0
Tỷ lệ xuất sạch,3,CTO,HUBCTO,2026-09-04,2026,9,4,37.0,37.0
Tỷ lệ xuất sạch,3,PHO,HUBHBH,2026-09-04,2026,9,4,12548.0,12560.0
Tỷ lệ xuất sạch,3,QNH,HUBQNH,2026-09-04,2026,9,4,25519.0,27349.0
Tỷ lệ xuất sạch,3,DNI,HUBDNI,2026-09-04,2026,9,4,87656.0,89837.0
Tỷ lệ xuất sạch,3,QNI,HUBKTM,2026-09-04,2026,9,4,5687.0,5688.0
Tỷ lệ xuất sạch,3,LDG,HUBLDG03,2026-09-04,2026,9,4,6932.0,8168.0
Tỷ lệ xuất sạch,3,DLK,HUBPYN,2026-09-04,2026,9,4,5846.0,5855.0
Tỷ lệ xuất sạch,3,QNI,HUBQNI,2026-09-04,2026,9,4,12182.0,12214.0
Tỷ lệ xuất sạch,3,HTH,HUBHTH,2026-09-04,2026,9,4,9661.0,9742.0
Tỷ lệ xuất sạch,3,HCM,HUBBDG,2026-09-04,2026,9,4,34402.0,35305.0
Tỷ lệ xuất sạch,3,NBH,HUBNDH,2026-09-04,2026,9,4,31552.0,31800.0
Tỷ lệ xuất sạch,3,HCM,HUBTTO,2026-09-04,2026,9,4,31639.0,32932.0
Tỷ lệ xuất sạch,3,BNH,HUBBNH,2026-09-04,2026,9,4,42897.0,44234.0
Tỷ lệ xuất sạch,3,HNI,HUBLBN,2026-09-04,2026,9,4,48875.0,50132.0
Tỷ lệ xuất sạch,3,GLI,HUBGLI,2026-09-04,2026,9,4,22853.0,23029.0
Tỷ lệ xuất sạch,3,CBG,HUBCBG,2026-09-04,2026,9,4,1261.0,1294.0
Tỷ lệ xuất sạch,3,THA,HUBTHA,2026-09-04,2026,9,4,51805.0,60351.0
Tỷ lệ xuất sạch,3,LDG,HUBLDG01,2026-09-04,2026,9,4,8686.0,10619.0
Tỷ lệ xuất sạch,3,HPG,HUBHPG,2026-09-04,2026,9,4,38015.0,39649.0
Tỷ lệ xuất sạch,3,HCM,HUBTAN,2026-09-04,2026,9,4,25669.0,25740.0
Tỷ lệ xuất sạch,3,NAN,HUBNAN,2026-09-04,2026,9,4,39974.0,40803.0
Tỷ lệ xuất sạch,3,HCM,HUBTDC,2026-09-04,2026,9,4,44611.0,45377.0
Tỷ lệ xuất sạch,3,QTI,HUBQBH,2026-09-04,2026,9,4,7598.0,7966.0
Tỷ lệ xuất sạch,3,DNG,HUBQNM,2026-09-04,2026,9,4,10534.0,10772.0
Tỷ lệ xuất sạch,3,DNI,HUBBPC,2026-09-04,2026,9,4,17679.0,17720.0
Tỷ lệ xuất sạch,3,NBH,HUBHNM,2026-09-04,2026,9,4,19190.0,19231.0
Tỷ lệ xuất sạch,3,BNH,HUBBGG,2026-09-04,2026,9,4,26865.0,38875.0
Tỷ lệ xuất sạch,3,CTO,HUBSTG,2026-09-04,2026,9,4,11735.0,12086.0
Tỷ lệ xuất sạch,3,HYN,HUBTBH,2026-09-04,2026,9,4,22025.0,22091.0
Tỷ lệ xuất sạch,3,DLK,HUBDLK,2026-09-04,2026,9,4,26351.0,28194.0
Tỷ lệ xuất sạch,3,LCI,HUBYBN,2026-09-04,2026,9,4,9778.0,11263.0
Tỷ lệ xuất sạch,3,SLA,HUBSLA,2026-09-04,2026,9,4,492.0,494.0
Tỷ lệ xuất sạch,3,LCU,HUBLCU,2026-09-04,2026,9,4,905.0,928.0
Tỷ lệ xuất sạch,3,DBN,HUBDBN,2026-09-04,2026,9,4,1751.0,1753.0
Tỷ lệ xuất sạch,3,PHO,HUBPHO,2026-09-04,2026,9,4,19344.0,22573.0
Tỷ lệ xuất sạch,3,CMU,HUBBLU,2026-09-04,2026,9,4,9647.0,9647.0
Tỷ lệ xuất sạch,3,NBH,HUBNBH,2026-09-04,2026,9,4,22937.0,23329.0
Tỷ lệ xuất sạch,3,LCI,HUBLCI01,2026-09-04,2026,9,4,6833.0,6870.0
Tỷ lệ xuất sạch,3,VLG,HUBTVH,2026-09-04,2026,9,4,11176.0,12315.0
Tỷ lệ xuất sạch,3,TQG,HUBHGG,2026-09-04,2026,9,4,921.0,1425.0
Tỷ lệ xuất sạch,3,LDG,HUBDKG,2026-09-04,2026,9,4,7507.0,8064.0
Tỷ lệ xuất sạch,3,HYN,HUBHYN,2026-09-04,2026,9,4,30235.0,31511.0
Tỷ lệ xuất sạch,3,CMU,HUBCMU,2026-09-04,2026,9,4,13647.0,13675.0
Tỷ lệ xuất sạch,3,TNN,HUBTNN,2026-09-04,2026,9,4,16210.0,20145.0
Tỷ lệ xuất sạch,3,TNN,HUBBKN,2026-09-04,2026,9,4,1731.0,1731.0
Tỷ lệ xuất sạch,3,HUE,HUBHUE,2026-09-04,2026,9,4,17160.0,17191.0
Tỷ lệ xuất sạch,3,GLI,HUBBHD,2026-09-04,2026,9,4,8571.0,9172.0
Tỷ lệ xuất sạch,3,AGG,HUBKGG01,2026-09-04,2026,9,4,18052.0,18356.0
Tỷ lệ xuất sạch,3,DNG,HUBDNG,2026-09-04,2026,9,4,12535.0,12629.0
Tỷ lệ xuất sạch,3,KHA,HUBNTN,2026-09-04,2026,9,4,7469.0,7510.0
Tỷ lệ xuất sạch,3,VLG,HUBVLG,2026-09-04,2026,9,4,13612.0,14710.0
Tỷ lệ xuất sạch,3,DTP,HUBDTP,2026-09-04,2026,9,4,19542.0,19731.0
Tỷ lệ xuất sạch,3,PHO,HUBVPC,2026-09-04,2026,9,4,25606.0,26526.0
Tỷ lệ xuất sạch,3,DTP,HUBTGG,2026-09-04,2026,9,4,22275.0,22377.0
Tỷ lệ xuất sạch,3,HPG,HUBHDG,2026-09-04,2026,9,4,28847.0,29029.0
Tỷ lệ xuất sạch,3,HCM,HUBVTU,2026-09-04,2026,9,4,21881.0,21972.0
Tỷ lệ xuất sạch,3,AGG,HUBAGG,2026-09-04,2026,9,4,20472.0,23215.0
Tỷ lệ xuất sạch,3,HNI,HUBYAN,2026-09-04,2026,9,4,48313.0,48315.0
Tỷ lệ xuất sạch,3,LDG,HUBBTN,2026-09-04,2026,9,4,20727.0,22327.0
Tỷ lệ xuất sạch,3,VLG,HUBBTE,2026-09-04,2026,9,4,20453.0,21568.0
Tỷ lệ xuất sạch,3,TQG,HUBTQG,2026-09-04,2026,9,4,4793.0,4837.0
Tỷ lệ xuất sạch,3,LSN,HUBLSN,2026-09-04,2026,9,4,7947.0,7959.0
Tỷ lệ xuất sạch,3,KHA,HUBKHA,2026-09-04,2026,9,4,19301.0,19635.0
Tỷ lệ xuất sạch,3,TNH,HUBTNH,2026-09-04,2026,9,4,21578.0,21660.0
Tỷ lệ xuất sạch,3,HNI,BBSDPG,2026-09-04,2026,9,4,66115.0,66657.0
Tỷ lệ xuất sạch,3,TNH,HUBLAN,2026-09-04,2026,9,4,28045.0,29261.0
Tỷ lệ xuất sạch,3,QTI,HUBQTI,2026-09-04,2026,9,4,7222.0,7271.0
Tỷ lệ xuất sạch,3,TNH,HUBLAN,2026-09-05,2026,9,5,29818.0,30186.0
Tỷ lệ xuất sạch,3,QTI,HUBQBH,2026-09-05,2026,9,5,9598.0,10742.0
Tỷ lệ xuất sạch,3,TQG,HUBTQG,2026-09-05,2026,9,5,5581.0,5692.0
Tỷ lệ xuất sạch,3,CMU,HUBBLU,2026-09-05,2026,9,5,8798.0,9152.0
Tỷ lệ xuất sạch,3,HPG,HUBHDG,2026-09-05,2026,9,5,27674.0,27837.0
Tỷ lệ xuất sạch,3,HNI,BBSDPG,2026-09-05,2026,9,5,65128.0,71929.0
Tỷ lệ xuất sạch,3,GLI,HUBGLI,2026-09-05,2026,9,5,18117.0,18588.0
Tỷ lệ xuất sạch,3,TQG,HUBHGG,2026-09-05,2026,9,5,1728.0,1842.0
Tỷ lệ xuất sạch,3,DNI,HUBBPC,2026-09-05,2026,9,5,14734.0,14887.0
Tỷ lệ xuất sạch,3,BNH,HUBBNH,2026-09-05,2026,9,5,39672.0,40870.0
Tỷ lệ xuất sạch,3,DLK,HUBDLK,2026-09-05,2026,9,5,29493.0,29903.0
Tỷ lệ xuất sạch,3,HYN,HUBHYN,2026-09-05,2026,9,5,32652.0,33074.0
Tỷ lệ xuất sạch,3,DLK,HUBPYN,2026-09-05,2026,9,5,10606.0,10655.0
Tỷ lệ xuất sạch,3,DTP,HUBTGG,2026-09-05,2026,9,5,20612.0,21057.0
Tỷ lệ xuất sạch,3,VLG,HUBBTE,2026-09-05,2026,9,5,19525.0,20150.0
Tỷ lệ xuất sạch,3,HUE,HUBHUE,2026-09-05,2026,9,5,21048.0,21135.0
Tỷ lệ xuất sạch,3,LSN,HUBLSN,2026-09-05,2026,9,5,11869.0,11876.0
Tỷ lệ xuất sạch,3,PHO,HUBHBH,2026-09-05,2026,9,5,12969.0,13001.0
Tỷ lệ xuất sạch,3,QNI,HUBQNI,2026-09-05,2026,9,5,16456.0,16669.0
Tỷ lệ xuất sạch,3,HCM,HUBVTU,2026-09-05,2026,9,5,20619.0,21242.0
Tỷ lệ xuất sạch,3,GLI,HUBBHD,2026-09-05,2026,9,5,9248.0,9378.0
Tỷ lệ xuất sạch,3,QNH,HUBQNH,2026-09-05,2026,9,5,23032.0,23833.0
Tỷ lệ xuất sạch,3,CMU,HUBCMU,2026-09-05,2026,9,5,14391.0,14447.0
Tỷ lệ xuất sạch,3,KHA,HUBKHA,2026-09-05,2026,9,5,17995.0,18242.0
Tỷ lệ xuất sạch,3,HCM,HUBBDG,2026-09-05,2026,9,5,37229.0,38136.0
Tỷ lệ xuất sạch,3,HPG,HUBHPG,2026-09-05,2026,9,5,37652.0,38498.0
Tỷ lệ xuất sạch,3,DTP,HUBDTP,2026-09-05,2026,9,5,20058.0,21089.0
Tỷ lệ xuất sạch,3,NBH,HUBNDH,2026-09-05,2026,9,5,24209.0,24475.0
Tỷ lệ xuất sạch,3,THA,HUBTHA,2026-09-05,2026,9,5,58393.0,61039.0
Tỷ lệ xuất sạch,3,PHO,HUBVPC,2026-09-05,2026,9,5,27367.0,29115.0
Tỷ lệ xuất sạch,3,HYN,HUBTBH,2026-09-05,2026,9,5,18106.0,20230.0
Tỷ lệ xuất sạch,3,DNG,HUBQNM,2026-09-05,2026,9,5,16468.0,17505.0
Tỷ lệ xuất sạch,3,HNI,HUBYAN,2026-09-05,2026,9,5,35855.0,36828.0
Tỷ lệ xuất sạch,3,NBH,HUBNBH,2026-09-05,2026,9,5,18034.0,18176.0
Tỷ lệ xuất sạch,3,LDG,HUBDKG,2026-09-05,2026,9,5,6192.0,7689.0
Tỷ lệ xuất sạch,3,QNI,HUBKTM,2026-09-05,2026,9,5,5430.0,5434.0
Tỷ lệ xuất sạch,3,TNN,HUBBKN,2026-09-05,2026,9,5,1561.0,1835.0
Tỷ lệ xuất sạch,3,CTO,HUBCTO,2026-09-05,2026,9,5,1.0,3.0
Tỷ lệ xuất sạch,3,CBG,HUBCBG,2026-09-05,2026,9,5,1332.0,1400.0
Tỷ lệ xuất sạch,3,NBH,HUBHNM,2026-09-05,2026,9,5,19195.0,19263.0
Tỷ lệ xuất sạch,3,VLG,HUBVLG,2026-09-05,2026,9,5,13864.0,13915.0
Tỷ lệ xuất sạch,3,HCM,HUBTAN,2026-09-05,2026,9,5,25569.0,25587.0
Tỷ lệ xuất sạch,3,HNI,HUBLBN,2026-09-05,2026,9,5,42847.0,45955.0
Tỷ lệ xuất sạch,3,CTO,HUBSTG,2026-09-05,2026,9,5,11978.0,12536.0
Tỷ lệ xuất sạch,3,LDG,HUBBTN,2026-09-05,2026,9,5,20369.0,20956.0
Tỷ lệ xuất sạch,3,LCU,HUBLCU,2026-09-05,2026,9,5,447.0,467.0
Tỷ lệ xuất sạch,3,DNI,HUBDNI,2026-09-05,2026,9,5,77726.0,78829.0
Tỷ lệ xuất sạch,3,AGG,HUBKGG01,2026-09-05,2026,9,5,17114.0,17840.0
Tỷ lệ xuất sạch,3,AGG,HUBAGG,2026-09-05,2026,9,5,24935.0,26438.0
Tỷ lệ xuất sạch,3,HNI,HUBTTI,2026-09-05,2026,9,5,48729.0,48832.0
Tỷ lệ xuất sạch,3,LDG,HUBLDG01,2026-09-05,2026,9,5,13820.0,15423.0
Tỷ lệ xuất sạch,3,HCM,HUBTTO,2026-09-05,2026,9,5,35719.0,36685.0
Tỷ lệ xuất sạch,3,VLG,HUBTVH,2026-09-05,2026,9,5,12090.0,12608.0
Tỷ lệ xuất sạch,3,PHO,HUBPHO,2026-09-05,2026,9,5,19171.0,20274.0
Tỷ lệ xuất sạch,3,DBN,HUBDBN,2026-09-05,2026,9,5,2331.0,2337.0
Tỷ lệ xuất sạch,3,TNH,HUBTNH,2026-09-05,2026,9,5,19820.0,19922.0
Tỷ lệ xuất sạch,3,TNN,HUBTNN,2026-09-05,2026,9,5,14651.0,19114.0
Tỷ lệ xuất sạch,3,LCI,HUBLCI01,2026-09-05,2026,9,5,8312.0,8406.0
Tỷ lệ xuất sạch,3,LCI,HUBYBN,2026-09-05,2026,9,5,10643.0,11544.0
Tỷ lệ xuất sạch,3,HTH,HUBHTH,2026-09-05,2026,9,5,11868.0,11908.0
Tỷ lệ xuất sạch,3,NAN,HUBNAN,2026-09-05,2026,9,5,32167.0,32974.0
Tỷ lệ xuất sạch,3,KHA,HUBNTN,2026-09-05,2026,9,5,7265.0,7279.0
Tỷ lệ xuất sạch,3,DNG,HUBDNG,2026-09-05,2026,9,5,20949.0,21920.0
Tỷ lệ xuất sạch,3,SLA,HUBSLA,2026-09-05,2026,9,5,141.0,436.0
Tỷ lệ xuất sạch,3,QTI,HUBQTI,2026-09-05,2026,9,5,9027.0,9048.0
Tỷ lệ xuất sạch,3,BNH,HUBBGG,2026-09-05,2026,9,5,27310.0,35897.0
Tỷ lệ xuất sạch,3,HCM,HUBTDC,2026-09-05,2026,9,5,38252.0,38336.0
Tỷ lệ xuất sạch,3,LDG,HUBLDG03,2026-09-05,2026,9,5,6497.0,7023.0
Tỷ lệ xuất sạch,3,DNG,HUBQNM,2026-09-08,2026,9,8,14249.0,16693.0
Tỷ lệ xuất sạch,3,DTP,HUBTGG,2026-09-08,2026,9,8,24844.0,24937.0
Tỷ lệ xuất sạch,3,AGG,HUBAGG,2026-09-08,2026,9,8,25970.0,26852.0
Tỷ lệ xuất sạch,3,THA,HUBTHA,2026-09-08,2026,9,8,48408.0,54291.0
Tỷ lệ xuất sạch,3,DBN,HUBDBN,2026-09-08,2026,9,8,1726.0,1731.0
Tỷ lệ xuất sạch,3,TNH,HUBTNH,2026-09-08,2026,9,8,23811.0,24060.0
Tỷ lệ xuất sạch,3,QNI,HUBKTM,2026-09-08,2026,9,8,5864.0,5869.0
Tỷ lệ xuất sạch,3,LDG,HUBDKG,2026-09-08,2026,9,8,9425.0,10426.0
Tỷ lệ xuất sạch,3,BNH,HUBBNH,2026-09-08,2026,9,8,37784.0,43299.0
Tỷ lệ xuất sạch,3,CMU,HUBBLU,2026-09-08,2026,9,8,11027.0,12048.0
Tỷ lệ xuất sạch,3,DNG,HUBDNG,2026-09-08,2026,9,8,15803.0,17067.0
Tỷ lệ xuất sạch,3,KHA,HUBKHA,2026-09-08,2026,9,8,20493.0,21376.0
Tỷ lệ xuất sạch,3,HNI,BBSDPG,2026-09-08,2026,9,8,55110.0,56613.0
Tỷ lệ xuất sạch,3,PHO,HUBVPC,2026-09-08,2026,9,8,26581.0,27258.0
Tỷ lệ xuất sạch,3,TNH,HUBLAN,2026-09-08,2026,9,8,33844.0,35932.0
Tỷ lệ xuất sạch,3,QTI,HUBQTI,2026-09-08,2026,9,8,7631.0,7743.0
Tỷ lệ xuất sạch,3,VLG,HUBVLG,2026-09-08,2026,9,8,15421.0,16393.0
Tỷ lệ xuất sạch,3,HYN,HUBTBH,2026-09-08,2026,9,8,25518.0,25585.0
Tỷ lệ xuất sạch,3,LDG,HUBBTN,2026-09-08,2026,9,8,24482.0,24942.0
Tỷ lệ xuất sạch,3,LDG,HUBLDG01,2026-09-08,2026,9,8,12338.0,14440.0
Tỷ lệ xuất sạch,3,VLG,HUBBTE,2026-09-08,2026,9,8,21421.0,22421.0
Tỷ lệ xuất sạch,3,DLK,HUBDLK,2026-09-08,2026,9,8,30799.0,34011.0
Tỷ lệ xuất sạch,3,LCI,HUBYBN,2026-09-08,2026,9,8,11139.0,12492.0
Tỷ lệ xuất sạch,3,HCM,HUBTTO,2026-09-08,2026,9,8,37018.0,41728.0
Tỷ lệ xuất sạch,3,TNN,HUBBKN,2026-09-08,2026,9,8,1558.0,1636.0
Tỷ lệ xuất sạch,3,TQG,HUBHGG,2026-09-08,2026,9,8,1434.0,1493.0
Tỷ lệ xuất sạch,3,AGG,HUBKGG01,2026-09-08,2026,9,8,20581.0,20935.0
Tỷ lệ xuất sạch,3,HTH,HUBHTH,2026-09-08,2026,9,8,9933.0,10020.0
Tỷ lệ xuất sạch,3,CTO,HUBSTG,2026-09-08,2026,9,8,13117.0,13898.0
Tỷ lệ xuất sạch,3,HNI,HUBTTI,2026-09-08,2026,9,8,61655.0,63234.0
Tỷ lệ xuất sạch,3,SLA,HUBSLA,2026-09-08,2026,9,8,485.0,485.0
Tỷ lệ xuất sạch,3,TQG,HUBTQG,2026-09-08,2026,9,8,5909.0,5973.0
Tỷ lệ xuất sạch,3,GLI,HUBGLI,2026-09-08,2026,9,8,24321.0,25426.0
Tỷ lệ xuất sạch,3,NBH,HUBNBH,2026-09-08,2026,9,8,22719.0,22924.0
Tỷ lệ xuất sạch,3,HCM,HUBTAN,2026-09-08,2026,9,8,25290.0,25310.0
Tỷ lệ xuất sạch,3,BNH,HUBBGG,2026-09-08,2026,9,8,26791.0,36827.0
Tỷ lệ xuất sạch,3,CBG,HUBCBG,2026-09-08,2026,9,8,1644.0,1757.0
Tỷ lệ xuất sạch,3,VLG,HUBTVH,2026-09-08,2026,9,8,13238.0,13252.0
Tỷ lệ xuất sạch,3,DTP,HUBDTP,2026-09-08,2026,9,8,23018.0,23201.0
Tỷ lệ xuất sạch,3,NAN,HUBNAN,2026-09-08,2026,9,8,38830.0,39554.0
Tỷ lệ xuất sạch,3,HYN,HUBHYN,2026-09-08,2026,9,8,34467.0,36235.0
Tỷ lệ xuất sạch,3,HCM,HUBTDC,2026-09-08,2026,9,8,43051.0,43551.0
Tỷ lệ xuất sạch,3,QNH,HUBQNH,2026-09-08,2026,9,8,25095.0,27375.0
Tỷ lệ xuất sạch,3,HCM,HUBVTU,2026-09-08,2026,9,8,25536.0,25663.0
Tỷ lệ xuất sạch,3,KHA,HUBNTN,2026-09-08,2026,9,8,8001.0,8363.0
Tỷ lệ xuất sạch,3,NBH,HUBNDH,2026-09-08,2026,9,8,28183.0,29271.0
Tỷ lệ xuất sạch,3,LCI,HUBLCI01,2026-09-08,2026,9,8,6023.0,6410.0
Tỷ lệ xuất sạch,3,LCU,HUBLCU,2026-09-08,2026,9,8,1120.0,1142.0
Tỷ lệ xuất sạch,3,HPG,HUBHPG,2026-09-08,2026,9,8,40089.0,41247.0
Tỷ lệ xuất sạch,3,LSN,HUBLSN,2026-09-08,2026,9,8,12600.0,12604.0
Tỷ lệ xuất sạch,3,DNI,HUBBPC,2026-09-08,2026,9,8,20193.0,20826.0
Tỷ lệ xuất sạch,3,PHO,HUBHBH,2026-09-08,2026,9,8,10909.0,11123.0
Tỷ lệ xuất sạch,3,HNI,HUBYAN,2026-09-08,2026,9,8,42977.0,42981.0
Tỷ lệ xuất sạch,3,HUE,HUBHUE,2026-09-08,2026,9,8,19050.0,19209.0
Tỷ lệ xuất sạch,3,HCM,HUBBDG,2026-09-08,2026,9,8,38683.0,38775.0
Tỷ lệ xuất sạch,3,CTO,HUBCTO,2026-09-08,2026,9,8,54.0,55.0
Tỷ lệ xuất sạch,3,HPG,HUBHDG,2026-09-08,2026,9,8,28309.0,28766.0
Tỷ lệ xuất sạch,3,DLK,HUBPYN,2026-09-08,2026,9,8,9807.0,9826.0
Tỷ lệ xuất sạch,3,NBH,HUBHNM,2026-09-08,2026,9,8,18894.0,21603.0
Tỷ lệ xuất sạch,3,TNN,HUBTNN,2026-09-08,2026,9,8,14358.0,17519.0
Tỷ lệ xuất sạch,3,CMU,HUBCMU,2026-09-08,2026,9,8,17120.0,17138.0
Tỷ lệ xuất sạch,3,GLI,HUBBHD,2026-09-08,2026,9,8,8349.0,9208.0
Tỷ lệ xuất sạch,3,PHO,HUBPHO,2026-09-08,2026,9,8,20148.0,22880.0
Tỷ lệ xuất sạch,3,QNI,HUBQNI,2026-09-08,2026,9,8,13166.0,13237.0
Tỷ lệ xuất sạch,3,HNI,HUBLBN,2026-09-08,2026,9,8,49142.0,50691.0
Tỷ lệ xuất sạch,3,LDG,HUBLDG03,2026-09-08,2026,9,8,8137.0,8535.0
Tỷ lệ xuất sạch,3,DNI,HUBDNI,2026-09-08,2026,9,8,91231.0,94377.0
Tỷ lệ xuất sạch,3,QTI,HUBQBH,2026-09-08,2026,9,8,9594.0,9826.0
Tỷ lệ xuất sạch,3,DTP,HUBTGG,2026-09-09,2026,9,9,23204.0,23274.0
Tỷ lệ xuất sạch,3,GLI,HUBGLI,2026-09-09,2026,9,9,22084.0,23593.0
Tỷ lệ xuất sạch,3,GLI,HUBBHD,2026-09-09,2026,9,9,10900.0,10965.0
Tỷ lệ xuất sạch,3,NBH,HUBNDH,2026-09-09,2026,9,9,34082.0,34401.0
Tỷ lệ xuất sạch,3,THA,HUBTHA,2026-09-09,2026,9,9,48856.0,53500.0
Tỷ lệ xuất sạch,3,CBG,HUBCBG,2026-09-09,2026,9,9,1283.0,1443.0
Tỷ lệ xuất sạch,3,DNG,HUBDNG,2026-09-09,2026,9,9,23288.0,24177.0
Tỷ lệ xuất sạch,3,HYN,HUBHYN,2026-09-09,2026,9,9,31638.0,32214.0
Tỷ lệ xuất sạch,3,TNN,HUBBKN,2026-09-09,2026,9,9,2080.0,2181.0
Tỷ lệ xuất sạch,3,DLK,HUBPYN,2026-09-09,2026,9,9,9502.0,10435.0
Tỷ lệ xuất sạch,3,HNI,BBSDPG,2026-09-09,2026,9,9,47530.0,48819.0
Tỷ lệ xuất sạch,3,CTO,HUBCTO,2026-09-09,2026,9,9,27.0,29.0
Tỷ lệ xuất sạch,3,TNH,HUBLAN,2026-09-09,2026,9,9,32869.0,35497.0
Tỷ lệ xuất sạch,3,DNG,HUBQNM,2026-09-09,2026,9,9,12988.0,18281.0
Tỷ lệ xuất sạch,3,QNI,HUBQNI,2026-09-09,2026,9,9,14258.0,14333.0
Tỷ lệ xuất sạch,3,LCU,HUBLCU,2026-09-09,2026,9,9,557.0,565.0
Tỷ lệ xuất sạch,3,LDG,HUBBTN,2026-09-09,2026,9,9,20660.0,21298.0
Tỷ lệ xuất sạch,3,LCI,HUBLCI01,2026-09-09,2026,9,9,7705.0,7793.0
Tỷ lệ xuất sạch,3,HCM,HUBVTU,2026-09-09,2026,9,9,23813.0,24504.0
Tỷ lệ xuất sạch,3,DNI,HUBBPC,2026-09-09,2026,9,9,18643.0,18679.0
Tỷ lệ xuất sạch,3,KHA,HUBNTN,2026-09-09,2026,9,9,7993.0,8058.0
Tỷ lệ xuất sạch,3,TNN,HUBTNN,2026-09-09,2026,9,9,16481.0,21798.0
Tỷ lệ xuất sạch,3,NBH,HUBNBH,2026-09-09,2026,9,9,22330.0,23027.0
Tỷ lệ xuất sạch,3,DNI,HUBDNI,2026-09-09,2026,9,9,93124.0,94632.0
Tỷ lệ xuất sạch,3,CMU,HUBBLU,2026-09-09,2026,9,9,9664.0,9845.0
Tỷ lệ xuất sạch,3,LSN,HUBLSN,2026-09-09,2026,9,9,16557.0,16570.0
Tỷ lệ xuất sạch,3,PHO,HUBPHO,2026-09-09,2026,9,9,19724.0,21105.0
Tỷ lệ xuất sạch,3,HCM,HUBBDG,2026-09-09,2026,9,9,40598.0,40653.0
Tỷ lệ xuất sạch,3,PHO,HUBHBH,2026-09-09,2026,9,9,14625.0,14672.0
Tỷ lệ xuất sạch,3,VLG,HUBBTE,2026-09-09,2026,9,9,20848.0,21878.0
Tỷ lệ xuất sạch,3,HCM,HUBTDC,2026-09-09,2026,9,9,44885.0,45112.0
Tỷ lệ xuất sạch,3,HNI,HUBTTI,2026-09-09,2026,9,9,51856.0,53862.0
Tỷ lệ xuất sạch,3,QTI,HUBQBH,2026-09-09,2026,9,9,11773.0,12291.0
Tỷ lệ xuất sạch,3,LDG,HUBLDG03,2026-09-09,2026,9,9,7505.0,8151.0
Tỷ lệ xuất sạch,3,NBH,HUBHNM,2026-09-09,2026,9,9,17490.0,19169.0
Tỷ lệ xuất sạch,3,DLK,HUBDLK,2026-09-09,2026,9,9,27908.0,30616.0
Tỷ lệ xuất sạch,3,TNH,HUBTNH,2026-09-09,2026,9,9,22654.0,23158.0
Tỷ lệ xuất sạch,3,SLA,HUBSLA,2026-09-09,2026,9,9,604.0,604.0
Tỷ lệ xuất sạch,3,CMU,HUBCMU,2026-09-09,2026,9,9,17093.0,17101.0
Tỷ lệ xuất sạch,3,LDG,HUBLDG01,2026-09-09,2026,9,9,13067.0,14050.0
Tỷ lệ xuất sạch,3,DTP,HUBDTP,2026-09-09,2026,9,9,21866.0,22998.0
Tỷ lệ xuất sạch,3,AGG,HUBAGG,2026-09-09,2026,9,9,29387.0,30811.0
Tỷ lệ xuất sạch,3,HYN,HUBTBH,2026-09-09,2026,9,9,21829.0,21876.0
Tỷ lệ xuất sạch,3,HPG,HUBHDG,2026-09-09,2026,9,9,28713.0,28958.0
Tỷ lệ xuất sạch,3,HNI,HUBLBN,2026-09-09,2026,9,9,43287.0,44884.0
Tỷ lệ xuất sạch,3,QNI,HUBKTM,2026-09-09,2026,9,9,5736.0,5744.0
Tỷ lệ xuất sạch,3,HPG,HUBHPG,2026-09-09,2026,9,9,38328.0,38813.0
Tỷ lệ xuất sạch,3,LDG,HUBDKG,2026-09-09,2026,9,9,7325.0,9286.0
Tỷ lệ xuất sạch,3,TQG,HUBHGG,2026-09-09,2026,9,9,1458.0,1967.0
Tỷ lệ xuất sạch,3,CTO,HUBSTG,2026-09-09,2026,9,9,12422.0,12610.0
Tỷ lệ xuất sạch,3,HCM,HUBTAN,2026-09-09,2026,9,9,29000.0,29042.0
Tỷ lệ xuất sạch,3,LCI,HUBYBN,2026-09-09,2026,9,9,10538.0,10806.0
Tỷ lệ xuất sạch,3,BNH,HUBBNH,2026-09-09,2026,9,9,39865.0,40186.0
Tỷ lệ xuất sạch,3,HCM,HUBTTO,2026-09-09,2026,9,9,38323.0,39269.0
Tỷ lệ xuất sạch,3,TQG,HUBTQG,2026-09-09,2026,9,9,5395.0,5507.0
Tỷ lệ xuất sạch,3,VLG,HUBVLG,2026-09-09,2026,9,9,14524.0,14708.0
Tỷ lệ xuất sạch,3,HUE,HUBHUE,2026-09-09,2026,9,9,21270.0,21333.0
Tỷ lệ xuất sạch,3,VLG,HUBTVH,2026-09-09,2026,9,9,12646.0,12682.0
Tỷ lệ xuất sạch,3,BNH,HUBBGG,2026-09-09,2026,9,9,27128.0,36815.0
Tỷ lệ xuất sạch,3,HTH,HUBHTH,2026-09-09,2026,9,9,12591.0,12679.0
Tỷ lệ xuất sạch,3,KHA,HUBKHA,2026-09-09,2026,9,9,21257.0,21657.0
Tỷ lệ xuất sạch,3,QTI,HUBQTI,2026-09-09,2026,9,9,9054.0,9518.0
Tỷ lệ xuất sạch,3,AGG,HUBKGG01,2026-09-09,2026,9,9,20463.0,20632.0
Tỷ lệ xuất sạch,3,DBN,HUBDBN,2026-09-09,2026,9,9,2221.0,2228.0
Tỷ lệ xuất sạch,3,PHO,HUBVPC,2026-09-09,2026,9,9,22185.0,23628.0
Tỷ lệ xuất sạch,3,NAN,HUBNAN,2026-09-09,2026,9,9,38383.0,39501.0
Tỷ lệ xuất sạch,3,QNH,HUBQNH,2026-09-09,2026,9,9,26046.0,27042.0
Tỷ lệ xuất sạch,3,HNI,HUBYAN,2026-09-09,2026,9,9,36664.0,36747.0
Tỷ lệ xuất sạch,3,QTI,HUBQTI,2026-09-09,2026,9,9,9054.0,9518.0
Tỷ lệ xuất sạch,3,HNI,BBSDPG,2026-09-09,2026,9,9,47530.0,48819.0
Tỷ lệ xuất sạch,3,PHO,HUBVPC,2026-09-09,2026,9,9,22185.0,23628.0
Tỷ lệ xuất sạch,3,HPG,HUBHDG,2026-09-09,2026,9,9,28713.0,28958.0
Tỷ lệ xuất sạch,3,LCU,HUBLCU,2026-09-09,2026,9,9,557.0,565.0
Tỷ lệ xuất sạch,3,QTI,HUBQBH,2026-09-09,2026,9,9,11773.0,12291.0
Tỷ lệ xuất sạch,3,PHO,HUBPHO,2026-09-09,2026,9,9,19724.0,21105.0
Tỷ lệ xuất sạch,3,NBH,HUBHNM,2026-09-09,2026,9,9,17490.0,19169.0
Tỷ lệ xuất sạch,3,TQG,HUBHGG,2026-09-09,2026,9,9,1458.0,1967.0
Tỷ lệ xuất sạch,3,LCI,HUBYBN,2026-09-09,2026,9,9,10538.0,10806.0
Tỷ lệ xuất sạch,3,LDG,HUBLDG03,2026-09-09,2026,9,9,7505.0,8151.0
Tỷ lệ xuất sạch,3,HCM,HUBBDG,2026-09-09,2026,9,9,40598.0,40653.0
Tỷ lệ xuất sạch,3,CBG,HUBCBG,2026-09-09,2026,9,9,1283.0,1443.0
Tỷ lệ xuất sạch,3,HCM,HUBTAN,2026-09-09,2026,9,9,29000.0,29042.0
Tỷ lệ xuất sạch,3,NAN,HUBNAN,2026-09-09,2026,9,9,38383.0,39501.0
Tỷ lệ xuất sạch,3,VLG,HUBVLG,2026-09-09,2026,9,9,14524.0,14708.0
Tỷ lệ xuất sạch,3,HPG,HUBHPG,2026-09-09,2026,9,9,38328.0,38813.0
Tỷ lệ xuất sạch,3,DTP,HUBTGG,2026-09-09,2026,9,9,23204.0,23274.0
Tỷ lệ xuất sạch,3,AGG,HUBAGG,2026-09-09,2026,9,9,29387.0,30811.0
Tỷ lệ xuất sạch,3,AGG,HUBKGG01,2026-09-09,2026,9,9,20463.0,20632.0
Tỷ lệ xuất sạch,3,TNH,HUBLAN,2026-09-09,2026,9,9,32869.0,35497.0
Tỷ lệ xuất sạch,3,HNI,HUBLBN,2026-09-09,2026,9,9,43287.0,44884.0
Tỷ lệ xuất sạch,3,PHO,HUBHBH,2026-09-09,2026,9,9,14625.0,14672.0
Tỷ lệ xuất sạch,3,NBH,HUBNBH,2026-09-09,2026,9,9,22330.0,23027.0
Tỷ lệ xuất sạch,3,DLK,HUBDLK,2026-09-09,2026,9,9,27908.0,30616.0
Tỷ lệ xuất sạch,3,LDG,HUBDKG,2026-09-09,2026,9,9,7325.0,9286.0
Tỷ lệ xuất sạch,3,HCM,HUBTDC,2026-09-09,2026,9,9,44885.0,45112.0
Tỷ lệ xuất sạch,3,DNG,HUBDNG,2026-09-09,2026,9,9,23288.0,24177.0
Tỷ lệ xuất sạch,3,DLK,HUBPYN,2026-09-09,2026,9,9,9502.0,10435.0
Tỷ lệ xuất sạch,3,DBN,HUBDBN,2026-09-09,2026,9,9,2221.0,2228.0
Tỷ lệ xuất sạch,3,TNN,HUBTNN,2026-09-09,2026,9,9,16481.0,21798.0
Tỷ lệ xuất sạch,3,BNH,HUBBNH,2026-09-09,2026,9,9,39865.0,40186.0
Tỷ lệ xuất sạch,3,KHA,HUBNTN,2026-09-09,2026,9,9,7993.0,8058.0
Tỷ lệ xuất sạch,3,CMU,HUBBLU,2026-09-09,2026,9,9,9664.0,9845.0
Tỷ lệ xuất sạch,3,DTP,HUBDTP,2026-09-09,2026,9,9,21866.0,22998.0
Tỷ lệ xuất sạch,3,VLG,HUBBTE,2026-09-09,2026,9,9,20848.0,21878.0
Tỷ lệ xuất sạch,3,QNI,HUBQNI,2026-09-09,2026,9,9,14258.0,14333.0
Tỷ lệ xuất sạch,3,QNH,HUBQNH,2026-09-09,2026,9,9,26046.0,27042.0
Tỷ lệ xuất sạch,3,VLG,HUBTVH,2026-09-09,2026,9,9,12646.0,12682.0
Tỷ lệ xuất sạch,3,HUE,HUBHUE,2026-09-09,2026,9,9,21270.0,21333.0
Tỷ lệ xuất sạch,3,TQG,HUBTQG,2026-09-09,2026,9,9,5395.0,5507.0
Tỷ lệ xuất sạch,3,GLI,HUBGLI,2026-09-09,2026,9,9,22084.0,23593.0
Tỷ lệ xuất sạch,3,LDG,HUBBTN,2026-09-09,2026,9,9,20660.0,21298.0
Tỷ lệ xuất sạch,3,BNH,HUBBGG,2026-09-09,2026,9,9,27128.0,36815.0
Tỷ lệ xuất sạch,3,HNI,HUBTTI,2026-09-09,2026,9,9,51856.0,53862.0
Tỷ lệ xuất sạch,3,HYN,HUBHYN,2026-09-09,2026,9,9,31638.0,32214.0
Tỷ lệ xuất sạch,3,CTO,HUBSTG,2026-09-09,2026,9,9,12422.0,12610.0
Tỷ lệ xuất sạch,3,HTH,HUBHTH,2026-09-09,2026,9,9,12591.0,12679.0
Tỷ lệ xuất sạch,3,LDG,HUBLDG01,2026-09-09,2026,9,9,13067.0,14050.0
Tỷ lệ xuất sạch,3,DNI,HUBDNI,2026-09-09,2026,9,9,93124.0,94632.0
Tỷ lệ xuất sạch,3,DNI,HUBBPC,2026-09-09,2026,9,9,18643.0,18679.0
Tỷ lệ xuất sạch,3,SLA,HUBSLA,2026-09-09,2026,9,9,604.0,604.0
Tỷ lệ xuất sạch,3,TNN,HUBBKN,2026-09-09,2026,9,9,2080.0,2181.0
Tỷ lệ xuất sạch,3,QNI,HUBKTM,2026-09-09,2026,9,9,5736.0,5744.0
Tỷ lệ xuất sạch,3,HCM,HUBTTO,2026-09-09,2026,9,9,38323.0,39269.0
Tỷ lệ xuất sạch,3,THA,HUBTHA,2026-09-09,2026,9,9,48856.0,53500.0
Tỷ lệ xuất sạch,3,HCM,HUBVTU,2026-09-09,2026,9,9,23813.0,24504.0
Tỷ lệ xuất sạch,3,KHA,HUBKHA,2026-09-09,2026,9,9,21257.0,21657.0
Tỷ lệ xuất sạch,3,DNG,HUBQNM,2026-09-09,2026,9,9,12988.0,18281.0
Tỷ lệ xuất sạch,3,LCI,HUBLCI01,2026-09-09,2026,9,9,7705.0,7793.0
Tỷ lệ xuất sạch,3,CMU,HUBCMU,2026-09-09,2026,9,9,17093.0,17101.0
Tỷ lệ xuất sạch,3,GLI,HUBBHD,2026-09-09,2026,9,9,10900.0,10965.0
Tỷ lệ xuất sạch,3,CTO,HUBCTO,2026-09-09,2026,9,9,27.0,29.0
Tỷ lệ xuất sạch,3,NBH,HUBNDH,2026-09-09,2026,9,9,34082.0,34401.0
Tỷ lệ xuất sạch,3,TNH,HUBTNH,2026-09-09,2026,9,9,22654.0,23158.0
Tỷ lệ xuất sạch,3,HYN,HUBTBH,2026-09-09,2026,9,9,21829.0,21876.0
Tỷ lệ xuất sạch,3,HNI,HUBYAN,2026-09-09,2026,9,9,36664.0,36747.0
Tỷ lệ xuất sạch,3,LSN,HUBLSN,2026-09-09,2026,9,9,16557.0,16570.0
Thời gian chờ nhập,4,HNI,BBSDPG,2026-09-05,2026,9,5,1283.9,30.0
Thời gian chờ nhập,4,LCU,HUBLCU,2026-09-05,2026,9,5,3.6833333333333336,2.0
Thời gian chờ nhập,4,HNI,HUBLBN,2026-09-08,2026,9,8,359.85,25.0
Thời gian chờ nhập,4,HCM,HUBTTO,2026-09-02,2026,9,2,336.48333333333335,21.0
Thời gian chờ nhập,4,CMU,HUBCMU,2026-09-06,2026,9,6,91.6,13.0
Thời gian chờ nhập,4,HCM,HUBVTU,2026-09-01,2026,9,1,322.8333333333333,18.0
Thời gian chờ nhập,4,VLG,HUBVLG,2026-09-05,2026,9,5,109.63333333333333,16.0
Thời gian chờ nhập,4,KHA,HUBKHA,2026-09-07,2026,9,7,580.3666666666667,29.0
Thời gian chờ nhập,4,CMU,HUBBLU,2026-09-04,2026,9,4,51.43333333333334,10.0
Thời gian chờ nhập,4,TNH,HUBTNH,2026-09-03,2026,9,3,131.43333333333334,22.0
Thời gian chờ nhập,4,AGG,HUBKGG01,2026-09-04,2026,9,4,210.06666666666666,23.0
Thời gian chờ nhập,4,LCI,HUBYBN,2026-09-04,2026,9,4,473.65,9.0
Thời gian chờ nhập,4,NAN,HUBNAN,2026-09-07,2026,9,7,729.9833333333333,37.0
Thời gian chờ nhập,4,HCM,HUBTDC,2026-09-04,2026,9,4,786.2,42.0
Thời gian chờ nhập,4,BNH,HUBBGG,2026-09-02,2026,9,2,1129.9166666666667,20.0
Thời gian chờ nhập,4,HCM,HUBTTO,2026-09-03,2026,9,3,503.25,30.0
Thời gian chờ nhập,4,DNI,HUBDNI,2026-09-03,2026,9,3,207.5,29.0
Thời gian chờ nhập,4,KHA,HUBNTN,2026-09-09,2026,9,9,30.05,16.0
Thời gian chờ nhập,4,QTI,HUBQTI,2026-09-06,2026,9,6,92.0,12.0
Thời gian chờ nhập,4,PHO,HUBPHO,2026-09-02,2026,9,2,338.05,16.0
Thời gian chờ nhập,4,DTP,HUBDTP,2026-09-01,2026,9,1,113.36666666666667,14.0
Thời gian chờ nhập,4,HYN,HUBTBH,2026-09-01,2026,9,1,127.98333333333333,16.0
Thời gian chờ nhập,4,LCI,HUBYBN,2026-09-03,2026,9,3,250.95,11.0
Thời gian chờ nhập,4,LCI,HUBYBN,2026-09-02,2026,9,2,475.1166666666667,12.0
Thời gian chờ nhập,4,HCM,HUBTTO,2026-09-08,2026,9,8,880.95,41.0
Thời gian chờ nhập,4,DNI,HUBDNI,2026-09-05,2026,9,5,274.68333333333334,40.0
Thời gian chờ nhập,4,VLG,HUBBTE,2026-09-09,2026,9,9,822.0666666666667,30.0
Thời gian chờ nhập,4,DNI,HUBBPC,2026-09-01,2026,9,1,343.2166666666667,23.0
Thời gian chờ nhập,4,HYN,HUBTBH,2026-09-06,2026,9,6,67.23333333333333,17.0
Thời gian chờ nhập,4,NAN,HUBNAN,2026-09-06,2026,9,6,1114.4166666666667,34.0
Thời gian chờ nhập,4,VLG,HUBBTE,2026-09-05,2026,9,5,401.3,26.0
Thời gian chờ nhập,4,QNI,HUBKTM,2026-09-01,2026,9,1,177.53333333333333,17.0
Thời gian chờ nhập,4,LCU,HUBLCU,2026-09-01,2026,9,1,5.716666666666667,2.0
Thời gian chờ nhập,4,VLG,HUBTVH,2026-09-04,2026,9,4,71.60000000000001,10.0
Thời gian chờ nhập,4,QNI,HUBQNI,2026-09-04,2026,9,4,93.58333333333333,15.0
Thời gian chờ nhập,4,HCM,HUBVTU,2026-09-02,2026,9,2,493.84999999999997,11.0
Thời gian chờ nhập,4,DLK,HUBDLK,2026-09-05,2026,9,5,685.2666666666667,38.0
Thời gian chờ nhập,4,LDG,HUBDKG,2026-09-05,2026,9,5,200.65,13.0
Thời gian chờ nhập,4,HPG,HUBHDG,2026-09-04,2026,9,4,103.68333333333334,24.0
Thời gian chờ nhập,4,HCM,HUBTAN,2026-09-09,2026,9,9,497.1333333333333,20.0
Thời gian chờ nhập,4,BNH,HUBBNH,2026-09-02,2026,9,2,348.01666666666665,12.0
Thời gian chờ nhập,4,BNH,HUBBGG,2026-09-08,2026,9,8,851.2166666666667,29.0
Thời gian chờ nhập,4,DNI,HUBBPC,2026-09-04,2026,9,4,199.11666666666665,22.0
Thời gian chờ nhập,4,HNI,HUBTTI,2026-09-05,2026,9,5,764.8666666666667,57.0
Thời gian chờ nhập,4,AGG,HUBKGG01,2026-09-07,2026,9,7,159.15,22.0
Thời gian chờ nhập,4,NBH,HUBHNM,2026-09-07,2026,9,7,245.43333333333334,25.0
Thời gian chờ nhập,4,CBG,HUBCBG,2026-09-09,2026,9,9,43.6,3.0
Thời gian chờ nhập,4,HYN,HUBTBH,2026-09-03,2026,9,3,131.38333333333333,20.0
Thời gian chờ nhập,4,TQG,HUBHGG,2026-09-01,2026,9,1,117.21666666666667,6.0
Thời gian chờ nhập,4,VLG,HUBVLG,2026-09-06,2026,9,6,110.61666666666666,9.0
Thời gian chờ nhập,4,LDG,HUBDKG,2026-09-01,2026,9,1,293.7,14.0
Thời gian chờ nhập,4,CBG,HUBCBG,2026-09-03,2026,9,3,81.63333333333333,3.0
Thời gian chờ nhập,4,THA,HUBTHA,2026-09-02,2026,9,2,800.5333333333333,40.0
Thời gian chờ nhập,4,LDG,HUBLDG01,2026-09-05,2026,9,5,604.0333333333333,26.0
Thời gian chờ nhập,4,BNH,HUBBNH,2026-08-31,2026,8,31,3.5,2.0
Thời gian chờ nhập,4,PHO,HUBHBH,2026-09-05,2026,9,5,76.45,9.0
Thời gian chờ nhập,4,HCM,HUBTDC,2026-09-05,2026,9,5,943.9833333333333,42.0
Thời gian chờ nhập,4,NBH,HUBNDH,2026-09-09,2026,9,9,157.65,29.0
Thời gian chờ nhập,4,THA,HUBTHA,2026-09-01,2026,9,1,380.16666666666663,38.0
Thời gian chờ nhập,4,AGG,HUBKGG01,2026-09-02,2026,9,2,140.38333333333333,21.0
Thời gian chờ nhập,4,HNI,HUBTTI,2026-09-09,2026,9,9,1101.55,61.0
Thời gian chờ nhập,4,TNN,HUBTNN,2026-09-03,2026,9,3,303.8,18.0
Thời gian chờ nhập,4,NAN,HUBNAN,2026-09-01,2026,9,1,541.0,28.0
Thời gian chờ nhập,4,BNH,HUBBNH,2026-09-07,2026,9,7,1038.2666666666667,31.0
Thời gian chờ nhập,4,PHO,HUBHBH,2026-09-08,2026,9,8,83.91666666666667,9.0
Thời gian chờ nhập,4,HCM,HUBVTU,2026-09-07,2026,9,7,358.73333333333335,18.0
Thời gian chờ nhập,4,HCM,HUBVTU,2026-09-08,2026,9,8,268.8833333333333,23.0
Thời gian chờ nhập,4,BNH,HUBBGG,2026-09-01,2026,9,1,1047.4166666666667,25.0
Thời gian chờ nhập,4,HYN,HUBHYN,2026-09-04,2026,9,4,141.65,32.0
Thời gian chờ nhập,4,DNI,HUBDNI,2026-09-09,2026,9,9,298.56666666666666,40.0
Thời gian chờ nhập,4,DNG,HUBQNM,2026-09-08,2026,9,8,439.9166666666667,23.0
Thời gian chờ nhập,4,CMU,HUBCMU,2026-09-03,2026,9,3,132.3,16.0
Thời gian chờ nhập,4,DLK,HUBPYN,2026-09-08,2026,9,8,278.51666666666665,18.0
Thời gian chờ nhập,4,HNI,HUBTTI,2026-09-02,2026,9,2,325.01666666666665,29.0
Thời gian chờ nhập,4,QTI,HUBQBH,2026-09-01,2026,9,1,81.08333333333333,16.0
Thời gian chờ nhập,4,TNH,HUBTNH,2026-09-01,2026,9,1,531.6166666666667,23.0
Thời gian chờ nhập,4,PHO,HUBPHO,2026-09-03,2026,9,3,292.46666666666664,22.0
Thời gian chờ nhập,4,LCI,HUBLCI01,2026-09-04,2026,9,4,69.38333333333334,9.0
Thời gian chờ nhập,4,LDG,HUBDKG,2026-09-06,2026,9,6,303.4166666666667,15.0
Thời gian chờ nhập,4,TNN,HUBTNN,2026-08-31,2026,8,31,1.7666666666666666,1.0
Thời gian chờ nhập,4,LDG,HUBBTN,2026-09-07,2026,9,7,201.63333333333333,18.0
Thời gian chờ nhập,4,HNI,HUBLBN,2026-09-05,2026,9,5,263.8,25.0
Thời gian chờ nhập,4,LCU,HUBLCU,2026-09-02,2026,9,2,4.0,2.0
Thời gian chờ nhập,4,PHO,HUBPHO,2026-09-07,2026,9,7,388.3,21.0
Thời gian chờ nhập,4,QTI,HUBQTI,2026-09-04,2026,9,4,88.64999999999999,14.0
Thời gian chờ nhập,4,HYN,HUBTBH,2026-09-09,2026,9,9,110.31666666666666,25.0
Thời gian chờ nhập,4,QNH,HUBQNH,2026-09-02,2026,9,2,863.8333333333333,14.0
Thời gian chờ nhập,4,HUE,HUBHUE,2026-09-07,2026,9,7,547.9,21.0
Thời gian chờ nhập,4,HUE,HUBHUE,2026-09-06,2026,9,6,437.04999999999995,19.0
Thời gian chờ nhập,4,CMU,HUBBLU,2026-09-02,2026,9,2,41.31666666666666,7.0
Thời gian chờ nhập,4,HCM,HUBBDG,2026-09-03,2026,9,3,260.26666666666665,16.0
Thời gian chờ nhập,4,VLG,HUBTVH,2026-09-07,2026,9,7,42.43333333333333,13.0
Thời gian chờ nhập,4,DNG,HUBQNM,2026-09-02,2026,9,2,131.66666666666666,9.0
Thời gian chờ nhập,4,TNN,HUBBKN,2026-09-03,2026,9,3,107.25,6.0
Thời gian chờ nhập,4,HCM,HUBTAN,2026-09-04,2026,9,4,90.1,12.0
Thời gian chờ nhập,4,PHO,HUBHBH,2026-09-07,2026,9,7,46.75,8.0
Thời gian chờ nhập,4,QTI,HUBQBH,2026-09-02,2026,9,2,55.449999999999996,11.0
Thời gian chờ nhập,4,KHA,HUBNTN,2026-09-04,2026,9,4,38.916666666666664,16.0
Thời gian chờ nhập,4,NBH,HUBNBH,2026-09-08,2026,9,8,260.6166666666667,18.0
Thời gian chờ nhập,4,VLG,HUBTVH,2026-09-03,2026,9,3,25.916666666666664,7.0
Thời gian chờ nhập,4,CTO,HUBSTG,2026-09-06,2026,9,6,290.2833333333333,17.0
Thời gian chờ nhập,4,QNH,HUBQNH,2026-09-05,2026,9,5,839.0,21.0
Thời gian chờ nhập,4,CMU,HUBBLU,2026-09-08,2026,9,8,121.41666666666666,11.0
Thời gian chờ nhập,4,HNI,HUBLBN,2026-09-01,2026,9,1,129.18333333333334,12.0
Thời gian chờ nhập,4,HTH,HUBHTH,2026-09-06,2026,9,6,277.81666666666666,12.0
Thời gian chờ nhập,4,GLI,HUBGLI,2026-09-01,2026,9,1,1055.8666666666668,31.0
Thời gian chờ nhập,4,HPG,HUBHDG,2026-09-02,2026,9,2,45.666666666666664,10.0
Thời gian chờ nhập,4,KHA,HUBNTN,2026-09-08,2026,9,8,43.6,16.0
Thời gian chờ nhập,4,GLI,HUBGLI,2026-09-02,2026,9,2,527.7333333333333,26.0
Thời gian chờ nhập,4,TNH,HUBTNH,2026-09-07,2026,9,7,254.71666666666667,23.0
Thời gian chờ nhập,4,LCU,HUBLCU,2026-09-03,2026,9,3,3.466666666666667,2.0
Thời gian chờ nhập,4,LDG,HUBLDG03,2026-09-06,2026,9,6,595.5666666666667,14.0
Thời gian chờ nhập,4,HPG,HUBHPG,2026-09-06,2026,9,6,15.216666666666667,2.0
Thời gian chờ nhập,4,QNI,HUBKTM,2026-09-05,2026,9,5,271.43333333333334,18.0
Thời gian chờ nhập,4,LDG,HUBBTN,2026-09-05,2026,9,5,377.15,25.0
Thời gian chờ nhập,4,TQG,HUBHGG,2026-09-09,2026,9,9,120.36666666666667,6.0
Thời gian chờ nhập,4,DNI,HUBDNI,2026-09-02,2026,9,2,130.43333333333334,25.0
Thời gian chờ nhập,4,NAN,HUBNAN,2026-09-04,2026,9,4,575.1833333333333,33.0
Thời gian chờ nhập,4,LCI,HUBYBN,2026-09-05,2026,9,5,149.13333333333335,10.0
Thời gian chờ nhập,4,LSN,HUBLSN,2026-09-04,2026,9,4,11.166666666666666,5.0
Thời gian chờ nhập,4,NAN,HUBNAN,2026-09-03,2026,9,3,828.65,35.0
Thời gian chờ nhập,4,PHO,HUBVPC,2026-09-01,2026,9,1,407.3,22.0
Thời gian chờ nhập,4,DNI,HUBDNI,2026-09-07,2026,9,7,119.35,32.0
Thời gian chờ nhập,4,HNI,HUBYAN,2026-09-01,2026,9,1,319.31666666666666,23.0
Thời gian chờ nhập,4,HYN,HUBHYN,2026-09-05,2026,9,5,112.48333333333333,31.0
Thời gian chờ nhập,4,TNH,HUBLAN,2026-09-07,2026,9,7,419.3666666666667,33.0
Thời gian chờ nhập,4,QNI,HUBQNI,2026-09-06,2026,9,6,369.3833333333334,13.0
Thời gian chờ nhập,4,NAN,HUBNAN,2026-09-05,2026,9,5,506.15000000000003,33.0
Thời gian chờ nhập,4,DNG,HUBQNM,2026-09-06,2026,9,6,232.98333333333332,12.0
Thời gian chờ nhập,4,HCM,HUBVTU,2026-09-04,2026,9,4,112.23333333333333,20.0
Thời gian chờ nhập,4,VLG,HUBTVH,2026-09-02,2026,9,2,58.08333333333333,11.0
Thời gian chờ nhập,4,NBH,HUBNBH,2026-09-06,2026,9,6,180.58333333333334,14.0
Thời gian chờ nhập,4,DLK,HUBDLK,2026-09-07,2026,9,7,2280.883333333333,39.0
Thời gian chờ nhập,4,DLK,HUBPYN,2026-09-06,2026,9,6,109.73333333333333,19.0
Thời gian chờ nhập,4,SLA,HUBSLA,2026-09-05,2026,9,5,24.6,3.0
Thời gian chờ nhập,4,THA,HUBTHA,2026-09-05,2026,9,5,285.1666666666667,36.0
Thời gian chờ nhập,4,QTI,HUBQBH,2026-09-05,2026,9,5,252.81666666666666,18.0
Thời gian chờ nhập,4,TQG,HUBTQG,2026-09-07,2026,9,7,61.38333333333333,9.0
Thời gian chờ nhập,4,HYN,HUBHYN,2026-09-01,2026,9,1,59.21666666666667,13.0
Thời gian chờ nhập,4,LDG,HUBLDG03,2026-09-08,2026,9,8,359.0833333333333,12.0
Thời gian chờ nhập,4,HPG,HUBHDG,2026-09-08,2026,9,8,93.7,25.0
Thời gian chờ nhập,4,HNI,HUBYAN,2026-09-08,2026,9,8,457.06666666666666,31.0
Thời gian chờ nhập,4,PHO,HUBHBH,2026-09-01,2026,9,1,37.78333333333333,8.0
Thời gian chờ nhập,4,AGG,HUBKGG01,2026-09-08,2026,9,8,149.66666666666666,22.0
Thời gian chờ nhập,4,TNH,HUBLAN,2026-09-03,2026,9,3,287.8833333333333,31.0
Thời gian chờ nhập,4,HPG,HUBHPG,2026-09-03,2026,9,3,264.1666666666667,17.0
Thời gian chờ nhập,4,CMU,HUBCMU,2026-09-09,2026,9,9,93.41666666666667,17.0
Thời gian chờ nhập,4,AGG,HUBKGG01,2026-09-01,2026,9,1,334.71666666666664,23.0
Thời gian chờ nhập,4,HCM,HUBVTU,2026-09-09,2026,9,9,107.58333333333333,20.0
Thời gian chờ nhập,4,KHA,HUBKHA,2026-09-04,2026,9,4,602.6999999999999,29.0
Thời gian chờ nhập,4,LDG,HUBDKG,2026-09-09,2026,9,9,632.6333333333333,14.0
Thời gian chờ nhập,4,DLK,HUBPYN,2026-09-05,2026,9,5,244.66666666666666,20.0
Thời gian chờ nhập,4,HPG,HUBHDG,2026-08-31,2026,8,31,3.4833333333333334,1.0
Thời gian chờ nhập,4,HNI,HUBTTI,2026-09-03,2026,9,3,963.2333333333333,51.0
Thời gian chờ nhập,4,VLG,HUBVLG,2026-09-01,2026,9,1,118.81666666666666,10.0
Thời gian chờ nhập,4,AGG,HUBAGG,2026-09-07,2026,9,7,187.81666666666666,23.0
Thời gian chờ nhập,4,AGG,HUBAGG,2026-09-02,2026,9,2,181.01666666666668,21.0
Thời gian chờ nhập,4,LDG,HUBLDG03,2026-09-03,2026,9,3,768.95,11.0
Thời gian chờ nhập,4,LSN,HUBLSN,2026-09-01,2026,9,1,21.166666666666664,4.0
Thời gian chờ nhập,4,LCI,HUBLCI01,2026-09-08,2026,9,8,151.61666666666667,8.0
Thời gian chờ nhập,4,SLA,HUBSLA,2026-09-07,2026,9,7,125.51666666666667,2.0
Thời gian chờ nhập,4,DTP,HUBDTP,2026-09-09,2026,9,9,161.68333333333334,22.0
Thời gian chờ nhập,4,DBN,HUBDBN,2026-09-08,2026,9,8,11.966666666666667,4.0
Thời gian chờ nhập,4,QNI,HUBQNI,2026-09-09,2026,9,9,43.06666666666666,13.0
Thời gian chờ nhập,4,TQG,HUBTQG,2026-09-02,2026,9,2,73.13333333333333,9.0
Thời gian chờ nhập,4,GLI,HUBBHD,2026-09-08,2026,9,8,22.333333333333336,9.0
Thời gian chờ nhập,4,DTP,HUBTGG,2026-09-08,2026,9,8,235.1,24.0
Thời gian chờ nhập,4,CMU,HUBCMU,2026-09-02,2026,9,2,95.91666666666667,11.0
Thời gian chờ nhập,4,QTI,HUBQTI,2026-09-09,2026,9,9,104.33333333333333,15.0
Thời gian chờ nhập,4,LCU,HUBLCU,2026-09-06,2026,9,6,2.9,2.0
Thời gian chờ nhập,4,AGG,HUBKGG01,2026-09-06,2026,9,6,186.63333333333333,19.0
Thời gian chờ nhập,4,TQG,HUBHGG,2026-09-08,2026,9,8,353.2166666666667,6.0
Thời gian chờ nhập,4,QNI,HUBKTM,2026-09-09,2026,9,9,46.35,15.0
Thời gian chờ nhập,4,LDG,HUBLDG03,2026-09-05,2026,9,5,423.2333333333334,12.0
Thời gian chờ nhập,4,LDG,HUBBTN,2026-09-06,2026,9,6,197.25,20.0
Thời gian chờ nhập,4,QNI,HUBKTM,2026-09-03,2026,9,3,432.18333333333334,16.0
Thời gian chờ nhập,4,HNI,BBSDPG,2026-08-31,2026,8,31,43.06666666666666,1.0
Thời gian chờ nhập,4,HNI,BBSDPG,2026-09-01,2026,9,1,225.1,22.0
Thời gian chờ nhập,4,HCM,HUBBDG,2026-09-09,2026,9,9,118.89999999999999,15.0
Thời gian chờ nhập,4,KHA,HUBKHA,2026-09-03,2026,9,3,636.1,29.0
Thời gian chờ nhập,4,CMU,HUBCMU,2026-09-04,2026,9,4,269.68333333333334,17.0
Thời gian chờ nhập,4,LCI,HUBLCI01,2026-09-01,2026,9,1,144.2,10.0
Thời gian chờ nhập,4,NAN,HUBNAN,2026-09-09,2026,9,9,571.6333333333333,31.0
Thời gian chờ nhập,4,HYN,HUBTBH,2026-09-05,2026,9,5,128.13333333333333,21.0
Thời gian chờ nhập,4,VLG,HUBVLG,2026-09-03,2026,9,3,180.9,11.0
Thời gian chờ nhập,4,HYN,HUBTBH,2026-09-07,2026,9,7,117.98333333333333,25.0
Thời gian chờ nhập,4,KHA,HUBKHA,2026-09-05,2026,9,5,680.9333333333333,38.0
Thời gian chờ nhập,4,LCI,HUBLCI01,2026-09-02,2026,9,2,115.01666666666667,8.0
Thời gian chờ nhập,4,QNI,HUBQNI,2026-09-07,2026,9,7,581.9333333333333,20.0
Thời gian chờ nhập,4,TQG,HUBHGG,2026-09-06,2026,9,6,362.81666666666666,5.0
Thời gian chờ nhập,4,AGG,HUBAGG,2026-09-09,2026,9,9,270.35,25.0
Thời gian chờ nhập,4,AGG,HUBAGG,2026-09-03,2026,9,3,194.85,21.0
Thời gian chờ nhập,4,HNI,HUBTTI,2026-09-07,2026,9,7,1213.7166666666667,65.0
Thời gian chờ nhập,4,TNH,HUBLAN,2026-09-08,2026,9,8,830.9999999999999,33.0
Thời gian chờ nhập,4,DNG,HUBQNM,2026-09-01,2026,9,1,75.58333333333333,14.0
Thời gian chờ nhập,4,HNI,HUBYAN,2026-09-09,2026,9,9,839.25,43.0
Thời gian chờ nhập,4,NBH,HUBNBH,2026-09-07,2026,9,7,58.666666666666664,12.0
Thời gian chờ nhập,4,TQG,HUBHGG,2026-09-07,2026,9,7,75.2,5.0
Thời gian chờ nhập,4,PHO,HUBVPC,2026-09-05,2026,9,5,538.2833333333333,23.0
Thời gian chờ nhập,4,LDG,HUBLDG01,2026-09-07,2026,9,7,255.28333333333333,22.0
Thời gian chờ nhập,4,PHO,HUBPHO,2026-09-09,2026,9,9,268.95,22.0
Thời gian chờ nhập,4,LDG,HUBLDG01,2026-09-09,2026,9,9,703.65,22.0
Thời gian chờ nhập,4,NBH,HUBNBH,2026-09-05,2026,9,5,44.666666666666664,9.0
Thời gian chờ nhập,4,PHO,HUBPHO,2026-09-06,2026,9,6,390.01666666666665,20.0
Thời gian chờ nhập,4,PHO,HUBPHO,2026-09-05,2026,9,5,454.2833333333333,25.0
Thời gian chờ nhập,4,LCI,HUBLCI01,2026-09-07,2026,9,7,134.65,10.0
Thời gian chờ nhập,4,CBG,HUBCBG,2026-09-08,2026,9,8,26.35,2.0
Thời gian chờ nhập,4,HYN,HUBTBH,2026-09-02,2026,9,2,58.33333333333333,14.0
Thời gian chờ nhập,4,TQG,HUBHGG,2026-09-04,2026,9,4,357.1333333333334,5.0
Thời gian chờ nhập,4,LSN,HUBLSN,2026-09-08,2026,9,8,14.616666666666667,6.0
Thời gian chờ nhập,4,CBG,HUBCBG,2026-09-07,2026,9,7,90.15,3.0
Thời gian chờ nhập,4,HNI,HUBLBN,2026-09-03,2026,9,3,274.8666666666667,27.0
Thời gian chờ nhập,4,QNH,HUBQNH,2026-09-08,2026,9,8,645.5666666666666,26.0
Thời gian chờ nhập,4,DTP,HUBDTP,2026-09-07,2026,9,7,147.06666666666666,23.0
Thời gian chờ nhập,4,THA,HUBTHA,2026-09-08,2026,9,8,491.9,43.0
Thời gian chờ nhập,4,LDG,HUBLDG01,2026-09-02,2026,9,2,481.93333333333334,20.0
Thời gian chờ nhập,4,LSN,HUBLSN,2026-09-02,2026,9,2,59.2,7.0
Thời gian chờ nhập,4,DTP,HUBTGG,2026-09-05,2026,9,5,148.56666666666666,21.0
Thời gian chờ nhập,4,BNH,HUBBGG,2026-09-09,2026,9,9,459.09999999999997,28.0
Thời gian chờ nhập,4,VLG,HUBVLG,2026-09-09,2026,9,9,297.98333333333335,17.0
Thời gian chờ nhập,4,TQG,HUBTQG,2026-09-04,2026,9,4,103.08333333333333,10.0
Thời gian chờ nhập,4,HCM,HUBTAN,2026-09-06,2026,9,6,41.8,4.0
Thời gian chờ nhập,4,NBH,HUBHNM,2026-09-01,2026,9,1,114.98333333333332,10.0
Thời gian chờ nhập,4,TNN,HUBTNN,2026-09-02,2026,9,2,102.53333333333333,10.0
Thời gian chờ nhập,4,DNI,HUBDNI,2026-08-31,2026,8,31,8.15,2.0
Thời gian chờ nhập,4,DNG,HUBQNM,2026-09-09,2026,9,9,690.9166666666666,24.0
Thời gian chờ nhập,4,DLK,HUBPYN,2026-09-04,2026,9,4,156.56666666666666,18.0
Thời gian chờ nhập,4,PHO,HUBHBH,2026-09-04,2026,9,4,66.81666666666666,11.0
Thời gian chờ nhập,4,HNI,HUBYAN,2026-09-06,2026,9,6,171.25,20.0
Thời gian chờ nhập,4,HUE,HUBHUE,2026-09-05,2026,9,5,734.8,23.0
Thời gian chờ nhập,4,GLI,HUBBHD,2026-09-03,2026,9,3,19.333333333333332,10.0
Thời gian chờ nhập,4,DBN,HUBDBN,2026-09-03,2026,9,3,50.71666666666667,3.0
Thời gian chờ nhập,4,KHA,HUBKHA,2026-09-09,2026,9,9,1388.8666666666666,34.0
Thời gian chờ nhập,4,KHA,HUBKHA,2026-09-02,2026,9,2,538.4833333333333,21.0
Thời gian chờ nhập,4,DTP,HUBDTP,2026-09-06,2026,9,6,114.6,18.0
Thời gian chờ nhập,4,BNH,HUBBNH,2026-09-06,2026,9,6,2715.3999999999996,18.0
Thời gian chờ nhập,4,TNH,HUBTNH,2026-09-05,2026,9,5,149.33333333333334,27.0
Thời gian chờ nhập,4,HPG,HUBHPG,2026-09-09,2026,9,9,282.65,19.0
Thời gian chờ nhập,4,HPG,HUBHPG,2026-09-04,2026,9,4,247.55,18.0
Thời gian chờ nhập,4,HCM,HUBVTU,2026-09-03,2026,9,3,307.65,19.0
Thời gian chờ nhập,4,NBH,HUBNBH,2026-09-03,2026,9,3,63.6,12.0
Thời gian chờ nhập,4,HCM,HUBBDG,2026-09-02,2026,9,2,28.75,3.0
Thời gian chờ nhập,4,TQG,HUBHGG,2026-09-05,2026,9,5,46.95,6.0
Thời gian chờ nhập,4,LDG,HUBDKG,2026-09-03,2026,9,3,303.53333333333336,14.0
Thời gian chờ nhập,4,LCI,HUBYBN,2026-09-06,2026,9,6,339.6,10.0
Thời gian chờ nhập,4,VLG,HUBVLG,2026-09-02,2026,9,2,124.45,11.0
Thời gian chờ nhập,4,QTI,HUBQTI,2026-09-07,2026,9,7,59.6,14.0
Thời gian chờ nhập,4,LSN,HUBLSN,2026-09-09,2026,9,9,175.6,8.0
Thời gian chờ nhập,4,VLG,HUBBTE,2026-09-02,2026,9,2,327.05,20.0
Thời gian chờ nhập,4,HCM,HUBTAN,2026-09-02,2026,9,2,80.41666666666667,12.0
Thời gian chờ nhập,4,QTI,HUBQTI,2026-09-02,2026,9,2,109.46666666666667,15.0
Thời gian chờ nhập,4,CMU,HUBCMU,2026-09-07,2026,9,7,148.66666666666666,17.0
Thời gian chờ nhập,4,VLG,HUBBTE,2026-09-03,2026,9,3,352.18333333333334,23.0
Thời gian chờ nhập,4,NBH,HUBNDH,2026-09-02,2026,9,2,130.96666666666667,22.0
Thời gian chờ nhập,4,VLG,HUBTVH,2026-09-09,2026,9,9,46.96666666666667,13.0
Thời gian chờ nhập,4,NBH,HUBNDH,2026-09-03,2026,9,3,183.68333333333334,29.0
Thời gian chờ nhập,4,GLI,HUBBHD,2026-09-02,2026,9,2,19.233333333333334,10.0
Thời gian chờ nhập,4,AGG,HUBAGG,2026-09-04,2026,9,4,145.8,22.0
Thời gian chờ nhập,4,PHO,HUBHBH,2026-09-06,2026,9,6,49.416666666666664,8.0
Thời gian chờ nhập,4,GLI,HUBBHD,2026-09-01,2026,9,1,37.08333333333333,10.0
Thời gian chờ nhập,4,HCM,HUBTDC,2026-09-03,2026,9,3,597.9333333333333,27.0
Thời gian chờ nhập,4,DLK,HUBDLK,2026-09-08,2026,9,8,722.5833333333334,35.0
Thời gian chờ nhập,4,TQG,HUBTQG,2026-09-01,2026,9,1,45.916666666666664,8.0
Thời gian chờ nhập,4,HCM,HUBTAN,2026-09-03,2026,9,3,110.14999999999999,15.0
Thời gian chờ nhập,4,TNN,HUBTNN,2026-09-05,2026,9,5,242.43333333333334,14.0
Thời gian chờ nhập,4,CTO,HUBSTG,2026-09-04,2026,9,4,147.63333333333335,16.0
Thời gian chờ nhập,4,DBN,HUBDBN,2026-09-07,2026,9,7,7.0,3.0
Thời gian chờ nhập,4,TNH,HUBTNH,2026-09-06,2026,9,6,483.7333333333333,20.0
Thời gian chờ nhập,4,HCM,HUBTAN,2026-09-08,2026,9,8,769.7333333333332,16.0
Thời gian chờ nhập,4,SLA,HUBSLA,2026-09-09,2026,9,9,196.71666666666667,2.0
Thời gian chờ nhập,4,NAN,HUBNAN,2026-09-08,2026,9,8,604.4833333333333,35.0
Thời gian chờ nhập,4,DBN,HUBDBN,2026-09-09,2026,9,9,16.65,2.0
Thời gian chờ nhập,4,HNI,HUBTTI,2026-09-01,2026,9,1,363.1666666666667,27.0
Thời gian chờ nhập,4,VLG,HUBTVH,2026-09-01,2026,9,1,42.03333333333333,11.0
Thời gian chờ nhập,4,GLI,HUBBHD,2026-09-09,2026,9,9,45.71666666666667,7.0
Thời gian chờ nhập,4,CMU,HUBBLU,2026-09-01,2026,9,1,152.63333333333333,8.0
Thời gian chờ nhập,4,TNN,HUBBKN,2026-09-04,2026,9,4,37.5,5.0
Thời gian chờ nhập,4,PHO,HUBPHO,2026-09-04,2026,9,4,428.43333333333334,23.0
Thời gian chờ nhập,4,DBN,HUBDBN,2026-09-02,2026,9,2,3.75,1.0
Thời gian chờ nhập,4,LDG,HUBLDG03,2026-09-04,2026,9,4,1552.7166666666667,16.0
Thời gian chờ nhập,4,HNI,HUBYAN,2026-09-05,2026,9,5,599.5166666666667,42.0
Thời gian chờ nhập,4,HCM,HUBTDC,2026-09-06,2026,9,6,469.54999999999995,27.0
Thời gian chờ nhập,4,NBH,HUBHNM,2026-09-08,2026,9,8,370.66666666666663,28.0
Thời gian chờ nhập,4,HCM,HUBTTO,2026-09-04,2026,9,4,727.8,40.0
Thời gian chờ nhập,4,SLA,HUBSLA,2026-09-08,2026,9,8,106.5,2.0
Thời gian chờ nhập,4,NBH,HUBNDH,2026-09-05,2026,9,5,132.21666666666667,26.0
Thời gian chờ nhập,4,QTI,HUBQTI,2026-09-03,2026,9,3,72.86666666666666,16.0
Thời gian chờ nhập,4,NBH,HUBHNM,2026-09-02,2026,9,2,208.71666666666667,8.0
Thời gian chờ nhập,4,DTP,HUBDTP,2026-09-04,2026,9,4,173.66666666666666,22.0
Thời gian chờ nhập,4,LDG,HUBBTN,2026-09-04,2026,9,4,104.2,18.0
Thời gian chờ nhập,4,TNN,HUBBKN,2026-09-02,2026,9,2,129.73333333333335,5.0
Thời gian chờ nhập,4,KHA,HUBNTN,2026-09-01,2026,9,1,41.4,16.0
Thời gian chờ nhập,4,LCI,HUBLCI01,2026-09-03,2026,9,3,49.666666666666664,6.0
Thời gian chờ nhập,4,QTI,HUBQBH,2026-09-04,2026,9,4,91.95,17.0
Thời gian chờ nhập,4,BNH,HUBBGG,2026-09-03,2026,9,3,1346.25,38.0
Thời gian chờ nhập,4,HPG,HUBHDG,2026-09-05,2026,9,5,96.63333333333333,26.0
Thời gian chờ nhập,4,HNI,HUBYAN,2026-09-04,2026,9,4,314.83333333333337,29.0
Thời gian chờ nhập,4,CMU,HUBCMU,2026-09-05,2026,9,5,75.08333333333333,15.0
Thời gian chờ nhập,4,HYN,HUBHYN,2026-09-08,2026,9,8,124.61666666666666,32.0
Thời gian chờ nhập,4,HPG,HUBHDG,2026-09-07,2026,9,7,126.23333333333333,25.0
Thời gian chờ nhập,4,CBG,HUBCBG,2026-09-04,2026,9,4,99.8,4.0
Thời gian chờ nhập,4,HNI,BBSDPG,2026-09-08,2026,9,8,944.65,27.0
Thời gian chờ nhập,4,LSN,HUBLSN,2026-09-05,2026,9,5,18.216666666666665,6.0
Thời gian chờ nhập,4,VLG,HUBBTE,2026-09-06,2026,9,6,598.0500000000001,26.0
Thời gian chờ nhập,4,LCI,HUBYBN,2026-09-01,2026,9,1,145.38333333333333,8.0
Thời gian chờ nhập,4,HYN,HUBHYN,2026-09-06,2026,9,6,141.85,15.0
Thời gian chờ nhập,4,CBG,HUBCBG,2026-09-01,2026,9,1,42.43333333333333,3.0
Thời gian chờ nhập,4,TNH,HUBLAN,2026-09-09,2026,9,9,1067.9833333333333,33.0
Thời gian chờ nhập,4,AGG,HUBAGG,2026-09-05,2026,9,5,195.96666666666667,25.0
Thời gian chờ nhập,4,TNN,HUBTNN,2026-09-06,2026,9,6,239.2,19.0
Thời gian chờ nhập,4,PHO,HUBPHO,2026-09-01,2026,9,1,342.6166666666667,21.0
Thời gian chờ nhập,4,LDG,HUBLDG01,2026-09-04,2026,9,4,496.8,22.0
Thời gian chờ nhập,4,HNI,HUBTTI,2026-09-06,2026,9,6,677.2666666666667,45.0
Thời gian chờ nhập,4,KHA,HUBKHA,2026-08-31,2026,8,31,30.533333333333335,2.0
Thời gian chờ nhập,4,HCM,HUBTAN,2026-09-05,2026,9,5,82.68333333333334,15.0
Thời gian chờ nhập,4,DTP,HUBDTP,2026-09-03,2026,9,3,137.0,24.0
Thời gian chờ nhập,4,NBH,HUBNBH,2026-09-04,2026,9,4,119.75,16.0
Thời gian chờ nhập,4,QNI,HUBQNI,2026-09-03,2026,9,3,110.14999999999999,17.0
Thời gian chờ nhập,4,HCM,HUBVTU,2026-08-31,2026,8,31,1.5333333333333332,1.0
Thời gian chờ nhập,4,HTH,HUBHTH,2026-09-04,2026,9,4,187.96666666666667,13.0
Thời gian chờ nhập,4,NBH,HUBHNM,2026-09-06,2026,9,6,172.43333333333334,15.0
Thời gian chờ nhập,4,CTO,HUBSTG,2026-09-08,2026,9,8,94.31666666666666,17.0
Thời gian chờ nhập,4,CMU,HUBBLU,2026-09-05,2026,9,5,85.75,11.0
Thời gian chờ nhập,4,LDG,HUBLDG01,2026-09-08,2026,9,8,590.1666666666666,26.0
Thời gian chờ nhập,4,AGG,HUBAGG,2026-09-06,2026,9,6,178.6,19.0
Thời gian chờ nhập,4,KHA,HUBNTN,2026-09-05,2026,9,5,107.78333333333333,22.0
Thời gian chờ nhập,4,TNN,HUBBKN,2026-09-06,2026,9,6,62.35,4.0
Thời gian chờ nhập,4,QNI,HUBKTM,2026-09-02,2026,9,2,307.4,20.0
Thời gian chờ nhập,4,NBH,HUBHNM,2026-09-05,2026,9,5,238.0,19.0
Thời gian chờ nhập,4,TQG,HUBTQG,2026-09-09,2026,9,9,49.86666666666667,9.0
Thời gian chờ nhập,4,LCI,HUBLCI01,2026-09-09,2026,9,9,354.4333333333333,8.0
Thời gian chờ nhập,4,HNI,HUBLBN,2026-09-07,2026,9,7,394.1166666666667,25.0
Thời gian chờ nhập,4,CTO,HUBSTG,2026-09-02,2026,9,2,235.93333333333334,16.0
Thời gian chờ nhập,4,GLI,HUBBHD,2026-09-04,2026,9,4,19.733333333333334,11.0
Thời gian chờ nhập,4,DNI,HUBDNI,2026-09-01,2026,9,1,99.23333333333333,26.0
Thời gian chờ nhập,4,DNI,HUBBPC,2026-09-07,2026,9,7,159.0,23.0
Thời gian chờ nhập,4,DTP,HUBTGG,2026-09-01,2026,9,1,60.3,17.0
Thời gian chờ nhập,4,CBG,HUBCBG,2026-09-05,2026,9,5,75.89999999999999,4.0
Thời gian chờ nhập,4,HCM,HUBTAN,2026-09-07,2026,9,7,232.46666666666667,21.0
Thời gian chờ nhập,4,TNH,HUBLAN,2026-09-04,2026,9,4,440.3333333333333,31.0
Thời gian chờ nhập,4,HYN,HUBHYN,2026-09-07,2026,9,7,394.98333333333335,34.0
Thời gian chờ nhập,4,BNH,HUBBNH,2026-09-05,2026,9,5,704.4833333333332,30.0
Thời gian chờ nhập,4,DNG,HUBQNM,2026-09-05,2026,9,5,622.6833333333334,25.0
Thời gian chờ nhập,4,HCM,HUBVTU,2026-09-05,2026,9,5,257.4166666666667,22.0
Thời gian chờ nhập,4,GLI,HUBGLI,2026-09-08,2026,9,8,1523.3333333333333,31.0
Thời gian chờ nhập,4,LDG,HUBLDG01,2026-09-03,2026,9,3,318.2166666666667,16.0
Thời gian chờ nhập,4,HCM,HUBTDC,2026-09-09,2026,9,9,1073.5333333333333,41.0
Thời gian chờ nhập,4,DBN,HUBDBN,2026-09-05,2026,9,5,5.816666666666666,2.0
Thời gian chờ nhập,4,HCM,HUBTDC,2026-09-02,2026,9,2,359.59999999999997,22.0
Thời gian chờ nhập,4,DNI,HUBBPC,2026-09-06,2026,9,6,116.5,19.0
Thời gian chờ nhập,4,LDG,HUBLDG01,2026-09-01,2026,9,1,287.03333333333336,19.0
Thời gian chờ nhập,4,DLK,HUBDLK,2026-09-01,2026,9,1,765.65,32.0
Thời gian chờ nhập,4,LCI,HUBLCI01,2026-08-31,2026,8,31,24.016666666666666,1.0
Thời gian chờ nhập,4,GLI,HUBGLI,2026-08-31,2026,8,31,71.75,1.0
Thời gian chờ nhập,4,TNN,HUBTNN,2026-09-04,2026,9,4,526.3333333333334,15.0
Thời gian chờ nhập,4,HCM,HUBBDG,2026-09-07,2026,9,7,104.76666666666667,14.0
Thời gian chờ nhập,4,LSN,HUBLSN,2026-09-06,2026,9,6,47.083333333333336,8.0
Thời gian chờ nhập,4,HNI,HUBLBN,2026-09-06,2026,9,6,514.8833333333333,19.0
Thời gian chờ nhập,4,LCU,HUBLCU,2026-09-09,2026,9,9,2.2,2.0
Thời gian chờ nhập,4,TNN,HUBBKN,2026-09-09,2026,9,9,60.61666666666667,5.0
Thời gian chờ nhập,4,QNI,HUBQNI,2026-09-02,2026,9,2,188.66666666666666,14.0
Thời gian chờ nhập,4,QTI,HUBQTI,2026-09-01,2026,9,1,82.68333333333334,13.0
Thời gian chờ nhập,4,HYN,HUBHYN,2026-09-03,2026,9,3,123.25,32.0
Thời gian chờ nhập,4,CMU,HUBBLU,2026-09-03,2026,9,3,90.83333333333333,9.0
Thời gian chờ nhập,4,TNH,HUBTNH,2026-09-09,2026,9,9,305.15,27.0
Thời gian chờ nhập,4,VLG,HUBBTE,2026-09-01,2026,9,1,217.16666666666666,22.0
Thời gian chờ nhập,4,TQG,HUBHGG,2026-09-02,2026,9,2,333.1166666666666,5.0
Thời gian chờ nhập,4,HCM,HUBBDG,2026-09-04,2026,9,4,479.0333333333333,17.0
Thời gian chờ nhập,4,HUE,HUBHUE,2026-09-08,2026,9,8,475.01666666666665,18.0
Thời gian chờ nhập,4,HCM,HUBBDG,2026-09-05,2026,9,5,248.7,20.0
Thời gian chờ nhập,4,TNN,HUBTNN,2026-09-08,2026,9,8,274.8666666666667,21.0
Thời gian chờ nhập,4,TNN,HUBTNN,2026-09-01,2026,9,1,103.7,17.0
Thời gian chờ nhập,4,CBG,HUBCBG,2026-09-02,2026,9,2,84.0,3.0
Thời gian chờ nhập,4,HPG,HUBHPG,2026-09-01,2026,9,1,323.58333333333337,3.0
Thời gian chờ nhập,4,VLG,HUBTVH,2026-09-08,2026,9,8,139.76666666666665,14.0
Thời gian chờ nhập,4,DLK,HUBPYN,2026-08-31,2026,8,31,20.216666666666665,1.0
Thời gian chờ nhập,4,LCI,HUBYBN,2026-09-07,2026,9,7,326.95,10.0
Thời gian chờ nhập,4,QTI,HUBQBH,2026-09-09,2026,9,9,247.11666666666667,18.0
Thời gian chờ nhập,4,THA,HUBTHA,2026-09-07,2026,9,7,529.5,35.0
Thời gian chờ nhập,4,TNH,HUBLAN,2026-09-01,2026,9,1,429.1666666666667,26.0
Thời gian chờ nhập,4,VLG,HUBBTE,2026-09-04,2026,9,4,257.5,28.0
Thời gian chờ nhập,4,TQG,HUBTQG,2026-09-05,2026,9,5,61.83333333333333,10.0
Thời gian chờ nhập,4,QNI,HUBQNI,2026-09-01,2026,9,1,72.61666666666666,13.0
Thời gian chờ nhập,4,HNI,HUBYAN,2026-09-03,2026,9,3,442.1166666666667,35.0
Thời gian chờ nhập,4,HCM,HUBBDG,2026-09-06,2026,9,6,190.33333333333331,10.0
Thời gian chờ nhập,4,LSN,HUBLSN,2026-09-07,2026,9,7,18.066666666666666,7.0
Thời gian chờ nhập,4,DBN,HUBDBN,2026-09-04,2026,9,4,25.03333333333333,4.0
Thời gian chờ nhập,4,LDG,HUBDKG,2026-09-02,2026,9,2,521.6,15.0
Thời gian chờ nhập,4,SLA,HUBSLA,2026-09-04,2026,9,4,31.933333333333334,1.0
Thời gian chờ nhập,4,DTP,HUBTGG,2026-09-02,2026,9,2,96.35,16.0
Thời gian chờ nhập,4,THA,HUBTHA,2026-09-06,2026,9,6,458.46666666666664,34.0
Thời gian chờ nhập,4,CMU,HUBCMU,2026-09-08,2026,9,8,155.98333333333332,15.0
Thời gian chờ nhập,4,CMU,HUBCMU,2026-08-31,2026,8,31,6.383333333333333,1.0
Thời gian chờ nhập,4,TNH,HUBLAN,2026-09-05,2026,9,5,479.75,35.0
Thời gian chờ nhập,4,KHA,HUBKHA,2026-09-08,2026,9,8,466.48333333333335,33.0
Thời gian chờ nhập,4,CTO,HUBSTG,2026-09-09,2026,9,9,69.81666666666666,14.0
Thời gian chờ nhập,4,LDG,HUBBTN,2026-09-08,2026,9,8,177.10000000000002,21.0
Thời gian chờ nhập,4,DLK,HUBDLK,2026-09-02,2026,9,2,470.29999999999995,28.0
Thời gian chờ nhập,4,HUE,HUBHUE,2026-09-02,2026,9,2,326.71666666666664,16.0
Thời gian chờ nhập,4,QNI,HUBKTM,2026-09-06,2026,9,6,539.7666666666667,21.0
Thời gian chờ nhập,4,HNI,HUBLBN,2026-09-02,2026,9,2,211.14999999999998,13.0
Thời gian chờ nhập,4,PHO,HUBVPC,2026-09-02,2026,9,2,573.3333333333333,15.0
Thời gian chờ nhập,4,HNI,HUBLBN,2026-09-09,2026,9,9,209.7,25.0
Thời gian chờ nhập,4,HCM,HUBTTO,2026-09-05,2026,9,5,706.4833333333333,40.0
Thời gian chờ nhập,4,DTP,HUBTGG,2026-09-06,2026,9,6,68.3,18.0
Thời gian chờ nhập,4,HCM,HUBTTO,2026-09-01,2026,9,1,694.4499999999999,33.0
Thời gian chờ nhập,4,LDG,HUBBTN,2026-09-01,2026,9,1,148.0,17.0
Thời gian chờ nhập,4,HYN,HUBTBH,2026-09-04,2026,9,4,152.4,26.0
Thời gian chờ nhập,4,TNN,HUBTNN,2026-09-07,2026,9,7,148.13333333333333,16.0
Thời gian chờ nhập,4,HNI,BBSDPG,2026-09-02,2026,9,2,252.53333333333333,13.0
Thời gian chờ nhập,4,NBH,HUBHNM,2026-09-03,2026,9,3,138.13333333333333,10.0
Thời gian chờ nhập,4,NBH,HUBNDH,2026-09-08,2026,9,8,126.25,29.0
Thời gian chờ nhập,4,DNG,HUBQNM,2026-09-03,2026,9,3,342.31666666666666,20.0
Thời gian chờ nhập,4,HUE,HUBHUE,2026-09-09,2026,9,9,601.1333333333333,20.0
Thời gian chờ nhập,4,HUE,HUBHUE,2026-09-01,2026,9,1,408.8333333333333,20.0
Thời gian chờ nhập,4,PHO,HUBVPC,2026-09-04,2026,9,4,368.78333333333336,26.0
Thời gian chờ nhập,4,HYN,HUBHYN,2026-09-02,2026,9,2,80.63333333333333,12.0
Thời gian chờ nhập,4,DLK,HUBPYN,2026-09-01,2026,9,1,183.46666666666667,19.0
Thời gian chờ nhập,4,BNH,HUBBNH,2026-09-01,2026,9,1,702.7,14.0
Thời gian chờ nhập,4,DLK,HUBPYN,2026-09-02,2026,9,2,76.95,14.0
Thời gian chờ nhập,4,AGG,HUBKGG01,2026-09-09,2026,9,9,134.76666666666665,19.0
Thời gian chờ nhập,4,DTP,HUBTGG,2026-09-03,2026,9,3,170.81666666666666,15.0
Thời gian chờ nhập,4,DTP,HUBDTP,2026-09-02,2026,9,2,100.26666666666667,17.0
Thời gian chờ nhập,4,QNH,HUBQNH,2026-09-04,2026,9,4,541.45,21.0
Thời gian chờ nhập,4,LCI,HUBYBN,2026-09-09,2026,9,9,238.38333333333333,12.0
Thời gian chờ nhập,4,LDG,HUBLDG03,2026-09-07,2026,9,7,557.5,14.0
Thời gian chờ nhập,4,CBG,HUBCBG,2026-09-06,2026,9,6,39.13333333333333,3.0
Thời gian chờ nhập,4,PHO,HUBHBH,2026-09-09,2026,9,9,42.68333333333334,8.0
Thời gian chờ nhập,4,AGG,HUBKGG01,2026-09-05,2026,9,5,165.06666666666666,19.0
Thời gian chờ nhập,4,TNH,HUBTNH,2026-09-04,2026,9,4,377.6333333333333,27.0
Thời gian chờ nhập,4,HPG,HUBHPG,2026-09-07,2026,9,7,245.54999999999998,18.0
Thời gian chờ nhập,4,QTI,HUBQTI,2026-09-05,2026,9,5,70.01666666666667,15.0
Thời gian chờ nhập,4,TQG,HUBTQG,2026-09-06,2026,9,6,43.7,8.0
Thời gian chờ nhập,4,HNI,BBSDPG,2026-09-03,2026,9,3,821.8833333333333,29.0
Thời gian chờ nhập,4,NBH,HUBNBH,2026-09-01,2026,9,1,229.18333333333334,12.0
Thời gian chờ nhập,4,QNI,HUBKTM,2026-09-04,2026,9,4,49.2,17.0
Thời gian chờ nhập,4,HUE,HUBHUE,2026-09-04,2026,9,4,582.8166666666666,19.0
Thời gian chờ nhập,4,PHO,HUBVPC,2026-09-07,2026,9,7,398.4166666666667,19.0
Thời gian chờ nhập,4,KHA,HUBNTN,2026-09-02,2026,9,2,34.483333333333334,9.0
Thời gian chờ nhập,4,BNH,HUBBGG,2026-09-04,2026,9,4,884.2166666666667,35.0
Thời gian chờ nhập,4,QNI,HUBQNI,2026-09-05,2026,9,5,150.06666666666666,16.0
Thời gian chờ nhập,4,HCM,HUBBDG,2026-08-31,2026,8,31,26.116666666666667,1.0
Thời gian chờ nhập,4,HYN,HUBHYN,2026-09-09,2026,9,9,151.9,29.0
Thời gian chờ nhập,4,THA,HUBTHA,2026-09-09,2026,9,9,671.8833333333333,38.0
Thời gian chờ nhập,4,CMU,HUBBLU,2026-09-09,2026,9,9,73.85,11.0
Thời gian chờ nhập,4,QNH,HUBQNH,2026-09-09,2026,9,9,1031.1833333333334,22.0
Thời gian chờ nhập,4,TQG,HUBTQG,2026-09-08,2026,9,8,62.916666666666664,9.0
Thời gian chờ nhập,4,CTO,HUBSTG,2026-09-07,2026,9,7,67.9,17.0
Thời gian chờ nhập,4,NBH,HUBNDH,2026-09-07,2026,9,7,139.73333333333332,31.0
Thời gian chờ nhập,4,CMU,HUBBLU,2026-09-06,2026,9,6,58.5,8.0
Thời gian chờ nhập,4,GLI,HUBGLI,2026-09-03,2026,9,3,2404.233333333333,25.0
Thời gian chờ nhập,4,KHA,HUBNTN,2026-09-07,2026,9,7,88.46666666666667,21.0
Thời gian chờ nhập,4,LCU,HUBLCU,2026-09-08,2026,9,8,6.45,2.0
Thời gian chờ nhập,4,PHO,HUBVPC,2026-09-06,2026,9,6,775.7,16.0
Thời gian chờ nhập,4,GLI,HUBGLI,2026-09-05,2026,9,5,1161.7,29.0
Thời gian chờ nhập,4,VLG,HUBBTE,2026-08-31,2026,8,31,6.166666666666667,1.0
Thời gian chờ nhập,4,HTH,HUBHTH,2026-09-07,2026,9,7,257.8333333333333,13.0
Thời gian chờ nhập,4,QNI,HUBKTM,2026-09-08,2026,9,8,316.3333333333333,19.0
Thời gian chờ nhập,4,HNI,HUBYAN,2026-09-07,2026,9,7,520.9499999999999,36.0
Thời gian chờ nhập,4,VLG,HUBVLG,2026-09-04,2026,9,4,313.8,16.0
Thời gian chờ nhập,4,HCM,HUBTAN,2026-09-01,2026,9,1,29.4,8.0
Thời gian chờ nhập,4,BNH,HUBBNH,2026-09-08,2026,9,8,840.1166666666667,30.0
Thời gian chờ nhập,4,HCM,HUBTTO,2026-09-07,2026,9,7,784.5,39.0
Thời gian chờ nhập,4,PHO,HUBPHO,2026-09-08,2026,9,8,363.45,23.0
Thời gian chờ nhập,4,TNH,HUBLAN,2026-09-02,2026,9,2,312.84999999999997,23.0
Thời gian chờ nhập,4,VLG,HUBBTE,2026-09-08,2026,9,8,396.81666666666666,28.0
Thời gian chờ nhập,4,HNI,HUBTTI,2026-09-08,2026,9,8,936.9666666666667,63.0
Thời gian chờ nhập,4,SLA,HUBSLA,2026-09-03,2026,9,3,50.81666666666666,1.0
Thời gian chờ nhập,4,DBN,HUBDBN,2026-09-01,2026,9,1,3.5999999999999996,2.0
Thời gian chờ nhập,4,NAN,HUBNAN,2026-09-02,2026,9,2,766.8166666666666,29.0
Thời gian chờ nhập,4,VLG,HUBVLG,2026-09-07,2026,9,7,153.08333333333334,10.0
Thời gian chờ nhập,4,TNH,HUBLAN,2026-09-06,2026,9,6,331.05,28.0
Thời gian chờ nhập,4,LCU,HUBLCU,2026-09-07,2026,9,7,2.6666666666666665,2.0
Thời gian chờ nhập,4,LCI,HUBYBN,2026-09-08,2026,9,8,304.23333333333335,12.0
Thời gian chờ nhập,4,HCM,HUBVTU,2026-09-06,2026,9,6,223.7,21.0
Thời gian chờ nhập,4,HCM,HUBBDG,2026-09-08,2026,9,8,124.1,14.0
Thời gian chờ nhập,4,HTH,HUBHTH,2026-09-03,2026,9,3,321.65,13.0
Thời gian chờ nhập,4,HCM,HUBBDG,2026-09-01,2026,9,1,226.53333333333333,12.0
Thời gian chờ nhập,4,AGG,HUBAGG,2026-09-01,2026,9,1,337.15,25.0
Thời gian chờ nhập,4,KHA,HUBKHA,2026-09-06,2026,9,6,953.7833333333333,29.0
Thời gian chờ nhập,4,NBH,HUBNDH,2026-09-04,2026,9,4,360.3,31.0
Thời gian chờ nhập,4,LDG,HUBBTN,2026-09-02,2026,9,2,121.05,18.0
Thời gian chờ nhập,4,TNH,HUBTNH,2026-08-31,2026,8,31,12.8,2.0
Thời gian chờ nhập,4,GLI,HUBGLI,2026-09-07,2026,9,7,1498.0,33.0
Thời gian chờ nhập,4,BNH,HUBBGG,2026-09-06,2026,9,6,738.7833333333333,25.0
Thời gian chờ nhập,4,VLG,HUBTVH,2026-09-05,2026,9,5,61.21666666666666,13.0
Thời gian chờ nhập,4,BNH,HUBBGG,2026-09-07,2026,9,7,544.1166666666667,33.0
Thời gian chờ nhập,4,DLK,HUBDLK,2026-09-04,2026,9,4,764.85,31.0
Thời gian chờ nhập,4,DLK,HUBDLK,2026-09-06,2026,9,6,1468.4666666666667,37.0
Thời gian chờ nhập,4,TNN,HUBTNN,2026-09-09,2026,9,9,191.01666666666668,13.0
Thời gian chờ nhập,4,VLG,HUBBTE,2026-09-07,2026,9,7,699.8666666666667,32.0
Thời gian chờ nhập,4,TNH,HUBTNH,2026-09-08,2026,9,8,225.66666666666666,28.0
Thời gian chờ nhập,4,QNH,HUBQNH,2026-09-03,2026,9,3,723.1333333333333,19.0
Thời gian chờ nhập,4,BNH,HUBBGG,2026-09-05,2026,9,5,593.4833333333333,37.0
Thời gian chờ nhập,4,PHO,HUBVPC,2026-09-09,2026,9,9,995.2166666666667,18.0
Thời gian chờ nhập,4,LDG,HUBBTN,2026-09-03,2026,9,3,188.71666666666664,14.0
Thời gian chờ nhập,4,DNI,HUBBPC,2026-09-08,2026,9,8,461.0666666666666,25.0
Thời gian chờ nhập,4,LDG,HUBBTN,2026-09-09,2026,9,9,168.0,17.0
Thời gian chờ nhập,4,HNI,HUBLBN,2026-09-04,2026,9,4,460.5833333333333,27.0
Thời gian chờ nhập,4,PHO,HUBVPC,2026-09-03,2026,9,3,370.6666666666667,24.0
Thời gian chờ nhập,4,DTP,HUBTGG,2026-09-09,2026,9,9,473.09999999999997,24.0
Thời gian chờ nhập,4,HCM,HUBTTO,2026-09-06,2026,9,6,457.75,28.0
Thời gian chờ nhập,4,QTI,HUBQBH,2026-09-08,2026,9,8,140.36666666666667,19.0
Thời gian chờ nhập,4,VLG,HUBVLG,2026-09-08,2026,9,8,195.75,17.0
Thời gian chờ nhập,4,GLI,HUBBHD,2026-09-07,2026,9,7,30.35,8.0
Thời gian chờ nhập,4,KHA,HUBNTN,2026-09-06,2026,9,6,31.866666666666667,10.0
Thời gian chờ nhập,4,NBH,HUBNDH,2026-09-06,2026,9,6,106.15,20.0
Thời gian chờ nhập,4,HYN,HUBTBH,2026-09-08,2026,9,8,109.78333333333333,22.0
Thời gian chờ nhập,4,TNH,HUBTNH,2026-09-02,2026,9,2,273.21666666666664,20.0
Thời gian chờ nhập,4,DNG,HUBQNM,2026-09-07,2026,9,7,663.6,22.0
Thời gian chờ nhập,4,NBH,HUBNBH,2026-09-09,2026,9,9,69.33333333333333,11.0
Thời gian chờ nhập,4,LCI,HUBLCI01,2026-09-06,2026,9,6,52.31666666666666,9.0
Thời gian chờ nhập,4,CMU,HUBCMU,2026-09-01,2026,9,1,80.06666666666666,10.0
Thời gian chờ nhập,4,HPG,HUBHDG,2026-09-09,2026,9,9,132.63333333333333,26.0
Thời gian chờ nhập,4,QNI,HUBQNI,2026-09-08,2026,9,8,87.66666666666667,16.0
Thời gian chờ nhập,4,LDG,HUBLDG01,2026-09-06,2026,9,6,333.4,22.0
Thời gian chờ nhập,4,HTH,HUBHTH,2026-09-08,2026,9,8,407.2,12.0
Thời gian chờ nhập,4,BNH,HUBBNH,2026-09-03,2026,9,3,880.2333333333333,29.0
Thời gian chờ nhập,4,HCM,HUBTDC,2026-09-01,2026,9,1,264.6666666666667,24.0
Thời gian chờ nhập,4,GLI,HUBGLI,2026-09-04,2026,9,4,412.25,24.0
Thời gian chờ nhập,4,DLK,HUBDLK,2026-09-03,2026,9,3,963.6999999999999,32.0
Thời gian chờ nhập,4,DNI,HUBBPC,2026-09-09,2026,9,9,178.36666666666667,23.0
Thời gian chờ nhập,4,CTO,HUBSTG,2026-09-05,2026,9,5,134.8,17.0
Thời gian chờ nhập,4,LDG,HUBDKG,2026-09-07,2026,9,7,159.04999999999998,12.0
Thời gian chờ nhập,4,HNI,BBSDPG,2026-09-07,2026,9,7,791.0166666666667,26.0
Thời gian chờ nhập,4,HPG,HUBHDG,2026-09-06,2026,9,6,56.68333333333334,14.0
Thời gian chờ nhập,4,DNI,HUBBPC,2026-09-03,2026,9,3,513.1,23.0
Thời gian chờ nhập,4,QTI,HUBQBH,2026-09-07,2026,9,7,109.41666666666667,19.0
Thời gian chờ nhập,4,KHA,HUBKHA,2026-09-01,2026,9,1,706.4166666666666,28.0
Thời gian chờ nhập,4,DLK,HUBPYN,2026-09-07,2026,9,7,180.86666666666667,19.0
Thời gian chờ nhập,4,PHO,HUBHBH,2026-09-03,2026,9,3,48.766666666666666,10.0
Thời gian chờ nhập,4,HPG,HUBHPG,2026-09-08,2026,9,8,358.93333333333334,21.0
Thời gian chờ nhập,4,LCU,HUBLCU,2026-09-04,2026,9,4,1.1333333333333333,1.0
Thời gian chờ nhập,4,SLA,HUBSLA,2026-09-02,2026,9,2,3.6500000000000004,2.0
Thời gian chờ nhập,4,HCM,HUBTTO,2026-09-09,2026,9,9,941.55,44.0
Thời gian chờ nhập,4,DTP,HUBDTP,2026-09-05,2026,9,5,234.73333333333335,25.0
Thời gian chờ nhập,4,LDG,HUBDKG,2026-09-04,2026,9,4,507.51666666666665,12.0
Thời gian chờ nhập,4,GLI,HUBGLI,2026-09-06,2026,9,6,1744.95,32.0
Thời gian chờ nhập,4,HPG,HUBHDG,2026-09-01,2026,9,1,364.29999999999995,10.0
Thời gian chờ nhập,4,BNH,HUBBNH,2026-09-04,2026,9,4,526.7166666666667,27.0
Thời gian chờ nhập,4,HNI,BBSDPG,2026-09-04,2026,9,4,571.2166666666667,22.0
Thời gian chờ nhập,4,DTP,HUBTGG,2026-09-04,2026,9,4,227.83333333333334,22.0
Thời gian chờ nhập,4,AGG,HUBKGG01,2026-09-03,2026,9,3,115.83333333333334,19.0
Thời gian chờ nhập,4,DNG,HUBQNM,2026-09-04,2026,9,4,338.01666666666665,21.0
Thời gian chờ nhập,4,HCM,HUBTDC,2026-09-07,2026,9,7,495.1166666666667,34.0
Thời gian chờ nhập,4,NBH,HUBNBH,2026-09-02,2026,9,2,39.2,10.0
Thời gian chờ nhập,4,DNI,HUBDNI,2026-09-08,2026,9,8,438.55,49.0
Thời gian chờ nhập,4,PHO,HUBVPC,2026-09-08,2026,9,8,1097.2166666666667,22.0
Thời gian chờ nhập,4,DLK,HUBDLK,2026-09-09,2026,9,9,963.9166666666667,33.0
Thời gian chờ nhập,4,TNN,HUBBKN,2026-09-07,2026,9,7,88.0,5.0
Thời gian chờ nhập,4,HNI,BBSDPG,2026-09-06,2026,9,6,465.05,27.0
Thời gian chờ nhập,4,CMU,HUBBLU,2026-09-07,2026,9,7,122.63333333333333,11.0
Thời gian chờ nhập,4,QTI,HUBQBH,2026-09-06,2026,9,6,77.66666666666667,17.0
Thời gian chờ nhập,4,DNI,HUBDNI,2026-09-06,2026,9,6,135.6,29.0
Thời gian chờ nhập,4,QTI,HUBQBH,2026-09-03,2026,9,3,72.01666666666667,17.0
Thời gian chờ nhập,4,HCM,HUBTAN,2026-08-31,2026,8,31,27.416666666666668,1.0
Thời gian chờ nhập,4,DTP,HUBDTP,2026-09-08,2026,9,8,156.28333333333333,23.0
Thời gian chờ nhập,4,CTO,HUBSTG,2026-09-03,2026,9,3,94.96666666666667,14.0
Thời gian chờ nhập,4,GLI,HUBGLI,2026-09-09,2026,9,9,812.4166666666666,29.0
Thời gian chờ nhập,4,HCM,HUBTDC,2026-09-08,2026,9,8,603.4666666666667,49.0
Thời gian chờ nhập,4,HNI,HUBTTI,2026-09-04,2026,9,4,973.4499999999999,68.0
Thời gian chờ nhập,4,NBH,HUBHNM,2026-09-04,2026,9,4,260.6166666666667,24.0
Thời gian chờ nhập,4,DBN,HUBDBN,2026-09-06,2026,9,6,1.8,1.0
Thời gian chờ nhập,4,THA,HUBTHA,2026-09-03,2026,9,3,865.1166666666667,39.0
Thời gian chờ nhập,4,TNN,HUBBKN,2026-09-01,2026,9,1,63.3,3.0
Thời gian chờ nhập,4,DLK,HUBPYN,2026-09-09,2026,9,9,260.1166666666667,17.0
Thời gian chờ nhập,4,BNH,HUBBNH,2026-09-09,2026,9,9,1021.4,30.0
Thời gian chờ nhập,4,TNN,HUBBKN,2026-09-08,2026,9,8,56.46666666666667,4.0
Thời gian chờ nhập,4,DLK,HUBDLK,2026-08-31,2026,8,31,5.416666666666667,1.0
Thời gian chờ nhập,4,LDG,HUBDKG,2026-09-08,2026,9,8,599.1999999999999,17.0
Thời gian chờ nhập,4,SLA,HUBSLA,2026-09-01,2026,9,1,132.63333333333333,4.0
Thời gian chờ nhập,4,GLI,HUBBHD,2026-09-05,2026,9,5,23.833333333333332,9.0
Thời gian chờ nhập,4,CTO,HUBSTG,2026-09-01,2026,9,1,236.08333333333331,18.0
Thời gian chờ nhập,4,TNN,HUBBKN,2026-09-05,2026,9,5,80.85000000000001,6.0
Thời gian chờ nhập,4,DNI,HUBBPC,2026-09-05,2026,9,5,110.43333333333334,21.0
Thời gian chờ nhập,4,DLK,HUBPYN,2026-09-03,2026,9,3,239.73333333333335,16.0
Thời gian chờ nhập,4,DTP,HUBTGG,2026-09-07,2026,9,7,107.98333333333333,24.0
Thời gian chờ nhập,4,LCI,HUBLCI01,2026-09-05,2026,9,5,105.58333333333334,8.0
Thời gian chờ nhập,4,HTH,HUBHTH,2026-09-01,2026,9,1,181.28333333333333,9.0
Thời gian chờ nhập,4,LDG,HUBLDG03,2026-09-01,2026,9,1,915.1333333333333,13.0
Thời gian chờ nhập,4,HPG,HUBHPG,2026-09-05,2026,9,5,299.45,19.0
Thời gian chờ nhập,4,QNI,HUBKTM,2026-09-07,2026,9,7,122.55,19.0
Thời gian chờ nhập,4,HNI,HUBYAN,2026-09-02,2026,9,2,104.83333333333333,13.0
Thời gian chờ nhập,4,THA,HUBTHA,2026-09-04,2026,9,4,493.48333333333335,43.0
Thời gian chờ nhập,4,QNH,HUBQNH,2026-09-06,2026,9,6,1882.55,22.0
Thời gian chờ nhập,4,NBH,HUBNDH,2026-09-01,2026,9,1,231.58333333333334,25.0
Thời gian chờ nhập,4,AGG,HUBAGG,2026-09-08,2026,9,8,302.96666666666664,24.0
Thời gian chờ nhập,4,LSN,HUBLSN,2026-09-03,2026,9,3,58.0,9.0
Thời gian chờ nhập,4,PHO,HUBHBH,2026-09-02,2026,9,2,59.55,7.0
Thời gian chờ nhập,4,TQG,HUBHGG,2026-09-03,2026,9,3,59.483333333333334,5.0
Thời gian chờ nhập,4,KHA,HUBNTN,2026-09-03,2026,9,3,50.900000000000006,14.0
Thời gian chờ nhập,4,GLI,HUBBHD,2026-09-06,2026,9,6,15.116666666666667,9.0
Thời gian chờ nhập,4,NBH,HUBHNM,2026-09-09,2026,9,9,195.28333333333333,25.0
Thời gian chờ nhập,4,HPG,HUBHDG,2026-09-03,2026,9,3,101.9,23.0
Thời gian chờ nhập,4,HTH,HUBHTH,2026-09-02,2026,9,2,182.38333333333333,10.0
Thời gian chờ nhập,4,VLG,HUBTVH,2026-09-06,2026,9,6,36.68333333333333,9.0
Thời gian chờ nhập,4,DNI,HUBDNI,2026-09-04,2026,9,4,139.55,50.0
Thời gian chờ nhập,4,LDG,HUBLDG03,2026-09-02,2026,9,2,442.26666666666665,14.0
Thời gian chờ nhập,4,SLA,HUBSLA,2026-09-06,2026,9,6,107.28333333333333,2.0
Thời gian chờ nhập,4,HTH,HUBHTH,2026-09-09,2026,9,9,327.75,11.0
Thời gian chờ nhập,4,HNI,BBSDPG,2026-09-09,2026,9,9,536.1999999999999,28.0
Thời gian chờ nhập,4,QNH,HUBQNH,2026-09-07,2026,9,7,917.9166666666666,23.0
Thời gian chờ nhập,4,TQG,HUBTQG,2026-09-03,2026,9,3,49.15,7.0
Thời gian chờ nhập,4,HTH,HUBHTH,2026-09-05,2026,9,5,361.8833333333333,14.0
Thời gian chờ nhập,4,DNI,HUBBPC,2026-09-02,2026,9,2,260.31666666666666,19.0
Thời gian chờ nhập,4,QNH,HUBQNH,2026-09-01,2026,9,1,809.0333333333333,20.0
Thời gian chờ nhập,4,QTI,HUBQTI,2026-09-08,2026,9,8,63.28333333333333,15.0
Thời gian chờ nhập,4,LDG,HUBLDG03,2026-09-09,2026,9,9,987.3,12.0
Thời gian chờ nhập,4,HUE,HUBHUE,2026-09-03,2026,9,3,203.1,19.0
Tỷ lệ kết nối đúng giờ,10,THA,THAVC,2026-09-08,2026,9,8,233.0,237.0
Tỷ lệ kết nối đúng giờ,10,LOG,DVCBN2,2026-09-06,2026,9,6,13.0,15.0
Tỷ lệ kết nối đúng giờ,10,LOG,DVCBN1,2026-09-05,2026,9,5,99.0,129.0
Tỷ lệ kết nối đúng giờ,10,LCI,LCIVC,2026-09-07,2026,9,7,97.0,99.0
Tỷ lệ kết nối đúng giờ,10,TNH,TNHVC,2026-09-04,2026,9,4,220.0,228.0
Tỷ lệ kết nối đúng giờ,10,TNH,TNHVC,2026-08-31,2026,8,31,1.0,1.0
Tỷ lệ kết nối đúng giờ,10,LOG,DVCBN2,2026-09-01,2026,9,1,4.0,5.0
Tỷ lệ kết nối đúng giờ,10,HUE,HUEVC,2026-09-08,2026,9,8,101.0,103.0
Tỷ lệ kết nối đúng giờ,10,LDG,LDGVC,2026-09-05,2026,9,5,266.0,281.0
Tỷ lệ kết nối đúng giờ,10,LOG,DVCBN2,2026-09-02,2026,9,2,5.0,5.0
Tỷ lệ kết nối đúng giờ,10,HUE,HUEVC,2026-09-05,2026,9,5,102.0,102.0
Tỷ lệ kết nối đúng giờ,10,QNI,QNIVC,2026-09-01,2026,9,1,136.0,136.0
Tỷ lệ kết nối đúng giờ,10,CNKT3,DVCTNB,2026-09-07,2026,9,7,188.0,188.0
Tỷ lệ kết nối đúng giờ,10,QNI,QNIVC,2026-09-06,2026,9,6,174.0,174.0
Tỷ lệ kết nối đúng giờ,10,CNKT3,DVCTNB,2026-09-01,2026,9,1,168.0,168.0
Tỷ lệ kết nối đúng giờ,10,QNH,QNHVC,2026-09-07,2026,9,7,116.0,119.0
Tỷ lệ kết nối đúng giờ,10,VLG,VLGVC,2026-08-31,2026,8,31,1.0,1.0
Tỷ lệ kết nối đúng giờ,10,AGG,AGGVC,2026-09-04,2026,9,4,213.0,218.0
Tỷ lệ kết nối đúng giờ,10,DLK,DLKVC1,2026-09-08,2026,9,8,239.0,243.0
Tỷ lệ kết nối đúng giờ,10,HPG,HPGVC,2026-09-03,2026,9,3,310.0,310.0
Tỷ lệ kết nối đúng giờ,10,DNI,DNIVC,2026-09-04,2026,9,4,513.0,536.0
Tỷ lệ kết nối đúng giờ,10,DLK,DLKVC1,2026-09-01,2026,9,1,243.0,245.0
Tỷ lệ kết nối đúng giờ,10,CNKT3,DVCTNB,2026-09-08,2026,9,8,168.0,168.0
Tỷ lệ kết nối đúng giờ,10,QTI,QTIVC,2026-09-04,2026,9,4,163.0,167.0
Tỷ lệ kết nối đúng giờ,10,LOG,DVCBN3,2026-08-31,2026,8,31,11.0,11.0
Tỷ lệ kết nối đúng giờ,10,LOG,DVCBN3,2026-09-03,2026,9,3,59.0,74.0
Tỷ lệ kết nối đúng giờ,10,BNH,BNHVC,2026-09-06,2026,9,6,263.0,265.0
Tỷ lệ kết nối đúng giờ,10,NBH,NBHVC,2026-09-02,2026,9,2,293.0,296.0
Tỷ lệ kết nối đúng giờ,10,CNKT1,DVCHN,2026-09-08,2026,9,8,17.0,56.0
Tỷ lệ kết nối đúng giờ,10,LSN,LSNVC,2026-09-05,2026,9,5,23.0,23.0
Tỷ lệ kết nối đúng giờ,10,NBH,NBHVC,2026-09-04,2026,9,4,443.0,448.0
Tỷ lệ kết nối đúng giờ,10,LSN,LSNVC,2026-09-01,2026,9,1,21.0,21.0
Tỷ lệ kết nối đúng giờ,10,QNH,QNHVC,2026-08-31,2026,8,31,9.0,9.0
Tỷ lệ kết nối đúng giờ,10,TNN,TNNVC,2026-09-06,2026,9,6,133.0,134.0
Tỷ lệ kết nối đúng giờ,10,GLI,GLIVC1,2026-09-08,2026,9,8,228.0,246.0
Tỷ lệ kết nối đúng giờ,10,GLI,GLIVC1,2026-09-02,2026,9,2,217.0,228.0
Tỷ lệ kết nối đúng giờ,10,LOG,DVCBN4,2026-08-31,2026,8,31,2.0,2.0
Tỷ lệ kết nối đúng giờ,10,LOG,DVCBN4,2026-09-06,2026,9,6,4.0,5.0
Tỷ lệ kết nối đúng giờ,10,HTH,HTHVC,2026-09-06,2026,9,6,46.0,47.0
Tỷ lệ kết nối đúng giờ,10,HYN,HYNVC,2026-09-04,2026,9,4,348.0,352.0
Tỷ lệ kết nối đúng giờ,10,LOG,DTNBN1,2026-09-04,2026,9,4,114.0,195.0
Tỷ lệ kết nối đúng giờ,10,DLK,DLKVC1,2026-09-04,2026,9,4,235.0,235.0
Tỷ lệ kết nối đúng giờ,10,CNKT3,DVCMNM,2026-09-08,2026,9,8,608.0,623.0
Tỷ lệ kết nối đúng giờ,10,HYN,HYNVC,2026-09-05,2026,9,5,315.0,315.0
Tỷ lệ kết nối đúng giờ,10,LOG,DTNBN1,2026-09-01,2026,9,1,141.0,206.0
Tỷ lệ kết nối đúng giờ,10,LCI,LCIVC,2026-09-03,2026,9,3,98.0,98.0
Tỷ lệ kết nối đúng giờ,10,LOG,DVCBN1,2026-09-08,2026,9,8,108.0,147.0
Tỷ lệ kết nối đúng giờ,10,LCI,LCIVC,2026-09-08,2026,9,8,98.0,99.0
Tỷ lệ kết nối đúng giờ,10,NBH,NBHVC,2026-09-06,2026,9,6,344.0,356.0
Tỷ lệ kết nối đúng giờ,10,KHA,KHAVC,2026-09-07,2026,9,7,197.0,198.0
Tỷ lệ kết nối đúng giờ,10,DBN,DBNVC,2026-09-07,2026,9,7,17.0,17.0
Tỷ lệ kết nối đúng giờ,10,CNKT2,DVCMTG,2026-08-31,2026,8,31,10.0,10.0
Tỷ lệ kết nối đúng giờ,10,HTH,HTHVC,2026-09-05,2026,9,5,74.0,76.0
Tỷ lệ kết nối đúng giờ,10,HPG,HPGVC,2026-09-04,2026,9,4,312.0,315.0
Tỷ lệ kết nối đúng giờ,10,DLK,DLKVC1,2026-09-07,2026,9,7,248.0,251.0
Tỷ lệ kết nối đúng giờ,10,CNKT5,DVCMBC,2026-08-31,2026,8,31,76.0,76.0
Tỷ lệ kết nối đúng giờ,10,HPG,HPGVC,2026-09-06,2026,9,6,186.0,186.0
Tỷ lệ kết nối đúng giờ,10,TQG,TQGVC,2026-09-01,2026,9,1,50.0,50.0
Tỷ lệ kết nối đúng giờ,10,VLG,VLGVC,2026-09-07,2026,9,7,212.0,213.0
Tỷ lệ kết nối đúng giờ,10,LOG,DTNBN1,2026-09-06,2026,9,6,156.0,271.0
Tỷ lệ kết nối đúng giờ,10,CTO,CTOVC,2026-09-06,2026,9,6,243.0,248.0
Tỷ lệ kết nối đúng giờ,10,CNKT1,DVCHN,2026-09-06,2026,9,6,1.0,6.0
Tỷ lệ kết nối đúng giờ,10,DNG,DNGVC,2026-09-05,2026,9,5,348.0,357.0
Tỷ lệ kết nối đúng giờ,10,LOG,DVCBN3,2026-09-05,2026,9,5,71.0,94.0
Tỷ lệ kết nối đúng giờ,10,KHA,KHAVC,2026-09-08,2026,9,8,199.0,200.0
Tỷ lệ kết nối đúng giờ,10,LOG,DVCBN2,2026-09-08,2026,9,8,2.0,5.0
Tỷ lệ kết nối đúng giờ,10,SLA,SLAVC,2026-09-06,2026,9,6,4.0,4.0
Tỷ lệ kết nối đúng giờ,10,LSN,LSNVC,2026-09-03,2026,9,3,24.0,24.0
Tỷ lệ kết nối đúng giờ,10,HCM,HCMVC,2026-09-08,2026,9,8,3109.0,3154.0
Tỷ lệ kết nối đúng giờ,10,LDG,LDGVC,2026-09-04,2026,9,4,277.0,287.0
Tỷ lệ kết nối đúng giờ,10,VLG,VLGVC,2026-09-08,2026,9,8,231.0,236.0
Tỷ lệ kết nối đúng giờ,10,LOG,DVCBN2,2026-09-03,2026,9,3,2.0,8.0
Tỷ lệ kết nối đúng giờ,10,LOG,DVCBN3,2026-09-07,2026,9,7,69.0,94.0
Tỷ lệ kết nối đúng giờ,10,LDG,LDGVC,2026-09-08,2026,9,8,297.0,306.0
Tỷ lệ kết nối đúng giờ,10,LDG,LDGVC,2026-09-02,2026,9,2,265.0,267.0
Tỷ lệ kết nối đúng giờ,10,CNKT5,DVCMBC,2026-09-07,2026,9,7,1183.0,1191.0
Tỷ lệ kết nối đúng giờ,10,CTO,CTOVC,2026-09-03,2026,9,3,258.0,261.0
Tỷ lệ kết nối đúng giờ,10,LSN,LSNVC,2026-09-04,2026,9,4,23.0,23.0
Tỷ lệ kết nối đúng giờ,10,LDG,LDGVC,2026-09-03,2026,9,3,223.0,226.0
Tỷ lệ kết nối đúng giờ,10,LDG,LDGVC,2026-09-01,2026,9,1,285.0,287.0
Tỷ lệ kết nối đúng giờ,10,LOG,DVCBN1,2026-09-06,2026,9,6,119.0,146.0
Tỷ lệ kết nối đúng giờ,10,HYN,HYNVC,2026-09-07,2026,9,7,353.0,357.0
Tỷ lệ kết nối đúng giờ,10,LOG,DVCBN4,2026-09-07,2026,9,7,1.0,1.0
Tỷ lệ kết nối đúng giờ,10,DLK,DLKVC1,2026-09-03,2026,9,3,216.0,217.0
Tỷ lệ kết nối đúng giờ,10,TNN,TNNVC,2026-09-03,2026,9,3,142.0,143.0
Tỷ lệ kết nối đúng giờ,10,NAN,NANVC,2026-09-01,2026,9,1,146.0,147.0
Tỷ lệ kết nối đúng giờ,10,LSN,LSNVC,2026-09-08,2026,9,8,23.0,23.0
Tỷ lệ kết nối đúng giờ,10,THA,THAVC,2026-09-06,2026,9,6,218.0,223.0
Tỷ lệ kết nối đúng giờ,10,NBH,NBHVC,2026-09-07,2026,9,7,439.0,439.0
Tỷ lệ kết nối đúng giờ,10,VLG,VLGVC,2026-09-03,2026,9,3,175.0,180.0
Tỷ lệ kết nối đúng giờ,10,HUE,HUEVC,2026-09-06,2026,9,6,93.0,95.0
Tỷ lệ kết nối đúng giờ,10,DBN,DBNVC,2026-09-04,2026,9,4,13.0,13.0
Tỷ lệ kết nối đúng giờ,10,NBH,NBHVC,2026-09-03,2026,9,3,404.0,406.0
Tỷ lệ kết nối đúng giờ,10,TNH,TNHVC,2026-09-02,2026,9,2,178.0,182.0
Tỷ lệ kết nối đúng giờ,10,SLA,SLAVC,2026-09-04,2026,9,4,4.0,4.0
Tỷ lệ kết nối đúng giờ,10,QNI,QNIVC,2026-09-07,2026,9,7,172.0,172.0
Tỷ lệ kết nối đúng giờ,10,CNKT5,DVCMBC,2026-09-04,2026,9,4,1233.0,1252.0
Tỷ lệ kết nối đúng giờ,10,LOG,DVCBN3,2026-09-02,2026,9,2,67.0,92.0
Tỷ lệ kết nối đúng giờ,10,QTI,QTIVC,2026-09-03,2026,9,3,161.0,168.0
Tỷ lệ kết nối đúng giờ,10,CNKT2,DVCMTG,2026-09-05,2026,9,5,123.0,126.0
Tỷ lệ kết nối đúng giờ,10,DTP,DTPVC,2026-08-31,2026,8,31,8.0,8.0
Tỷ lệ kết nối đúng giờ,10,HUE,HUEVC,2026-09-02,2026,9,2,85.0,86.0
Tỷ lệ kết nối đúng giờ,10,BNH,BNHVC,2026-09-05,2026,9,5,390.0,391.0
Tỷ lệ kết nối đúng giờ,10,HUE,HUEVC,2026-09-01,2026,9,1,100.0,100.0
Tỷ lệ kết nối đúng giờ,10,NBH,NBHVC,2026-09-05,2026,9,5,411.0,412.0
Tỷ lệ kết nối đúng giờ,10,PHO,PHOVC,2026-09-01,2026,9,1,330.0,339.0
Tỷ lệ kết nối đúng giờ,10,LCI,LCIVC,2026-09-06,2026,9,6,88.0,88.0
Tỷ lệ kết nối đúng giờ,10,HPG,HPGVC,2026-09-02,2026,9,2,141.0,141.0
Tỷ lệ kết nối đúng giờ,10,LOG,DVCBN3,2026-09-04,2026,9,4,60.0,88.0
Tỷ lệ kết nối đúng giờ,10,THA,THAVC,2026-09-03,2026,9,3,220.0,225.0
Tỷ lệ kết nối đúng giờ,10,CNKT3,DVCMNM,2026-09-07,2026,9,7,603.0,614.0
Tỷ lệ kết nối đúng giờ,10,LOG,DVCBN1,2026-09-01,2026,9,1,103.0,125.0
Tỷ lệ kết nối đúng giờ,10,BNH,BNHVC,2026-09-01,2026,9,1,262.0,266.0
Tỷ lệ kết nối đúng giờ,10,HTH,HTHVC,2026-09-01,2026,9,1,47.0,47.0
Tỷ lệ kết nối đúng giờ,10,CNKT3,DVCTNB,2026-09-05,2026,9,5,184.0,184.0
Tỷ lệ kết nối đúng giờ,10,HPG,HPGVC,2026-09-01,2026,9,1,183.0,184.0
Tỷ lệ kết nối đúng giờ,10,LSN,LSNVC,2026-09-06,2026,9,6,22.0,22.0
Tỷ lệ kết nối đúng giờ,10,LOG,DVCBN4,2026-09-04,2026,9,4,4.0,4.0
Tỷ lệ kết nối đúng giờ,10,DNI,DNIVC,2026-09-06,2026,9,6,401.0,414.0
Tỷ lệ kết nối đúng giờ,10,HCM,HCMVC,2026-09-07,2026,9,7,3243.0,3276.0
Tỷ lệ kết nối đúng giờ,10,TNN,TNNVC,2026-09-07,2026,9,7,149.0,151.0
Tỷ lệ kết nối đúng giờ,10,CMU,CMUVC,2026-09-07,2026,9,7,124.0,125.0
Tỷ lệ kết nối đúng giờ,10,QNH,QNHVC,2026-09-06,2026,9,6,100.0,102.0
Tỷ lệ kết nối đúng giờ,10,CNKT1,DVCHN,2026-09-02,2026,9,2,4.0,6.0
Tỷ lệ kết nối đúng giờ,10,PHO,PHOVC,2026-09-05,2026,9,5,349.0,357.0
Tỷ lệ kết nối đúng giờ,10,HYN,HYNVC,2026-08-31,2026,8,31,1.0,1.0
Tỷ lệ kết nối đúng giờ,10,DBN,DBNVC,2026-09-02,2026,9,2,10.0,10.0
Tỷ lệ kết nối đúng giờ,10,CNKT1,DVCHN,2026-09-05,2026,9,5,19.0,70.0
Tỷ lệ kết nối đúng giờ,10,LOG,DTNBN1,2026-09-03,2026,9,3,101.0,179.0
Tỷ lệ kết nối đúng giờ,10,DNI,DNIVC,2026-09-03,2026,9,3,477.0,495.0
Tỷ lệ kết nối đúng giờ,10,CTO,CTOVC,2026-09-05,2026,9,5,268.0,269.0
Tỷ lệ kết nối đúng giờ,10,DNG,DNGVC,2026-09-08,2026,9,8,347.0,357.0
Tỷ lệ kết nối đúng giờ,10,CNKT1,DVCHN,2026-08-31,2026,8,31,2.0,2.0
Tỷ lệ kết nối đúng giờ,10,DTP,DTPVC,2026-09-01,2026,9,1,129.0,134.0
Tỷ lệ kết nối đúng giờ,10,DBN,DBNVC,2026-09-01,2026,9,1,10.0,10.0
Tỷ lệ kết nối đúng giờ,10,TQG,TQGVC,2026-09-02,2026,9,2,48.0,48.0
Tỷ lệ kết nối đúng giờ,10,CNKT3,DVCMNM,2026-08-31,2026,8,31,71.0,71.0
Tỷ lệ kết nối đúng giờ,10,AGG,AGGVC,2026-09-01,2026,9,1,202.0,217.0
Tỷ lệ kết nối đúng giờ,10,QTI,QTIVC,2026-09-02,2026,9,2,110.0,127.0
Tỷ lệ kết nối đúng giờ,10,LOG,DVCBN3,2026-09-08,2026,9,8,53.0,89.0
Tỷ lệ kết nối đúng giờ,10,HPG,HPGVC,2026-09-08,2026,9,8,298.0,302.0
Tỷ lệ kết nối đúng giờ,10,KHA,KHAVC,2026-09-05,2026,9,5,197.0,197.0
Tỷ lệ kết nối đúng giờ,10,VLG,VLGVC,2026-09-05,2026,9,5,238.0,238.0
Tỷ lệ kết nối đúng giờ,10,DTP,DTPVC,2026-09-03,2026,9,3,207.0,207.0
Tỷ lệ kết nối đúng giờ,10,CNKT3,DVCTNB,2026-09-06,2026,9,6,178.0,180.0
Tỷ lệ kết nối đúng giờ,10,VLG,VLGVC,2026-09-01,2026,9,1,165.0,166.0
Tỷ lệ kết nối đúng giờ,10,TNH,TNHVC,2026-09-05,2026,9,5,225.0,229.0
Tỷ lệ kết nối đúng giờ,10,TQG,TQGVC,2026-09-06,2026,9,6,46.0,49.0
Tỷ lệ kết nối đúng giờ,10,CMU,CMUVC,2026-09-04,2026,9,4,123.0,125.0
Tỷ lệ kết nối đúng giờ,10,HYN,HYNVC,2026-09-06,2026,9,6,207.0,207.0
Tỷ lệ kết nối đúng giờ,10,NBH,NBHVC,2026-08-31,2026,8,31,3.0,3.0
Tỷ lệ kết nối đúng giờ,10,HNI,HNVC,2026-09-08,2026,9,8,3217.0,3431.0
Tỷ lệ kết nối đúng giờ,10,LOG,DVCBN1,2026-09-07,2026,9,7,108.0,144.0
Tỷ lệ kết nối đúng giờ,10,SLA,SLAVC,2026-09-05,2026,9,5,4.0,4.0
Tỷ lệ kết nối đúng giờ,10,QNH,QNHVC,2026-09-02,2026,9,2,69.0,70.0
Tỷ lệ kết nối đúng giờ,10,HYN,HYNVC,2026-09-03,2026,9,3,355.0,355.0
Tỷ lệ kết nối đúng giờ,10,SLA,SLAVC,2026-09-01,2026,9,1,4.0,5.0
Tỷ lệ kết nối đúng giờ,10,THA,THAVC,2026-09-05,2026,9,5,230.0,232.0
Tỷ lệ kết nối đúng giờ,10,AGG,AGGVC,2026-09-06,2026,9,6,159.0,164.0
Tỷ lệ kết nối đúng giờ,10,AGG,AGGVC,2026-09-07,2026,9,7,209.0,223.0
Tỷ lệ kết nối đúng giờ,10,DNI,DNIVC,2026-09-02,2026,9,2,390.0,400.0
Tỷ lệ kết nối đúng giờ,10,NBH,NBHVC,2026-09-08,2026,9,8,431.0,443.0
Tỷ lệ kết nối đúng giờ,10,HCM,HCMVC,2026-08-31,2026,8,31,83.0,83.0
Tỷ lệ kết nối đúng giờ,10,LOG,DVCBN3,2026-09-06,2026,9,6,85.0,110.0
Tỷ lệ kết nối đúng giờ,10,DTP,DTPVC,2026-09-08,2026,9,8,194.0,197.0
Tỷ lệ kết nối đúng giờ,10,LDG,LDGVC,2026-08-31,2026,8,31,2.0,2.0
Tỷ lệ kết nối đúng giờ,10,DNG,DNGVC,2026-09-03,2026,9,3,340.0,350.0
Tỷ lệ kết nối đúng giờ,10,DTP,DTPVC,2026-09-02,2026,9,2,143.0,144.0
Tỷ lệ kết nối đúng giờ,10,TQG,TQGVC,2026-09-03,2026,9,3,57.0,59.0
Tỷ lệ kết nối đúng giờ,10,THA,THAVC,2026-09-04,2026,9,4,231.0,237.0
Tỷ lệ kết nối đúng giờ,10,TNN,TNNVC,2026-09-08,2026,9,8,151.0,152.0
Tỷ lệ kết nối đúng giờ,10,VLG,VLGVC,2026-09-06,2026,9,6,159.0,161.0
Tỷ lệ kết nối đúng giờ,10,QNI,QNIVC,2026-09-05,2026,9,5,174.0,176.0
Tỷ lệ kết nối đúng giờ,10,QTI,QTIVC,2026-09-08,2026,9,8,150.0,158.0
Tỷ lệ kết nối đúng giờ,10,HCM,HCMVC,2026-09-03,2026,9,3,3138.0,3178.0
Tỷ lệ kết nối đúng giờ,10,NAN,NANVC,2026-09-08,2026,9,8,173.0,174.0
Tỷ lệ kết nối đúng giờ,10,CNKT3,DVCMNM,2026-09-05,2026,9,5,662.0,679.0
Tỷ lệ kết nối đúng giờ,10,CMU,CMUVC,2026-09-01,2026,9,1,50.0,53.0
Tỷ lệ kết nối đúng giờ,10,QTI,QTIVC,2026-09-01,2026,9,1,144.0,159.0
Tỷ lệ kết nối đúng giờ,10,QNI,QNIVC,2026-09-04,2026,9,4,156.0,157.0
Tỷ lệ kết nối đúng giờ,10,DNI,DNIVC,2026-09-08,2026,9,8,522.0,539.0
Tỷ lệ kết nối đúng giờ,10,BNH,BNHVC,2026-09-08,2026,9,8,384.0,387.0
Tỷ lệ kết nối đúng giờ,10,THA,THAVC,2026-09-02,2026,9,2,220.0,225.0
Tỷ lệ kết nối đúng giờ,10,HTH,HTHVC,2026-09-07,2026,9,7,74.0,76.0
Tỷ lệ kết nối đúng giờ,10,LOG,DVCBN4,2026-09-03,2026,9,3,1.0,2.0
Tỷ lệ kết nối đúng giờ,10,LSN,LSNVC,2026-09-02,2026,9,2,21.0,21.0
Tỷ lệ kết nối đúng giờ,10,QNH,QNHVC,2026-09-04,2026,9,4,115.0,116.0
Tỷ lệ kết nối đúng giờ,10,DNG,DNGVC,2026-09-01,2026,9,1,229.0,240.0
Tỷ lệ kết nối đúng giờ,10,AGG,AGGVC,2026-09-05,2026,9,5,197.0,222.0
Tỷ lệ kết nối đúng giờ,10,BNH,BNHVC,2026-09-03,2026,9,3,408.0,412.0
Tỷ lệ kết nối đúng giờ,10,QNI,QNIVC,2026-09-02,2026,9,2,148.0,150.0
Tỷ lệ kết nối đúng giờ,10,GLI,GLIVC1,2026-09-06,2026,9,6,209.0,226.0
Tỷ lệ kết nối đúng giờ,10,QNH,QNHVC,2026-09-08,2026,9,8,105.0,108.0
Tỷ lệ kết nối đúng giờ,10,TNH,TNHVC,2026-09-08,2026,9,8,220.0,227.0
Tỷ lệ kết nối đúng giờ,10,CNKT2,DVCMTG,2026-09-02,2026,9,2,99.0,99.0
Tỷ lệ kết nối đúng giờ,10,KHA,KHAVC,2026-09-04,2026,9,4,187.0,189.0
Tỷ lệ kết nối đúng giờ,10,DTP,DTPVC,2026-09-07,2026,9,7,207.0,208.0
Tỷ lệ kết nối đúng giờ,10,LOG,DTNBN1,2026-09-07,2026,9,7,147.0,256.0
Tỷ lệ kết nối đúng giờ,10,CNKT2,DVCMTG,2026-09-04,2026,9,4,122.0,128.0
Tỷ lệ kết nối đúng giờ,10,GLI,GLIVC1,2026-09-04,2026,9,4,218.0,229.0
Tỷ lệ kết nối đúng giờ,10,VLG,VLGVC,2026-09-04,2026,9,4,223.0,226.0
Tỷ lệ kết nối đúng giờ,10,QNI,QNIVC,2026-09-08,2026,9,8,167.0,168.0
Tỷ lệ kết nối đúng giờ,10,CTO,CTOVC,2026-09-04,2026,9,4,254.0,262.0
Tỷ lệ kết nối đúng giờ,10,LOG,DTNBN1,2026-08-31,2026,8,31,27.0,27.0
Tỷ lệ kết nối đúng giờ,10,HTH,HTHVC,2026-09-04,2026,9,4,75.0,76.0
Tỷ lệ kết nối đúng giờ,10,TQG,TQGVC,2026-09-08,2026,9,8,59.0,59.0
Tỷ lệ kết nối đúng giờ,10,KHA,KHAVC,2026-09-02,2026,9,2,160.0,162.0
Tỷ lệ kết nối đúng giờ,10,CNKT2,DVCMTG,2026-09-01,2026,9,1,98.0,98.0
Tỷ lệ kết nối đúng giờ,10,LCI,LCIVC,2026-08-31,2026,8,31,1.0,1.0
Tỷ lệ kết nối đúng giờ,10,HCM,HCMVC,2026-09-05,2026,9,5,3078.0,3121.0
Tỷ lệ kết nối đúng giờ,10,CNKT2,DVCMTG,2026-09-08,2026,9,8,106.0,116.0
Tỷ lệ kết nối đúng giờ,10,HNI,HNVC,2026-09-03,2026,9,3,3212.0,3443.0
Tỷ lệ kết nối đúng giờ,10,PHO,PHOVC,2026-09-08,2026,9,8,354.0,370.0
Tỷ lệ kết nối đúng giờ,10,LCI,LCIVC,2026-09-02,2026,9,2,89.0,89.0
Tỷ lệ kết nối đúng giờ,10,DNG,DNGVC,2026-09-07,2026,9,7,374.0,385.0
Tỷ lệ kết nối đúng giờ,10,HPG,HPGVC,2026-09-05,2026,9,5,317.0,317.0
Tỷ lệ kết nối đúng giờ,10,TQG,TQGVC,2026-09-05,2026,9,5,49.0,64.0
Tỷ lệ kết nối đúng giờ,10,LCI,LCIVC,2026-09-01,2026,9,1,99.0,99.0
Tỷ lệ kết nối đúng giờ,10,THA,THAVC,2026-09-01,2026,9,1,235.0,237.0
Tỷ lệ kết nối đúng giờ,10,QNI,QNIVC,2026-09-03,2026,9,3,161.0,161.0
Tỷ lệ kết nối đúng giờ,10,NAN,NANVC,2026-09-04,2026,9,4,172.0,174.0
Tỷ lệ kết nối đúng giờ,10,CMU,CMUVC,2026-09-02,2026,9,2,52.0,52.0
Tỷ lệ kết nối đúng giờ,10,BNH,BNHVC,2026-08-31,2026,8,31,2.0,2.0
Tỷ lệ kết nối đúng giờ,10,AGG,AGGVC,2026-09-02,2026,9,2,206.0,214.0
Tỷ lệ kết nối đúng giờ,10,QNH,QNHVC,2026-09-03,2026,9,3,109.0,118.0
Tỷ lệ kết nối đúng giờ,10,CNKT3,DVCTNB,2026-09-03,2026,9,3,153.0,153.0
Tỷ lệ kết nối đúng giờ,10,GLI,GLIVC1,2026-09-03,2026,9,3,213.0,222.0
Tỷ lệ kết nối đúng giờ,10,HCM,HCMVC,2026-09-01,2026,9,1,1944.0,1969.0
Tỷ lệ kết nối đúng giờ,10,HNI,HNVC,2026-09-05,2026,9,5,3235.0,3444.0
Tỷ lệ kết nối đúng giờ,10,DLK,DLKVC1,2026-09-05,2026,9,5,251.0,254.0
Tỷ lệ kết nối đúng giờ,10,LOG,DVCBN4,2026-09-02,2026,9,2,2.0,2.0
Tỷ lệ kết nối đúng giờ,10,HNI,HNVC,2026-09-01,2026,9,1,1882.0,2046.0
Tỷ lệ kết nối đúng giờ,10,CMU,CMUVC,2026-09-05,2026,9,5,125.0,125.0
Tỷ lệ kết nối đúng giờ,10,AGG,AGGVC,2026-09-08,2026,9,8,205.0,216.0
Tỷ lệ kết nối đúng giờ,10,NBH,NBHVC,2026-09-01,2026,9,1,308.0,309.0
Tỷ lệ kết nối đúng giờ,10,CNKT3,DVCMNM,2026-09-03,2026,9,3,587.0,600.0
Tỷ lệ kết nối đúng giờ,10,DNI,DNIVC,2026-09-01,2026,9,1,367.0,401.0
Tỷ lệ kết nối đúng giờ,10,KHA,KHAVC,2026-09-06,2026,9,6,186.0,188.0
Tỷ lệ kết nối đúng giờ,10,THA,THAVC,2026-09-07,2026,9,7,227.0,242.0
Tỷ lệ kết nối đúng giờ,10,DNI,DNIVC,2026-09-07,2026,9,7,499.0,512.0
Tỷ lệ kết nối đúng giờ,10,CNKT3,DVCTNB,2026-09-04,2026,9,4,176.0,176.0
Tỷ lệ kết nối đúng giờ,10,LDG,LDGVC,2026-09-07,2026,9,7,305.0,313.0
Tỷ lệ kết nối đúng giờ,10,HTH,HTHVC,2026-09-02,2026,9,2,47.0,47.0
Tỷ lệ kết nối đúng giờ,10,PHO,PHOVC,2026-09-02,2026,9,2,288.0,294.0
Tỷ lệ kết nối đúng giờ,10,CNKT5,DVCMBC,2026-09-06,2026,9,6,1125.0,1133.0
Tỷ lệ kết nối đúng giờ,10,CTO,CTOVC,2026-09-01,2026,9,1,244.0,244.0
Tỷ lệ kết nối đúng giờ,10,TNN,TNNVC,2026-09-04,2026,9,4,151.0,151.0
Tỷ lệ kết nối đúng giờ,10,DTP,DTPVC,2026-09-04,2026,9,4,205.0,207.0
Tỷ lệ kết nối đúng giờ,10,BNH,BNHVC,2026-09-04,2026,9,4,395.0,397.0
Tỷ lệ kết nối đúng giờ,10,CNKT1,DVCHN,2026-09-01,2026,9,1,7.0,10.0
Tỷ lệ kết nối đúng giờ,10,HNI,HNVC,2026-09-06,2026,9,6,1975.0,2092.0
Tỷ lệ kết nối đúng giờ,10,CNKT3,DVCMNM,2026-09-02,2026,9,2,501.0,512.0
Tỷ lệ kết nối đúng giờ,10,LOG,DVCBN3,2026-09-01,2026,9,1,74.0,96.0
Tỷ lệ kết nối đúng giờ,10,HUE,HUEVC,2026-09-07,2026,9,7,104.0,105.0
Tỷ lệ kết nối đúng giờ,10,LOG,DTNBN1,2026-09-08,2026,9,8,127.0,227.0
Tỷ lệ kết nối đúng giờ,10,DLK,DLKVC1,2026-09-02,2026,9,2,211.0,214.0
Tỷ lệ kết nối đúng giờ,10,HYN,HYNVC,2026-09-01,2026,9,1,194.0,198.0
Tỷ lệ kết nối đúng giờ,10,CNKT5,DVCMBC,2026-09-05,2026,9,5,1244.0,1261.0
Tỷ lệ kết nối đúng giờ,10,LOG,DTNBN1,2026-09-05,2026,9,5,151.0,273.0
Tỷ lệ kết nối đúng giờ,10,CMU,CMUVC,2026-09-08,2026,9,8,122.0,124.0
Tỷ lệ kết nối đúng giờ,10,LCI,LCIVC,2026-09-04,2026,9,4,96.0,97.0
Tỷ lệ kết nối đúng giờ,10,QTI,QTIVC,2026-09-06,2026,9,6,115.0,130.0
Tỷ lệ kết nối đúng giờ,10,LOG,DVCBN2,2026-09-07,2026,9,7,7.0,9.0
Tỷ lệ kết nối đúng giờ,10,HTH,HTHVC,2026-09-08,2026,9,8,80.0,81.0
Tỷ lệ kết nối đúng giờ,10,CNKT3,DVCTNB,2026-09-02,2026,9,2,149.0,151.0
Tỷ lệ kết nối đúng giờ,10,TNN,TNNVC,2026-09-01,2026,9,1,137.0,137.0
Tỷ lệ kết nối đúng giờ,10,SLA,SLAVC,2026-09-08,2026,9,8,4.0,4.0
Tỷ lệ kết nối đúng giờ,10,HNI,HNVC,2026-08-31,2026,8,31,126.0,126.0
Tỷ lệ kết nối đúng giờ,10,QNH,QNHVC,2026-09-01,2026,9,1,75.0,75.0
Tỷ lệ kết nối đúng giờ,10,KHA,KHAVC,2026-08-31,2026,8,31,1.0,1.0
Tỷ lệ kết nối đúng giờ,10,CNKT5,DVCMBC,2026-09-08,2026,9,8,1126.0,1157.0
Tỷ lệ kết nối đúng giờ,10,CNKT5,DVCMBC,2026-09-03,2026,9,3,1155.0,1166.0
Tỷ lệ kết nối đúng giờ,10,LOG,DVCBN1,2026-09-03,2026,9,3,95.0,141.0
Tỷ lệ kết nối đúng giờ,10,BNH,BNHVC,2026-09-07,2026,9,7,389.0,392.0
Tỷ lệ kết nối đúng giờ,10,LOG,DVCBN1,2026-09-02,2026,9,2,109.0,147.0
Tỷ lệ kết nối đúng giờ,10,LDG,LDGVC,2026-09-06,2026,9,6,267.0,274.0
Tỷ lệ kết nối đúng giờ,10,PHO,PHOVC,2026-08-31,2026,8,31,2.0,2.0
Tỷ lệ kết nối đúng giờ,10,TQG,TQGVC,2026-09-04,2026,9,4,55.0,59.0
Tỷ lệ kết nối đúng giờ,10,AGG,AGGVC,2026-09-03,2026,9,3,201.0,205.0
Tỷ lệ kết nối đúng giờ,10,CTO,CTOVC,2026-09-02,2026,9,2,245.0,247.0
Tỷ lệ kết nối đúng giờ,10,CMU,CMUVC,2026-09-03,2026,9,3,92.0,92.0
Tỷ lệ kết nối đúng giờ,10,DBN,DBNVC,2026-09-08,2026,9,8,13.0,13.0
Tỷ lệ kết nối đúng giờ,10,TQG,TQGVC,2026-09-07,2026,9,7,54.0,58.0
Tỷ lệ kết nối đúng giờ,10,TNH,TNHVC,2026-09-03,2026,9,3,212.0,219.0
Tỷ lệ kết nối đúng giờ,10,LOG,DTNBN1,2026-09-02,2026,9,2,130.0,220.0
Tỷ lệ kết nối đúng giờ,10,GLI,GLIVC1,2026-09-01,2026,9,1,235.0,239.0
Tỷ lệ kết nối đúng giờ,10,DBN,DBNVC,2026-09-05,2026,9,5,13.0,13.0
Tỷ lệ kết nối đúng giờ,10,PHO,PHOVC,2026-09-03,2026,9,3,339.0,345.0
Tỷ lệ kết nối đúng giờ,10,HNI,HNVC,2026-09-02,2026,9,2,1679.0,1829.0
Tỷ lệ kết nối đúng giờ,10,QTI,QTIVC,2026-09-07,2026,9,7,166.0,175.0
Tỷ lệ kết nối đúng giờ,10,DNI,DNIVC,2026-09-05,2026,9,5,491.0,525.0
Tỷ lệ kết nối đúng giờ,10,DTP,DTPVC,2026-09-05,2026,9,5,210.0,211.0
Tỷ lệ kết nối đúng giờ,10,PHO,PHOVC,2026-09-06,2026,9,6,329.0,333.0
Tỷ lệ kết nối đúng giờ,10,NAN,NANVC,2026-09-02,2026,9,2,143.0,143.0
Tỷ lệ kết nối đúng giờ,10,DTP,DTPVC,2026-09-06,2026,9,6,143.0,144.0
Tỷ lệ kết nối đúng giờ,10,HNI,HNVC,2026-09-07,2026,9,7,3294.0,3550.0
Tỷ lệ kết nối đúng giờ,10,QNH,QNHVC,2026-09-05,2026,9,5,114.0,116.0
Tỷ lệ kết nối đúng giờ,10,TNH,TNHVC,2026-09-01,2026,9,1,180.0,186.0
Tỷ lệ kết nối đúng giờ,10,CNKT3,DVCTNB,2026-08-31,2026,8,31,27.0,27.0
Tỷ lệ kết nối đúng giờ,10,DNG,DNGVC,2026-09-04,2026,9,4,336.0,341.0
Tỷ lệ kết nối đúng giờ,10,VLG,VLGVC,2026-09-02,2026,9,2,179.0,180.0
Tỷ lệ kết nối đúng giờ,10,CNKT1,DVCHN,2026-09-03,2026,9,3,16.0,67.0
Tỷ lệ kết nối đúng giờ,10,PHO,PHOVC,2026-09-04,2026,9,4,347.0,363.0
Tỷ lệ kết nối đúng giờ,10,NAN,NANVC,2026-09-05,2026,9,5,174.0,174.0
Tỷ lệ kết nối đúng giờ,10,CTO,CTOVC,2026-09-08,2026,9,8,253.0,260.0
Tỷ lệ kết nối đúng giờ,10,CNKT2,DVCMTG,2026-09-03,2026,9,3,118.0,120.0
Tỷ lệ kết nối đúng giờ,10,NAN,NANVC,2026-09-03,2026,9,3,160.0,161.0
Tỷ lệ kết nối đúng giờ,10,LOG,DVCBN1,2026-09-04,2026,9,4,103.0,130.0
Tỷ lệ kết nối đúng giờ,10,HUE,HUEVC,2026-09-03,2026,9,3,99.0,102.0
Tỷ lệ kết nối đúng giờ,10,LSN,LSNVC,2026-09-07,2026,9,7,23.0,23.0
Tỷ lệ kết nối đúng giờ,10,HCM,HCMVC,2026-09-04,2026,9,4,3206.0,3247.0
Tỷ lệ kết nối đúng giờ,10,DNG,DNGVC,2026-09-02,2026,9,2,191.0,203.0
Tỷ lệ kết nối đúng giờ,10,LOG,DVCBN4,2026-09-01,2026,9,1,4.0,4.0
Tỷ lệ kết nối đúng giờ,10,HNI,HNVC,2026-09-04,2026,9,4,3361.0,3587.0
Tỷ lệ kết nối đúng giờ,10,TNN,TNNVC,2026-09-05,2026,9,5,139.0,139.0
Tỷ lệ kết nối đúng giờ,10,CNKT2,DVCMTG,2026-09-07,2026,9,7,116.0,121.0
Tỷ lệ kết nối đúng giờ,10,CMU,CMUVC,2026-09-06,2026,9,6,67.0,67.0
Tỷ lệ kết nối đúng giờ,10,LOG,DVCBN2,2026-09-04,2026,9,4,5.0,8.0
Tỷ lệ kết nối đúng giờ,10,CNKT5,DVCMBC,2026-09-01,2026,9,1,975.0,990.0
Tỷ lệ kết nối đúng giờ,10,HUE,HUEVC,2026-09-04,2026,9,4,102.0,103.0
Tỷ lệ kết nối đúng giờ,10,NAN,NANVC,2026-09-07,2026,9,7,173.0,173.0
Tỷ lệ kết nối đúng giờ,10,CTO,CTOVC,2026-09-07,2026,9,7,257.0,260.0
Tỷ lệ kết nối đúng giờ,10,LOG,DVCBN4,2026-09-08,2026,9,8,0.0,1.0
Tỷ lệ kết nối đúng giờ,10,DLK,DLKVC1,2026-09-06,2026,9,6,238.0,240.0
Tỷ lệ kết nối đúng giờ,10,CNKT3,DVCMNM,2026-09-01,2026,9,1,563.0,576.0
Tỷ lệ kết nối đúng giờ,10,LOG,DVCBN4,2026-09-05,2026,9,5,5.0,6.0
Tỷ lệ kết nối đúng giờ,10,NAN,NANVC,2026-09-06,2026,9,6,157.0,158.0
Tỷ lệ kết nối đúng giờ,10,LOG,DVCBN1,2026-08-31,2026,8,31,24.0,24.0
Tỷ lệ kết nối đúng giờ,10,LCI,LCIVC,2026-09-05,2026,9,5,98.0,99.0
Tỷ lệ kết nối đúng giờ,10,TNH,TNHVC,2026-09-06,2026,9,6,184.0,187.0
Tỷ lệ kết nối đúng giờ,10,CNKT3,DVCMNM,2026-09-04,2026,9,4,677.0,693.0
Tỷ lệ kết nối đúng giờ,10,SLA,SLAVC,2026-09-07,2026,9,7,4.0,4.0
Tỷ lệ kết nối đúng giờ,10,LOG,DVCBN2,2026-09-05,2026,9,5,7.0,12.0
Tỷ lệ kết nối đúng giờ,10,HCM,HCMVC,2026-09-02,2026,9,2,1667.0,1696.0
Tỷ lệ kết nối đúng giờ,10,PHO,PHOVC,2026-09-07,2026,9,7,358.0,362.0
Tỷ lệ kết nối đúng giờ,10,GLI,GLIVC1,2026-09-07,2026,9,7,214.0,236.0
Tỷ lệ kết nối đúng giờ,10,QTI,QTIVC,2026-09-05,2026,9,5,156.0,163.0
Tỷ lệ kết nối đúng giờ,10,CNKT1,DVCHN,2026-09-04,2026,9,4,16.0,71.0
Tỷ lệ kết nối đúng giờ,10,KHA,KHAVC,2026-09-01,2026,9,1,165.0,166.0
Tỷ lệ kết nối đúng giờ,10,HTH,HTHVC,2026-09-03,2026,9,3,74.0,76.0
Tỷ lệ kết nối đúng giờ,10,TNH,TNHVC,2026-09-07,2026,9,7,211.0,219.0
Tỷ lệ kết nối đúng giờ,10,HPG,HPGVC,2026-09-07,2026,9,7,309.0,309.0
Tỷ lệ kết nối đúng giờ,10,GLI,GLIVC1,2026-09-05,2026,9,5,212.0,221.0
Tỷ lệ kết nối đúng giờ,10,SLA,SLAVC,2026-09-03,2026,9,3,4.0,4.0
Tỷ lệ kết nối đúng giờ,10,CNKT1,DVCHN,2026-09-07,2026,9,7,18.0,67.0
Tỷ lệ kết nối đúng giờ,10,HCM,HCMVC,2026-09-06,2026,9,6,1928.0,1962.0
Tỷ lệ kết nối đúng giờ,10,KHA,KHAVC,2026-09-03,2026,9,3,186.0,188.0
Tỷ lệ kết nối đúng giờ,10,DBN,DBNVC,2026-09-03,2026,9,3,13.0,13.0
Tỷ lệ kết nối đúng giờ,10,DNG,DNGVC,2026-09-06,2026,9,6,231.0,242.0
Tỷ lệ kết nối đúng giờ,10,CNKT2,DVCMTG,2026-09-06,2026,9,6,99.0,102.0
Tỷ lệ kết nối đúng giờ,10,HYN,HYNVC,2026-09-02,2026,9,2,189.0,189.0
Tỷ lệ kết nối đúng giờ,10,HYN,HYNVC,2026-09-08,2026,9,8,357.0,357.0
Tỷ lệ kết nối đúng giờ,10,TNN,TNNVC,2026-09-02,2026,9,2,80.0,83.0
Tỷ lệ kết nối đúng giờ,10,CNKT5,DVCMBC,2026-09-02,2026,9,2,965.0,977.0
Tỷ lệ kết nối đúng giờ,10,CNKT3,DVCMNM,2026-09-06,2026,9,6,569.0,581.0
Tỷ lệ kết nối đúng giờ,10,BNH,BNHVC,2026-09-02,2026,9,2,231.0,238.0
Hiệu quả xe nội tỉnh chiều đi,8,CTO,HUBCTO,2026-09-03,2026,9,3,46353.51999999999,119400.0
Hiệu quả xe nội tỉnh chiều đi,8,CTO,HUBCTO,2026-09-01,2026,9,1,51330.43000000001,109800.0
Hiệu quả xe nội tỉnh chiều đi,8,DBN,HUBDBN,2026-09-07,2026,9,7,2350.48,3300.0
Hiệu quả xe nội tỉnh chiều đi,8,BNH,HUBBGG,2026-09-08,2026,9,8,84365.74000000002,110100.0
Hiệu quả xe nội tỉnh chiều đi,8,LSN,HUBLSN,2026-09-04,2026,9,4,5362.19,15750.0
Hiệu quả xe nội tỉnh chiều đi,8,GLI,HUBBHD,2026-09-08,2026,9,8,31196.489999999998,33150.0
Hiệu quả xe nội tỉnh chiều đi,8,DLK,HUBDLK,2026-09-04,2026,9,4,44817.24,92450.0
Hiệu quả xe nội tỉnh chiều đi,8,HCM,HUBTDC,2026-09-05,2026,9,5,57440.11999999999,77940.0
Hiệu quả xe nội tỉnh chiều đi,8,HCM,HUBBDG,2026-09-06,2026,9,6,53514.729999999996,65700.0
Hiệu quả xe nội tỉnh chiều đi,8,HNI,BBSDPG,2026-09-03,2026,9,3,40926.61,145500.0
Hiệu quả xe nội tỉnh chiều đi,8,HPG,HUBHDG,2026-09-08,2026,9,8,75349.52,114650.0
Hiệu quả xe nội tỉnh chiều đi,8,HPG,HUBHDG,2026-09-07,2026,9,7,69318.21000000002,119750.0
Hiệu quả xe nội tỉnh chiều đi,8,HPG,HUBHPG,2026-09-07,2026,9,7,71475.20000000001,100060.0
Hiệu quả xe nội tỉnh chiều đi,8,PHO,HUBHBH,2026-09-07,2026,9,7,15436.749999999998,18500.0
Hiệu quả xe nội tỉnh chiều đi,8,PHO,HUBPHO,2026-09-04,2026,9,4,33600.159999999996,57100.0
Hiệu quả xe nội tỉnh chiều đi,8,QTI,HUBQBH,2026-09-04,2026,9,4,14088.19,22450.0
Hiệu quả xe nội tỉnh chiều đi,8,KHA,HUBKHA,2026-09-05,2026,9,5,28732.510000000006,55550.0
Hiệu quả xe nội tỉnh chiều đi,8,KHA,HUBNTN,2026-09-03,2026,9,3,9245.050000000001,15350.0
Hiệu quả xe nội tỉnh chiều đi,8,LDG,HUBBTN,2026-09-05,2026,9,5,1642.51,3500.0
Hiệu quả xe nội tỉnh chiều đi,8,NAN,HUBNAN,2026-09-05,2026,9,5,71056.67000000001,89830.0
Hiệu quả xe nội tỉnh chiều đi,8,SLA,HUBSLA,2026-09-08,2026,9,8,1695.6,900.0
Hiệu quả xe nội tỉnh chiều đi,8,SLA,HUBSLA,2026-09-07,2026,9,7,638.97,900.0
Hiệu quả xe nội tỉnh chiều đi,8,VLG,HUBTVH,2026-09-04,2026,9,4,16451.06,18650.0
Hiệu quả xe nội tỉnh chiều đi,8,CTO,HUBCTO,2026-09-05,2026,9,5,57911.04,122600.0
Hiệu quả xe nội tỉnh chiều đi,8,DNI,HUBDNI,2026-09-03,2026,9,3,70714.15,143750.0
Hiệu quả xe nội tỉnh chiều đi,8,DTP,HUBDTP,2026-09-08,2026,9,8,44400.06,78300.0
Hiệu quả xe nội tỉnh chiều đi,8,DNG,HUBDNG,2026-09-04,2026,9,4,31750.530000000002,41850.0
Hiệu quả xe nội tỉnh chiều đi,8,DNG,HUBDNG,2026-09-07,2026,9,7,51717.86,55750.0
Hiệu quả xe nội tỉnh chiều đi,8,DNI,HUBBPC,2026-09-03,2026,9,3,33078.04000000001,48200.0
Hiệu quả xe nội tỉnh chiều đi,8,HCM,HUBBDG,2026-09-05,2026,9,5,47845.119999999995,78000.0
Hiệu quả xe nội tỉnh chiều đi,8,HCM,HUBVTU,2026-09-08,2026,9,8,50074.42,77450.0
Hiệu quả xe nội tỉnh chiều đi,8,HNI,HUBLBN,2026-09-06,2026,9,6,70423.64,112250.0
Hiệu quả xe nội tỉnh chiều đi,8,HNI,BBSDPG,2026-09-01,2026,9,1,53042.090000000004,129600.0
Hiệu quả xe nội tỉnh chiều đi,8,HNI,HUBTTI,2026-08-31,2026,8,31,9327.27,13100.0
Hiệu quả xe nội tỉnh chiều đi,8,HNI,HUBYAN,2026-09-04,2026,9,4,72849.94,150550.0
Hiệu quả xe nội tỉnh chiều đi,8,HNI,BBSDPG,2026-09-05,2026,9,5,61883.73000000001,156700.0
Hiệu quả xe nội tỉnh chiều đi,8,HPG,HUBHDG,2026-09-04,2026,9,4,53459.83,115250.0
Hiệu quả xe nội tỉnh chiều đi,8,HYN,HUBHYN,2026-09-08,2026,9,8,126977.93000000004,99600.0
Hiệu quả xe nội tỉnh chiều đi,8,PHO,HUBVPC,2026-09-04,2026,9,4,65993.61000000003,100300.0
Hiệu quả xe nội tỉnh chiều đi,8,PHO,HUBPHO,2026-09-08,2026,9,8,37337.719999999994,54600.0
Hiệu quả xe nội tỉnh chiều đi,8,PHO,HUBVPC,2026-09-06,2026,9,6,64115.98999999999,90500.0
Hiệu quả xe nội tỉnh chiều đi,8,LCI,HUBLCI01,2026-09-07,2026,9,7,18066.6,16000.0
Hiệu quả xe nội tỉnh chiều đi,8,LDG,HUBLDG03,2026-09-07,2026,9,7,24683.329999999994,23750.0
Hiệu quả xe nội tỉnh chiều đi,8,LDG,HUBLDG01,2026-09-04,2026,9,4,27148.56,53800.0
Hiệu quả xe nội tỉnh chiều đi,8,NBH,HUBNBH,2026-09-08,2026,9,8,43572.01,57160.0
Hiệu quả xe nội tỉnh chiều đi,8,NBH,HUBHNM,2026-09-03,2026,9,3,54558.810000000005,93500.0
Hiệu quả xe nội tỉnh chiều đi,8,SLA,HUBSLA,2026-09-05,2026,9,5,1006.8,900.0
Hiệu quả xe nội tỉnh chiều đi,8,SLA,HUBSLA,2026-09-01,2026,9,1,799.01,900.0
Hiệu quả xe nội tỉnh chiều đi,8,TNN,HUBTNN,2026-09-06,2026,9,6,30152.870000000003,61010.0
Hiệu quả xe nội tỉnh chiều đi,8,DNI,HUBDNI,2026-09-02,2026,9,2,90404.61999999997,129850.0
Hiệu quả xe nội tỉnh chiều đi,8,DNI,HUBBPC,2026-09-06,2026,9,6,39840.689999999995,49400.0
Hiệu quả xe nội tỉnh chiều đi,8,DNI,HUBDNI,2026-09-04,2026,9,4,116925.02999999998,159050.0
Hiệu quả xe nội tỉnh chiều đi,8,DNI,HUBBPC,2026-09-04,2026,9,4,32890.85999999999,50100.0
Hiệu quả xe nội tỉnh chiều đi,8,DTP,HUBDTP,2026-09-05,2026,9,5,45987.36,78900.0
Hiệu quả xe nội tỉnh chiều đi,8,AGG,HUBAGG,2026-09-05,2026,9,5,50175.79,69900.0
Hiệu quả xe nội tỉnh chiều đi,8,GLI,HUBGLI,2026-09-04,2026,9,4,34700.03,53280.0
Hiệu quả xe nội tỉnh chiều đi,8,GLI,HUBGLI,2026-09-05,2026,9,5,40052.119999999995,50800.0
Hiệu quả xe nội tỉnh chiều đi,8,HNI,HUBYAN,2026-09-06,2026,9,6,70595.56,130650.0
Hiệu quả xe nội tỉnh chiều đi,8,HYN,HUBTBH,2026-09-02,2026,9,2,26821.66,52000.0
Hiệu quả xe nội tỉnh chiều đi,8,PHO,HUBHBH,2026-09-04,2026,9,4,22114.9,18500.0
Hiệu quả xe nội tỉnh chiều đi,8,QTI,HUBQTI,2026-09-08,2026,9,8,16014.15,15020.0
Hiệu quả xe nội tỉnh chiều đi,8,NBH,HUBHNM,2026-09-07,2026,9,7,54474.62,93500.0
Hiệu quả xe nội tỉnh chiều đi,8,NBH,HUBNDH,2026-09-04,2026,9,4,49401.859999999986,81600.0
Hiệu quả xe nội tỉnh chiều đi,8,NBH,HUBNDH,2026-09-02,2026,9,2,27442.98,72700.0
Hiệu quả xe nội tỉnh chiều đi,8,SLA,HUBSLA,2026-09-04,2026,9,4,751.49,900.0
Hiệu quả xe nội tỉnh chiều đi,8,THA,HUBTHA,2026-09-05,2026,9,5,76390.3,144800.0
Hiệu quả xe nội tỉnh chiều đi,8,CTO,HUBSTG,2026-09-02,2026,9,2,2749.23,5100.0
Hiệu quả xe nội tỉnh chiều đi,8,AGG,HUBKGG01,2026-09-02,2026,9,2,34407.799999999996,33700.0
Hiệu quả xe nội tỉnh chiều đi,8,BNH,HUBBNH,2026-09-01,2026,9,1,39307.04,51400.0
Hiệu quả xe nội tỉnh chiều đi,8,GLI,HUBBHD,2026-09-03,2026,9,3,17573.48,26750.0
Hiệu quả xe nội tỉnh chiều đi,8,HCM,HUBTAN,2026-09-04,2026,9,4,30837.0,63450.0
Hiệu quả xe nội tỉnh chiều đi,8,DNG,HUBDNG,2026-09-01,2026,9,1,24031.350000000002,43700.0
Hiệu quả xe nội tỉnh chiều đi,8,HCM,HUBTAN,2026-09-01,2026,9,1,30462.199999999997,38500.0
Hiệu quả xe nội tỉnh chiều đi,8,HNI,HUBYAN,2026-09-08,2026,9,8,70458.67,115350.0
Hiệu quả xe nội tỉnh chiều đi,8,HNI,HUBLBN,2026-09-03,2026,9,3,39947.57,137550.0
Hiệu quả xe nội tỉnh chiều đi,8,HPG,HUBHPG,2026-09-02,2026,9,2,32766.55,65750.0
Hiệu quả xe nội tỉnh chiều đi,8,HPG,HUBHDG,2026-09-02,2026,9,2,38445.51,52000.0
Hiệu quả xe nội tỉnh chiều đi,8,HTH,HUBHTH,2026-09-04,2026,9,4,18756.71,37900.0
Hiệu quả xe nội tỉnh chiều đi,8,HTH,HUBHTH,2026-09-03,2026,9,3,22050.29,37900.0
Hiệu quả xe nội tỉnh chiều đi,8,PHO,HUBHBH,2026-09-08,2026,9,8,22750.69,18500.0
Hiệu quả xe nội tỉnh chiều đi,8,QTI,HUBQBH,2026-09-01,2026,9,1,20393.030000000002,22450.0
Hiệu quả xe nội tỉnh chiều đi,8,LDG,HUBLDG01,2026-09-05,2026,9,5,31388.52999999999,53800.0
Hiệu quả xe nội tỉnh chiều đi,8,NAN,HUBNAN,2026-09-08,2026,9,8,66293.53,89830.0
Hiệu quả xe nội tỉnh chiều đi,8,NBH,HUBHNM,2026-09-04,2026,9,4,61648.53999999999,86500.0
Hiệu quả xe nội tỉnh chiều đi,8,NBH,HUBNDH,2026-09-01,2026,9,1,39753.79,74600.0
Hiệu quả xe nội tỉnh chiều đi,8,SLA,HUBSLA,2026-09-03,2026,9,3,497.95,900.0
Hiệu quả xe nội tỉnh chiều đi,8,TNH,HUBLAN,2026-09-07,2026,9,7,53350.21,91700.0
Hiệu quả xe nội tỉnh chiều đi,8,VLG,HUBVLG,2026-09-03,2026,9,3,14058.679999999998,28400.0
Hiệu quả xe nội tỉnh chiều đi,8,CTO,HUBCTO,2026-09-06,2026,9,6,71126.20999999999,122000.0
Hiệu quả xe nội tỉnh chiều đi,8,DBN,HUBDBN,2026-09-03,2026,9,3,2245.7400000000002,3300.0
Hiệu quả xe nội tỉnh chiều đi,8,DTP,HUBTGG,2026-09-02,2026,9,2,44513.86000000001,53400.0
Hiệu quả xe nội tỉnh chiều đi,8,AGG,HUBKGG01,2026-09-06,2026,9,6,31398.31,28500.0
Hiệu quả xe nội tỉnh chiều đi,8,BNH,HUBBNH,2026-09-08,2026,9,8,63611.95999999999,108200.0
Hiệu quả xe nội tỉnh chiều đi,8,BNH,HUBBGG,2026-09-05,2026,9,5,60628.020000000004,101600.0
Hiệu quả xe nội tỉnh chiều đi,8,BNH,HUBBNH,2026-09-05,2026,9,5,62421.25,118300.0
Hiệu quả xe nội tỉnh chiều đi,8,BNH,HUBBGG,2026-09-06,2026,9,6,62484.3,103700.0
Hiệu quả xe nội tỉnh chiều đi,8,HCM,HUBTTO,2026-09-05,2026,9,5,72404.42,95600.0
Hiệu quả xe nội tỉnh chiều đi,8,HCM,HUBTAN,2026-09-06,2026,9,6,31490.01,43600.0
Hiệu quả xe nội tỉnh chiều đi,8,HNI,HUBTTI,2026-09-08,2026,9,8,111933.14000000001,231150.0
Hiệu quả xe nội tỉnh chiều đi,8,HNI,BBSDPG,2026-09-04,2026,9,4,70654.16,149300.0
Hiệu quả xe nội tỉnh chiều đi,8,HPG,HUBHPG,2026-09-05,2026,9,5,83080.81,95560.0
Hiệu quả xe nội tỉnh chiều đi,8,HPG,HUBHPG,2026-09-06,2026,9,6,69838.99,79660.0
Hiệu quả xe nội tỉnh chiều đi,8,HTH,HUBHTH,2026-09-08,2026,9,8,24770.88,37900.0
Hiệu quả xe nội tỉnh chiều đi,8,HUE,HUBHUE,2026-09-03,2026,9,3,14987.089999999997,33600.0
Hiệu quả xe nội tỉnh chiều đi,8,QNH,HUBQNH,2026-09-06,2026,9,6,39506.4,46350.0
Hiệu quả xe nội tỉnh chiều đi,8,QNI,HUBKTM,2026-09-03,2026,9,3,10851.55,13400.0
Hiệu quả xe nội tỉnh chiều đi,8,LDG,HUBLDG01,2026-09-06,2026,9,6,35904.520000000004,41300.0
Hiệu quả xe nội tỉnh chiều đi,8,LDG,HUBBTN,2026-09-04,2026,9,4,2292.51,3500.0
Hiệu quả xe nội tỉnh chiều đi,8,NBH,HUBNDH,2026-09-08,2026,9,8,54392.12,81600.0
Hiệu quả xe nội tỉnh chiều đi,8,THA,HUBTHA,2026-09-03,2026,9,3,51083.54,139150.0
Hiệu quả xe nội tỉnh chiều đi,8,TNH,HUBLAN,2026-09-01,2026,9,1,52553.81,73050.0
Hiệu quả xe nội tỉnh chiều đi,8,VLG,HUBTVH,2026-09-01,2026,9,1,22926.620000000003,16800.0
Hiệu quả xe nội tỉnh chiều đi,8,CTO,HUBSTG,2026-09-03,2026,9,3,1038.45,5100.0
Hiệu quả xe nội tỉnh chiều đi,8,DLK,HUBDLK,2026-09-08,2026,9,8,74951.65,101850.0
Hiệu quả xe nội tỉnh chiều đi,8,DNI,HUBBPC,2026-09-02,2026,9,2,35135.530000000006,44900.0
Hiệu quả xe nội tỉnh chiều đi,8,AGG,HUBKGG01,2026-09-04,2026,9,4,28242.200000000004,33700.0
Hiệu quả xe nội tỉnh chiều đi,8,HCM,HUBTTO,2026-09-07,2026,9,7,66301.11000000002,107780.0
Hiệu quả xe nội tỉnh chiều đi,8,HCM,HUBTAN,2026-09-03,2026,9,3,29390.760000000002,66750.0
Hiệu quả xe nội tỉnh chiều đi,8,DNG,HUBQNM,2026-09-03,2026,9,3,29067.220000000005,46150.0
Hiệu quả xe nội tỉnh chiều đi,8,DNG,HUBDNG,2026-09-06,2026,9,6,47700.73999999999,43700.0
Hiệu quả xe nội tỉnh chiều đi,8,HNI,HUBTTI,2026-09-04,2026,9,4,99816.54000000001,241280.0
Hiệu quả xe nội tỉnh chiều đi,8,HNI,HUBTTI,2026-09-05,2026,9,5,99429.14000000001,226700.0
Hiệu quả xe nội tỉnh chiều đi,8,HNI,BBSDPG,2026-08-31,2026,8,31,1922.66,8000.0
Hiệu quả xe nội tỉnh chiều đi,8,HUE,HUBHUE,2026-09-04,2026,9,4,12986.859999999999,31130.0
Hiệu quả xe nội tỉnh chiều đi,8,HYN,HUBHYN,2026-09-05,2026,9,5,97320.94999999998,90000.0
Hiệu quả xe nội tỉnh chiều đi,8,QNI,HUBKTM,2026-09-04,2026,9,4,8508.369999999999,9900.0
Hiệu quả xe nội tỉnh chiều đi,8,QNI,HUBKTM,2026-09-01,2026,9,1,9718.02,11750.0
Hiệu quả xe nội tỉnh chiều đi,8,HYN,HUBTBH,2026-09-08,2026,9,8,46892.780000000006,68050.0
Hiệu quả xe nội tỉnh chiều đi,8,LCI,HUBYBN,2026-09-07,2026,9,7,17637.37,16500.0
Hiệu quả xe nội tỉnh chiều đi,8,LDG,HUBLDG03,2026-09-02,2026,9,2,14015.660000000002,18800.0
Hiệu quả xe nội tỉnh chiều đi,8,LDG,HUBLDG03,2026-09-01,2026,9,1,23043.94,23750.0
Hiệu quả xe nội tỉnh chiều đi,8,LDG,HUBLDG01,2026-09-07,2026,9,7,45763.69,53800.0
Hiệu quả xe nội tỉnh chiều đi,8,LDG,HUBLDG01,2026-09-08,2026,9,8,40412.86,53800.0
Hiệu quả xe nội tỉnh chiều đi,8,LDG,HUBBTN,2026-09-06,2026,9,6,1870.68,3500.0
Hiệu quả xe nội tỉnh chiều đi,8,TNH,HUBTNH,2026-09-02,2026,9,2,28130.09,47350.0
Hiệu quả xe nội tỉnh chiều đi,8,TNN,HUBTNN,2026-09-02,2026,9,2,18854.39,32160.0
Hiệu quả xe nội tỉnh chiều đi,8,VLG,HUBBTE,2026-09-05,2026,9,5,36556.31,62300.0
Hiệu quả xe nội tỉnh chiều đi,8,CMU,HUBCMU,2026-09-01,2026,9,1,28762.41,20250.0
Hiệu quả xe nội tỉnh chiều đi,8,CMU,HUBBLU,2026-09-08,2026,9,8,15058.1,13500.0
Hiệu quả xe nội tỉnh chiều đi,8,CMU,HUBBLU,2026-09-03,2026,9,3,21210.52,13500.0
Hiệu quả xe nội tỉnh chiều đi,8,CMU,HUBCMU,2026-09-02,2026,9,2,35793.67,25250.0
Hiệu quả xe nội tỉnh chiều đi,8,CMU,HUBBLU,2026-09-04,2026,9,4,13557.3,13500.0
Hiệu quả xe nội tỉnh chiều đi,8,DBN,HUBDBN,2026-09-02,2026,9,2,1290.98,1650.0
Hiệu quả xe nội tỉnh chiều đi,8,DTP,HUBDTP,2026-09-01,2026,9,1,35766.57000000001,47250.0
Hiệu quả xe nội tỉnh chiều đi,8,DTP,HUBTGG,2026-09-05,2026,9,5,53098.84,68150.0
Hiệu quả xe nội tỉnh chiều đi,8,AGG,HUBAGG,2026-09-01,2026,9,1,61649.7,71600.0
Hiệu quả xe nội tỉnh chiều đi,8,AGG,HUBKGG01,2026-09-08,2026,9,8,38998.91,33700.0
Hiệu quả xe nội tỉnh chiều đi,8,HCM,HUBTAN,2026-09-07,2026,9,7,37150.96,62250.0
Hiệu quả xe nội tỉnh chiều đi,8,HCM,HUBTTO,2026-09-04,2026,9,4,67217.84999999998,100900.0
Hiệu quả xe nội tỉnh chiều đi,8,PHO,HUBPHO,2026-09-03,2026,9,3,23471.63,57100.0
Hiệu quả xe nội tỉnh chiều đi,8,QTI,HUBQTI,2026-09-03,2026,9,3,12330.980000000001,26640.0
Hiệu quả xe nội tỉnh chiều đi,8,LCI,HUBLCI01,2026-09-08,2026,9,8,20628.120000000003,16000.0
Hiệu quả xe nội tỉnh chiều đi,8,LDG,HUBLDG03,2026-09-06,2026,9,6,19141.019999999997,18800.0
Hiệu quả xe nội tỉnh chiều đi,8,LSN,HUBLSN,2026-09-05,2026,9,5,8145.2699999999995,10650.0
Hiệu quả xe nội tỉnh chiều đi,8,TNH,HUBLAN,2026-09-04,2026,9,4,45973.04,90700.0
Hiệu quả xe nội tỉnh chiều đi,8,TNN,HUBTNN,2026-09-08,2026,9,8,34098.56,59990.0
Hiệu quả xe nội tỉnh chiều đi,8,VLG,HUBTVH,2026-09-08,2026,9,8,18035.02,25300.0
Hiệu quả xe nội tỉnh chiều đi,8,VLG,HUBTVH,2026-09-05,2026,9,5,21871.01,25300.0
Hiệu quả xe nội tỉnh chiều đi,8,CMU,HUBBLU,2026-09-07,2026,9,7,18899.59,13500.0
Hiệu quả xe nội tỉnh chiều đi,8,DLK,HUBPYN,2026-09-02,2026,9,2,16017.13,26245.0
Hiệu quả xe nội tỉnh chiều đi,8,DNI,HUBDNI,2026-09-05,2026,9,5,99333.10999999997,161950.0
Hiệu quả xe nội tỉnh chiều đi,8,BNH,HUBBNH,2026-09-03,2026,9,3,54545.670000000006,118300.0
Hiệu quả xe nội tỉnh chiều đi,8,GLI,HUBGLI,2026-09-07,2026,9,7,55321.670000000006,55750.0
Hiệu quả xe nội tỉnh chiều đi,8,HCM,HUBTTO,2026-09-06,2026,9,6,73370.08,96450.0
Hiệu quả xe nội tỉnh chiều đi,8,HCM,HUBBDG,2026-09-07,2026,9,7,40065.59,77300.0
Hiệu quả xe nội tỉnh chiều đi,8,DNG,HUBQNM,2026-09-08,2026,9,8,42297.34,48250.0
Hiệu quả xe nội tỉnh chiều đi,8,DNG,HUBQNM,2026-09-01,2026,9,1,30736.679999999993,35950.0
Hiệu quả xe nội tỉnh chiều đi,8,DNG,HUBQNM,2026-09-07,2026,9,7,39301.03999999999,46600.0
Hiệu quả xe nội tỉnh chiều đi,8,HNI,BBSDPG,2026-09-08,2026,9,8,65535.750000000015,153300.0
Hiệu quả xe nội tỉnh chiều đi,8,HNI,BBSDPG,2026-09-07,2026,9,7,61051.08,162200.0
Hiệu quả xe nội tỉnh chiều đi,8,HNI,HUBLBN,2026-09-04,2026,9,4,69965.17,157450.0
Hiệu quả xe nội tỉnh chiều đi,8,HPG,HUBHPG,2026-09-04,2026,9,4,58278.37,89440.0
Hiệu quả xe nội tỉnh chiều đi,8,HTH,HUBHTH,2026-09-06,2026,9,6,17192.1,23400.0
Hiệu quả xe nội tỉnh chiều đi,8,HTH,HUBHTH,2026-09-07,2026,9,7,27838.789999999997,37900.0
Hiệu quả xe nội tỉnh chiều đi,8,PHO,HUBVPC,2026-09-02,2026,9,2,56014.530000000006,80300.0
Hiệu quả xe nội tỉnh chiều đi,8,QNH,HUBQNH,2026-09-08,2026,9,8,48382.53,53850.0
Hiệu quả xe nội tỉnh chiều đi,8,QNI,HUBQNI,2026-09-03,2026,9,3,17365.34,17840.0
Hiệu quả xe nội tỉnh chiều đi,8,LCI,HUBLCI01,2026-09-04,2026,9,4,16608.1,16000.0
Hiệu quả xe nội tỉnh chiều đi,8,LDG,HUBBTN,2026-09-07,2026,9,7,596.4,3500.0
Hiệu quả xe nội tỉnh chiều đi,8,LDG,HUBLDG03,2026-09-04,2026,9,4,17965.670000000002,20450.0
Hiệu quả xe nội tỉnh chiều đi,8,THA,HUBTHA,2026-09-07,2026,9,7,71680.98,147400.0
Hiệu quả xe nội tỉnh chiều đi,8,TNH,HUBLAN,2026-09-06,2026,9,6,56174.61,75650.0
Hiệu quả xe nội tỉnh chiều đi,8,TQG,HUBHGG,2026-09-05,2026,9,5,3536.96,4150.0
Hiệu quả xe nội tỉnh chiều đi,8,TQG,HUBHGG,2026-09-07,2026,9,7,5620.94,4150.0
Hiệu quả xe nội tỉnh chiều đi,8,VLG,HUBBTE,2026-09-02,2026,9,2,22574.02,34650.0
Hiệu quả xe nội tỉnh chiều đi,8,VLG,HUBVLG,2026-09-06,2026,9,6,18997.2,32500.0
Hiệu quả xe nội tỉnh chiều đi,8,DNI,HUBDNI,2026-09-01,2026,9,1,97660.33000000002,129850.0
Hiệu quả xe nội tỉnh chiều đi,8,DNI,HUBBPC,2026-09-01,2026,9,1,36366.44,46800.0
Hiệu quả xe nội tỉnh chiều đi,8,DTP,HUBTGG,2026-09-01,2026,9,1,46258.18000000001,48400.0
Hiệu quả xe nội tỉnh chiều đi,8,AGG,HUBKGG01,2026-09-05,2026,9,5,31268.469999999998,34550.0
Hiệu quả xe nội tỉnh chiều đi,8,BNH,HUBBGG,2026-09-01,2026,9,1,54266.549999999996,107650.0
Hiệu quả xe nội tỉnh chiều đi,8,LSN,HUBLSN,2026-09-03,2026,9,3,6232.68,15750.0
Hiệu quả xe nội tỉnh chiều đi,8,GLI,HUBGLI,2026-09-06,2026,9,6,38548.26,52450.0
Hiệu quả xe nội tỉnh chiều đi,8,HCM,HUBTDC,2026-09-07,2026,9,7,50928.37999999999,77440.0
Hiệu quả xe nội tỉnh chiều đi,8,HCM,HUBTDC,2026-09-08,2026,9,8,72975.14,76290.0
Hiệu quả xe nội tỉnh chiều đi,8,DNG,HUBDNG,2026-09-08,2026,9,8,37932.67,39900.0
Hiệu quả xe nội tỉnh chiều đi,8,DNG,HUBQNM,2026-09-02,2026,9,2,23760.89,26700.0
Hiệu quả xe nội tỉnh chiều đi,8,HPG,HUBHDG,2026-09-06,2026,9,6,54495.28999999999,67750.0
Hiệu quả xe nội tỉnh chiều đi,8,HUE,HUBHUE,2026-09-01,2026,9,1,17839.589999999997,37730.0
Hiệu quả xe nội tỉnh chiều đi,8,HYN,HUBTBH,2026-09-07,2026,9,7,38980.06,68050.0
Hiệu quả xe nội tỉnh chiều đi,8,PHO,HUBPHO,2026-09-07,2026,9,7,27816.190000000002,59950.0
Hiệu quả xe nội tỉnh chiều đi,8,PHO,HUBPHO,2026-09-05,2026,9,5,37694.85,59950.0
Hiệu quả xe nội tỉnh chiều đi,8,PHO,HUBHBH,2026-09-03,2026,9,3,23424.57,18500.0
Hiệu quả xe nội tỉnh chiều đi,8,QNI,HUBQNI,2026-09-07,2026,9,7,23310.21,21140.0
Hiệu quả xe nội tỉnh chiều đi,8,QTI,HUBQTI,2026-09-01,2026,9,1,13685.88,21540.0
Hiệu quả xe nội tỉnh chiều đi,8,LDG,HUBLDG01,2026-09-01,2026,9,1,30106.310000000005,48650.0
Hiệu quả xe nội tỉnh chiều đi,8,LDG,HUBLDG03,2026-09-08,2026,9,8,23266.810000000005,22100.0
Hiệu quả xe nội tỉnh chiều đi,8,LSN,HUBLSN,2026-09-02,2026,9,2,5363.87,10650.0
Hiệu quả xe nội tỉnh chiều đi,8,NAN,HUBNAN,2026-09-04,2026,9,4,54179.61,89930.0
Hiệu quả xe nội tỉnh chiều đi,8,NAN,HUBNAN,2026-09-06,2026,9,6,74270.94000000002,85430.0
Hiệu quả xe nội tỉnh chiều đi,8,NBH,HUBNDH,2026-09-05,2026,9,5,56733.87,85100.0
Hiệu quả xe nội tỉnh chiều đi,8,NBH,HUBNDH,2026-09-03,2026,9,3,40314.82,83900.0
Hiệu quả xe nội tỉnh chiều đi,8,TNH,HUBLAN,2026-09-08,2026,9,8,58846.259999999995,86050.0
Hiệu quả xe nội tỉnh chiều đi,8,TQG,HUBTQG,2026-09-02,2026,9,2,7858.88,6600.0
Hiệu quả xe nội tỉnh chiều đi,8,VLG,HUBBTE,2026-09-01,2026,9,1,30982.370000000003,45650.0
Hiệu quả xe nội tỉnh chiều đi,8,VLG,HUBVLG,2026-09-01,2026,9,1,18842.86,28400.0
Hiệu quả xe nội tỉnh chiều đi,8,CTO,HUBCTO,2026-09-02,2026,9,2,54870.529999999984,114900.0
Hiệu quả xe nội tỉnh chiều đi,8,CTO,HUBCTO,2026-09-07,2026,9,7,56676.5,116900.0
Hiệu quả xe nội tỉnh chiều đi,8,DLK,HUBPYN,2026-09-08,2026,9,8,19620.129999999997,26245.0
Hiệu quả xe nội tỉnh chiều đi,8,DLK,HUBPYN,2026-09-01,2026,9,1,16385.620000000003,26245.0
Hiệu quả xe nội tỉnh chiều đi,8,DNI,HUBDNI,2026-09-06,2026,9,6,98576.01,125250.0
Hiệu quả xe nội tỉnh chiều đi,8,DTP,HUBDTP,2026-09-02,2026,9,2,44066.020000000004,56850.0
Hiệu quả xe nội tỉnh chiều đi,8,AGG,HUBKGG01,2026-09-03,2026,9,3,20410.78,33700.0
Hiệu quả xe nội tỉnh chiều đi,8,BNH,HUBBNH,2026-09-04,2026,9,4,64911.54,113300.0
Hiệu quả xe nội tỉnh chiều đi,8,GLI,HUBGLI,2026-09-01,2026,9,1,33054.53,54100.0
Hiệu quả xe nội tỉnh chiều đi,8,HCM,HUBTTO,2026-09-08,2026,9,8,81436.92000000001,103050.0
Hiệu quả xe nội tỉnh chiều đi,8,HCM,HUBTTO,2026-09-03,2026,9,3,47561.880000000005,102300.0
Hiệu quả xe nội tỉnh chiều đi,8,HCM,HUBTTO,2026-09-01,2026,9,1,59540.850000000006,92000.0
Hiệu quả xe nội tỉnh chiều đi,8,HCM,HUBBDG,2026-09-03,2026,9,3,36761.44,72750.0
Hiệu quả xe nội tỉnh chiều đi,8,HCM,HUBBDG,2026-09-01,2026,9,1,50657.13,62550.0
Hiệu quả xe nội tỉnh chiều đi,8,HCM,HUBVTU,2026-09-05,2026,9,5,38502.84,76450.0
Hiệu quả xe nội tỉnh chiều đi,8,HCM,HUBVTU,2026-09-06,2026,9,6,50351.17,76450.0
Hiệu quả xe nội tỉnh chiều đi,8,HCM,HUBTAN,2026-09-02,2026,9,2,20378.940000000002,39500.0
Hiệu quả xe nội tỉnh chiều đi,8,HNI,HUBYAN,2026-09-07,2026,9,7,70135.86000000002,144200.0
Hiệu quả xe nội tỉnh chiều đi,8,QNI,HUBQNI,2026-09-04,2026,9,4,13841.09,17840.0
Hiệu quả xe nội tỉnh chiều đi,8,QTI,HUBQTI,2026-09-05,2026,9,5,15835.689999999999,26640.0
Hiệu quả xe nội tỉnh chiều đi,8,QTI,HUBQTI,2026-09-07,2026,9,7,24236.95,26640.0
Hiệu quả xe nội tỉnh chiều đi,8,HYN,HUBTBH,2026-09-05,2026,9,5,30830.859999999997,55500.0
Hiệu quả xe nội tỉnh chiều đi,8,HYN,HUBTBH,2026-09-06,2026,9,6,39616.58,52000.0
Hiệu quả xe nội tỉnh chiều đi,8,KHA,HUBKHA,2026-09-03,2026,9,3,29184.899999999998,52250.0
Hiệu quả xe nội tỉnh chiều đi,8,KHA,HUBNTN,2026-09-08,2026,9,8,17388.81,18650.0
Hiệu quả xe nội tỉnh chiều đi,8,KHA,HUBKHA,2026-09-08,2026,9,8,43171.560000000005,55550.0
Hiệu quả xe nội tỉnh chiều đi,8,LCI,HUBYBN,2026-09-02,2026,9,2,14151.43,13000.0
Hiệu quả xe nội tỉnh chiều đi,8,LCI,HUBLCI01,2026-09-03,2026,9,3,16279.36,16000.0
Hiệu quả xe nội tỉnh chiều đi,8,LCI,HUBYBN,2026-09-04,2026,9,4,14015.43,14650.0
Hiệu quả xe nội tỉnh chiều đi,8,LCI,HUBLCI01,2026-09-05,2026,9,5,23464.260000000002,16000.0
Hiệu quả xe nội tỉnh chiều đi,8,LSN,HUBLSN,2026-09-07,2026,9,7,10492.01,10650.0
Hiệu quả xe nội tỉnh chiều đi,8,NBH,HUBHNM,2026-09-06,2026,9,6,55480.700000000004,83300.0
Hiệu quả xe nội tỉnh chiều đi,8,TNH,HUBTNH,2026-09-03,2026,9,3,27882.43,53500.0
Hiệu quả xe nội tỉnh chiều đi,8,TNH,HUBTNH,2026-09-06,2026,9,6,33935.96,47150.0
Hiệu quả xe nội tỉnh chiều đi,8,TQG,HUBTQG,2026-09-05,2026,9,5,9513.130000000001,8250.0
Hiệu quả xe nội tỉnh chiều đi,8,TQG,HUBHGG,2026-09-06,2026,9,6,4098.33,4150.0
Hiệu quả xe nội tỉnh chiều đi,8,VLG,HUBBTE,2026-09-08,2026,9,8,34359.58,66800.0
Hiệu quả xe nội tỉnh chiều đi,8,VLG,HUBBTE,2026-09-07,2026,9,7,39034.62,62300.0
Hiệu quả xe nội tỉnh chiều đi,8,VLG,HUBTVH,2026-09-07,2026,9,7,28605.21,25300.0
Hiệu quả xe nội tỉnh chiều đi,8,CTO,HUBSTG,2026-09-04,2026,9,4,1572.75,5100.0
Hiệu quả xe nội tỉnh chiều đi,8,DBN,HUBDBN,2026-09-08,2026,9,8,1209.42,1650.0
Hiệu quả xe nội tỉnh chiều đi,8,DNG,HUBDNG,2026-09-05,2026,9,5,56361.68000000001,54350.0
Hiệu quả xe nội tỉnh chiều đi,8,HCM,HUBVTU,2026-09-04,2026,9,4,39576.030000000006,71450.0
Hiệu quả xe nội tỉnh chiều đi,8,HUE,HUBHUE,2026-09-02,2026,9,2,28050.630000000005,34180.0
Hiệu quả xe nội tỉnh chiều đi,8,QNI,HUBKTM,2026-09-02,2026,9,2,11797.5,11550.0
Hiệu quả xe nội tỉnh chiều đi,8,QNI,HUBQNI,2026-09-01,2026,9,1,15606.63,15845.0
Hiệu quả xe nội tỉnh chiều đi,8,QTI,HUBQBH,2026-09-08,2026,9,8,22577.88,22450.0
Hiệu quả xe nội tỉnh chiều đi,8,QTI,HUBQBH,2026-09-03,2026,9,3,21406.510000000002,22450.0
Hiệu quả xe nội tỉnh chiều đi,8,NBH,HUBNBH,2026-09-05,2026,9,5,37848.39000000001,45490.0
Hiệu quả xe nội tỉnh chiều đi,8,NBH,HUBNDH,2026-09-06,2026,9,6,42193.28999999999,68200.0
Hiệu quả xe nội tỉnh chiều đi,8,TNH,HUBTNH,2026-09-01,2026,9,1,26683.700000000004,47350.0
Hiệu quả xe nội tỉnh chiều đi,8,TNH,HUBLAN,2026-09-03,2026,9,3,39769.240000000005,91550.0
Hiệu quả xe nội tỉnh chiều đi,8,TNH,HUBTNH,2026-08-30,2026,8,30,805.92,1650.0
Hiệu quả xe nội tỉnh chiều đi,8,TQG,HUBTQG,2026-09-01,2026,9,1,5923.6,6600.0
Hiệu quả xe nội tỉnh chiều đi,8,TQG,HUBHGG,2026-09-08,2026,9,8,3135.08,4150.0
Hiệu quả xe nội tỉnh chiều đi,8,DLK,HUBDLK,2026-09-05,2026,9,5,62765.23000000001,96950.0
Hiệu quả xe nội tỉnh chiều đi,8,AGG,HUBKGG01,2026-09-01,2026,9,1,42279.560000000005,33700.0
Hiệu quả xe nội tỉnh chiều đi,8,AGG,HUBAGG,2026-09-07,2026,9,7,59720.670000000006,69900.0
Hiệu quả xe nội tỉnh chiều đi,8,BNH,HUBBGG,2026-09-02,2026,9,2,47042.31999999999,83200.0
Hiệu quả xe nội tỉnh chiều đi,8,GLI,HUBBHD,2026-09-02,2026,9,2,23619.170000000002,28050.0
Hiệu quả xe nội tỉnh chiều đi,8,GLI,HUBBHD,2026-09-07,2026,9,7,27512.309999999998,28050.0
Hiệu quả xe nội tỉnh chiều đi,8,HCM,HUBTTO,2026-09-02,2026,9,2,50657.849999999984,93650.0
Hiệu quả xe nội tỉnh chiều đi,8,DLK,HUBPYN,2026-09-04,2026,9,4,9693.22,26245.0
Hiệu quả xe nội tỉnh chiều đi,8,DLK,HUBPYN,2026-09-07,2026,9,7,25332.989999999998,29890.0
Hiệu quả xe nội tỉnh chiều đi,8,HNI,HUBTTI,2026-09-03,2026,9,3,60273.789999999986,216050.0
Hiệu quả xe nội tỉnh chiều đi,8,HNI,HUBYAN,2026-09-03,2026,9,3,47068.91,143600.0
Hiệu quả xe nội tỉnh chiều đi,8,HNI,BBSDPG,2026-09-02,2026,9,2,31139.030000000002,117800.0
Hiệu quả xe nội tỉnh chiều đi,8,HNI,HUBLBN,2026-09-07,2026,9,7,65663.52,149250.0
Hiệu quả xe nội tỉnh chiều đi,8,HNI,HUBLBN,2026-08-31,2026,8,31,3587.28,5100.0
Hiệu quả xe nội tỉnh chiều đi,8,HPG,HUBHDG,2026-09-01,2026,9,1,35802.51,63250.0
Hiệu quả xe nội tỉnh chiều đi,8,HTH,HUBHTH,2026-09-02,2026,9,2,16102.13,23400.0
Hiệu quả xe nội tỉnh chiều đi,8,PHO,HUBHBH,2026-09-05,2026,9,5,27436.59,18500.0
Hiệu quả xe nội tỉnh chiều đi,8,QNH,HUBQNH,2026-09-07,2026,9,7,45775.780000000006,50250.0
Hiệu quả xe nội tỉnh chiều đi,8,QNH,HUBQNH,2026-09-05,2026,9,5,45724.01,53750.0
Hiệu quả xe nội tỉnh chiều đi,8,QNH,HUBQNH,2026-09-02,2026,9,2,34388.740000000005,32450.0
Hiệu quả xe nội tỉnh chiều đi,8,HYN,HUBHYN,2026-09-03,2026,9,3,119071.59,95100.0
Hiệu quả xe nội tỉnh chiều đi,8,KHA,HUBKHA,2026-09-07,2026,9,7,46585.68999999999,55550.0
Hiệu quả xe nội tỉnh chiều đi,8,KHA,HUBKHA,2026-09-02,2026,9,2,31406.029999999995,50600.0
Hiệu quả xe nội tỉnh chiều đi,8,LSN,HUBLSN,2026-09-06,2026,9,6,12400.84,15150.0
Hiệu quả xe nội tỉnh chiều đi,8,NAN,HUBNAN,2026-09-01,2026,9,1,51898.03,78430.0
Hiệu quả xe nội tỉnh chiều đi,8,NAN,HUBNAN,2026-09-03,2026,9,3,40447.2,81930.0
Hiệu quả xe nội tỉnh chiều đi,8,NBH,HUBHNM,2026-09-05,2026,9,5,62700.90999999998,93500.0
Hiệu quả xe nội tỉnh chiều đi,8,TQG,HUBTQG,2026-09-08,2026,9,8,9932.02,8250.0
Hiệu quả xe nội tỉnh chiều đi,8,TQG,HUBTQG,2026-09-06,2026,9,6,8964.79,6600.0
Hiệu quả xe nội tỉnh chiều đi,8,VLG,HUBVLG,2026-09-05,2026,9,5,25605.21,54800.0
Hiệu quả xe nội tỉnh chiều đi,8,VLG,HUBTVH,2026-09-06,2026,9,6,12208.260000000002,12650.0
Hiệu quả xe nội tỉnh chiều đi,8,DNI,HUBDNI,2026-09-08,2026,9,8,141001.58999999997,168350.0
Hiệu quả xe nội tỉnh chiều đi,8,DTP,HUBTGG,2026-09-06,2026,9,6,55239.8,48400.0
Hiệu quả xe nội tỉnh chiều đi,8,DTP,HUBDTP,2026-09-04,2026,9,4,36714.92,81800.0
Hiệu quả xe nội tỉnh chiều đi,8,AGG,HUBKGG01,2026-09-07,2026,9,7,34559.079999999994,37200.0
Hiệu quả xe nội tỉnh chiều đi,8,BNH,HUBBNH,2026-09-02,2026,9,2,37462.67,51400.0
Hiệu quả xe nội tỉnh chiều đi,8,GLI,HUBGLI,2026-09-03,2026,9,3,30726.11,52450.0
Hiệu quả xe nội tỉnh chiều đi,8,GLI,HUBBHD,2026-09-01,2026,9,1,24186.420000000002,28050.0
Hiệu quả xe nội tỉnh chiều đi,8,HCM,HUBTDC,2026-09-03,2026,9,3,33978.369999999995,73740.0
Hiệu quả xe nội tỉnh chiều đi,8,HCM,HUBTAN,2026-09-08,2026,9,8,35538.920000000006,60600.0
Hiệu quả xe nội tỉnh chiều đi,8,HCM,HUBTDC,2026-09-02,2026,9,2,40984.210000000014,54510.0
Hiệu quả xe nội tỉnh chiều đi,8,HNI,HUBTTI,2026-09-01,2026,9,1,74443.92,184050.0
Hiệu quả xe nội tỉnh chiều đi,8,HNI,HUBTTI,2026-09-02,2026,9,2,58146.649999999994,160150.0
Hiệu quả xe nội tỉnh chiều đi,8,HNI,HUBYAN,2026-09-02,2026,9,2,44497.850000000006,129900.0
Hiệu quả xe nội tỉnh chiều đi,8,HNI,HUBLBN,2026-09-02,2026,9,2,42334.25,105750.0
Hiệu quả xe nội tỉnh chiều đi,8,HNI,BBSDPG,2026-09-06,2026,9,6,58653.43,125500.0
Hiệu quả xe nội tỉnh chiều đi,8,HNI,HUBYAN,2026-08-31,2026,8,31,6200.82,11500.0
Hiệu quả xe nội tỉnh chiều đi,8,HPG,HUBHPG,2026-09-03,2026,9,3,58864.34999999999,91160.0
Hiệu quả xe nội tỉnh chiều đi,8,HUE,HUBHUE,2026-09-06,2026,9,6,24963.630000000005,31130.0
Hiệu quả xe nội tỉnh chiều đi,8,HUE,HUBHUE,2026-09-05,2026,9,5,24636.190000000002,31130.0
Hiệu quả xe nội tỉnh chiều đi,8,HYN,HUBTBH,2026-09-04,2026,9,4,39722.990000000005,68050.0
Hiệu quả xe nội tỉnh chiều đi,8,PHO,HUBVPC,2026-09-07,2026,9,7,72908.40000000001,103800.0
Hiệu quả xe nội tỉnh chiều đi,8,PHO,HUBPHO,2026-09-01,2026,9,1,26126.219999999998,59950.0
Hiệu quả xe nội tỉnh chiều đi,8,PHO,HUBVPC,2026-09-05,2026,9,5,67321.38,105200.0
Hiệu quả xe nội tỉnh chiều đi,8,QNI,HUBKTM,2026-09-07,2026,9,7,17213.23,15050.0
Hiệu quả xe nội tỉnh chiều đi,8,QNI,HUBQNI,2026-09-05,2026,9,5,23408.74,19490.0
Hiệu quả xe nội tỉnh chiều đi,8,KHA,HUBNTN,2026-09-07,2026,9,7,16550.370000000003,14850.0
Hiệu quả xe nội tỉnh chiều đi,8,LCI,HUBYBN,2026-09-01,2026,9,1,14909.2,18500.0
Hiệu quả xe nội tỉnh chiều đi,8,THA,HUBTHA,2026-09-02,2026,9,2,48591.08999999999,143050.0
Hiệu quả xe nội tỉnh chiều đi,8,TNN,HUBTNN,2026-09-01,2026,9,1,29631.74,57510.0
Hiệu quả xe nội tỉnh chiều đi,8,TQG,HUBTQG,2026-09-07,2026,9,7,9969.99,8250.0
Hiệu quả xe nội tỉnh chiều đi,8,VLG,HUBVLG,2026-09-04,2026,9,4,28760.749999999996,54800.0
Hiệu quả xe nội tỉnh chiều đi,8,VLG,HUBBTE,2026-09-04,2026,9,4,30892.59,65150.0
Hiệu quả xe nội tỉnh chiều đi,8,BNH,HUBBNH,2026-09-07,2026,9,7,73478.12999999999,113300.0
Hiệu quả xe nội tỉnh chiều đi,8,CTO,HUBSTG,2026-09-01,2026,9,1,101.51,5100.0
Hiệu quả xe nội tỉnh chiều đi,8,CTO,HUBCTO,2026-09-04,2026,9,4,60182.46000000001,114900.0
Hiệu quả xe nội tỉnh chiều đi,8,AGG,HUBAGG,2026-09-03,2026,9,3,37166.090000000004,66650.0
Hiệu quả xe nội tỉnh chiều đi,8,AGG,HUBAGG,2026-09-04,2026,9,4,46149.69000000001,71750.0
Hiệu quả xe nội tỉnh chiều đi,8,BNH,HUBBGG,2026-09-04,2026,9,4,65883.06999999999,107500.0
Hiệu quả xe nội tỉnh chiều đi,8,GLI,HUBBHD,2026-09-04,2026,9,4,19078.059999999998,32900.0
Hiệu quả xe nội tỉnh chiều đi,8,HCM,HUBTDC,2026-09-01,2026,9,1,50668.01999999999,59610.0
Hiệu quả xe nội tỉnh chiều đi,8,DLK,HUBPYN,2026-09-06,2026,9,6,25939.209999999995,29890.0
Hiệu quả xe nội tỉnh chiều đi,8,DNG,HUBQNM,2026-09-05,2026,9,5,36589.28999999999,46350.0
Hiệu quả xe nội tỉnh chiều đi,8,HNI,HUBTTI,2026-09-06,2026,9,6,102143.09000000001,182550.0
Hiệu quả xe nội tỉnh chiều đi,8,HNI,HUBYAN,2026-09-05,2026,9,5,70958.43999999999,142000.0
Hiệu quả xe nội tỉnh chiều đi,8,HPG,HUBHPG,2026-09-01,2026,9,1,40514.85999999999,77810.0
Hiệu quả xe nội tỉnh chiều đi,8,HTH,HUBHTH,2026-09-01,2026,9,1,14862.279999999999,23400.0
Hiệu quả xe nội tỉnh chiều đi,8,HYN,HUBHYN,2026-09-02,2026,9,2,47225.329999999994,36800.0
Hiệu quả xe nội tỉnh chiều đi,8,PHO,HUBVPC,2026-09-01,2026,9,1,53139.229999999996,100300.0
Hiệu quả xe nội tỉnh chiều đi,8,PHO,HUBPHO,2026-09-06,2026,9,6,36006.1,52000.0
Hiệu quả xe nội tỉnh chiều đi,8,PHO,HUBHBH,2026-09-02,2026,9,2,15301.789999999999,18500.0
Hiệu quả xe nội tỉnh chiều đi,8,QNI,HUBQNI,2026-09-02,2026,9,2,15844.84,15845.0
Hiệu quả xe nội tỉnh chiều đi,8,QNI,HUBKTM,2026-09-08,2026,9,8,11269.6,15050.0
Hiệu quả xe nội tỉnh chiều đi,8,KHA,HUBNTN,2026-09-04,2026,9,4,12474.699999999999,15350.0
Hiệu quả xe nội tỉnh chiều đi,8,LCI,HUBLCI01,2026-09-01,2026,9,1,13802.13,16000.0
Hiệu quả xe nội tỉnh chiều đi,8,LDG,HUBBTN,2026-09-02,2026,9,2,1819.28,3500.0
Hiệu quả xe nội tỉnh chiều đi,8,LSN,HUBLSN,2026-09-08,2026,9,8,7729.169999999999,10650.0
Hiệu quả xe nội tỉnh chiều đi,8,NBH,HUBNBH,2026-09-04,2026,9,4,43482.95,57160.0
Hiệu quả xe nội tỉnh chiều đi,8,NBH,HUBHNM,2026-09-08,2026,9,8,69864.12,100500.0
Hiệu quả xe nội tỉnh chiều đi,8,TNH,HUBTNH,2026-09-04,2026,9,4,31196.9,55150.0
Hiệu quả xe nội tỉnh chiều đi,8,TNH,HUBLAN,2026-09-02,2026,9,2,32147.010000000002,73050.0
Hiệu quả xe nội tỉnh chiều đi,8,TNN,HUBTNN,2026-09-05,2026,9,5,31089.14,61010.0
Hiệu quả xe nội tỉnh chiều đi,8,VLG,HUBVLG,2026-09-02,2026,9,2,23386.31,33500.0
Hiệu quả xe nội tỉnh chiều đi,8,VLG,HUBVLG,2026-09-07,2026,9,7,23806.45,36000.0
Hiệu quả xe nội tỉnh chiều đi,8,CMU,HUBCMU,2026-09-03,2026,9,3,36349.61,38000.0
Hiệu quả xe nội tỉnh chiều đi,8,CMU,HUBBLU,2026-09-05,2026,9,5,11710.880000000001,13500.0
Hiệu quả xe nội tỉnh chiều đi,8,CMU,HUBBLU,2026-09-06,2026,9,6,9011.21,6750.0
Hiệu quả xe nội tỉnh chiều đi,8,DBN,HUBDBN,2026-09-01,2026,9,1,1112.54,1650.0
Hiệu quả xe nội tỉnh chiều đi,8,DNI,HUBDNI,2026-09-07,2026,9,7,120465.88999999998,160050.0
Hiệu quả xe nội tỉnh chiều đi,8,DTP,HUBTGG,2026-09-08,2026,9,8,59532.55999999999,71000.0
Hiệu quả xe nội tỉnh chiều đi,8,DTP,HUBDTP,2026-09-03,2026,9,3,42322.0,86900.0
Hiệu quả xe nội tỉnh chiều đi,8,GLI,HUBGLI,2026-09-02,2026,9,2,38983.31,52450.0
Hiệu quả xe nội tỉnh chiều đi,8,HCM,HUBTDC,2026-09-04,2026,9,4,53687.16,75390.0
Hiệu quả xe nội tỉnh chiều đi,8,HCM,HUBVTU,2026-09-03,2026,9,3,30079.780000000002,68450.0
Hiệu quả xe nội tỉnh chiều đi,8,DLK,HUBDLK,2026-09-06,2026,9,6,60089.53000000002,88950.0
Hiệu quả xe nội tỉnh chiều đi,8,DLK,HUBDLK,2026-09-07,2026,9,7,77843.70999999998,96950.0
Hiệu quả xe nội tỉnh chiều đi,8,DNG,HUBDNG,2026-09-02,2026,9,2,37495.200000000004,43700.0
Hiệu quả xe nội tỉnh chiều đi,8,HCM,HUBVTU,2026-09-01,2026,9,1,44177.12,68450.0
Hiệu quả xe nội tỉnh chiều đi,8,HYN,HUBHYN,2026-09-07,2026,9,7,114805.29000000001,99600.0
Hiệu quả xe nội tỉnh chiều đi,8,PHO,HUBVPC,2026-09-08,2026,9,8,60111.189999999995,112200.0
Hiệu quả xe nội tỉnh chiều đi,8,QNI,HUBKTM,2026-09-06,2026,9,6,15215.35,16700.0
Hiệu quả xe nội tỉnh chiều đi,8,QTI,HUBQTI,2026-09-04,2026,9,4,11090.93,26640.0
Hiệu quả xe nội tỉnh chiều đi,8,KHA,HUBKHA,2026-09-04,2026,9,4,29898.750000000007,53900.0
Hiệu quả xe nội tỉnh chiều đi,8,KHA,HUBKHA,2026-09-06,2026,9,6,48966.399999999994,55550.0
Hiệu quả xe nội tỉnh chiều đi,8,LCI,HUBYBN,2026-09-06,2026,9,6,14132.69,15000.0
Hiệu quả xe nội tỉnh chiều đi,8,LCI,HUBYBN,2026-09-05,2026,9,5,17598.84,17500.0
Hiệu quả xe nội tỉnh chiều đi,8,LDG,HUBLDG03,2026-09-03,2026,9,3,13292.189999999999,15300.0
Hiệu quả xe nội tỉnh chiều đi,8,LDG,HUBLDG03,2026-09-05,2026,9,5,15674.810000000001,18800.0
Hiệu quả xe nội tỉnh chiều đi,8,NAN,HUBNAN,2026-09-07,2026,9,7,70558.01999999999,88180.0
Hiệu quả xe nội tỉnh chiều đi,8,NBH,HUBNBH,2026-09-01,2026,9,1,28174.03,44660.0
Hiệu quả xe nội tỉnh chiều đi,8,THA,HUBTHA,2026-09-06,2026,9,6,75980.34,144350.0
Hiệu quả xe nội tỉnh chiều đi,8,TNH,HUBLAN,2026-09-05,2026,9,5,68824.04999999999,91700.0
Hiệu quả xe nội tỉnh chiều đi,8,TNH,HUBTNH,2026-09-08,2026,9,8,45609.08,55800.0
Hiệu quả xe nội tỉnh chiều đi,8,TNN,HUBTNN,2026-09-07,2026,9,7,29275.88000000001,63490.0
Hiệu quả xe nội tỉnh chiều đi,8,TQG,HUBHGG,2026-09-04,2026,9,4,3457.39,4150.0
Hiệu quả xe nội tỉnh chiều đi,8,TQG,HUBHGG,2026-09-01,2026,9,1,5148.05,5800.0
Hiệu quả xe nội tỉnh chiều đi,8,VLG,HUBVLG,2026-09-08,2026,9,8,31598.560000000005,54800.0
Hiệu quả xe nội tỉnh chiều đi,8,CTO,HUBSTG,2026-09-05,2026,9,5,3298.46,5100.0
Hiệu quả xe nội tỉnh chiều đi,8,DLK,HUBDLK,2026-09-01,2026,9,1,58038.95000000001,91850.0
Hiệu quả xe nội tỉnh chiều đi,8,DLK,HUBDLK,2026-09-03,2026,9,3,47778.43999999998,81950.0
Hiệu quả xe nội tỉnh chiều đi,8,DLK,HUBPYN,2026-09-05,2026,9,5,24121.679999999997,29890.0
Hiệu quả xe nội tỉnh chiều đi,8,DNI,HUBBPC,2026-09-07,2026,9,7,44001.04,51300.0
Hiệu quả xe nội tỉnh chiều đi,8,DTP,HUBDTP,2026-09-07,2026,9,7,47889.16,85300.0
Hiệu quả xe nội tỉnh chiều đi,8,DTP,HUBDTP,2026-09-06,2026,9,6,37854.57,56850.0
Hiệu quả xe nội tỉnh chiều đi,8,AGG,HUBAGG,2026-09-06,2026,9,6,41949.2,52250.0
Hiệu quả xe nội tỉnh chiều đi,8,BNH,HUBBNH,2026-09-06,2026,9,6,31282.95,52400.0
Hiệu quả xe nội tỉnh chiều đi,8,GLI,HUBBHD,2026-09-06,2026,9,6,28104.39,31250.0
Hiệu quả xe nội tỉnh chiều đi,8,HCM,HUBBDG,2026-09-04,2026,9,4,54572.880000000005,74650.0
Hiệu quả xe nội tỉnh chiều đi,8,DNG,HUBQNM,2026-09-04,2026,9,4,18618.47,44250.0
Hiệu quả xe nội tỉnh chiều đi,8,HPG,HUBHPG,2026-09-08,2026,9,8,81201.26999999999,94510.0
Hiệu quả xe nội tỉnh chiều đi,8,PHO,HUBPHO,2026-09-02,2026,9,2,27253.97,55450.0
Hiệu quả xe nội tỉnh chiều đi,8,QNI,HUBKTM,2026-09-05,2026,9,5,11656.329999999998,15050.0
Hiệu quả xe nội tỉnh chiều đi,8,QTI,HUBQBH,2026-09-06,2026,9,6,26745.190000000002,20550.0
Hiệu quả xe nội tỉnh chiều đi,8,QTI,HUBQTI,2026-09-06,2026,9,6,15816.84,15390.0
Hiệu quả xe nội tỉnh chiều đi,8,LCI,HUBLCI01,2026-09-06,2026,9,6,16524.75,16000.0
Hiệu quả xe nội tỉnh chiều đi,8,LCI,HUBYBN,2026-09-03,2026,9,3,10227.789999999999,13650.0
Hiệu quả xe nội tỉnh chiều đi,8,LDG,HUBBTN,2026-09-08,2026,9,8,2233.95,3500.0
Hiệu quả xe nội tỉnh chiều đi,8,LSN,HUBLSN,2026-09-01,2026,9,1,5568.08,10650.0
Hiệu quả xe nội tỉnh chiều đi,8,NBH,HUBNBH,2026-09-06,2026,9,6,33819.27,43830.0
Hiệu quả xe nội tỉnh chiều đi,8,NBH,HUBNBH,2026-09-02,2026,9,2,21111.899999999998,44660.0
Hiệu quả xe nội tỉnh chiều đi,8,THA,HUBTHA,2026-09-01,2026,9,1,59537.57,145750.0
Hiệu quả xe nội tỉnh chiều đi,8,THA,HUBTHA,2026-09-08,2026,9,8,78966.65999999999,146250.0
Hiệu quả xe nội tỉnh chiều đi,8,TNH,HUBTNH,2026-09-07,2026,9,7,36935.67,53500.0
Hiệu quả xe nội tỉnh chiều đi,8,TNN,HUBTNN,2026-09-04,2026,9,4,31082.9,63490.0
Hiệu quả xe nội tỉnh chiều đi,8,TQG,HUBTQG,2026-09-04,2026,9,4,8424.41,8250.0
Hiệu quả xe nội tỉnh chiều đi,8,TQG,HUBTQG,2026-09-03,2026,9,3,8143.3,8250.0
Hiệu quả xe nội tỉnh chiều đi,8,VLG,HUBBTE,2026-09-03,2026,9,3,25675.880000000005,45300.0
Hiệu quả xe nội tỉnh chiều đi,8,VLG,HUBBTE,2026-09-06,2026,9,6,23099.649999999994,38300.0
Hiệu quả xe nội tỉnh chiều đi,8,VLG,HUBTVH,2026-09-03,2026,9,3,10845.75,12650.0
Hiệu quả xe nội tỉnh chiều đi,8,BNH,HUBBGG,2026-09-07,2026,9,7,46541.7,89950.0
Hiệu quả xe nội tỉnh chiều đi,8,CMU,HUBBLU,2026-09-01,2026,9,1,11611.84,6750.0
Hiệu quả xe nội tỉnh chiều đi,8,CTO,HUBCTO,2026-09-08,2026,9,8,68913.30999999998,122600.0
Hiệu quả xe nội tỉnh chiều đi,8,CTO,HUBSTG,2026-09-08,2026,9,8,2048.62,900.0
Hiệu quả xe nội tỉnh chiều đi,8,DBN,HUBDBN,2026-09-04,2026,9,4,1373.8899999999999,3300.0
Hiệu quả xe nội tỉnh chiều đi,8,DLK,HUBPYN,2026-09-03,2026,9,3,20095.91,29890.0
Hiệu quả xe nội tỉnh chiều đi,8,DNI,HUBBPC,2026-09-05,2026,9,5,30721.590000000007,48450.0
Hiệu quả xe nội tỉnh chiều đi,8,DTP,HUBTGG,2026-09-04,2026,9,4,38324.509999999995,68150.0
Hiệu quả xe nội tỉnh chiều đi,8,DTP,HUBTGG,2026-09-07,2026,9,7,50413.93000000001,68150.0
Hiệu quả xe nội tỉnh chiều đi,8,AGG,HUBAGG,2026-09-02,2026,9,2,53288.31,70100.0
Hiệu quả xe nội tỉnh chiều đi,8,GLI,HUBGLI,2026-09-08,2026,9,8,46838.76,55750.0
Hiệu quả xe nội tỉnh chiều đi,8,GLI,HUBBHD,2026-09-05,2026,9,5,26200.479999999996,31250.0
Hiệu quả xe nội tỉnh chiều đi,8,DNG,HUBQNM,2026-09-06,2026,9,6,33798.56999999999,38300.0
Hiệu quả xe nội tỉnh chiều đi,8,HCM,HUBBDG,2026-09-02,2026,9,2,27350.73,58700.0
Hiệu quả xe nội tỉnh chiều đi,8,HNI,HUBLBN,2026-09-01,2026,9,1,57848.64000000001,114050.0
Hiệu quả xe nội tỉnh chiều đi,8,HNI,HUBLBN,2026-09-05,2026,9,5,72566.73000000001,142550.0
Hiệu quả xe nội tỉnh chiều đi,8,HYN,HUBTBH,2026-09-03,2026,9,3,27706.510000000002,68650.0
Hiệu quả xe nội tỉnh chiều đi,8,HYN,HUBHYN,2026-09-04,2026,9,4,95018.94,95100.0
Hiệu quả xe nội tỉnh chiều đi,8,HYN,HUBHYN,2026-09-01,2026,9,1,43505.47,36800.0
Hiệu quả xe nội tỉnh chiều đi,8,QNI,HUBQNI,2026-09-06,2026,9,6,21749.63,19490.0
Hiệu quả xe nội tỉnh chiều đi,8,QTI,HUBQBH,2026-09-02,2026,9,2,13789.29,12050.0
Hiệu quả xe nội tỉnh chiều đi,8,QTI,HUBQBH,2026-09-07,2026,9,7,26626.52,24100.0
Hiệu quả xe nội tỉnh chiều đi,8,QTI,HUBQBH,2026-09-05,2026,9,5,24324.36,20550.0
Hiệu quả xe nội tỉnh chiều đi,8,HYN,HUBHYN,2026-09-06,2026,9,6,86840.83,47000.0
Hiệu quả xe nội tỉnh chiều đi,8,KHA,HUBNTN,2026-09-02,2026,9,2,12798.130000000001,15350.0
Hiệu quả xe nội tỉnh chiều đi,8,KHA,HUBNTN,2026-09-01,2026,9,1,13863.63,15350.0
Hiệu quả xe nội tỉnh chiều đi,8,KHA,HUBNTN,2026-09-06,2026,9,6,15991.81,15350.0
Hiệu quả xe nội tỉnh chiều đi,8,LCI,HUBLCI01,2026-09-02,2026,9,2,15601.4,16000.0
Hiệu quả xe nội tỉnh chiều đi,8,NBH,HUBNBH,2026-09-07,2026,9,7,38824.81999999999,57160.0
Hiệu quả xe nội tỉnh chiều đi,8,NBH,HUBHNM,2026-09-02,2026,9,2,29674.900000000005,41400.0
Hiệu quả xe nội tỉnh chiều đi,8,QTI,HUBQTI,2026-09-02,2026,9,2,17721.01,26640.0
Hiệu quả xe nội tỉnh chiều đi,8,THA,HUBTHA,2026-09-04,2026,9,4,73021.18000000005,144850.0
Hiệu quả xe nội tỉnh chiều đi,8,TNN,HUBTNN,2026-09-03,2026,9,3,30397.290000000005,61840.0
Hiệu quả xe nội tỉnh chiều đi,8,VLG,HUBTVH,2026-09-02,2026,9,2,24264.989999999998,27800.0
Hiệu quả xe nội tỉnh chiều đi,8,DNI,HUBBPC,2026-09-08,2026,9,8,54136.049999999996,53900.0
Hiệu quả xe nội tỉnh chiều đi,8,AGG,HUBAGG,2026-09-08,2026,9,8,55571.840000000004,65700.0
Hiệu quả xe nội tỉnh chiều đi,8,HCM,HUBVTU,2026-09-07,2026,9,7,46843.479999999996,76950.0
Hiệu quả xe nội tỉnh chiều đi,8,DLK,HUBDLK,2026-09-02,2026,9,2,40128.16,78700.0
Hiệu quả xe nội tỉnh chiều đi,8,HCM,HUBVTU,2026-09-02,2026,9,2,34690.049999999996,63950.0
Hiệu quả xe nội tỉnh chiều đi,8,HPG,HUBHDG,2026-09-05,2026,9,5,58181.939999999995,119750.0
Hiệu quả xe nội tỉnh chiều đi,8,PHO,HUBVPC,2026-09-03,2026,9,3,64170.310000000005,100300.0
Hiệu quả xe nội tỉnh chiều đi,8,QNH,HUBQNH,2026-09-04,2026,9,4,52254.81,49850.0
Hiệu quả xe nội tỉnh chiều đi,8,QNH,HUBQNH,2026-09-01,2026,9,1,37240.92999999999,32450.0
Hiệu quả xe nội tỉnh chiều đi,8,QNI,HUBQNI,2026-09-08,2026,9,8,19081.48,19145.0
Hiệu quả xe nội tỉnh chiều đi,8,KHA,HUBNTN,2026-09-05,2026,9,5,13327.929999999998,15350.0
Hiệu quả xe nội tỉnh chiều đi,8,LDG,HUBBTN,2026-09-01,2026,9,1,1660.74,3500.0
Hiệu quả xe nội tỉnh chiều đi,8,NAN,HUBNAN,2026-09-02,2026,9,2,49346.75,77600.0
Hiệu quả xe nội tỉnh chiều đi,8,NBH,HUBNBH,2026-09-03,2026,9,3,37109.479999999996,46960.0
Hiệu quả xe nội tỉnh chiều đi,8,CMU,HUBBLU,2026-09-02,2026,9,2,14974.619999999999,6750.0
Hiệu quả xe nội tỉnh chiều đi,8,CTO,HUBSTG,2026-09-06,2026,9,6,1761.74,5100.0
Hiệu quả xe nội tỉnh chiều đi,8,DBN,HUBDBN,2026-08-31,2026,8,31,975.92,1650.0
Hiệu quả xe nội tỉnh chiều đi,8,DBN,HUBDBN,2026-09-05,2026,9,5,2641.5499999999997,3300.0
Hiệu quả xe nội tỉnh chiều đi,8,DTP,HUBTGG,2026-09-03,2026,9,3,32315.100000000002,68150.0
Hiệu quả xe nội tỉnh chiều đi,8,BNH,HUBBGG,2026-09-03,2026,9,3,40892.69999999999,115100.0
Hiệu quả xe nội tỉnh chiều đi,8,HCM,HUBTDC,2026-09-06,2026,9,6,57738.24,54260.0
Hiệu quả xe nội tỉnh chiều đi,8,HCM,HUBBDG,2026-09-08,2026,9,8,64436.399999999994,78350.0
Hiệu quả xe nội tỉnh chiều đi,8,DNG,HUBDNG,2026-09-03,2026,9,3,24438.76,44000.0
Hiệu quả xe nội tỉnh chiều đi,8,HNI,HUBTTI,2026-09-07,2026,9,7,96983.37,223100.0
Hiệu quả xe nội tỉnh chiều đi,8,HNI,HUBYAN,2026-09-01,2026,9,1,54117.13,135150.0
Hiệu quả xe nội tỉnh chiều đi,8,HNI,HUBLBN,2026-09-08,2026,9,8,71780.17,138450.0
Hiệu quả xe nội tỉnh chiều đi,8,HPG,HUBHDG,2026-09-03,2026,9,3,39634.829999999994,119750.0
Hiệu quả xe nội tỉnh chiều đi,8,HTH,HUBHTH,2026-09-05,2026,9,5,25528.76,37900.0
Hiệu quả xe nội tỉnh chiều đi,8,PHO,HUBHBH,2026-09-06,2026,9,6,24549.4,18500.0
Hiệu quả xe nội tỉnh chiều đi,8,KHA,HUBKHA,2026-09-01,2026,9,1,37718.88,48950.0
Hiệu quả xe nội tỉnh chiều đi,8,LCI,HUBYBN,2026-09-08,2026,9,8,21074.03,17500.0
Hiệu quả xe nội tỉnh chiều đi,8,LDG,HUBLDG01,2026-09-02,2026,9,2,29610.110000000004,45150.0
Hiệu quả xe nội tỉnh chiều đi,8,TNH,HUBTNH,2026-09-05,2026,9,5,32424.43,57000.0
Hiệu quả xe nội tỉnh chiều đi,8,CTO,HUBSTG,2026-09-07,2026,9,7,1523.87,5100.0
Hiệu quả xe nội tỉnh chiều đi,8,HCM,HUBTAN,2026-09-05,2026,9,5,36696.35999999999,64450.0
Hiệu quả xe nội tỉnh chiều đi,8,HYN,HUBTBH,2026-09-01,2026,9,1,29544.049999999996,52000.0
Hiệu quả xe nội tỉnh chiều đi,8,PHO,HUBHBH,2026-09-01,2026,9,1,16868.670000000002,18500.0
Hiệu quả xe nội tỉnh chiều đi,8,QNH,HUBQNH,2026-09-03,2026,9,3,43517.32,49850.0
Hiệu quả xe nội tỉnh chiều đi,8,LDG,HUBLDG01,2026-09-03,2026,9,3,24901.269999999997,41650.0
Hiệu quả xe nội tỉnh chiều đi,8,NBH,HUBNDH,2026-09-07,2026,9,7,48182.85999999999,86100.0
Hiệu quả xe nội tỉnh chiều đi,8,NBH,HUBHNM,2026-09-01,2026,9,1,43141.0,48400.0
Hiệu quả xe nội tỉnh chiều đi,8,SLA,HUBSLA,2026-09-06,2026,9,6,1085.41,900.0
Hiệu quả xe nội tỉnh chiều đi,8,TQG,HUBHGG,2026-09-03,2026,9,3,2705.17,4150.0
Hiệu quả xe nội tỉnh chiều đi,8,TQG,HUBHGG,2026-09-02,2026,9,2,2303.12,2500.0
Hiệu quả xe nội tỉnh chiều về,9,AGG,HUBKGG01,2026-09-04,2026,9,4,11713.06,25250.0
Hiệu quả xe nội tỉnh chiều về,9,BNH,HUBBNH,2026-09-07,2026,9,7,74650.87000000001,114130.0
Hiệu quả xe nội tỉnh chiều về,9,BNH,HUBBNH,2026-09-05,2026,9,5,79609.9,109630.0
Hiệu quả xe nội tỉnh chiều về,9,HNI,HUBTTI,2026-09-04,2026,9,4,327008.5900000001,416950.0
Hiệu quả xe nội tỉnh chiều về,9,HNI,HUBYAN,2026-09-07,2026,9,7,322894.08999999997,418145.0
Hiệu quả xe nội tỉnh chiều về,9,HNI,HUBYAN,2026-09-08,2026,9,8,197513.09000000003,281400.0
Hiệu quả xe nội tỉnh chiều về,9,DLK,HUBDLK,2026-09-03,2026,9,3,40679.14,81950.0
Hiệu quả xe nội tỉnh chiều về,9,DLK,HUBPYN,2026-09-04,2026,9,4,11788.91,29145.0
Hiệu quả xe nội tỉnh chiều về,9,DLK,HUBDLK,2026-08-31,2026,8,31,3892.75,9600.0
Hiệu quả xe nội tỉnh chiều về,9,LDG,HUBLDG01,2026-09-01,2026,9,1,13011.829999999998,36150.0
Hiệu quả xe nội tỉnh chiều về,9,LDG,HUBBTN,2026-09-06,2026,9,6,1659.45,3500.0
Hiệu quả xe nội tỉnh chiều về,9,NAN,HUBNAN,2026-09-05,2026,9,5,42540.64,88760.0
Hiệu quả xe nội tỉnh chiều về,9,NBH,HUBNDH,2026-09-04,2026,9,4,59070.659999999996,93100.0
Hiệu quả xe nội tỉnh chiều về,9,DNI,HUBDNI,2026-08-31,2026,8,31,4243.860000000001,7000.0
Hiệu quả xe nội tỉnh chiều về,9,DTP,HUBDTP,2026-09-06,2026,9,6,30431.409999999996,56850.0
Hiệu quả xe nội tỉnh chiều về,9,HPG,HUBHPG,2026-09-04,2026,9,4,27244.460000000003,45240.0
Hiệu quả xe nội tỉnh chiều về,9,HUE,HUBHUE,2026-09-03,2026,9,3,14842.3,25550.0
Hiệu quả xe nội tỉnh chiều về,9,PHO,HUBPHO,2026-09-02,2026,9,2,12363.289999999999,51950.0
Hiệu quả xe nội tỉnh chiều về,9,QNH,HUBQNH,2026-09-02,2026,9,2,18835.15,32450.0
Hiệu quả xe nội tỉnh chiều về,9,QNI,HUBKTM,2026-09-03,2026,9,3,7318.4800000000005,16700.0
Hiệu quả xe nội tỉnh chiều về,9,VLG,HUBBTE,2026-09-05,2026,9,5,43954.880000000005,77450.0
Hiệu quả xe nội tỉnh chiều về,9,HCM,HUBBDG,2026-09-01,2026,9,1,18367.71,59050.0
Hiệu quả xe nội tỉnh chiều về,9,KHA,HUBNTN,2026-09-06,2026,9,6,8476.37,15350.0
Hiệu quả xe nội tỉnh chiều về,9,LDG,HUBLDG03,2026-09-05,2026,9,5,16622.84,17150.0
Hiệu quả xe nội tỉnh chiều về,9,QTI,HUBQBH,2026-09-07,2026,9,7,13944.460000000003,22200.0
Hiệu quả xe nội tỉnh chiều về,9,QTI,HUBQBH,2026-09-05,2026,9,5,11288.02,18900.0
Hiệu quả xe nội tỉnh chiều về,9,QTI,HUBQTI,2026-09-08,2026,9,8,16370.589999999998,15020.0
Hiệu quả xe nội tỉnh chiều về,9,THA,HUBTHA,2026-09-03,2026,9,3,75802.18999999997,134950.0
Hiệu quả xe nội tỉnh chiều về,9,THA,HUBTHA,2026-09-07,2026,9,7,88638.1,150250.0
Hiệu quả xe nội tỉnh chiều về,9,AGG,HUBKGG01,2026-09-07,2026,9,7,16300.420000000002,33700.0
Hiệu quả xe nội tỉnh chiều về,9,AGG,HUBKGG01,2026-09-01,2026,9,1,11392.64,29550.0
Hiệu quả xe nội tỉnh chiều về,9,HNI,BBSDPG,2026-09-01,2026,9,1,126154.56,212400.0
Hiệu quả xe nội tỉnh chiều về,9,DNG,HUBDNG,2026-09-05,2026,9,5,60400.21999999999,85700.0
Hiệu quả xe nội tỉnh chiều về,9,DTP,HUBDTP,2026-09-08,2026,9,8,38318.49,81800.0
Hiệu quả xe nội tỉnh chiều về,9,DTP,HUBTGG,2026-09-01,2026,9,1,23176.1,48400.0
Hiệu quả xe nội tỉnh chiều về,9,GLI,HUBGLI,2026-09-02,2026,9,2,19792.760000000006,49130.0
Hiệu quả xe nội tỉnh chiều về,9,PHO,HUBVPC,2026-09-07,2026,9,7,95883.48999999999,108700.0
Hiệu quả xe nội tỉnh chiều về,9,PHO,HUBPHO,2026-08-31,2026,8,31,3373.47,5100.0
Hiệu quả xe nội tỉnh chiều về,9,QNI,HUBQNI,2026-09-06,2026,9,6,11674.7,19490.0
Hiệu quả xe nội tỉnh chiều về,9,QNI,HUBQNI,2026-09-08,2026,9,8,20002.57,21140.0
Hiệu quả xe nội tỉnh chiều về,9,TQG,HUBHGG,2026-09-06,2026,9,6,4531.860000000001,4150.0
Hiệu quả xe nội tỉnh chiều về,9,KHA,HUBNTN,2026-09-05,2026,9,5,16538.59,23600.0
Hiệu quả xe nội tỉnh chiều về,9,KHA,HUBKHA,2026-09-06,2026,9,6,15027.4,53900.0
Hiệu quả xe nội tỉnh chiều về,9,QTI,HUBQBH,2026-09-04,2026,9,4,10420.550000000001,20800.0
Hiệu quả xe nội tỉnh chiều về,9,AGG,HUBAGG,2026-09-04,2026,9,4,38848.39,71750.0
Hiệu quả xe nội tỉnh chiều về,9,HNI,BBSDPG,2026-09-08,2026,9,8,168959.6,249200.0
Hiệu quả xe nội tỉnh chiều về,9,CTO,HUBCTO,2026-09-08,2026,9,8,66732.12000000001,129900.0
Hiệu quả xe nội tỉnh chiều về,9,CTO,HUBSTG,2026-09-03,2026,9,3,4934.09,5100.0
Hiệu quả xe nội tỉnh chiều về,9,DBN,HUBDBN,2026-09-07,2026,9,7,237.22,1650.0
Hiệu quả xe nội tỉnh chiều về,9,DBN,HUBDBN,2026-09-08,2026,9,8,72.78,1650.0
Hiệu quả xe nội tỉnh chiều về,9,LDG,HUBLDG01,2026-09-08,2026,9,8,15114.84,37350.0
Hiệu quả xe nội tỉnh chiều về,9,LDG,HUBLDG03,2026-09-04,2026,9,4,13294.810000000001,17150.0
Hiệu quả xe nội tỉnh chiều về,9,LSN,HUBLSN,2026-09-08,2026,9,8,14863.380000000001,10650.0
Hiệu quả xe nội tỉnh chiều về,9,NBH,HUBHNM,2026-09-08,2026,9,8,36305.79999999999,74600.0
Hiệu quả xe nội tỉnh chiều về,9,NBH,HUBHNM,2026-09-02,2026,9,2,25639.060000000005,46900.0
Hiệu quả xe nội tỉnh chiều về,9,NBH,HUBHNM,2026-09-03,2026,9,3,60857.7,99700.0
Hiệu quả xe nội tỉnh chiều về,9,DNG,HUBQNM,2026-09-02,2026,9,2,5971.67,23400.0
Hiệu quả xe nội tỉnh chiều về,9,DTP,HUBTGG,2026-09-07,2026,9,7,31023.329999999998,59550.0
Hiệu quả xe nội tỉnh chiều về,9,DTP,HUBTGG,2026-08-31,2026,8,31,8587.35,9000.0
Hiệu quả xe nội tỉnh chiều về,9,HUE,HUBHUE,2026-09-05,2026,9,5,13235.17,24730.0
Hiệu quả xe nội tỉnh chiều về,9,HYN,HUBTBH,2026-09-04,2026,9,4,34946.3,62900.0
Hiệu quả xe nội tỉnh chiều về,9,HYN,HUBHYN,2026-09-07,2026,9,7,118279.86,96400.0
Hiệu quả xe nội tỉnh chiều về,9,HYN,HUBTBH,2026-09-08,2026,9,8,33368.82,64500.0
Hiệu quả xe nội tỉnh chiều về,9,HCM,HUBTAN,2026-09-08,2026,9,8,39106.59,60950.0
Hiệu quả xe nội tỉnh chiều về,9,PHO,HUBHBH,2026-09-06,2026,9,6,12154.82,18500.0
Hiệu quả xe nội tỉnh chiều về,9,PHO,HUBVPC,2026-09-02,2026,9,2,58606.57,75400.0
Hiệu quả xe nội tỉnh chiều về,9,PHO,HUBVPC,2026-09-05,2026,9,5,81994.74,105400.0
Hiệu quả xe nội tỉnh chiều về,9,PHO,HUBPHO,2026-09-06,2026,9,6,30356.809999999998,52000.0
Hiệu quả xe nội tỉnh chiều về,9,HCM,HUBVTU,2026-09-04,2026,9,4,26359.329999999998,69650.0
Hiệu quả xe nội tỉnh chiều về,9,TNH,HUBTNH,2026-09-02,2026,9,2,13647.650000000001,47350.0
Hiệu quả xe nội tỉnh chiều về,9,TQG,HUBTQG,2026-09-03,2026,9,3,5945.179999999999,6600.0
Hiệu quả xe nội tỉnh chiều về,9,TQG,HUBTQG,2026-09-06,2026,9,6,4453.549999999999,4950.0
Hiệu quả xe nội tỉnh chiều về,9,TQG,HUBHGG,2026-09-07,2026,9,7,4227.41,4150.0
Hiệu quả xe nội tỉnh chiều về,9,VLG,HUBTVH,2026-09-06,2026,9,6,8063.82,12650.0
Hiệu quả xe nội tỉnh chiều về,9,KHA,HUBKHA,2026-09-05,2026,9,5,24250.87,53900.0
Hiệu quả xe nội tỉnh chiều về,9,LCI,HUBYBN,2026-08-31,2026,8,31,7718.24,7000.0
Hiệu quả xe nội tỉnh chiều về,9,AGG,HUBAGG,2026-09-06,2026,9,6,27597.02,52250.0
Hiệu quả xe nội tỉnh chiều về,9,AGG,HUBKGG01,2026-09-02,2026,9,2,8941.78,32050.0
Hiệu quả xe nội tỉnh chiều về,9,HNI,BBSDPG,2026-09-02,2026,9,2,61161.590000000004,152800.0
Hiệu quả xe nội tỉnh chiều về,9,HNI,HUBLBN,2026-09-04,2026,9,4,164939.66,223800.0
Hiệu quả xe nội tỉnh chiều về,9,CTO,HUBCTO,2026-09-01,2026,9,1,42323.79000000001,121700.0
Hiệu quả xe nội tỉnh chiều về,9,CTO,HUBSTG,2026-09-01,2026,9,1,3111.79,5100.0
Hiệu quả xe nội tỉnh chiều về,9,DLK,HUBDLK,2026-09-05,2026,9,5,45661.38,98850.0
Hiệu quả xe nội tỉnh chiều về,9,LDG,HUBBTN,2026-09-02,2026,9,2,1655.48,3500.0
Hiệu quả xe nội tỉnh chiều về,9,LDG,HUBLDG01,2026-09-02,2026,9,2,11106.96,39000.0
Hiệu quả xe nội tỉnh chiều về,9,LDG,HUBLDG03,2026-09-03,2026,9,3,10727.54,13650.0
Hiệu quả xe nội tỉnh chiều về,9,LSN,HUBLSN,2026-09-02,2026,9,2,4825.46,9000.0
Hiệu quả xe nội tỉnh chiều về,9,NAN,HUBNAN,2026-09-02,2026,9,2,23742.08,68230.0
Hiệu quả xe nội tỉnh chiều về,9,NAN,HUBNAN,2026-09-03,2026,9,3,39098.89000000001,71030.0
Hiệu quả xe nội tỉnh chiều về,9,NBH,HUBNDH,2026-09-03,2026,9,3,55290.24,93100.0
Hiệu quả xe nội tỉnh chiều về,9,NBH,HUBNBH,2026-09-05,2026,9,5,28277.69,44660.0
Hiệu quả xe nội tỉnh chiều về,9,NBH,HUBNBH,2026-09-06,2026,9,6,31352.0,44660.0
Hiệu quả xe nội tỉnh chiều về,9,HNI,HUBYAN,2026-09-04,2026,9,4,273998.11,389395.0
Hiệu quả xe nội tỉnh chiều về,9,HPG,HUBHPG,2026-09-03,2026,9,3,31126.960000000006,43590.0
Hiệu quả xe nội tỉnh chiều về,9,HYN,HUBTBH,2026-09-06,2026,9,6,24655.440000000002,50350.0
Hiệu quả xe nội tỉnh chiều về,9,GLI,HUBGLI,2026-09-01,2026,9,1,29335.209999999995,55930.0
Hiệu quả xe nội tỉnh chiều về,9,HCM,HUBVTU,2026-09-08,2026,9,8,31149.349999999995,66150.0
Hiệu quả xe nội tỉnh chiều về,9,PHO,HUBVPC,2026-09-08,2026,9,8,60674.670000000006,91900.0
Hiệu quả xe nội tỉnh chiều về,9,QNH,HUBQNH,2026-09-04,2026,9,4,24935.93,46350.0
Hiệu quả xe nội tỉnh chiều về,9,QNH,HUBQNH,2026-09-08,2026,9,8,21909.34,42550.0
Hiệu quả xe nội tỉnh chiều về,9,HCM,HUBTTO,2026-09-03,2026,9,3,99514.47,130000.0
Hiệu quả xe nội tỉnh chiều về,9,HCM,HUBTDC,2026-09-03,2026,9,3,70892.23000000001,73190.0
Hiệu quả xe nội tỉnh chiều về,9,TNH,HUBLAN,2026-09-06,2026,9,6,31433.4,80150.0
Hiệu quả xe nội tỉnh chiều về,9,TNH,HUBLAN,2026-09-05,2026,9,5,57052.84,91700.0
Hiệu quả xe nội tỉnh chiều về,9,TQG,HUBHGG,2026-09-02,2026,9,2,2048.96,4150.0
Hiệu quả xe nội tỉnh chiều về,9,TQG,HUBTQG,2026-09-02,2026,9,2,2595.48,4950.0
Hiệu quả xe nội tỉnh chiều về,9,VLG,HUBTVH,2026-09-02,2026,9,2,6971.839999999999,22800.0
Hiệu quả xe nội tỉnh chiều về,9,VLG,HUBVLG,2026-09-06,2026,9,6,16999.77,32500.0
Hiệu quả xe nội tỉnh chiều về,9,KHA,HUBKHA,2026-09-04,2026,9,4,28218.41999999999,50600.0
Hiệu quả xe nội tỉnh chiều về,9,KHA,HUBKHA,2026-09-02,2026,9,2,8370.54,48950.0
Hiệu quả xe nội tỉnh chiều về,9,LDG,HUBLDG03,2026-09-01,2026,9,1,8713.91,18800.0
Hiệu quả xe nội tỉnh chiều về,9,AGG,HUBKGG01,2026-09-05,2026,9,5,12495.49,31250.0
Hiệu quả xe nội tỉnh chiều về,9,AGG,HUBKGG01,2026-09-06,2026,9,6,10150.19,26850.0
Hiệu quả xe nội tỉnh chiều về,9,BNH,HUBBNH,2026-09-08,2026,9,8,41553.35,62500.0
Hiệu quả xe nội tỉnh chiều về,9,BNH,HUBBGG,2026-09-02,2026,9,2,43986.53,88150.0
Hiệu quả xe nội tỉnh chiều về,9,BNH,HUBBGG,2026-08-31,2026,8,31,15262.140000000001,20850.0
Hiệu quả xe nội tỉnh chiều về,9,CMU,HUBBLU,2026-09-05,2026,9,5,4586.54,13500.0
Hiệu quả xe nội tỉnh chiều về,9,HNI,HUBTTI,2026-09-03,2026,9,3,292320.5,384950.0
Hiệu quả xe nội tỉnh chiều về,9,HNI,HUBYAN,2026-09-01,2026,9,1,122082.57999999997,200250.0
Hiệu quả xe nội tỉnh chiều về,9,CMU,HUBBLU,2026-09-01,2026,9,1,3714.2799999999997,6750.0
Hiệu quả xe nội tỉnh chiều về,9,DLK,HUBPYN,2026-09-07,2026,9,7,13798.019999999999,32790.0
Hiệu quả xe nội tỉnh chiều về,9,DLK,HUBPYN,2026-09-05,2026,9,5,11621.289999999999,32790.0
Hiệu quả xe nội tỉnh chiều về,9,DLK,HUBDLK,2026-09-01,2026,9,1,37180.579999999994,98850.0
Hiệu quả xe nội tỉnh chiều về,9,LDG,HUBLDG01,2026-09-03,2026,9,3,19221.69,40650.0
Hiệu quả xe nội tỉnh chiều về,9,NBH,HUBNDH,2026-09-06,2026,9,6,42296.88,66300.0
Hiệu quả xe nội tỉnh chiều về,9,DNG,HUBDNG,2026-09-04,2026,9,4,58151.76,80600.0
Hiệu quả xe nội tỉnh chiều về,9,DNI,HUBDNI,2026-09-08,2026,9,8,95125.16999999998,151550.0
Hiệu quả xe nội tỉnh chiều về,9,DNI,HUBDNI,2026-09-05,2026,9,5,94525.59,156150.0
Hiệu quả xe nội tỉnh chiều về,9,DTP,HUBTGG,2026-09-05,2026,9,5,26383.64,55050.0
Hiệu quả xe nội tỉnh chiều về,9,HPG,HUBHPG,2026-09-01,2026,9,1,2644.03,10530.0
Hiệu quả xe nội tỉnh chiều về,9,GLI,HUBGLI,2026-09-04,2026,9,4,32266.629999999997,51800.0
Hiệu quả xe nội tỉnh chiều về,9,GLI,HUBGLI,2026-09-06,2026,9,6,32994.00000000001,52630.0
Hiệu quả xe nội tỉnh chiều về,9,PHO,HUBHBH,2026-09-04,2026,9,4,13309.69,18500.0
Hiệu quả xe nội tỉnh chiều về,9,PHO,HUBHBH,2026-09-03,2026,9,3,13154.93,18500.0
Hiệu quả xe nội tỉnh chiều về,9,PHO,HUBPHO,2026-09-01,2026,9,1,16036.73,61600.0
Hiệu quả xe nội tỉnh chiều về,9,QNH,HUBQNH,2026-09-01,2026,9,1,23922.030000000002,32450.0
Hiệu quả xe nội tỉnh chiều về,9,QNI,HUBKTM,2026-09-07,2026,9,7,8683.849999999999,18350.0
Hiệu quả xe nội tỉnh chiều về,9,HCM,HUBTAN,2026-09-07,2026,9,7,45300.03,67950.0
Hiệu quả xe nội tỉnh chiều về,9,TNH,HUBTNH,2026-09-04,2026,9,4,26315.190000000002,56800.0
Hiệu quả xe nội tỉnh chiều về,9,TQG,HUBHGG,2026-09-05,2026,9,5,2924.67,4150.0
Hiệu quả xe nội tỉnh chiều về,9,VLG,HUBTVH,2026-09-05,2026,9,5,8849.58,25300.0
Hiệu quả xe nội tỉnh chiều về,9,HCM,HUBTTO,2026-08-31,2026,8,31,12562.27,12050.0
Hiệu quả xe nội tỉnh chiều về,9,HCM,HUBTAN,2026-09-01,2026,9,1,13445.84,35000.0
Hiệu quả xe nội tỉnh chiều về,9,LDG,HUBBTN,2026-09-01,2026,9,1,1772.6,3500.0
Hiệu quả xe nội tỉnh chiều về,9,LDG,HUBBTN,2026-09-04,2026,9,4,2061.29,3500.0
Hiệu quả xe nội tỉnh chiều về,9,QTI,HUBQBH,2026-09-08,2026,9,8,13752.729999999998,20800.0
Hiệu quả xe nội tỉnh chiều về,9,SLA,HUBSLA,2026-09-03,2026,9,3,238.41,900.0
Hiệu quả xe nội tỉnh chiều về,9,AGG,HUBKGG01,2026-09-03,2026,9,3,11403.590000000002,30200.0
Hiệu quả xe nội tỉnh chiều về,9,BNH,HUBBNH,2026-09-04,2026,9,4,78351.95999999999,114030.0
Hiệu quả xe nội tỉnh chiều về,9,BNH,HUBBGG,2026-09-04,2026,9,4,78542.54000000001,96700.0
Hiệu quả xe nội tỉnh chiều về,9,BNH,HUBBGG,2026-09-08,2026,9,8,46200.16999999999,61950.0
Hiệu quả xe nội tỉnh chiều về,9,HNI,BBSDPG,2026-09-06,2026,9,6,161696.20999999996,244100.0
Hiệu quả xe nội tỉnh chiều về,9,HNI,HUBYAN,2026-09-06,2026,9,6,116458.09000000001,196100.0
Hiệu quả xe nội tỉnh chiều về,9,HNI,HUBTTI,2026-09-01,2026,9,1,113587.94000000002,197550.0
Hiệu quả xe nội tỉnh chiều về,9,CMU,HUBCMU,2026-09-02,2026,9,2,10478.87,17750.0
Hiệu quả xe nội tỉnh chiều về,9,CTO,HUBCTO,2026-09-06,2026,9,6,43927.259999999995,120300.0
Hiệu quả xe nội tỉnh chiều về,9,CTO,HUBCTO,2026-09-03,2026,9,3,59512.149999999994,132800.0
Hiệu quả xe nội tỉnh chiều về,9,LDG,HUBLDG03,2026-09-07,2026,9,7,13102.02,20450.0
Hiệu quả xe nội tỉnh chiều về,9,LSN,HUBLSN,2026-09-05,2026,9,5,14569.52,10650.0
Hiệu quả xe nội tỉnh chiều về,9,NAN,HUBNAN,2026-09-04,2026,9,4,48059.63,84780.0
Hiệu quả xe nội tỉnh chiều về,9,NBH,HUBNDH,2026-09-07,2026,9,7,62866.45000000001,93100.0
Hiệu quả xe nội tỉnh chiều về,9,NBH,HUBNDH,2026-09-08,2026,9,8,51110.7,73400.0
Hiệu quả xe nội tỉnh chiều về,9,HNI,HUBTTI,2026-08-29,2026,8,29,14055.42,8000.0
Hiệu quả xe nội tỉnh chiều về,9,HPG,HUBHPG,2026-09-07,2026,9,7,35146.74999999999,44410.0
Hiệu quả xe nội tỉnh chiều về,9,HUE,HUBHUE,2026-09-01,2026,9,1,13908.990000000002,29680.0
Hiệu quả xe nội tỉnh chiều về,9,GLI,HUBBHD,2026-09-01,2026,9,1,12059.62,26150.0
Hiệu quả xe nội tỉnh chiều về,9,PHO,HUBHBH,2026-09-02,2026,9,2,7731.409999999999,18500.0
Hiệu quả xe nội tỉnh chiều về,9,QNI,HUBKTM,2026-09-01,2026,9,1,9003.090000000002,15050.0
Hiệu quả xe nội tỉnh chiều về,9,QNI,HUBQNI,2026-09-04,2026,9,4,17453.57,21140.0
Hiệu quả xe nội tỉnh chiều về,9,HCM,HUBTDC,2026-09-04,2026,9,4,68788.16,81440.0
Hiệu quả xe nội tỉnh chiều về,9,HCM,HUBBDG,2026-09-05,2026,9,5,39770.369999999995,78000.0
Hiệu quả xe nội tỉnh chiều về,9,HCM,HUBTTO,2026-09-02,2026,9,2,20243.529999999995,76850.0
Hiệu quả xe nội tỉnh chiều về,9,AGG,HUBKGG01,2026-09-08,2026,9,8,11196.68,27100.0
Hiệu quả xe nội tỉnh chiều về,9,HNI,BBSDPG,2026-09-04,2026,9,4,260963.25999999998,338700.0
Hiệu quả xe nội tỉnh chiều về,9,CMU,HUBBLU,2026-09-06,2026,9,6,2866.12,6750.0
Hiệu quả xe nội tỉnh chiều về,9,CTO,HUBCTO,2026-09-07,2026,9,7,60302.71,124200.0
Hiệu quả xe nội tỉnh chiều về,9,DBN,HUBDBN,2026-09-01,2026,9,1,64.57,1650.0
Hiệu quả xe nội tỉnh chiều về,9,NAN,HUBNAN,2026-09-08,2026,9,8,42856.909999999996,79080.0
Hiệu quả xe nội tỉnh chiều về,9,NBH,HUBNDH,2026-09-05,2026,9,5,49196.61,85100.0
Hiệu quả xe nội tỉnh chiều về,9,DNI,HUBBPC,2026-09-06,2026,9,6,14647.33,43250.0
Hiệu quả xe nội tỉnh chiều về,9,DNI,HUBBPC,2026-09-03,2026,9,3,16371.109999999999,45350.0
Hiệu quả xe nội tỉnh chiều về,9,DTP,HUBDTP,2026-08-31,2026,8,31,1939.96,5100.0
Hiệu quả xe nội tỉnh chiều về,9,HPG,HUBHPG,2026-09-06,2026,9,6,2067.8199999999997,4950.0
Hiệu quả xe nội tỉnh chiều về,9,PHO,HUBHBH,2026-09-07,2026,9,7,14090.219999999998,18500.0
Hiệu quả xe nội tỉnh chiều về,9,TNH,HUBTNH,2026-09-06,2026,9,6,20673.13,46700.0
Hiệu quả xe nội tỉnh chiều về,9,TNH,HUBLAN,2026-09-07,2026,9,7,48130.41999999999,85300.0
Hiệu quả xe nội tỉnh chiều về,9,TNH,HUBLAN,2026-08-31,2026,8,31,22392.480000000003,36100.0
Hiệu quả xe nội tỉnh chiều về,9,VLG,HUBVLG,2026-08-31,2026,8,31,3182.87,5100.0
Hiệu quả xe nội tỉnh chiều về,9,HCM,HUBTAN,2026-08-31,2026,8,31,10109.740000000002,11300.0
Hiệu quả xe nội tỉnh chiều về,9,KHA,HUBKHA,2026-09-08,2026,9,8,29132.199999999997,52250.0
Hiệu quả xe nội tỉnh chiều về,9,KHA,HUBNTN,2026-09-08,2026,9,8,11019.710000000001,20300.0
Hiệu quả xe nội tỉnh chiều về,9,QNI,HUBQNI,2026-09-01,2026,9,1,13603.83,17840.0
Hiệu quả xe nội tỉnh chiều về,9,QTI,HUBQTI,2026-09-03,2026,9,3,16745.97,26640.0
Hiệu quả xe nội tỉnh chiều về,9,BNH,HUBBGG,2026-09-06,2026,9,6,84114.28,93650.0
Hiệu quả xe nội tỉnh chiều về,9,BNH,HUBBGG,2026-09-07,2026,9,7,80630.44,97650.0
Hiệu quả xe nội tỉnh chiều về,9,BNH,HUBBGG,2026-09-05,2026,9,5,82902.69000000002,100300.0
Hiệu quả xe nội tỉnh chiều về,9,CMU,HUBBLU,2026-09-04,2026,9,4,4248.5199999999995,13500.0
Hiệu quả xe nội tỉnh chiều về,9,HNI,HUBYAN,2026-09-05,2026,9,5,284995.56999999995,404045.0
Hiệu quả xe nội tỉnh chiều về,9,CTO,HUBSTG,2026-09-06,2026,9,6,3771.65,5100.0
Hiệu quả xe nội tỉnh chiều về,9,DLK,HUBPYN,2026-09-08,2026,9,8,10581.720000000001,29145.0
Hiệu quả xe nội tỉnh chiều về,9,DLK,HUBDLK,2026-09-02,2026,9,2,22527.499999999993,85450.0
Hiệu quả xe nội tỉnh chiều về,9,LDG,HUBLDG01,2026-09-07,2026,9,7,22233.800000000003,43150.0
Hiệu quả xe nội tỉnh chiều về,9,LDG,HUBLDG01,2026-09-06,2026,9,6,11416.320000000002,36150.0
Hiệu quả xe nội tỉnh chiều về,9,LDG,HUBLDG03,2026-09-02,2026,9,2,5899.45,17150.0
Hiệu quả xe nội tỉnh chiều về,9,DNI,HUBBPC,2026-09-02,2026,9,2,7265.13,38500.0
Hiệu quả xe nội tỉnh chiều về,9,HTH,HUBHTH,2026-09-03,2026,9,3,10076.880000000001,31100.0
Hiệu quả xe nội tỉnh chiều về,9,HTH,HUBHTH,2026-09-07,2026,9,7,9379.49,31100.0
Hiệu quả xe nội tỉnh chiều về,9,HYN,HUBHYN,2026-09-06,2026,9,6,50561.96000000001,47000.0
Hiệu quả xe nội tỉnh chiều về,9,GLI,HUBBHD,2026-09-03,2026,9,3,14821.5,24850.0
Hiệu quả xe nội tỉnh chiều về,9,HCM,HUBBDG,2026-09-08,2026,9,8,33627.869999999995,68000.0
Hiệu quả xe nội tỉnh chiều về,9,PHO,HUBPHO,2026-09-03,2026,9,3,21548.77,57100.0
Hiệu quả xe nội tỉnh chiều về,9,QNI,HUBQNI,2026-09-07,2026,9,7,18785.48,21140.0
Hiệu quả xe nội tỉnh chiều về,9,HCM,HUBVTU,2026-09-03,2026,9,3,28121.97,57150.0
Hiệu quả xe nội tỉnh chiều về,9,HCM,HUBTTO,2026-09-01,2026,9,1,44786.66,80350.0
Hiệu quả xe nội tỉnh chiều về,9,HCM,HUBBDG,2026-09-02,2026,9,2,8144.67,48800.0
Hiệu quả xe nội tỉnh chiều về,9,TNH,HUBTNH,2026-09-08,2026,9,8,16233.140000000001,32600.0
Hiệu quả xe nội tỉnh chiều về,9,TNN,HUBTNN,2026-09-08,2026,9,8,18326.74,37110.0
Hiệu quả xe nội tỉnh chiều về,9,CMU,HUBBLU,2026-09-08,2026,9,8,3971.2200000000003,13500.0
Hiệu quả xe nội tỉnh chiều về,9,HNI,BBSDPG,2026-09-07,2026,9,7,206228.94999999998,307000.0
Hiệu quả xe nội tỉnh chiều về,9,LDG,HUBBTN,2026-08-31,2026,8,31,1717.37,3500.0
Hiệu quả xe nội tỉnh chiều về,9,LDG,HUBLDG03,2026-08-31,2026,8,31,3094.5,5150.0
Hiệu quả xe nội tỉnh chiều về,9,LSN,HUBLSN,2026-09-01,2026,9,1,14318.17,9000.0
Hiệu quả xe nội tỉnh chiều về,9,NAN,HUBNAN,2026-09-06,2026,9,6,33721.2,74480.0
Hiệu quả xe nội tỉnh chiều về,9,NBH,HUBHNM,2026-09-05,2026,9,5,46940.46,97300.0
Hiệu quả xe nội tỉnh chiều về,9,DNG,HUBQNM,2026-09-07,2026,9,7,20721.9,44950.0
Hiệu quả xe nội tỉnh chiều về,9,DNI,HUBBPC,2026-09-07,2026,9,7,20012.88,46800.0
Hiệu quả xe nội tỉnh chiều về,9,DNI,HUBDNI,2026-09-04,2026,9,4,94149.00999999998,164150.0
Hiệu quả xe nội tỉnh chiều về,9,DNI,HUBBPC,2026-09-05,2026,9,5,16659.079999999998,46800.0
Hiệu quả xe nội tỉnh chiều về,9,DTP,HUBDTP,2026-09-05,2026,9,5,42827.47,82400.0
Hiệu quả xe nội tỉnh chiều về,9,DTP,HUBDTP,2026-09-03,2026,9,3,42812.09,86900.0
Hiệu quả xe nội tỉnh chiều về,9,HCM,HUBTTO,2026-09-07,2026,9,7,117766.00000000001,149850.0
Hiệu quả xe nội tỉnh chiều về,9,HCM,HUBTTO,2026-09-08,2026,9,8,103599.85,130480.0
Hiệu quả xe nội tỉnh chiều về,9,PHO,HUBVPC,2026-08-31,2026,8,31,15298.3,18200.0
Hiệu quả xe nội tỉnh chiều về,9,QNI,HUBQNI,2026-09-05,2026,9,5,15880.1,21140.0
Hiệu quả xe nội tỉnh chiều về,9,HCM,HUBBDG,2026-09-06,2026,9,6,19418.18,59600.0
Hiệu quả xe nội tỉnh chiều về,9,TNH,HUBTNH,2026-09-05,2026,9,5,29460.589999999997,57000.0
Hiệu quả xe nội tỉnh chiều về,9,TQG,HUBHGG,2026-09-01,2026,9,1,2753.21,4150.0
Hiệu quả xe nội tỉnh chiều về,9,TQG,HUBTQG,2026-09-04,2026,9,4,6057.219999999999,6600.0
Hiệu quả xe nội tỉnh chiều về,9,KHA,HUBNTN,2026-09-03,2026,9,3,17348.46,23600.0
Hiệu quả xe nội tỉnh chiều về,9,KHA,HUBNTN,2026-09-07,2026,9,7,15898.33,23600.0
Hiệu quả xe nội tỉnh chiều về,9,LCI,HUBLCI01,2026-09-02,2026,9,2,7712.610000000001,16000.0
Hiệu quả xe nội tỉnh chiều về,9,QTI,HUBQTI,2026-09-07,2026,9,7,18946.190000000002,26640.0
Hiệu quả xe nội tỉnh chiều về,9,CMU,HUBBLU,2026-09-03,2026,9,3,2777.15,13500.0
Hiệu quả xe nội tỉnh chiều về,9,HNI,HUBLBN,2026-09-06,2026,9,6,95414.71999999999,139150.0
Hiệu quả xe nội tỉnh chiều về,9,HNI,HUBYAN,2026-08-31,2026,8,31,58228.38,81000.0
Hiệu quả xe nội tỉnh chiều về,9,CTO,HUBCTO,2026-09-04,2026,9,4,57515.96000000001,135000.0
Hiệu quả xe nội tỉnh chiều về,9,CTO,HUBSTG,2026-09-04,2026,9,4,2436.84,5100.0
Hiệu quả xe nội tỉnh chiều về,9,CTO,HUBSTG,2026-09-05,2026,9,5,3793.99,5100.0
Hiệu quả xe nội tỉnh chiều về,9,DLK,HUBPYN,2026-09-03,2026,9,3,10477.09,32790.0
Hiệu quả xe nội tỉnh chiều về,9,LDG,HUBLDG01,2026-08-31,2026,8,31,2662.76,6050.0
Hiệu quả xe nội tỉnh chiều về,9,LSN,HUBLSN,2026-09-07,2026,9,7,14790.359999999999,10650.0
Hiệu quả xe nội tỉnh chiều về,9,NAN,HUBNAN,2026-09-01,2026,9,1,33150.36,69130.0
Hiệu quả xe nội tỉnh chiều về,9,DNI,HUBDNI,2026-09-06,2026,9,6,52109.990000000005,127150.0
Hiệu quả xe nội tỉnh chiều về,9,DTP,HUBTGG,2026-09-03,2026,9,3,29928.749999999996,54050.0
Hiệu quả xe nội tỉnh chiều về,9,HPG,HUBHDG,2026-09-08,2026,9,8,57170.3,111150.0
Hiệu quả xe nội tỉnh chiều về,9,HTH,HUBHTH,2026-09-04,2026,9,4,11682.669999999998,31100.0
Hiệu quả xe nội tỉnh chiều về,9,GLI,HUBGLI,2026-09-08,2026,9,8,40084.399999999994,60080.0
Hiệu quả xe nội tỉnh chiều về,9,GLI,HUBBHD,2026-09-02,2026,9,2,9153.130000000001,21650.0
Hiệu quả xe nội tỉnh chiều về,9,GLI,HUBGLI,2026-09-03,2026,9,3,31478.139999999996,50780.0
Hiệu quả xe nội tỉnh chiều về,9,NBH,HUBHNM,2026-08-31,2026,8,31,14537.400000000001,19500.0
Hiệu quả xe nội tỉnh chiều về,9,PHO,HUBVPC,2026-09-01,2026,9,1,71311.79000000001,95400.0
Hiệu quả xe nội tỉnh chiều về,9,PHO,HUBPHO,2026-09-08,2026,9,8,33842.19,49500.0
Hiệu quả xe nội tỉnh chiều về,9,PHO,HUBVPC,2026-09-04,2026,9,4,78238.66,105400.0
Hiệu quả xe nội tỉnh chiều về,9,PHO,HUBHBH,2026-09-08,2026,9,8,10596.740000000002,13400.0
Hiệu quả xe nội tỉnh chiều về,9,QNH,HUBQNH,2026-09-03,2026,9,3,27588.65,49850.0
Hiệu quả xe nội tỉnh chiều về,9,QNI,HUBKTM,2026-09-06,2026,9,6,6584.19,20000.0
Hiệu quả xe nội tỉnh chiều về,9,HCM,HUBTAN,2026-09-03,2026,9,3,34328.350000000006,57750.0
Hiệu quả xe nội tỉnh chiều về,9,HCM,HUBVTU,2026-09-06,2026,9,6,20639.75,69650.0
Hiệu quả xe nội tỉnh chiều về,9,HCM,HUBBDG,2026-09-04,2026,9,4,55175.37,70300.0
Hiệu quả xe nội tỉnh chiều về,9,HCM,HUBTAN,2026-09-02,2026,9,2,14554.550000000001,36000.0
Hiệu quả xe nội tỉnh chiều về,9,TNH,HUBTNH,2026-09-07,2026,9,7,29105.05,50650.0
Hiệu quả xe nội tỉnh chiều về,9,TNH,HUBLAN,2026-09-08,2026,9,8,29689.210000000003,59550.0
Hiệu quả xe nội tỉnh chiều về,9,TNN,HUBTNN,2026-08-31,2026,8,31,5864.68,9600.0
Hiệu quả xe nội tỉnh chiều về,9,TQG,HUBHGG,2026-09-04,2026,9,4,1933.57,1650.0
Hiệu quả xe nội tỉnh chiều về,9,VLG,HUBVLG,2026-09-05,2026,9,5,18276.55,54800.0
Hiệu quả xe nội tỉnh chiều về,9,VLG,HUBVLG,2026-09-02,2026,9,2,9401.54,33500.0
Hiệu quả xe nội tỉnh chiều về,9,VLG,HUBBTE,2026-09-06,2026,9,6,38628.36,48950.0
Hiệu quả xe nội tỉnh chiều về,9,KHA,HUBKHA,2026-09-03,2026,9,3,22660.359999999997,52250.0
Hiệu quả xe nội tỉnh chiều về,9,KHA,HUBKHA,2026-08-31,2026,8,31,2659.09,2500.0
Hiệu quả xe nội tỉnh chiều về,9,LCI,HUBLCI01,2026-09-06,2026,9,6,21755.46,16000.0
Hiệu quả xe nội tỉnh chiều về,9,LCI,HUBYBN,2026-09-03,2026,9,3,14869.300000000001,13650.0
Hiệu quả xe nội tỉnh chiều về,9,LCI,HUBLCI01,2026-09-01,2026,9,1,19676.57,16000.0
Hiệu quả xe nội tỉnh chiều về,9,BNH,HUBBNH,2026-08-31,2026,8,31,17964.800000000003,27930.0
Hiệu quả xe nội tỉnh chiều về,9,HNI,HUBTTI,2026-09-05,2026,9,5,331523.19000000006,405750.0
Hiệu quả xe nội tỉnh chiều về,9,CTO,HUBSTG,2026-09-07,2026,9,7,8209.98,5100.0
Hiệu quả xe nội tỉnh chiều về,9,DBN,HUBDBN,2026-09-04,2026,9,4,110.9,1650.0
Hiệu quả xe nội tỉnh chiều về,9,NBH,HUBNBH,2026-09-08,2026,9,8,29724.52,52660.0
Hiệu quả xe nội tỉnh chiều về,9,DNG,HUBQNM,2026-09-08,2026,9,8,16832.01,48250.0
Hiệu quả xe nội tỉnh chiều về,9,DNG,HUBDNG,2026-09-01,2026,9,1,33406.14,50850.0
Hiệu quả xe nội tỉnh chiều về,9,DNG,HUBDNG,2026-08-31,2026,8,31,3418.68,5000.0
Hiệu quả xe nội tỉnh chiều về,9,DNI,HUBDNI,2026-09-03,2026,9,3,91391.12,148250.0
Hiệu quả xe nội tỉnh chiều về,9,HPG,HUBHDG,2026-09-05,2026,9,5,53372.079999999994,119750.0
Hiệu quả xe nội tỉnh chiều về,9,HPG,HUBHDG,2026-08-31,2026,8,31,1354.25,4500.0
Hiệu quả xe nội tỉnh chiều về,9,HUE,HUBHUE,2026-09-06,2026,9,6,12227.2,24730.0
Hiệu quả xe nội tỉnh chiều về,9,HYN,HUBHYN,2026-09-04,2026,9,4,96053.69999999998,93500.0
Hiệu quả xe nội tỉnh chiều về,9,HYN,HUBTBH,2026-08-31,2026,8,31,5137.92,9000.0
Hiệu quả xe nội tỉnh chiều về,9,GLI,HUBBHD,2026-09-08,2026,9,8,17290.59,31250.0
Hiệu quả xe nội tỉnh chiều về,9,HCM,HUBTDC,2026-09-02,2026,9,2,12274.35,39960.0
Hiệu quả xe nội tỉnh chiều về,9,QNH,HUBQNH,2026-09-07,2026,9,7,21405.45,42250.0
Hiệu quả xe nội tỉnh chiều về,9,HCM,HUBTDC,2026-09-08,2026,9,8,66714.91000000002,79390.0
Hiệu quả xe nội tỉnh chiều về,9,TNH,HUBTNH,2026-09-01,2026,9,1,21671.600000000002,49000.0
Hiệu quả xe nội tỉnh chiều về,9,VLG,HUBBTE,2026-09-04,2026,9,4,49225.84000000001,83800.0
Hiệu quả xe nội tỉnh chiều về,9,VLG,HUBTVH,2026-09-08,2026,9,8,10660.77,25300.0
Hiệu quả xe nội tỉnh chiều về,9,AGG,HUBAGG,2026-09-01,2026,9,1,30335.609999999997,71600.0
Hiệu quả xe nội tỉnh chiều về,9,BNH,HUBBNH,2026-09-03,2026,9,3,70483.17000000001,110130.0
Hiệu quả xe nội tỉnh chiều về,9,BNH,HUBBNH,2026-09-01,2026,9,1,30000.229999999996,42630.0
Hiệu quả xe nội tỉnh chiều về,9,CMU,HUBCMU,2026-09-03,2026,9,3,12896.670000000002,35500.0
Hiệu quả xe nội tỉnh chiều về,9,HNI,HUBTTI,2026-09-02,2026,9,2,59831.880000000005,162850.0
Hiệu quả xe nội tỉnh chiều về,9,HNI,BBSDPG,2026-09-03,2026,9,3,208478.15,295800.0
Hiệu quả xe nội tỉnh chiều về,9,DLK,HUBPYN,2026-09-02,2026,9,2,6443.0,29145.0
Hiệu quả xe nội tỉnh chiều về,9,LSN,HUBLSN,2026-09-06,2026,9,6,10383.48,6150.0
Hiệu quả xe nội tỉnh chiều về,9,NBH,HUBHNM,2026-09-07,2026,9,7,59586.219999999994,94100.0
Hiệu quả xe nội tỉnh chiều về,9,NBH,HUBHNM,2026-09-04,2026,9,4,49480.42,97300.0
Hiệu quả xe nội tỉnh chiều về,9,DNG,HUBDNG,2026-09-03,2026,9,3,48575.78,72100.0
Hiệu quả xe nội tỉnh chiều về,9,DNI,HUBDNI,2026-09-01,2026,9,1,56104.18,125450.0
Hiệu quả xe nội tỉnh chiều về,9,DNI,HUBBPC,2026-09-01,2026,9,1,10801.939999999999,40400.0
Hiệu quả xe nội tỉnh chiều về,9,DTP,HUBTGG,2026-09-06,2026,9,6,22651.56,48400.0
Hiệu quả xe nội tỉnh chiều về,9,DTP,HUBTGG,2026-09-04,2026,9,4,28200.510000000006,58550.0
Hiệu quả xe nội tỉnh chiều về,9,HTH,HUBHTH,2026-09-08,2026,9,8,11528.259999999998,31100.0
Hiệu quả xe nội tỉnh chiều về,9,HUE,HUBHUE,2026-09-04,2026,9,4,13371.15,23900.0
Hiệu quả xe nội tỉnh chiều về,9,HCM,HUBTTO,2026-09-06,2026,9,6,33477.03,85530.0
Hiệu quả xe nội tỉnh chiều về,9,PHO,HUBVPC,2026-09-03,2026,9,3,96658.59000000001,100300.0
Hiệu quả xe nội tỉnh chiều về,9,QNI,HUBQNI,2026-09-02,2026,9,2,8564.2,17840.0
Hiệu quả xe nội tỉnh chiều về,9,QNI,HUBKTM,2026-09-02,2026,9,2,4694.419999999999,14850.0
Hiệu quả xe nội tỉnh chiều về,9,VLG,HUBBTE,2026-09-07,2026,9,7,48554.23,76450.0
Hiệu quả xe nội tỉnh chiều về,9,VLG,HUBBTE,2026-09-03,2026,9,3,49783.45,66800.0
Hiệu quả xe nội tỉnh chiều về,9,QTI,HUBQBH,2026-09-06,2026,9,6,12578.81,18900.0
Hiệu quả xe nội tỉnh chiều về,9,QTI,HUBQTI,2026-09-06,2026,9,6,15680.17,15390.0
Hiệu quả xe nội tỉnh chiều về,9,SLA,HUBSLA,2026-09-04,2026,9,4,171.06,900.0
Hiệu quả xe nội tỉnh chiều về,9,THA,HUBTHA,2026-09-02,2026,9,2,36587.499999999985,142800.0
Hiệu quả xe nội tỉnh chiều về,9,THA,HUBTHA,2026-09-01,2026,9,1,56878.310000000005,143250.0
Hiệu quả xe nội tỉnh chiều về,9,AGG,HUBAGG,2026-09-07,2026,9,7,34500.13,69900.0
Hiệu quả xe nội tỉnh chiều về,9,AGG,HUBAGG,2026-09-03,2026,9,3,25793.17,61550.0
Hiệu quả xe nội tỉnh chiều về,9,BNH,HUBBNH,2026-09-02,2026,9,2,15537.960000000003,46300.0
Hiệu quả xe nội tỉnh chiều về,9,HNI,BBSDPG,2026-09-05,2026,9,5,279130.19,369000.0
Hiệu quả xe nội tỉnh chiều về,9,CTO,HUBSTG,2026-09-08,2026,9,8,2814.47,900.0
Hiệu quả xe nội tỉnh chiều về,9,CTO,HUBCTO,2026-08-31,2026,8,31,1255.58,900.0
Hiệu quả xe nội tỉnh chiều về,9,CTO,HUBCTO,2026-09-05,2026,9,5,60808.87000000002,132500.0
Hiệu quả xe nội tỉnh chiều về,9,DBN,HUBDBN,2026-09-05,2026,9,5,120.27,1650.0
Hiệu quả xe nội tỉnh chiều về,9,LDG,HUBLDG01,2026-09-05,2026,9,5,24621.43,49300.0
Hiệu quả xe nội tỉnh chiều về,9,LSN,HUBLSN,2026-09-03,2026,9,3,13131.84,15750.0
Hiệu quả xe nội tỉnh chiều về,9,NAN,HUBNAN,2026-08-31,2026,8,31,5260.99,8600.0
Hiệu quả xe nội tỉnh chiều về,9,NBH,HUBNDH,2026-09-01,2026,9,1,46750.240000000005,78100.0
Hiệu quả xe nội tỉnh chiều về,9,NBH,HUBNDH,2026-09-02,2026,9,2,22458.89,70800.0
Hiệu quả xe nội tỉnh chiều về,9,NBH,HUBNDH,2026-08-31,2026,8,31,6929.59,12000.0
Hiệu quả xe nội tỉnh chiều về,9,DNG,HUBQNM,2026-09-06,2026,9,6,9020.289999999999,38300.0
Hiệu quả xe nội tỉnh chiều về,9,DNI,HUBDNI,2026-09-07,2026,9,7,124976.74,162550.0
Hiệu quả xe nội tỉnh chiều về,9,DNI,HUBBPC,2026-09-08,2026,9,8,15422.809999999998,42350.0
Hiệu quả xe nội tỉnh chiều về,9,DTP,HUBDTP,2026-09-07,2026,9,7,36455.12000000001,81800.0
Hiệu quả xe nội tỉnh chiều về,9,HPG,HUBHDG,2026-09-04,2026,9,4,48562.48000000001,115250.0
Hiệu quả xe nội tỉnh chiều về,9,HPG,HUBHDG,2026-09-06,2026,9,6,19225.28,62650.0
Hiệu quả xe nội tỉnh chiều về,9,HPG,HUBHDG,2026-09-01,2026,9,1,17365.69,61600.0
Hiệu quả xe nội tỉnh chiều về,9,HYN,HUBHYN,2026-09-01,2026,9,1,34233.72,36800.0
Hiệu quả xe nội tỉnh chiều về,9,PHO,HUBVPC,2026-09-06,2026,9,6,77693.5,95400.0
Hiệu quả xe nội tỉnh chiều về,9,PHO,HUBPHO,2026-09-05,2026,9,5,26478.879999999997,61600.0
Hiệu quả xe nội tỉnh chiều về,9,QNH,HUBQNH,2026-08-31,2026,8,31,4758.97,6800.0
Hiệu quả xe nội tỉnh chiều về,9,QNI,HUBKTM,2026-09-08,2026,9,8,10236.54,18350.0
Hiệu quả xe nội tỉnh chiều về,9,HCM,HUBTDC,2026-09-01,2026,9,1,18311.37,43410.0
Hiệu quả xe nội tỉnh chiều về,9,TNH,HUBLAN,2026-09-04,2026,9,4,54231.95000000001,88800.0
Hiệu quả xe nội tỉnh chiều về,9,TNN,HUBTNN,2026-09-02,2026,9,2,15922.62,30510.0
Hiệu quả xe nội tỉnh chiều về,9,TNN,HUBTNN,2026-09-07,2026,9,7,37237.8,65140.0
Hiệu quả xe nội tỉnh chiều về,9,TQG,HUBTQG,2026-09-01,2026,9,1,4314.2,6600.0
Hiệu quả xe nội tỉnh chiều về,9,VLG,HUBBTE,2026-09-02,2026,9,2,17244.510000000002,40800.0
Hiệu quả xe nội tỉnh chiều về,9,VLG,HUBBTE,2026-09-01,2026,9,1,36101.41999999999,57150.0
Hiệu quả xe nội tỉnh chiều về,9,VLG,HUBVLG,2026-09-01,2026,9,1,13943.980000000001,28400.0
Hiệu quả xe nội tỉnh chiều về,9,HCM,HUBVTU,2026-09-01,2026,9,1,14065.74,61650.0
Hiệu quả xe nội tỉnh chiều về,9,KHA,HUBNTN,2026-09-04,2026,9,4,15872.68,23600.0
Hiệu quả xe nội tỉnh chiều về,9,KHA,HUBKHA,2026-09-01,2026,9,1,14921.85,47300.0
Hiệu quả xe nội tỉnh chiều về,9,SLA,HUBSLA,2026-09-01,2026,9,1,917.08,900.0
Hiệu quả xe nội tỉnh chiều về,9,BNH,HUBBGG,2026-09-03,2026,9,3,80347.08000000002,97100.0
Hiệu quả xe nội tỉnh chiều về,9,HNI,HUBLBN,2026-09-01,2026,9,1,61086.369999999995,110550.0
Hiệu quả xe nội tỉnh chiều về,9,NBH,HUBNBH,2026-09-01,2026,9,1,23311.46,44660.0
Hiệu quả xe nội tỉnh chiều về,9,NBH,HUBHNM,2026-09-06,2026,9,6,41743.84,83300.0
Hiệu quả xe nội tỉnh chiều về,9,DNI,HUBBPC,2026-09-04,2026,9,4,33461.86,43950.0
Hiệu quả xe nội tỉnh chiều về,9,DTP,HUBDTP,2026-09-01,2026,9,1,25492.46,47250.0
Hiệu quả xe nội tỉnh chiều về,9,HPG,HUBHDG,2026-09-02,2026,9,2,13352.71,52000.0
Hiệu quả xe nội tỉnh chiều về,9,HTH,HUBHTH,2026-09-02,2026,9,2,4842.45,18250.0
Hiệu quả xe nội tỉnh chiều về,9,HTH,HUBHTH,2026-09-06,2026,9,6,6843.03,18250.0
Hiệu quả xe nội tỉnh chiều về,9,GLI,HUBBHD,2026-09-04,2026,9,4,18220.86,25900.0
Hiệu quả xe nội tỉnh chiều về,9,PHO,HUBHBH,2026-09-01,2026,9,1,11670.289999999999,18500.0
Hiệu quả xe nội tỉnh chiều về,9,QNH,HUBQNH,2026-09-05,2026,9,5,25628.76,46750.0
Hiệu quả xe nội tỉnh chiều về,9,QNI,HUBKTM,2026-09-04,2026,9,4,9640.28,13200.0
Hiệu quả xe nội tỉnh chiều về,9,QNI,HUBKTM,2026-09-05,2026,9,5,8846.44,18350.0
Hiệu quả xe nội tỉnh chiều về,9,HCM,HUBTAN,2026-09-06,2026,9,6,28240.600000000002,43650.0
Hiệu quả xe nội tỉnh chiều về,9,TNH,HUBLAN,2026-09-03,2026,9,3,39928.21000000001,78050.0
Hiệu quả xe nội tỉnh chiều về,9,TNN,HUBTNN,2026-09-04,2026,9,4,34682.03999999999,66790.0
Hiệu quả xe nội tỉnh chiều về,9,TQG,HUBTQG,2026-09-05,2026,9,5,5815.23,8250.0
Hiệu quả xe nội tỉnh chiều về,9,VLG,HUBVLG,2026-09-03,2026,9,3,17096.41,31900.0
Hiệu quả xe nội tỉnh chiều về,9,KHA,HUBKHA,2026-09-07,2026,9,7,25143.440000000006,57200.0
Hiệu quả xe nội tỉnh chiều về,9,LCI,HUBLCI01,2026-09-03,2026,9,3,24303.11,16000.0
Hiệu quả xe nội tỉnh chiều về,9,SLA,HUBSLA,2026-08-31,2026,8,31,350.31,900.0
Hiệu quả xe nội tỉnh chiều về,9,HNI,HUBLBN,2026-09-08,2026,9,8,112457.12999999999,162900.0
Hiệu quả xe nội tỉnh chiều về,9,DLK,HUBDLK,2026-09-07,2026,9,7,50150.18,98850.0
Hiệu quả xe nội tỉnh chiều về,9,HYN,HUBTBH,2026-09-05,2026,9,5,30221.259999999995,51950.0
Hiệu quả xe nội tỉnh chiều về,9,HYN,HUBTBH,2026-09-07,2026,9,7,32007.090000000004,61250.0
Hiệu quả xe nội tỉnh chiều về,9,HYN,HUBHYN,2026-09-08,2026,9,8,107519.82,83600.0
Hiệu quả xe nội tỉnh chiều về,9,GLI,HUBGLI,2026-09-05,2026,9,5,31483.700000000008,52630.0
Hiệu quả xe nội tỉnh chiều về,9,HCM,HUBTDC,2026-09-07,2026,9,7,65079.74000000002,74010.0
Hiệu quả xe nội tỉnh chiều về,9,PHO,HUBPHO,2026-09-04,2026,9,4,35911.76,57100.0
Hiệu quả xe nội tỉnh chiều về,9,HCM,HUBVTU,2026-09-02,2026,9,2,7973.779999999999,52350.0
Hiệu quả xe nội tỉnh chiều về,9,TNH,HUBLAN,2026-09-01,2026,9,1,26183.450000000004,68550.0
Hiệu quả xe nội tỉnh chiều về,9,TNN,HUBTNN,2026-09-03,2026,9,3,40461.96,61840.0
Hiệu quả xe nội tỉnh chiều về,9,TQG,HUBHGG,2026-09-03,2026,9,3,3658.66,4150.0
Hiệu quả xe nội tỉnh chiều về,9,TQG,HUBHGG,2026-09-08,2026,9,8,3018.92,4150.0
Hiệu quả xe nội tỉnh chiều về,9,LCI,HUBLCI01,2026-09-04,2026,9,4,25340.98,16000.0
Hiệu quả xe nội tỉnh chiều về,9,LCI,HUBYBN,2026-09-05,2026,9,5,20814.309999999998,17500.0
Hiệu quả xe nội tỉnh chiều về,9,LCI,HUBYBN,2026-09-04,2026,9,4,15028.38,14650.0
Hiệu quả xe nội tỉnh chiều về,9,QTI,HUBQBH,2026-09-01,2026,9,1,10462.78,20800.0
Hiệu quả xe nội tỉnh chiều về,9,THA,HUBTHA,2026-08-31,2026,8,31,16874.64,23850.0
Hiệu quả xe nội tỉnh chiều về,9,AGG,HUBAGG,2026-09-05,2026,9,5,37998.74,66400.0
Hiệu quả xe nội tỉnh chiều về,9,CMU,HUBBLU,2026-09-07,2026,9,7,4621.84,13500.0
Hiệu quả xe nội tỉnh chiều về,9,HNI,HUBYAN,2026-09-02,2026,9,2,64616.799999999996,138600.0
Hiệu quả xe nội tỉnh chiều về,9,HNI,BBSDPG,2026-08-31,2026,8,31,76100.72,89500.0
Hiệu quả xe nội tỉnh chiều về,9,HNI,HUBLBN,2026-09-07,2026,9,7,165419.38000000003,232300.0
Hiệu quả xe nội tỉnh chiều về,9,HNI,HUBTTI,2026-09-07,2026,9,7,333158.73,417950.0
Hiệu quả xe nội tỉnh chiều về,9,CMU,HUBBLU,2026-09-02,2026,9,2,2086.04,6750.0
Hiệu quả xe nội tỉnh chiều về,9,LDG,HUBLDG03,2026-09-08,2026,9,8,14175.72,15300.0
Hiệu quả xe nội tỉnh chiều về,9,LSN,HUBLSN,2026-09-04,2026,9,4,17627.15,15750.0
Hiệu quả xe nội tỉnh chiều về,9,NBH,HUBNBH,2026-09-02,2026,9,2,18267.51,44660.0
Hiệu quả xe nội tỉnh chiều về,9,DNG,HUBQNM,2026-09-05,2026,9,5,17488.38,40200.0
Hiệu quả xe nội tỉnh chiều về,9,DNI,HUBBPC,2026-08-31,2026,8,31,1490.02,3300.0
Hiệu quả xe nội tỉnh chiều về,9,HUE,HUBHUE,2026-09-02,2026,9,2,9655.97,28030.0
Hiệu quả xe nội tỉnh chiều về,9,GLI,HUBBHD,2026-09-06,2026,9,6,12914.380000000001,24850.0
Hiệu quả xe nội tỉnh chiều về,9,HCM,HUBVTU,2026-09-07,2026,9,7,25461.02,61150.0
Hiệu quả xe nội tỉnh chiều về,9,HCM,HUBTDC,2026-08-31,2026,8,31,2277.5699999999997,3550.0
Hiệu quả xe nội tỉnh chiều về,9,TNN,HUBTNN,2026-09-06,2026,9,6,30336.24,62660.0
Hiệu quả xe nội tỉnh chiều về,9,VLG,HUBVLG,2026-09-07,2026,9,7,19855.250000000004,36000.0
Hiệu quả xe nội tỉnh chiều về,9,VLG,HUBTVH,2026-09-03,2026,9,3,10065.22,12650.0
Hiệu quả xe nội tỉnh chiều về,9,KHA,HUBNTN,2026-09-01,2026,9,1,8834.81,18650.0
Hiệu quả xe nội tỉnh chiều về,9,LCI,HUBLCI01,2026-09-07,2026,9,7,27043.659999999996,16000.0
Hiệu quả xe nội tỉnh chiều về,9,LDG,HUBBTN,2026-09-07,2026,9,7,1415.73,3500.0
Hiệu quả xe nội tỉnh chiều về,9,LDG,HUBBTN,2026-09-05,2026,9,5,2772.25,3500.0
Hiệu quả xe nội tỉnh chiều về,9,SLA,HUBSLA,2026-09-06,2026,9,6,194.91,900.0
Hiệu quả xe nội tỉnh chiều về,9,SLA,HUBSLA,2026-09-05,2026,9,5,192.8,900.0
Hiệu quả xe nội tỉnh chiều về,9,AGG,HUBAGG,2026-08-31,2026,8,31,9201.69,15300.0
Hiệu quả xe nội tỉnh chiều về,9,HNI,HUBTTI,2026-09-08,2026,9,8,221501.87000000002,303150.0
Hiệu quả xe nội tỉnh chiều về,9,HNI,HUBYAN,2026-09-03,2026,9,3,270111.52,399345.0
Hiệu quả xe nội tỉnh chiều về,9,DLK,HUBDLK,2026-09-06,2026,9,6,35815.0,90850.0
Hiệu quả xe nội tỉnh chiều về,9,DNG,HUBDNG,2026-09-06,2026,9,6,22610.120000000003,37950.0
Hiệu quả xe nội tỉnh chiều về,9,LDG,HUBLDG01,2026-09-04,2026,9,4,25567.06,44800.0
Hiệu quả xe nội tỉnh chiều về,9,DNG,HUBQNM,2026-09-04,2026,9,4,19942.04,37250.0
Hiệu quả xe nội tỉnh chiều về,9,DNG,HUBDNG,2026-09-08,2026,9,8,68094.06000000001,80700.0
Hiệu quả xe nội tỉnh chiều về,9,DTP,HUBDTP,2026-09-04,2026,9,4,42057.979999999996,83450.0
Hiệu quả xe nội tỉnh chiều về,9,HTH,HUBHTH,2026-09-01,2026,9,1,5229.08,18250.0
Hiệu quả xe nội tỉnh chiều về,9,HYN,HUBTBH,2026-09-01,2026,9,1,17894.92,52000.0
Hiệu quả xe nội tỉnh chiều về,9,HYN,HUBHYN,2026-09-02,2026,9,2,35750.64,36800.0
Hiệu quả xe nội tỉnh chiều về,9,GLI,HUBBHD,2026-09-07,2026,9,7,14544.85,21650.0
Hiệu quả xe nội tỉnh chiều về,9,HCM,HUBBDG,2026-09-07,2026,9,7,38923.21,78900.0
Hiệu quả xe nội tỉnh chiều về,9,PHO,HUBPHO,2026-09-07,2026,9,7,29664.75,61600.0
Hiệu quả xe nội tỉnh chiều về,9,QNH,HUBQNH,2026-09-06,2026,9,6,16969.589999999997,42850.0
Hiệu quả xe nội tỉnh chiều về,9,HCM,HUBTTO,2026-09-04,2026,9,4,114710.20999999999,140000.0
Hiệu quả xe nội tỉnh chiều về,9,VLG,HUBVLG,2026-09-08,2026,9,8,21678.559999999998,54800.0
Hiệu quả xe nội tỉnh chiều về,9,VLG,HUBVLG,2026-09-04,2026,9,4,21397.479999999996,54800.0
Hiệu quả xe nội tỉnh chiều về,9,VLG,HUBBTE,2026-09-08,2026,9,8,45310.76,70950.0
Hiệu quả xe nội tỉnh chiều về,9,HCM,HUBTDC,2026-09-06,2026,9,6,28917.12,49710.0
Hiệu quả xe nội tỉnh chiều về,9,HNI,HUBLBN,2026-08-31,2026,8,31,13791.720000000001,21200.0
Hiệu quả xe nội tỉnh chiều về,9,KHA,HUBNTN,2026-09-02,2026,9,2,3213.21,8500.0
Hiệu quả xe nội tỉnh chiều về,9,LCI,HUBLCI01,2026-09-05,2026,9,5,23396.159999999996,16000.0
Hiệu quả xe nội tỉnh chiều về,9,LCI,HUBYBN,2026-09-08,2026,9,8,11440.02,11500.0
Hiệu quả xe nội tỉnh chiều về,9,QTI,HUBQTI,2026-09-01,2026,9,1,12834.34,21540.0
Hiệu quả xe nội tỉnh chiều về,9,QTI,HUBQBH,2026-09-03,2026,9,3,13228.39,20800.0
Hiệu quả xe nội tỉnh chiều về,9,THA,HUBTHA,2026-09-06,2026,9,6,70163.46,142500.0
Hiệu quả xe nội tỉnh chiều về,9,THA,HUBTHA,2026-09-05,2026,9,5,76450.92000000001,143950.0
Hiệu quả xe nội tỉnh chiều về,9,THA,HUBTHA,2026-09-04,2026,9,4,78894.87,139750.0
Hiệu quả xe nội tỉnh chiều về,9,BNH,HUBBNH,2026-09-06,2026,9,6,33399.33,48130.0
Hiệu quả xe nội tỉnh chiều về,9,HNI,HUBLBN,2026-09-02,2026,9,2,48022.59999999999,97350.0
Hiệu quả xe nội tỉnh chiều về,9,HNI,HUBTTI,2026-08-31,2026,8,31,60257.03,79350.0
Hiệu quả xe nội tỉnh chiều về,9,DLK,HUBDLK,2026-09-08,2026,9,8,44950.24,98600.0
Hiệu quả xe nội tỉnh chiều về,9,NBH,HUBHNM,2026-09-01,2026,9,1,29937.78,48400.0
Hiệu quả xe nội tỉnh chiều về,9,DNG,HUBDNG,2026-09-02,2026,9,2,11852.620000000003,34950.0
Hiệu quả xe nội tỉnh chiều về,9,DNG,HUBQNM,2026-09-01,2026,9,1,11229.58,28150.0
Hiệu quả xe nội tỉnh chiều về,9,DTP,HUBTGG,2026-09-02,2026,9,2,17900.66,43900.0
Hiệu quả xe nội tỉnh chiều về,9,HPG,HUBHPG,2026-09-05,2026,9,5,25082.260000000002,46070.0
Hiệu quả xe nội tỉnh chiều về,9,HPG,HUBHPG,2026-09-08,2026,9,8,23091.87,38260.0
Hiệu quả xe nội tỉnh chiều về,9,HPG,HUBHDG,2026-09-03,2026,9,3,54959.58,119750.0
Hiệu quả xe nội tỉnh chiều về,9,HYN,HUBHYN,2026-09-03,2026,9,3,109807.26,90000.0
Hiệu quả xe nội tỉnh chiều về,9,HYN,HUBHYN,2026-09-05,2026,9,5,128892.06000000003,95100.0
Hiệu quả xe nội tỉnh chiều về,9,HYN,HUBTBH,2026-09-02,2026,9,2,12602.8,46850.0
Hiệu quả xe nội tỉnh chiều về,9,HYN,HUBHYN,2026-08-31,2026,8,31,13924.8,16000.0
Hiệu quả xe nội tỉnh chiều về,9,GLI,HUBBHD,2026-09-05,2026,9,5,19465.46,29350.0
Hiệu quả xe nội tỉnh chiều về,9,PHO,HUBHBH,2026-09-05,2026,9,5,17599.66,18500.0
Hiệu quả xe nội tỉnh chiều về,9,HCM,HUBBDG,2026-09-03,2026,9,3,40287.42999999999,69600.0
Hiệu quả xe nội tỉnh chiều về,9,HCM,HUBTAN,2026-09-04,2026,9,4,46226.090000000004,69600.0
Hiệu quả xe nội tỉnh chiều về,9,HCM,HUBTDC,2026-09-05,2026,9,5,73050.56999999999,90740.0
Hiệu quả xe nội tỉnh chiều về,9,TNH,HUBLAN,2026-09-02,2026,9,2,8184.95,64050.0
Hiệu quả xe nội tỉnh chiều về,9,TNN,HUBTNN,2026-09-05,2026,9,5,35000.0,64310.0
Hiệu quả xe nội tỉnh chiều về,9,TQG,HUBTQG,2026-09-08,2026,9,8,3637.6,4950.0
Hiệu quả xe nội tỉnh chiều về,9,VLG,HUBTVH,2026-09-04,2026,9,4,9342.86,18650.0
Hiệu quả xe nội tỉnh chiều về,9,HCM,HUBVTU,2026-08-31,2026,8,31,5812.6,10200.0
Hiệu quả xe nội tỉnh chiều về,9,LCI,HUBYBN,2026-09-07,2026,9,7,17672.83,16500.0
Hiệu quả xe nội tỉnh chiều về,9,LCI,HUBYBN,2026-09-02,2026,9,2,14805.369999999999,13000.0
Hiệu quả xe nội tỉnh chiều về,9,AGG,HUBAGG,2026-09-02,2026,9,2,24924.12,70100.0
Hiệu quả xe nội tỉnh chiều về,9,BNH,HUBBGG,2026-09-01,2026,9,1,80184.09999999999,102550.0
Hiệu quả xe nội tỉnh chiều về,9,HNI,HUBLBN,2026-09-03,2026,9,3,138420.05,209600.0
Hiệu quả xe nội tỉnh chiều về,9,HNI,HUBLBN,2026-09-05,2026,9,5,138294.18,218800.0
Hiệu quả xe nội tỉnh chiều về,9,DLK,HUBPYN,2026-09-06,2026,9,6,7832.340000000001,32790.0
Hiệu quả xe nội tỉnh chiều về,9,DNG,HUBDNG,2026-09-07,2026,9,7,60570.299999999996,83600.0
Hiệu quả xe nội tỉnh chiều về,9,NBH,HUBNBH,2026-09-07,2026,9,7,37614.89,57160.0
Hiệu quả xe nội tỉnh chiều về,9,DNI,HUBDNI,2026-09-02,2026,9,2,51425.66000000001,129850.0
Hiệu quả xe nội tỉnh chiều về,9,HTH,HUBHTH,2026-09-05,2026,9,5,8768.179999999998,31100.0
Hiệu quả xe nội tỉnh chiều về,9,QNI,HUBQNI,2026-09-03,2026,9,3,19210.93,21140.0
Hiệu quả xe nội tỉnh chiều về,9,HCM,HUBVTU,2026-09-05,2026,9,5,30697.959999999995,70150.0
Hiệu quả xe nội tỉnh chiều về,9,HCM,HUBTTO,2026-09-05,2026,9,5,104694.43999999997,139300.0
Hiệu quả xe nội tỉnh chiều về,9,TNN,HUBTNN,2026-09-01,2026,9,1,32659.409999999996,62660.0
Hiệu quả xe nội tỉnh chiều về,9,VLG,HUBTVH,2026-09-07,2026,9,7,10111.65,25300.0
Hiệu quả xe nội tỉnh chiều về,9,VLG,HUBBTE,2026-08-31,2026,8,31,13033.71,14150.0
Hiệu quả xe nội tỉnh chiều về,9,VLG,HUBTVH,2026-09-01,2026,9,1,7487.91,16800.0
Hiệu quả xe nội tỉnh chiều về,9,LCI,HUBYBN,2026-09-01,2026,9,1,16829.019999999997,18500.0
Hiệu quả xe nội tỉnh chiều về,9,LCI,HUBLCI01,2026-08-31,2026,8,31,2309.7,3500.0
Hiệu quả xe nội tỉnh chiều về,9,QTI,HUBQTI,2026-09-02,2026,9,2,12771.57,26640.0
Hiệu quả xe nội tỉnh chiều về,9,QTI,HUBQTI,2026-09-04,2026,9,4,16226.08,26640.0
Hiệu quả xe nội tỉnh chiều về,9,AGG,HUBAGG,2026-09-08,2026,9,8,31255.440000000002,59700.0
Hiệu quả xe nội tỉnh chiều về,9,CMU,HUBCMU,2026-09-01,2026,9,1,11981.93,17750.0
Hiệu quả xe nội tỉnh chiều về,9,HNI,HUBTTI,2026-09-06,2026,9,6,141574.08,225100.0
Hiệu quả xe nội tỉnh chiều về,9,CTO,HUBCTO,2026-09-02,2026,9,2,30467.159999999996,98500.0
Hiệu quả xe nội tỉnh chiều về,9,CTO,HUBSTG,2026-09-02,2026,9,2,3298.57,5100.0
Hiệu quả xe nội tỉnh chiều về,9,DLK,HUBDLK,2026-09-04,2026,9,4,40446.01,93950.0
Hiệu quả xe nội tỉnh chiều về,9,DLK,HUBPYN,2026-09-01,2026,9,1,7558.209999999999,29145.0
Hiệu quả xe nội tỉnh chiều về,9,LDG,HUBLDG03,2026-09-06,2026,9,6,6106.5,17150.0
Hiệu quả xe nội tỉnh chiều về,9,NAN,HUBNAN,2026-09-07,2026,9,7,47063.67,83280.0
Hiệu quả xe nội tỉnh chiều về,9,NBH,HUBNBH,2026-09-04,2026,9,4,41338.07,57160.0
Hiệu quả xe nội tỉnh chiều về,9,NBH,HUBNBH,2026-09-03,2026,9,3,27905.980000000003,44660.0
Hiệu quả xe nội tỉnh chiều về,9,DNG,HUBQNM,2026-09-03,2026,9,3,19242.83,43650.0
Hiệu quả xe nội tỉnh chiều về,9,DTP,HUBTGG,2026-09-08,2026,9,8,25292.059999999998,55850.0
Hiệu quả xe nội tỉnh chiều về,9,DTP,HUBDTP,2026-09-02,2026,9,2,19545.21,61950.0
Hiệu quả xe nội tỉnh chiều về,9,HPG,HUBHDG,2026-09-07,2026,9,7,67785.41999999998,119750.0
Hiệu quả xe nội tỉnh chiều về,9,HPG,HUBHPG,2026-08-31,2026,8,31,9516.32,7930.0
Hiệu quả xe nội tỉnh chiều về,9,HYN,HUBTBH,2026-09-03,2026,9,3,24643.65,62300.0
Hiệu quả xe nội tỉnh chiều về,9,GLI,HUBGLI,2026-09-07,2026,9,7,39815.189999999995,60080.0
Hiệu quả xe nội tỉnh chiều về,9,HCM,HUBTAN,2026-09-05,2026,9,5,37671.67,66100.0
Hiệu quả xe nội tỉnh chiều về,9,TNH,HUBTNH,2026-09-03,2026,9,3,28585.45,52300.0
Hiệu quả xe nội tỉnh chiều về,9,TNH,HUBTNH,2026-08-31,2026,8,31,4172.01,5100.0
Hiệu quả xe nội tỉnh chiều về,9,TQG,HUBTQG,2026-09-07,2026,9,7,4766.07,6600.0
Hiệu quả xe nội tỉnh chiều về,9,LCI,HUBYBN,2026-09-06,2026,9,6,13411.31,15000.0
Hiệu quả xe nội tỉnh chiều về,9,QTI,HUBQBH,2026-09-02,2026,9,2,3434.49,10400.0
Hiệu quả xe nội tỉnh chiều về,9,QTI,HUBQTI,2026-09-05,2026,9,5,16627.29,26640.0
Hiệu quả xe nội tỉnh chiều về,9,SLA,HUBSLA,2026-09-07,2026,9,7,189.95,900.0
Hiệu quả xe nội tỉnh chiều về,9,THA,HUBTHA,2026-09-08,2026,9,8,67713.52000000002,135450.0
Hiệu quả kết nối nội tỉnh,7,DTP,HUBDTP,2026-09-08,2026,9,8,82718.55,1506.0
Hiệu quả kết nối nội tỉnh,7,DBN,HUBDBN,2026-09-07,2026,9,7,2587.7000000000003,185.0
Hiệu quả kết nối nội tỉnh,7,LSN,HUBLSN,2026-09-02,2026,9,2,10189.33,399.0
Hiệu quả kết nối nội tỉnh,7,HNI,HUBLBN,2026-09-08,2026,9,8,184237.3,2227.0
Hiệu quả kết nối nội tỉnh,7,BNH,HUBBGG,2026-09-02,2026,9,2,91028.85,1653.0
Hiệu quả kết nối nội tỉnh,7,GLI,HUBGLI,2026-09-01,2026,9,1,62389.74,2538.0
Hiệu quả kết nối nội tỉnh,7,KHA,HUBNTN,2026-09-06,2026,9,6,24468.18,392.0
Hiệu quả kết nối nội tỉnh,7,NAN,HUBNAN,2026-09-01,2026,9,1,85048.39,3076.0
Hiệu quả kết nối nội tỉnh,7,HNI,HUBLBN,2026-09-03,2026,9,3,178367.62,2660.0
Hiệu quả kết nối nội tỉnh,7,HCM,HUBTAN,2026-09-07,2026,9,7,82450.99,475.0
Hiệu quả kết nối nội tỉnh,7,HCM,HUBBDG,2026-09-02,2026,9,2,35495.4,912.0
Hiệu quả kết nối nội tỉnh,7,TNN,HUBTNN,2026-08-31,2026,8,31,5864.68,89.0
Hiệu quả kết nối nội tỉnh,7,DTP,HUBDTP,2026-09-06,2026,9,6,68285.98,1135.5
Hiệu quả kết nối nội tỉnh,7,LDG,HUBLDG03,2026-09-06,2026,9,6,25247.52,916.0
Hiệu quả kết nối nội tỉnh,7,PHO,HUBPHO,2026-08-31,2026,8,31,3373.47,57.0
Hiệu quả kết nối nội tỉnh,7,LCI,HUBLCI01,2026-09-02,2026,9,2,23314.010000000002,401.0
Hiệu quả kết nối nội tỉnh,7,DNI,HUBDNI,2026-09-04,2026,9,4,211074.04,3864.9
Hiệu quả kết nối nội tỉnh,7,VLG,HUBTVH,2026-09-01,2026,9,1,30414.530000000002,480.8
Hiệu quả kết nối nội tỉnh,7,TQG,HUBHGG,2026-09-07,2026,9,7,9848.349999999999,616.0
Hiệu quả kết nối nội tỉnh,7,DTP,HUBDTP,2026-09-07,2026,9,7,84344.28,1628.0
Hiệu quả kết nối nội tỉnh,7,KHA,HUBKHA,2026-09-01,2026,9,1,52640.73,1482.0
Hiệu quả kết nối nội tỉnh,7,THA,HUBTHA,2026-09-07,2026,9,7,160319.08,4153.0
Hiệu quả kết nối nội tỉnh,7,HNI,HUBTTI,2026-09-02,2026,9,2,117978.53,2275.8
Hiệu quả kết nối nội tỉnh,7,LDG,HUBBTN,2026-09-01,2026,9,1,3433.34,492.0
Hiệu quả kết nối nội tỉnh,7,GLI,HUBGLI,2026-09-03,2026,9,3,62204.25,2332.0
Hiệu quả kết nối nội tỉnh,7,TQG,HUBTQG,2026-09-08,2026,9,8,13569.62,465.0
Hiệu quả kết nối nội tỉnh,7,DTP,HUBTGG,2026-09-05,2026,9,5,79482.48,1249.0
Hiệu quả kết nối nội tỉnh,7,VLG,HUBTVH,2026-09-04,2026,9,4,25793.92,528.4
Hiệu quả kết nối nội tỉnh,7,VLG,HUBBTE,2026-09-06,2026,9,6,61728.01,933.0
Hiệu quả kết nối nội tỉnh,7,DTP,HUBDTP,2026-09-05,2026,9,5,88814.83,1615.6
Hiệu quả kết nối nội tỉnh,7,TNN,HUBTNN,2026-09-06,2026,9,6,60489.11,1272.0
Hiệu quả kết nối nội tỉnh,7,BNH,HUBBGG,2026-09-01,2026,9,1,134450.65,1925.0
Hiệu quả kết nối nội tỉnh,7,DNG,HUBDNG,2026-09-06,2026,9,6,70310.86,720.0
Hiệu quả kết nối nội tỉnh,7,LDG,HUBLDG01,2026-09-08,2026,9,8,55527.7,1501.0
Hiệu quả kết nối nội tỉnh,7,HUE,HUBHUE,2026-09-02,2026,9,2,37706.6,865.0
Hiệu quả kết nối nội tỉnh,7,HCM,HUBTDC,2026-09-06,2026,9,6,86655.36,1248.0
Hiệu quả kết nối nội tỉnh,7,HTH,HUBHTH,2026-09-02,2026,9,2,20944.58,557.4
Hiệu quả kết nối nội tỉnh,7,DTP,HUBDTP,2026-09-03,2026,9,3,85134.09,1668.0
Hiệu quả kết nối nội tỉnh,7,DLK,HUBDLK,2026-09-06,2026,9,6,95904.53,2131.0
Hiệu quả kết nối nội tỉnh,7,DTP,HUBTGG,2026-09-04,2026,9,4,66525.02,1267.0
Hiệu quả kết nối nội tỉnh,7,DNG,HUBDNG,2026-09-07,2026,9,7,112288.16,1298.0
Hiệu quả kết nối nội tỉnh,7,LDG,HUBBTN,2026-09-04,2026,9,4,4353.8,492.0
Hiệu quả kết nối nội tỉnh,7,HTH,HUBHTH,2026-09-03,2026,9,3,32127.17,925.2
Hiệu quả kết nối nội tỉnh,7,GLI,HUBGLI,2026-09-06,2026,9,6,71542.26,2353.0
Hiệu quả kết nối nội tỉnh,7,TNN,HUBTNN,2026-09-03,2026,9,3,70859.25,1320.0
Hiệu quả kết nối nội tỉnh,7,HYN,HUBHYN,2026-09-06,2026,9,6,137402.79,726.0
Hiệu quả kết nối nội tỉnh,7,QNI,HUBKTM,2026-09-06,2026,9,6,21799.54,1149.0
Hiệu quả kết nối nội tỉnh,7,AGG,HUBAGG,2026-09-03,2026,9,3,62959.26,1632.0
Hiệu quả kết nối nội tỉnh,7,HPG,HUBHPG,2026-09-05,2026,9,5,108163.06999999999,1275.0
Hiệu quả kết nối nội tỉnh,7,LDG,HUBBTN,2026-09-05,2026,9,5,4414.76,492.0
Hiệu quả kết nối nội tỉnh,7,VLG,HUBVLG,2026-09-06,2026,9,6,35996.97,578.4
Hiệu quả kết nối nội tỉnh,7,AGG,HUBAGG,2026-09-02,2026,9,2,78212.43000000001,1678.0
Hiệu quả kết nối nội tỉnh,7,NBH,HUBNDH,2026-08-31,2026,8,31,6929.59,101.4
Hiệu quả kết nối nội tỉnh,7,GLI,HUBBHD,2026-09-03,2026,9,3,32394.98,856.0
Hiệu quả kết nối nội tỉnh,7,DLK,HUBPYN,2026-09-06,2026,9,6,33771.55,1033.0
Hiệu quả kết nối nội tỉnh,7,QNI,HUBKTM,2026-09-07,2026,9,7,25897.08,1071.0
Hiệu quả kết nối nội tỉnh,7,LDG,HUBLDG01,2026-09-03,2026,9,3,44122.96,1207.7
Hiệu quả kết nối nội tỉnh,7,HNI,BBSDPG,2026-09-01,2026,9,1,179196.65,2562.0
Hiệu quả kết nối nội tỉnh,7,KHA,HUBKHA,2026-09-04,2026,9,4,58117.17,1563.0
Hiệu quả kết nối nội tỉnh,7,HCM,HUBTAN,2026-09-03,2026,9,3,63719.11,453.0
Hiệu quả kết nối nội tỉnh,7,HCM,HUBBDG,2026-09-05,2026,9,5,87615.49,1269.0
Hiệu quả kết nối nội tỉnh,7,CMU,HUBBLU,2026-09-06,2026,9,6,11877.33,193.0
Hiệu quả kết nối nội tỉnh,7,LCI,HUBLCI01,2026-09-05,2026,9,5,46860.42,401.0
Hiệu quả kết nối nội tỉnh,7,CTO,HUBSTG,2026-09-07,2026,9,7,9733.849999999999,100.0
Hiệu quả kết nối nội tỉnh,7,HPG,HUBHPG,2026-09-03,2026,9,3,89991.31,1235.0
Hiệu quả kết nối nội tỉnh,7,HNI,HUBYAN,2026-09-04,2026,9,4,346848.05,4707.5
Hiệu quả kết nối nội tỉnh,7,BNH,HUBBNH,2026-09-05,2026,9,5,142031.15,1678.0
Hiệu quả kết nối nội tỉnh,7,HYN,HUBHYN,2026-09-01,2026,9,1,77739.19,655.0
Hiệu quả kết nối nội tỉnh,7,NBH,HUBHNM,2026-09-08,2026,9,8,106169.92,1268.0
Hiệu quả kết nối nội tỉnh,7,PHO,HUBPHO,2026-09-05,2026,9,5,64173.729999999996,1422.0
Hiệu quả kết nối nội tỉnh,7,DNG,HUBQNM,2026-09-07,2026,9,7,60022.94,2123.0
Hiệu quả kết nối nội tỉnh,7,HTH,HUBHTH,2026-09-07,2026,9,7,37218.28,925.2
Hiệu quả kết nối nội tỉnh,7,DNI,HUBDNI,2026-09-06,2026,9,6,150686.0,3075.4
Hiệu quả kết nối nội tỉnh,7,HUE,HUBHUE,2026-09-04,2026,9,4,26358.01,674.0
Hiệu quả kết nối nội tỉnh,7,CMU,HUBBLU,2026-09-02,2026,9,2,17060.66,193.0
Hiệu quả kết nối nội tỉnh,7,BNH,HUBBNH,2026-08-31,2026,8,31,17964.8,280.3
Hiệu quả kết nối nội tỉnh,7,VLG,HUBVLG,2026-09-05,2026,9,5,43881.76,1054.6
Hiệu quả kết nối nội tỉnh,7,TNN,HUBTNN,2026-09-02,2026,9,2,34777.01,726.0
Hiệu quả kết nối nội tỉnh,7,DLK,HUBPYN,2026-09-04,2026,9,4,21482.13,931.0
Hiệu quả kết nối nội tỉnh,7,LDG,HUBBTN,2026-09-07,2026,9,7,2012.13,492.0
Hiệu quả kết nối nội tỉnh,7,VLG,HUBBTE,2026-09-04,2026,9,4,80118.43,1484.0
Hiệu quả kết nối nội tỉnh,7,CTO,HUBCTO,2026-09-04,2026,9,4,117698.42,2336.0
Hiệu quả kết nối nội tỉnh,7,DLK,HUBDLK,2026-09-03,2026,9,3,88457.58,1788.0
Hiệu quả kết nối nội tỉnh,7,HCM,HUBBDG,2026-09-08,2026,9,8,98064.27,1180.0
Hiệu quả kết nối nội tỉnh,7,HCM,HUBTAN,2026-08-31,2026,8,31,10109.74,70.0
Hiệu quả kết nối nội tỉnh,7,NAN,HUBNAN,2026-09-06,2026,9,6,107992.14,3188.0
Hiệu quả kết nối nội tỉnh,7,KHA,HUBKHA,2026-09-07,2026,9,7,71729.13,1692.0
Hiệu quả kết nối nội tỉnh,7,TNH,HUBTNH,2026-09-03,2026,9,3,56467.88,1305.3
Hiệu quả kết nối nội tỉnh,7,AGG,HUBKGG01,2026-09-02,2026,9,2,43349.58,1658.0
Hiệu quả kết nối nội tỉnh,7,HCM,HUBTTO,2026-09-06,2026,9,6,106847.11,1550.5
Hiệu quả kết nối nội tỉnh,7,TNH,HUBLAN,2026-09-05,2026,9,5,125876.89,2336.0
Hiệu quả kết nối nội tỉnh,7,TNH,HUBLAN,2026-09-07,2026,9,7,101480.63,2254.0
Hiệu quả kết nối nội tỉnh,7,HCM,HUBBDG,2026-09-01,2026,9,1,69024.84,1079.0
Hiệu quả kết nối nội tỉnh,7,VLG,HUBBTE,2026-09-05,2026,9,5,80511.19,1454.0
Hiệu quả kết nối nội tỉnh,7,VLG,HUBVLG,2026-09-04,2026,9,4,50158.23,1054.6
Hiệu quả kết nối nội tỉnh,7,PHO,HUBHBH,2026-09-04,2026,9,4,35424.59,779.0
Hiệu quả kết nối nội tỉnh,7,LCI,HUBLCI01,2026-09-04,2026,9,4,41949.08,401.0
Hiệu quả kết nối nội tỉnh,7,TNH,HUBLAN,2026-08-31,2026,8,31,22392.48,494.0
Hiệu quả kết nối nội tỉnh,7,HPG,HUBHPG,2026-09-08,2026,9,8,104293.14,1196.0
Hiệu quả kết nối nội tỉnh,7,PHO,HUBHBH,2026-09-02,2026,9,2,23033.199999999997,752.0
Hiệu quả kết nối nội tỉnh,7,LCI,HUBYBN,2026-09-07,2026,9,7,35310.2,908.0
Hiệu quả kết nối nội tỉnh,7,DNI,HUBDNI,2026-09-02,2026,9,2,141830.28,3067.7
Hiệu quả kết nối nội tỉnh,7,LCI,HUBYBN,2026-09-06,2026,9,6,27544.0,784.0
Hiệu quả kết nối nội tỉnh,7,LSN,HUBLSN,2026-09-07,2026,9,7,25282.37,432.0
Hiệu quả kết nối nội tỉnh,7,HNI,HUBYAN,2026-09-07,2026,9,7,393029.95,4961.8
Hiệu quả kết nối nội tỉnh,7,HPG,HUBHDG,2026-09-04,2026,9,4,102022.31,1431.8
Hiệu quả kết nối nội tỉnh,7,QNI,HUBQNI,2026-09-01,2026,9,1,29210.46,757.0
Hiệu quả kết nối nội tỉnh,7,DLK,HUBPYN,2026-09-08,2026,9,8,30201.85,931.0
Hiệu quả kết nối nội tỉnh,7,DLK,HUBPYN,2026-09-02,2026,9,2,22460.13,931.0
Hiệu quả kết nối nội tỉnh,7,CTO,HUBCTO,2026-08-31,2026,8,31,1255.58,25.0
Hiệu quả kết nối nội tỉnh,7,AGG,HUBKGG01,2026-09-07,2026,9,7,50859.5,1705.0
Hiệu quả kết nối nội tỉnh,7,DNG,HUBQNM,2026-09-08,2026,9,8,59129.35,2248.0
Hiệu quả kết nối nội tỉnh,7,HCM,HUBVTU,2026-09-05,2026,9,5,69200.8,1140.7
Hiệu quả kết nối nội tỉnh,7,DNI,HUBDNI,2026-09-07,2026,9,7,245442.63,3855.8
Hiệu quả kết nối nội tỉnh,7,TNH,HUBTNH,2026-09-08,2026,9,8,61842.22,1021.4
Hiệu quả kết nối nội tỉnh,7,HNI,HUBTTI,2026-09-08,2026,9,8,333435.01,5358.0
Hiệu quả kết nối nội tỉnh,7,HYN,HUBTBH,2026-09-07,2026,9,7,70987.15,1327.1
Hiệu quả kết nối nội tỉnh,7,CTO,HUBCTO,2026-09-08,2026,9,8,135645.43,2291.0
Hiệu quả kết nối nội tỉnh,7,HYN,HUBTBH,2026-09-05,2026,9,5,61052.12,1050.0
Hiệu quả kết nối nội tỉnh,7,LCI,HUBYBN,2026-09-08,2026,9,8,32514.05,665.0
Hiệu quả kết nối nội tỉnh,7,LCI,HUBLCI01,2026-09-06,2026,9,6,38280.21,401.0
Hiệu quả kết nối nội tỉnh,7,HPG,HUBHDG,2026-09-05,2026,9,5,111554.02,1467.8
Hiệu quả kết nối nội tỉnh,7,HYN,HUBTBH,2026-08-31,2026,8,31,5137.92,61.1
Hiệu quả kết nối nội tỉnh,7,TQG,HUBTQG,2026-09-03,2026,9,3,14088.48,517.0
Hiệu quả kết nối nội tỉnh,7,HYN,HUBHYN,2026-09-05,2026,9,5,226213.01,1456.65
Hiệu quả kết nối nội tỉnh,7,NBH,HUBNBH,2026-09-06,2026,9,6,65171.27,706.9
Hiệu quả kết nối nội tỉnh,7,HTH,HUBHTH,2026-09-06,2026,9,6,24035.13,554.6
Hiệu quả kết nối nội tỉnh,7,THA,HUBTHA,2026-09-08,2026,9,8,146680.18,3872.0
Hiệu quả kết nối nội tỉnh,7,AGG,HUBAGG,2026-09-06,2026,9,6,69546.22,1254.0
Hiệu quả kết nối nội tỉnh,7,HCM,HUBTDC,2026-09-04,2026,9,4,122475.32,1854.0
Hiệu quả kết nối nội tỉnh,7,DNI,HUBBPC,2026-09-02,2026,9,2,42400.66,1915.3
Hiệu quả kết nối nội tỉnh,7,PHO,HUBPHO,2026-09-01,2026,9,1,42162.95,1422.0
Hiệu quả kết nối nội tỉnh,7,TNH,HUBTNH,2026-09-06,2026,9,6,54609.09,1174.0
Hiệu quả kết nối nội tỉnh,7,VLG,HUBVLG,2026-09-07,2026,9,7,43661.7,683.0
Hiệu quả kết nối nội tỉnh,7,VLG,HUBBTE,2026-09-01,2026,9,1,67083.79,1036.0
Hiệu quả kết nối nội tỉnh,7,TQG,HUBTQG,2026-09-02,2026,9,2,10454.36,384.0
Hiệu quả kết nối nội tỉnh,7,KHA,HUBNTN,2026-09-04,2026,9,4,28347.38,443.0
Hiệu quả kết nối nội tỉnh,7,HPG,HUBHPG,2026-09-07,2026,9,7,106621.95,1251.0
Hiệu quả kết nối nội tỉnh,7,KHA,HUBKHA,2026-09-08,2026,9,8,72303.76,1514.0
Hiệu quả kết nối nội tỉnh,7,LDG,HUBLDG03,2026-09-04,2026,9,4,31260.48,937.0
Hiệu quả kết nối nội tỉnh,7,TQG,HUBTQG,2026-09-05,2026,9,5,15328.36,525.0
Hiệu quả kết nối nội tỉnh,7,GLI,HUBBHD,2026-09-08,2026,9,8,48487.08,927.0
Hiệu quả kết nối nội tỉnh,7,HUE,HUBHUE,2026-09-03,2026,9,3,29829.39,720.0
Hiệu quả kết nối nội tỉnh,7,NBH,HUBNBH,2026-09-03,2026,9,3,65015.46,805.7
Hiệu quả kết nối nội tỉnh,7,CTO,HUBCTO,2026-09-05,2026,9,5,118719.91,2304.0
Hiệu quả kết nối nội tỉnh,7,LDG,HUBLDG01,2026-09-01,2026,9,1,43118.14,1654.7
Hiệu quả kết nối nội tỉnh,7,CMU,HUBCMU,2026-09-02,2026,9,2,46272.54,892.0
Hiệu quả kết nối nội tỉnh,7,LCI,HUBLCI01,2026-09-08,2026,9,8,20628.12,191.0
Hiệu quả kết nối nội tỉnh,7,HPG,HUBHDG,2026-08-31,2026,8,31,1354.25,21.0
Hiệu quả kết nối nội tỉnh,7,BNH,HUBBGG,2026-09-08,2026,9,8,130565.91,1554.0
Hiệu quả kết nối nội tỉnh,7,DTP,HUBDTP,2026-09-04,2026,9,4,78772.9,1615.6
Hiệu quả kết nối nội tỉnh,7,QTI,HUBQTI,2026-09-05,2026,9,5,32462.98,873.2
Hiệu quả kết nối nội tỉnh,7,HCM,HUBTAN,2026-09-05,2026,9,5,74368.03,520.0
Hiệu quả kết nối nội tỉnh,7,HCM,HUBTTO,2026-08-31,2026,8,31,12562.27,228.0
Hiệu quả kết nối nội tỉnh,7,SLA,HUBSLA,2026-09-07,2026,9,7,828.9200000000001,82.0
Hiệu quả kết nối nội tỉnh,7,DNI,HUBBPC,2026-09-04,2026,9,4,66352.72,2029.4
Hiệu quả kết nối nội tỉnh,7,LDG,HUBLDG01,2026-08-31,2026,8,31,2662.7599999999998,303.7
Hiệu quả kết nối nội tỉnh,7,HCM,HUBVTU,2026-08-31,2026,8,31,5812.6,79.7
Hiệu quả kết nối nội tỉnh,7,NBH,HUBHNM,2026-09-03,2026,9,3,115416.51,1390.0
Hiệu quả kết nối nội tỉnh,7,SLA,HUBSLA,2026-09-05,2026,9,5,1199.6,82.0
Hiệu quả kết nối nội tỉnh,7,HNI,HUBTTI,2026-08-29,2026,8,29,14055.42,80.0
Hiệu quả kết nối nội tỉnh,7,PHO,HUBPHO,2026-09-08,2026,9,8,71179.91,1290.0
Hiệu quả kết nối nội tỉnh,7,CTO,HUBCTO,2026-09-02,2026,9,2,85337.69,2029.0
Hiệu quả kết nối nội tỉnh,7,HPG,HUBHDG,2026-09-06,2026,9,6,73720.56999999999,828.5
Hiệu quả kết nối nội tỉnh,7,KHA,HUBNTN,2026-09-08,2026,9,8,28408.52,437.0
Hiệu quả kết nối nội tỉnh,7,TNN,HUBTNN,2026-09-08,2026,9,8,52425.299999999996,1070.0
Hiệu quả kết nối nội tỉnh,7,LDG,HUBLDG01,2026-09-07,2026,9,7,67997.49,1838.7
Hiệu quả kết nối nội tỉnh,7,HNI,BBSDPG,2026-09-05,2026,9,5,341013.92,4016.3
Hiệu quả kết nối nội tỉnh,7,PHO,HUBVPC,2026-09-02,2026,9,2,114621.1,1309.0
Hiệu quả kết nối nội tỉnh,7,DTP,HUBTGG,2026-09-07,2026,9,7,81437.26,1265.4
Hiệu quả kết nối nội tỉnh,7,LDG,HUBLDG01,2026-09-06,2026,9,6,47320.84,1587.7
Hiệu quả kết nối nội tỉnh,7,LSN,HUBLSN,2026-09-03,2026,9,3,19364.52,500.0
Hiệu quả kết nối nội tỉnh,7,DNG,HUBDNG,2026-09-05,2026,9,5,116761.9,1301.0
Hiệu quả kết nối nội tỉnh,7,DLK,HUBDLK,2026-09-07,2026,9,7,127993.89,2451.0
Hiệu quả kết nối nội tỉnh,7,VLG,HUBBTE,2026-09-02,2026,9,2,39818.53,798.0
Hiệu quả kết nối nội tỉnh,7,CMU,HUBBLU,2026-09-08,2026,9,8,19029.32,389.0
Hiệu quả kết nối nội tỉnh,7,HCM,HUBBDG,2026-09-03,2026,9,3,77048.87,1211.0
Hiệu quả kết nối nội tỉnh,7,DNI,HUBDNI,2026-08-31,2026,8,31,4243.860000000001,166.6
Hiệu quả kết nối nội tỉnh,7,HNI,BBSDPG,2026-09-03,2026,9,3,249404.76,3624.3
Hiệu quả kết nối nội tỉnh,7,HCM,HUBTDC,2026-09-01,2026,9,1,68979.39,1201.0
Hiệu quả kết nối nội tỉnh,7,AGG,HUBAGG,2026-09-07,2026,9,7,94220.8,1838.0
Hiệu quả kết nối nội tỉnh,7,KHA,HUBNTN,2026-09-05,2026,9,5,29866.52,443.0
Hiệu quả kết nối nội tỉnh,7,NBH,HUBNBH,2026-09-02,2026,9,2,39379.41,734.7
Hiệu quả kết nối nội tỉnh,7,HCM,HUBTAN,2026-09-08,2026,9,8,74645.51,442.0
Hiệu quả kết nối nội tỉnh,7,DNG,HUBQNM,2026-09-05,2026,9,5,54077.67,2093.0
Hiệu quả kết nối nội tỉnh,7,BNH,HUBBGG,2026-08-31,2026,8,31,15262.140000000001,197.0
Hiệu quả kết nối nội tỉnh,7,DNG,HUBDNG,2026-09-02,2026,9,2,49347.82,693.0
Hiệu quả kết nối nội tỉnh,7,HNI,HUBTTI,2026-09-07,2026,9,7,430142.1,7043.2
Hiệu quả kết nối nội tỉnh,7,TNH,HUBLAN,2026-09-03,2026,9,3,79697.45,2174.0
Hiệu quả kết nối nội tỉnh,7,VLG,HUBBTE,2026-09-08,2026,9,8,79670.34,1482.0
Hiệu quả kết nối nội tỉnh,7,HNI,HUBYAN,2026-08-31,2026,8,31,64429.200000000004,690.6
Hiệu quả kết nối nội tỉnh,7,BNH,HUBBGG,2026-09-04,2026,9,4,144425.61,1854.0
Hiệu quả kết nối nội tỉnh,7,HUE,HUBHUE,2026-09-01,2026,9,1,31748.58,891.0
Hiệu quả kết nối nội tỉnh,7,KHA,HUBNTN,2026-09-03,2026,9,3,26593.51,443.0
Hiệu quả kết nối nội tỉnh,7,HCM,HUBTDC,2026-09-02,2026,9,2,53258.56,1079.0
Hiệu quả kết nối nội tỉnh,7,HCM,HUBTDC,2026-09-05,2026,9,5,130490.69,2025.0
Hiệu quả kết nối nội tỉnh,7,QTI,HUBQBH,2026-09-05,2026,9,5,35612.38,1424.7
Hiệu quả kết nối nội tỉnh,7,HNI,BBSDPG,2026-09-02,2026,9,2,92300.62,2175.3
Hiệu quả kết nối nội tỉnh,7,PHO,HUBVPC,2026-08-31,2026,8,31,15298.3,155.0
Hiệu quả kết nối nội tỉnh,7,HPG,HUBHDG,2026-09-07,2026,9,7,137103.63,1467.8
Hiệu quả kết nối nội tỉnh,7,QNH,HUBQNH,2026-09-07,2026,9,7,67181.23,1581.3999999999999
Hiệu quả kết nối nội tỉnh,7,HCM,HUBTTO,2026-09-04,2026,9,4,181928.06,2251.5
Hiệu quả kết nối nội tỉnh,7,DNI,HUBBPC,2026-08-31,2026,8,31,1490.02,68.3
Hiệu quả kết nối nội tỉnh,7,KHA,HUBKHA,2026-09-02,2026,9,2,39776.57,1516.0
Hiệu quả kết nối nội tỉnh,7,VLG,HUBTVH,2026-09-02,2026,9,2,31236.829999999998,707.8
Hiệu quả kết nối nội tỉnh,7,TQG,HUBHGG,2026-09-04,2026,9,4,5390.96,471.0
Hiệu quả kết nối nội tỉnh,7,HPG,HUBHDG,2026-09-02,2026,9,2,51798.22,628.7
Hiệu quả kết nối nội tỉnh,7,TNH,HUBTNH,2026-09-05,2026,9,5,61885.02,1411.9
Hiệu quả kết nối nội tỉnh,7,QTI,HUBQBH,2026-09-08,2026,9,8,36330.61,1539.3
Hiệu quả kết nối nội tỉnh,7,AGG,HUBAGG,2026-09-05,2026,9,5,88174.53,1758.0
Hiệu quả kết nối nội tỉnh,7,HCM,HUBTDC,2026-09-08,2026,9,8,139690.05,1781.0
Hiệu quả kết nối nội tỉnh,7,HNI,HUBYAN,2026-09-05,2026,9,5,355954.01,4756.2
Hiệu quả kết nối nội tỉnh,7,DLK,HUBDLK,2026-09-05,2026,9,5,108426.61,2451.0
Hiệu quả kết nối nội tỉnh,7,QTI,HUBQBH,2026-09-04,2026,9,4,24508.739999999998,1539.3
Hiệu quả kết nối nội tỉnh,7,TNH,HUBTNH,2026-09-02,2026,9,2,41777.74,1089.9
Hiệu quả kết nối nội tỉnh,7,LCI,HUBYBN,2026-09-04,2026,9,4,29043.81,908.0
Hiệu quả kết nối nội tỉnh,7,DNI,HUBDNI,2026-09-01,2026,9,1,153764.51,3048.9
Hiệu quả kết nối nội tỉnh,7,HNI,BBSDPG,2026-09-07,2026,9,7,267280.03,3582.3
Hiệu quả kết nối nội tỉnh,7,NAN,HUBNAN,2026-09-08,2026,9,8,109150.44,3329.0
Hiệu quả kết nối nội tỉnh,7,TNH,HUBTNH,2026-08-30,2026,8,30,805.92,9.0
Hiệu quả kết nối nội tỉnh,7,TQG,HUBHGG,2026-09-01,2026,9,1,7901.26,769.0
Hiệu quả kết nối nội tỉnh,7,DNG,HUBDNG,2026-09-08,2026,9,8,106026.73,1078.0
Hiệu quả kết nối nội tỉnh,7,QTI,HUBQTI,2026-09-06,2026,9,6,31497.01,511.20000000000005
Hiệu quả kết nối nội tỉnh,7,HPG,HUBHPG,2026-08-31,2026,8,31,9516.32,75.0
Hiệu quả kết nối nội tỉnh,7,QNI,HUBQNI,2026-09-05,2026,9,5,39288.84,855.0
Hiệu quả kết nối nội tỉnh,7,DTP,HUBTGG,2026-09-01,2026,9,1,69434.28,992.7
Hiệu quả kết nối nội tỉnh,7,NAN,HUBNAN,2026-09-02,2026,9,2,73088.83,3019.0
Hiệu quả kết nối nội tỉnh,7,QNI,HUBKTM,2026-09-05,2026,9,5,20502.77,1071.0
Hiệu quả kết nối nội tỉnh,7,TNH,HUBLAN,2026-09-04,2026,9,4,100204.99,2332.0
Hiệu quả kết nối nội tỉnh,7,DTP,HUBTGG,2026-09-03,2026,9,3,62243.85,1256.7
Hiệu quả kết nối nội tỉnh,7,AGG,HUBKGG01,2026-09-01,2026,9,1,53672.2,1643.0
Hiệu quả kết nối nội tỉnh,7,HNI,BBSDPG,2026-09-06,2026,9,6,220349.63999999998,2759.0
Hiệu quả kết nối nội tỉnh,7,LDG,HUBLDG03,2026-09-07,2026,9,7,37785.35,1135.0
Hiệu quả kết nối nội tỉnh,7,TNH,HUBTNH,2026-09-01,2026,9,1,48355.3,1098.9
Hiệu quả kết nối nội tỉnh,7,LSN,HUBLSN,2026-09-05,2026,9,5,22714.79,432.0
Hiệu quả kết nối nội tỉnh,7,HCM,HUBTTO,2026-09-07,2026,9,7,184067.11,2455.0
Hiệu quả kết nối nội tỉnh,7,DTP,HUBTGG,2026-09-08,2026,9,8,84824.62,1154.5
Hiệu quả kết nối nội tỉnh,7,GLI,HUBGLI,2026-09-02,2026,9,2,58776.07,2346.0
Hiệu quả kết nối nội tỉnh,7,BNH,HUBBNH,2026-09-06,2026,9,6,64682.28,892.1
Hiệu quả kết nối nội tỉnh,7,CMU,HUBCMU,2026-09-03,2026,9,3,49246.28,1605.0
Hiệu quả kết nối nội tỉnh,7,TQG,HUBTQG,2026-09-04,2026,9,4,14481.630000000001,517.0
Hiệu quả kết nối nội tỉnh,7,NBH,HUBHNM,2026-09-07,2026,9,7,114060.84,1380.0
Hiệu quả kết nối nội tỉnh,7,VLG,HUBVLG,2026-09-03,2026,9,3,31155.09,568.4
Hiệu quả kết nối nội tỉnh,7,TQG,HUBTQG,2026-09-07,2026,9,7,14736.06,517.0
Hiệu quả kết nối nội tỉnh,7,HCM,HUBTAN,2026-09-01,2026,9,1,43908.04,256.0
Hiệu quả kết nối nội tỉnh,7,HUE,HUBHUE,2026-09-05,2026,9,5,37871.36,687.0
Hiệu quả kết nối nội tỉnh,7,QNH,HUBQNH,2026-09-05,2026,9,5,71352.77,1629.3999999999999
Hiệu quả kết nối nội tỉnh,7,QNI,HUBKTM,2026-09-03,2026,9,3,18170.03,993.0
Hiệu quả kết nối nội tỉnh,7,HCM,HUBVTU,2026-09-03,2026,9,3,58201.75,1047.8
Hiệu quả kết nối nội tỉnh,7,HNI,HUBYAN,2026-09-06,2026,9,6,187053.65,2647.2
Hiệu quả kết nối nội tỉnh,7,AGG,HUBKGG01,2026-09-03,2026,9,3,31814.37,1571.0
Hiệu quả kết nối nội tỉnh,7,QTI,HUBQTI,2026-09-03,2026,9,3,29076.95,873.2
Hiệu quả kết nối nội tỉnh,7,HYN,HUBTBH,2026-09-02,2026,9,2,39424.46,939.1
Hiệu quả kết nối nội tỉnh,7,AGG,HUBAGG,2026-08-31,2026,8,31,9201.69,135.0
Hiệu quả kết nối nội tỉnh,7,HPG,HUBHPG,2026-09-06,2026,9,6,71906.81,756.0
Hiệu quả kết nối nội tỉnh,7,QNI,HUBKTM,2026-09-04,2026,9,4,18148.65,920.0
Hiệu quả kết nối nội tỉnh,7,DNI,HUBBPC,2026-09-03,2026,9,3,49449.15,2017.2
Hiệu quả kết nối nội tỉnh,7,PHO,HUBPHO,2026-09-04,2026,9,4,69511.92,1335.0
Hiệu quả kết nối nội tỉnh,7,THA,HUBTHA,2026-09-06,2026,9,6,146143.8,3842.0
Hiệu quả kết nối nội tỉnh,7,NBH,HUBNDH,2026-09-08,2026,9,8,105502.82,1620.9
Hiệu quả kết nối nội tỉnh,7,NBH,HUBHNM,2026-08-31,2026,8,31,14537.4,192.0
Hiệu quả kết nối nội tỉnh,7,NBH,HUBHNM,2026-09-05,2026,9,5,109641.37,1412.0
Hiệu quả kết nối nội tỉnh,7,DNI,HUBBPC,2026-09-06,2026,9,6,54488.02,2028.0
Hiệu quả kết nối nội tỉnh,7,CMU,HUBBLU,2026-09-05,2026,9,5,16297.42,389.0
Hiệu quả kết nối nội tỉnh,7,THA,HUBTHA,2026-09-02,2026,9,2,85178.59,3894.0
Hiệu quả kết nối nội tỉnh,7,TNH,HUBLAN,2026-09-02,2026,9,2,40331.96,1829.0
Hiệu quả kết nối nội tỉnh,7,AGG,HUBKGG01,2026-09-05,2026,9,5,43763.96,1643.0
Hiệu quả kết nối nội tỉnh,7,QNH,HUBQNH,2026-08-31,2026,8,31,4758.97,193.59999999999997
Hiệu quả kết nối nội tỉnh,7,PHO,HUBVPC,2026-09-05,2026,9,5,149316.12,1737.0
Hiệu quả kết nối nội tỉnh,7,TNN,HUBTNN,2026-09-04,2026,9,4,65764.94,1380.0
Hiệu quả kết nối nội tỉnh,7,HCM,HUBBDG,2026-09-07,2026,9,7,78988.8,1274.0
Hiệu quả kết nối nội tỉnh,7,HCM,HUBBDG,2026-09-04,2026,9,4,109748.25,1233.0
Hiệu quả kết nối nội tỉnh,7,LCI,HUBLCI01,2026-09-01,2026,9,1,33478.7,401.0
Hiệu quả kết nối nội tỉnh,7,HTH,HUBHTH,2026-09-05,2026,9,5,34296.94,925.2
Hiệu quả kết nối nội tỉnh,7,DNI,HUBBPC,2026-09-07,2026,9,7,64013.92,2099.1
Hiệu quả kết nối nội tỉnh,7,HPG,HUBHDG,2026-09-01,2026,9,1,53168.2,765.5
Hiệu quả kết nối nội tỉnh,7,HYN,HUBTBH,2026-09-04,2026,9,4,74669.29,1363.1
Hiệu quả kết nối nội tỉnh,7,VLG,HUBTVH,2026-09-06,2026,9,6,20272.08,353.4
Hiệu quả kết nối nội tỉnh,7,LDG,HUBLDG03,2026-09-05,2026,9,5,32297.65,941.0
Hiệu quả kết nối nội tỉnh,7,DNG,HUBQNM,2026-09-06,2026,9,6,42818.86,1900.0
Hiệu quả kết nối nội tỉnh,7,HUE,HUBHUE,2026-09-06,2026,9,6,37190.83,687.0
Hiệu quả kết nối nội tỉnh,7,QNH,HUBQNH,2026-09-01,2026,9,1,61162.96,1100.1
Hiệu quả kết nối nội tỉnh,7,LCI,HUBYBN,2026-09-01,2026,9,1,31738.22,908.0
Hiệu quả kết nối nội tỉnh,7,HNI,HUBYAN,2026-09-08,2026,9,8,267971.76,3377.9
Hiệu quả kết nối nội tỉnh,7,HNI,HUBTTI,2026-09-05,2026,9,5,430952.33,6625.1
Hiệu quả kết nối nội tỉnh,7,HYN,HUBHYN,2026-08-31,2026,8,31,13924.8,107.0
Hiệu quả kết nối nội tỉnh,7,SLA,HUBSLA,2026-09-08,2026,9,8,1695.6,41.0
Hiệu quả kết nối nội tỉnh,7,DBN,HUBDBN,2026-09-04,2026,9,4,1484.79,185.0
Hiệu quả kết nối nội tỉnh,7,DNI,HUBBPC,2026-09-05,2026,9,5,47380.67,2099.1
Hiệu quả kết nối nội tỉnh,7,QNH,HUBQNH,2026-09-08,2026,9,8,70291.87,1540.9
Hiệu quả kết nối nội tỉnh,7,THA,HUBTHA,2026-09-01,2026,9,1,116415.88,4046.0
Hiệu quả kết nối nội tỉnh,7,HCM,HUBVTU,2026-09-04,2026,9,4,65935.36,1142.9
Hiệu quả kết nối nội tỉnh,7,HYN,HUBHYN,2026-09-04,2026,9,4,191072.64,1450.63
Hiệu quả kết nối nội tỉnh,7,LDG,HUBLDG03,2026-09-02,2026,9,2,19915.11,900.0
Hiệu quả kết nối nội tỉnh,7,BNH,HUBBGG,2026-09-07,2026,9,7,127172.14,1783.0
Hiệu quả kết nối nội tỉnh,7,QTI,HUBQTI,2026-09-08,2026,9,8,32384.74,711.5
Hiệu quả kết nối nội tỉnh,7,HYN,HUBHYN,2026-09-03,2026,9,3,228878.85,1437.02
Hiệu quả kết nối nội tỉnh,7,LCI,HUBYBN,2026-09-02,2026,9,2,28956.8,784.0
Hiệu quả kết nối nội tỉnh,7,QTI,HUBQTI,2026-09-07,2026,9,7,43183.14,873.2
Hiệu quả kết nối nội tỉnh,7,LDG,HUBLDG03,2026-09-01,2026,9,1,31757.85,1133.0
Hiệu quả kết nối nội tỉnh,7,HNI,HUBLBN,2026-09-06,2026,9,6,165838.36,1780.3
Hiệu quả kết nối nội tỉnh,7,NBH,HUBHNM,2026-09-04,2026,9,4,111128.95999999999,1328.0
Hiệu quả kết nối nội tỉnh,7,NBH,HUBNBH,2026-09-07,2026,9,7,76439.71,875.3000000000001
Hiệu quả kết nối nội tỉnh,7,PHO,HUBPHO,2026-09-02,2026,9,2,39617.26,1229.0
Hiệu quả kết nối nội tỉnh,7,PHO,HUBVPC,2026-09-08,2026,9,8,120785.86,1704.0
Hiệu quả kết nối nội tỉnh,7,DLK,HUBDLK,2026-09-08,2026,9,8,119901.89,2523.0
Hiệu quả kết nối nội tỉnh,7,HYN,HUBTBH,2026-09-01,2026,9,1,47438.97,996.1
Hiệu quả kết nối nội tỉnh,7,NBH,HUBNBH,2026-09-04,2026,9,4,84821.02,875.3000000000001
Hiệu quả kết nối nội tỉnh,7,PHO,HUBHBH,2026-09-08,2026,9,8,33347.43,723.0
Hiệu quả kết nối nội tỉnh,7,BNH,HUBBNH,2026-09-01,2026,9,1,69307.27,874.1
Hiệu quả kết nối nội tỉnh,7,DBN,HUBDBN,2026-09-03,2026,9,3,2245.7400000000002,98.0
Hiệu quả kết nối nội tỉnh,7,HNI,HUBYAN,2026-09-02,2026,9,2,109114.65,2048.8
Hiệu quả kết nối nội tỉnh,7,DNI,HUBDNI,2026-09-05,2026,9,5,193858.7,3840.9
Hiệu quả kết nối nội tỉnh,7,TNN,HUBTNN,2026-09-07,2026,9,7,66513.68,1354.0
Hiệu quả kết nối nội tỉnh,7,HNI,HUBLBN,2026-09-05,2026,9,5,210860.91,2589.1
Hiệu quả kết nối nội tỉnh,7,LDG,HUBLDG03,2026-08-31,2026,8,31,3094.5,251.0
Hiệu quả kết nối nội tỉnh,7,DBN,HUBDBN,2026-08-31,2026,8,31,975.92,6.0
Hiệu quả kết nối nội tỉnh,7,DTP,HUBTGG,2026-09-02,2026,9,2,62414.52,1017.0
Hiệu quả kết nối nội tỉnh,7,LSN,HUBLSN,2026-09-04,2026,9,4,22989.34,500.0
Hiệu quả kết nối nội tỉnh,7,QTI,HUBQTI,2026-09-02,2026,9,2,30492.58,873.2
Hiệu quả kết nối nội tỉnh,7,CTO,HUBSTG,2026-09-05,2026,9,5,7092.45,100.0
Hiệu quả kết nối nội tỉnh,7,PHO,HUBVPC,2026-09-06,2026,9,6,141809.49,1541.0
Hiệu quả kết nối nội tỉnh,7,HYN,HUBTBH,2026-09-08,2026,9,8,80261.6,1411.0
Hiệu quả kết nối nội tỉnh,7,QNI,HUBKTM,2026-09-01,2026,9,1,18721.11,920.0
Hiệu quả kết nối nội tỉnh,7,DLK,HUBPYN,2026-09-07,2026,9,7,39131.01,1033.0
Hiệu quả kết nối nội tỉnh,7,TNH,HUBLAN,2026-09-01,2026,9,1,78737.26,1896.0
Hiệu quả kết nối nội tỉnh,7,NBH,HUBHNM,2026-09-06,2026,9,6,97224.54,1284.0
Hiệu quả kết nối nội tỉnh,7,HCM,HUBTDC,2026-09-03,2026,9,3,104870.6,1673.0
Hiệu quả kết nối nội tỉnh,7,DBN,HUBDBN,2026-09-08,2026,9,8,1282.2,179.0
Hiệu quả kết nối nội tỉnh,7,GLI,HUBBHD,2026-09-01,2026,9,1,36246.04,891.0
Hiệu quả kết nối nội tỉnh,7,TNN,HUBTNN,2026-09-05,2026,9,5,66089.14,1298.0
Hiệu quả kết nối nội tỉnh,7,PHO,HUBVPC,2026-09-04,2026,9,4,144232.27,1701.0
Hiệu quả kết nối nội tỉnh,7,QTI,HUBQBH,2026-09-01,2026,9,1,30855.81,1539.3
Hiệu quả kết nối nội tỉnh,7,BNH,HUBBGG,2026-09-03,2026,9,3,121239.78,1991.0
Hiệu quả kết nối nội tỉnh,7,DLK,HUBDLK,2026-09-02,2026,9,2,62655.66,1934.0
Hiệu quả kết nối nội tỉnh,7,LCI,HUBLCI01,2026-09-03,2026,9,3,40582.47,401.0
Hiệu quả kết nối nội tỉnh,7,PHO,HUBVPC,2026-09-07,2026,9,7,168791.88999999998,1793.0
Hiệu quả kết nối nội tỉnh,7,BNH,HUBBGG,2026-09-06,2026,9,6,146598.58000000002,1921.0
Hiệu quả kết nối nội tỉnh,7,AGG,HUBKGG01,2026-09-08,2026,9,8,50195.590000000004,1533.0
Hiệu quả kết nối nội tỉnh,7,VLG,HUBTVH,2026-09-05,2026,9,5,30720.59,707.8
Hiệu quả kết nối nội tỉnh,7,TQG,HUBHGG,2026-09-06,2026,9,6,8630.19,616.0
Hiệu quả kết nối nội tỉnh,7,HCM,HUBVTU,2026-09-06,2026,9,6,70990.92,1175.9
Hiệu quả kết nối nội tỉnh,7,KHA,HUBKHA,2026-09-03,2026,9,3,51845.26,1630.0
Hiệu quả kết nối nội tỉnh,7,DLK,HUBPYN,2026-09-03,2026,9,3,30573.0,1033.0
Hiệu quả kết nối nội tỉnh,7,SLA,HUBSLA,2026-09-06,2026,9,6,1280.3200000000002,82.0
Hiệu quả kết nối nội tỉnh,7,HCM,HUBTTO,2026-09-01,2026,9,1,104327.51,1350.5
Hiệu quả kết nối nội tỉnh,7,QNI,HUBQNI,2026-09-06,2026,9,6,33424.33,824.0
Hiệu quả kết nối nội tỉnh,7,HTH,HUBHTH,2026-09-08,2026,9,8,36299.14,966.8
Hiệu quả kết nối nội tỉnh,7,HTH,HUBHTH,2026-09-04,2026,9,4,30439.379999999997,925.2
Hiệu quả kết nối nội tỉnh,7,HNI,HUBTTI,2026-09-06,2026,9,6,243717.17,3473.8
Hiệu quả kết nối nội tỉnh,7,DNI,HUBDNI,2026-09-08,2026,9,8,236126.76,3737.0
Hiệu quả kết nối nội tỉnh,7,NBH,HUBNDH,2026-09-05,2026,9,5,105930.48,1784.7
Hiệu quả kết nối nội tỉnh,7,LCI,HUBYBN,2026-08-31,2026,8,31,7718.24,243.0
Hiệu quả kết nối nội tỉnh,7,THA,HUBTHA,2026-09-04,2026,9,4,151916.05,3935.0
Hiệu quả kết nối nội tỉnh,7,LSN,HUBLSN,2026-09-01,2026,9,1,19886.25,399.0
Hiệu quả kết nối nội tỉnh,7,HNI,HUBYAN,2026-09-01,2026,9,1,176199.71,2600.4
Hiệu quả kết nối nội tỉnh,7,AGG,HUBAGG,2026-09-01,2026,9,1,91985.31,1838.0
Hiệu quả kết nối nội tỉnh,7,CTO,HUBSTG,2026-09-02,2026,9,2,6047.8,100.0
Hiệu quả kết nối nội tỉnh,7,CMU,HUBBLU,2026-09-07,2026,9,7,23521.43,389.0
Hiệu quả kết nối nội tỉnh,7,HNI,HUBTTI,2026-09-04,2026,9,4,426825.13,7211.3
Hiệu quả kết nối nội tỉnh,7,PHO,HUBVPC,2026-09-03,2026,9,3,160828.9,1666.0
Hiệu quả kết nối nội tỉnh,7,HYN,HUBTBH,2026-09-03,2026,9,3,52350.16,1362.1
Hiệu quả kết nối nội tỉnh,7,AGG,HUBAGG,2026-09-08,2026,9,8,86827.28,1749.0
Hiệu quả kết nối nội tỉnh,7,NBH,HUBNBH,2026-09-01,2026,9,1,51485.49,734.7
Hiệu quả kết nối nội tỉnh,7,PHO,HUBPHO,2026-09-03,2026,9,3,45020.4,1424.0
Hiệu quả kết nối nội tỉnh,7,TNH,HUBLAN,2026-09-06,2026,9,6,87608.01,2008.0
Hiệu quả kết nối nội tỉnh,7,HYN,HUBTBH,2026-09-06,2026,9,6,64272.02,984.1
Hiệu quả kết nối nội tỉnh,7,THA,HUBTHA,2026-09-03,2026,9,3,126885.73,3763.0
Hiệu quả kết nối nội tỉnh,7,LCI,HUBYBN,2026-09-03,2026,9,3,25097.09,908.0
Hiệu quả kết nối nội tỉnh,7,GLI,HUBGLI,2026-09-04,2026,9,4,66966.66,2353.0
Hiệu quả kết nối nội tỉnh,7,HPG,HUBHPG,2026-09-04,2026,9,4,85522.83,1245.0
Hiệu quả kết nối nội tỉnh,7,QNH,HUBQNH,2026-09-02,2026,9,2,53223.89,1197.1
Hiệu quả kết nối nội tỉnh,7,QTI,HUBQTI,2026-09-01,2026,9,1,26520.22,711.5
Hiệu quả kết nối nội tỉnh,7,HCM,HUBTDC,2026-08-31,2026,8,31,2277.5699999999997,59.0
Hiệu quả kết nối nội tỉnh,7,VLG,HUBTVH,2026-09-03,2026,9,3,20910.97,353.4
Hiệu quả kết nối nội tỉnh,7,CMU,HUBBLU,2026-09-01,2026,9,1,15326.119999999999,193.0
Hiệu quả kết nối nội tỉnh,7,VLG,HUBBTE,2026-09-03,2026,9,3,75459.33,1156.0
Hiệu quả kết nối nội tỉnh,7,HCM,HUBVTU,2026-09-08,2026,9,8,81223.77,1122.7
Hiệu quả kết nối nội tỉnh,7,BNH,HUBBNH,2026-09-07,2026,9,7,148129.0,1742.9
Hiệu quả kết nối nội tỉnh,7,GLI,HUBGLI,2026-09-05,2026,9,5,71535.82,2313.0
Hiệu quả kết nối nội tỉnh,7,CTO,HUBSTG,2026-09-06,2026,9,6,5533.39,100.0
Hiệu quả kết nối nội tỉnh,7,HPG,HUBHDG,2026-09-08,2026,9,8,132519.82,1374.0
Hiệu quả kết nối nội tỉnh,7,HCM,HUBVTU,2026-09-07,2026,9,7,72304.5,1094.9
Hiệu quả kết nối nội tỉnh,7,BNH,HUBBGG,2026-09-05,2026,9,5,143530.71,1857.0
Hiệu quả kết nối nội tỉnh,7,KHA,HUBNTN,2026-09-02,2026,9,2,16011.34,346.0
Hiệu quả kết nối nội tỉnh,7,HNI,HUBTTI,2026-09-01,2026,9,1,188031.86000000002,3261.4
Hiệu quả kết nối nội tỉnh,7,HCM,HUBTAN,2026-09-02,2026,9,2,34933.49,256.0
Hiệu quả kết nối nội tỉnh,7,QTI,HUBQBH,2026-09-06,2026,9,6,39324.0,1309.9
Hiệu quả kết nối nội tỉnh,7,SLA,HUBSLA,2026-09-01,2026,9,1,1716.0900000000001,82.0
Hiệu quả kết nối nội tỉnh,7,LDG,HUBBTN,2026-09-02,2026,9,2,3474.76,492.0
Hiệu quả kết nối nội tỉnh,7,NBH,HUBNBH,2026-09-08,2026,9,8,73296.53,836.3000000000001
Hiệu quả kết nối nội tỉnh,7,TNH,HUBLAN,2026-09-08,2026,9,8,88535.47,1946.0
Hiệu quả kết nối nội tỉnh,7,QNH,HUBQNH,2026-09-04,2026,9,4,77190.74,1668.8
Hiệu quả kết nối nội tỉnh,7,PHO,HUBHBH,2026-09-05,2026,9,5,45036.25,792.0
Hiệu quả kết nối nội tỉnh,7,TNH,HUBTNH,2026-09-04,2026,9,4,57512.090000000004,1442.1
Hiệu quả kết nối nội tỉnh,7,KHA,HUBNTN,2026-09-07,2026,9,7,32448.7,443.0
Hiệu quả kết nối nội tỉnh,7,HCM,HUBVTU,2026-09-02,2026,9,2,42663.83,982.8000000000001
Hiệu quả kết nối nội tỉnh,7,LDG,HUBLDG01,2026-09-04,2026,9,4,52715.62,1845.7
Hiệu quả kết nối nội tỉnh,7,NBH,HUBHNM,2026-09-02,2026,9,2,55313.96,602.0
Hiệu quả kết nối nội tỉnh,7,HNI,BBSDPG,2026-09-08,2026,9,8,234495.35,3151.3
Hiệu quả kết nối nội tỉnh,7,QNI,HUBQNI,2026-09-08,2026,9,8,39084.05,855.0
Hiệu quả kết nối nội tỉnh,7,GLI,HUBBHD,2026-09-04,2026,9,4,37298.92,924.0
Hiệu quả kết nối nội tỉnh,7,DNG,HUBQNM,2026-09-01,2026,9,1,41966.26,1545.0
Hiệu quả kết nối nội tỉnh,7,DNI,HUBDNI,2026-09-03,2026,9,3,162105.27,3359.0
Hiệu quả kết nối nội tỉnh,7,HCM,HUBTDC,2026-09-07,2026,9,7,116008.12,1715.0
Hiệu quả kết nối nội tỉnh,7,HCM,HUBTAN,2026-09-04,2026,9,4,77063.09,529.0
Hiệu quả kết nối nội tỉnh,7,CTO,HUBCTO,2026-09-01,2026,9,1,93654.22,2306.0
Hiệu quả kết nối nội tỉnh,7,QTI,HUBQBH,2026-09-07,2026,9,7,40570.98,1727.1
Hiệu quả kết nối nội tỉnh,7,TQG,HUBHGG,2026-09-05,2026,9,5,6461.629999999999,616.0
Hiệu quả kết nối nội tỉnh,7,PHO,HUBVPC,2026-09-01,2026,9,1,124451.02,1620.0
Hiệu quả kết nối nội tỉnh,7,VLG,HUBVLG,2026-09-08,2026,9,8,53277.12,1054.6
Hiệu quả kết nối nội tỉnh,7,TQG,HUBHGG,2026-09-08,2026,9,8,6154.0,616.0
Hiệu quả kết nối nội tỉnh,7,BNH,HUBBNH,2026-09-08,2026,9,8,105165.31,1323.5
Hiệu quả kết nối nội tỉnh,7,HNI,HUBLBN,2026-09-02,2026,9,2,90356.85,1511.4
Hiệu quả kết nối nội tỉnh,7,NAN,HUBNAN,2026-08-31,2026,8,31,5260.99,302.0
Hiệu quả kết nối nội tỉnh,7,QNI,HUBQNI,2026-09-03,2026,9,3,36576.270000000004,843.0
Hiệu quả kết nối nội tỉnh,7,DLK,HUBDLK,2026-09-01,2026,9,1,95219.53,2438.0
Hiệu quả kết nối nội tỉnh,7,DNG,HUBQNM,2026-09-02,2026,9,2,29732.56,1288.0
Hiệu quả kết nối nội tỉnh,7,GLI,HUBBHD,2026-09-05,2026,9,5,45665.94,891.0
Hiệu quả kết nối nội tỉnh,7,QTI,HUBQBH,2026-09-03,2026,9,3,34634.9,1539.3
Hiệu quả kết nối nội tỉnh,7,NBH,HUBNBH,2026-09-05,2026,9,5,66126.08,762.5
Hiệu quả kết nối nội tỉnh,7,LDG,HUBLDG01,2026-09-05,2026,9,5,56009.96,1891.7
Hiệu quả kết nối nội tỉnh,7,LDG,HUBBTN,2026-09-06,2026,9,6,3530.13,492.0
Hiệu quả kết nối nội tỉnh,7,CMU,HUBCMU,2026-09-01,2026,9,1,40744.34,761.0
Hiệu quả kết nối nội tỉnh,7,DLK,HUBPYN,2026-09-05,2026,9,5,35742.97,1033.0
Hiệu quả kết nối nội tỉnh,7,DTP,HUBTGG,2026-08-31,2026,8,31,8587.35,129.2
Hiệu quả kết nối nội tỉnh,7,QTI,HUBQTI,2026-09-04,2026,9,4,27317.01,873.2
Hiệu quả kết nối nội tỉnh,7,QTI,HUBQBH,2026-09-02,2026,9,2,17223.78,773.7
Hiệu quả kết nối nội tỉnh,7,HPG,HUBHPG,2026-09-02,2026,9,2,32766.55,520.0
Hiệu quả kết nối nội tỉnh,7,NBH,HUBNDH,2026-09-01,2026,9,1,86504.03,1600.8
Hiệu quả kết nối nội tỉnh,7,DBN,HUBDBN,2026-09-01,2026,9,1,1177.11,179.0
Hiệu quả kết nối nội tỉnh,7,GLI,HUBGLI,2026-09-07,2026,9,7,95136.86,2761.0
Hiệu quả kết nối nội tỉnh,7,SLA,HUBSLA,2026-09-04,2026,9,4,922.55,82.0
Hiệu quả kết nối nội tỉnh,7,QNI,HUBQNI,2026-09-02,2026,9,2,24409.04,726.0
Hiệu quả kết nối nội tỉnh,7,LDG,HUBBTN,2026-09-08,2026,9,8,2233.95,246.0
Hiệu quả kết nối nội tỉnh,7,LCI,HUBLCI01,2026-09-07,2026,9,7,45110.26,401.0
Hiệu quả kết nối nội tỉnh,7,TQG,HUBTQG,2026-09-01,2026,9,1,10237.8,392.0
Hiệu quả kết nối nội tỉnh,7,TQG,HUBHGG,2026-09-03,2026,9,3,6363.83,616.0
Hiệu quả kết nối nội tỉnh,7,VLG,HUBVLG,2026-09-02,2026,9,2,32787.85,578.4
Hiệu quả kết nối nội tỉnh,7,DLK,HUBDLK,2026-08-31,2026,8,31,3892.75,164.0
Hiệu quả kết nối nội tỉnh,7,HYN,HUBHYN,2026-09-08,2026,9,8,234497.75,1380.59
Hiệu quả kết nối nội tỉnh,7,HCM,HUBTAN,2026-09-06,2026,9,6,59730.61,322.0
Hiệu quả kết nối nội tỉnh,7,NBH,HUBNDH,2026-09-06,2026,9,6,84490.17,1446.9
Hiệu quả kết nối nội tỉnh,7,VLG,HUBBTE,2026-08-31,2026,8,31,13033.71,177.0
Hiệu quả kết nối nội tỉnh,7,BNH,HUBBNH,2026-09-02,2026,9,2,53000.630000000005,879.5
Hiệu quả kết nối nội tỉnh,7,NBH,HUBHNM,2026-09-01,2026,9,1,73078.78,712.0
Hiệu quả kết nối nội tỉnh,7,PHO,HUBHBH,2026-09-07,2026,9,7,29526.969999999998,792.0
Hiệu quả kết nối nội tỉnh,7,HNI,HUBLBN,2026-09-01,2026,9,1,118935.01,1641.8
Hiệu quả kết nối nội tỉnh,7,LDG,HUBLDG01,2026-09-02,2026,9,2,40717.07,1648.7
Hiệu quả kết nối nội tỉnh,7,HNI,BBSDPG,2026-08-31,2026,8,31,78023.38,621.0
Hiệu quả kết nối nội tỉnh,7,GLI,HUBBHD,2026-09-02,2026,9,2,32772.3,874.0
Hiệu quả kết nối nội tỉnh,7,HYN,HUBHYN,2026-09-02,2026,9,2,82975.97,631.0
Hiệu quả kết nối nội tỉnh,7,HTH,HUBHTH,2026-09-01,2026,9,1,20091.36,581.2
Hiệu quả kết nối nội tỉnh,7,TNH,HUBTNH,2026-09-07,2026,9,7,66040.72,1259.3
Hiệu quả kết nối nội tỉnh,7,SLA,HUBSLA,2026-09-03,2026,9,3,736.36,82.0
Hiệu quả kết nối nội tỉnh,7,SLA,HUBSLA,2026-08-31,2026,8,31,350.31,41.0
Hiệu quả kết nối nội tỉnh,7,TNH,HUBTNH,2026-08-31,2026,8,31,4172.01,77.9
Hiệu quả kết nối nội tỉnh,7,VLG,HUBVLG,2026-09-01,2026,9,1,32786.84,528.8
Hiệu quả kết nối nội tỉnh,7,BNH,HUBBNH,2026-09-04,2026,9,4,143263.5,1708.7
Hiệu quả kết nối nội tỉnh,7,GLI,HUBBHD,2026-09-06,2026,9,6,41018.77,874.0
Hiệu quả kết nối nội tỉnh,7,AGG,HUBKGG01,2026-09-04,2026,9,4,39955.26,1558.0
Hiệu quả kết nối nội tỉnh,7,DNG,HUBDNG,2026-09-04,2026,9,4,89902.29,1152.0
Hiệu quả kết nối nội tỉnh,7,CMU,HUBBLU,2026-09-03,2026,9,3,23987.67,389.0
Hiệu quả kết nối nội tỉnh,7,KHA,HUBKHA,2026-08-31,2026,8,31,2659.09,44.0
Hiệu quả kết nối nội tỉnh,7,LDG,HUBLDG03,2026-09-03,2026,9,3,24019.73,408.0
Hiệu quả kết nối nội tỉnh,7,HNI,HUBLBN,2026-09-07,2026,9,7,231082.9,2694.3
Hiệu quả kết nối nội tỉnh,7,VLG,HUBTVH,2026-09-08,2026,9,8,28695.79,707.8
Hiệu quả kết nối nội tỉnh,7,HNI,HUBTTI,2026-09-03,2026,9,3,352594.29,6567.2
Hiệu quả kết nối nội tỉnh,7,HNI,HUBTTI,2026-08-31,2026,8,31,69584.3,1097.0
Hiệu quả kết nối nội tỉnh,7,DLK,HUBDLK,2026-09-04,2026,9,4,85263.25,2335.0
Hiệu quả kết nối nội tỉnh,7,CTO,HUBCTO,2026-09-03,2026,9,3,105865.67,2358.0
Hiệu quả kết nối nội tỉnh,7,HPG,HUBHDG,2026-09-03,2026,9,3,94594.41,1467.8
Hiệu quả kết nối nội tỉnh,7,NAN,HUBNAN,2026-09-07,2026,9,7,117621.69,3400.0
Hiệu quả kết nối nội tỉnh,7,PHO,HUBHBH,2026-09-03,2026,9,3,36579.5,752.0
Hiệu quả kết nối nội tỉnh,7,VLG,HUBTVH,2026-09-07,2026,9,7,38716.86,707.8
Hiệu quả kết nối nội tỉnh,7,PHO,HUBPHO,2026-09-06,2026,9,6,66362.91,1378.0
Hiệu quả kết nối nội tỉnh,7,QNH,HUBQNH,2026-09-06,2026,9,6,56475.99,1565.7
Hiệu quả kết nối nội tỉnh,7,DNG,HUBDNG,2026-08-31,2026,8,31,3418.68,33.0
Hiệu quả kết nối nội tỉnh,7,HCM,HUBTTO,2026-09-03,2026,9,3,147076.35,2175.0
Hiệu quả kết nối nội tỉnh,7,LCI,HUBYBN,2026-09-05,2026,9,5,38413.15,908.0
Hiệu quả kết nối nội tỉnh,7,HCM,HUBVTU,2026-09-01,2026,9,1,58242.86,1075.6
Hiệu quả kết nối nội tỉnh,7,HYN,HUBHYN,2026-09-07,2026,9,7,233085.15,1494.06
Hiệu quả kết nối nội tỉnh,7,THA,HUBTHA,2026-09-05,2026,9,5,152841.22,3948.0
Hiệu quả kết nối nội tỉnh,7,HNI,HUBLBN,2026-08-31,2026,8,31,17379.0,261.2
Hiệu quả kết nối nội tỉnh,7,QNI,HUBQNI,2026-09-07,2026,9,7,42095.69,877.0
Hiệu quả kết nối nội tỉnh,7,CTO,HUBCTO,2026-09-06,2026,9,6,115053.47,2320.0
Hiệu quả kết nối nội tỉnh,7,LCI,HUBLCI01,2026-08-31,2026,8,31,2309.7,73.0
Hiệu quả kết nối nội tỉnh,7,DNG,HUBQNM,2026-09-03,2026,9,3,48310.05,2051.0
Hiệu quả kết nối nội tỉnh,7,NBH,HUBNDH,2026-09-07,2026,9,7,111049.31,1805.1
Hiệu quả kết nối nội tỉnh,7,HCM,HUBTTO,2026-09-08,2026,9,8,185036.77,1968.5
Hiệu quả kết nối nội tỉnh,7,TQG,HUBHGG,2026-09-02,2026,9,2,4352.08,463.0
Hiệu quả kết nối nội tỉnh,7,LDG,HUBBTN,2026-08-31,2026,8,31,1717.37,246.0
Hiệu quả kết nối nội tỉnh,7,DNI,HUBBPC,2026-09-08,2026,9,8,69558.86,1890.1
Hiệu quả kết nối nội tỉnh,7,NAN,HUBNAN,2026-09-05,2026,9,5,113597.31,3507.0
Hiệu quả kết nối nội tỉnh,7,GLI,HUBBHD,2026-09-07,2026,9,7,42057.159999999996,874.0
Hiệu quả kết nối nội tỉnh,7,DBN,HUBDBN,2026-09-05,2026,9,5,2761.8199999999997,185.0
Hiệu quả kết nối nội tỉnh,7,PHO,HUBHBH,2026-09-01,2026,9,1,28538.96,752.0
Hiệu quả kết nối nội tỉnh,7,DTP,HUBDTP,2026-08-31,2026,8,31,1939.96,58.0
Hiệu quả kết nối nội tỉnh,7,VLG,HUBBTE,2026-09-07,2026,9,7,87588.85,1485.0
Hiệu quả kết nối nội tỉnh,7,QNI,HUBQNI,2026-09-04,2026,9,4,31294.66,843.0
Hiệu quả kết nối nội tỉnh,7,AGG,HUBAGG,2026-09-04,2026,9,4,84998.08,1838.0
Hiệu quả kết nối nội tỉnh,7,NAN,HUBNAN,2026-09-03,2026,9,3,79546.09,3212.0
Hiệu quả kết nối nội tỉnh,7,DNG,HUBQNM,2026-09-04,2026,9,4,38560.51,1940.0
Hiệu quả kết nối nội tỉnh,7,GLI,HUBGLI,2026-09-08,2026,9,8,86923.16,2761.0
Hiệu quả kết nối nội tỉnh,7,NAN,HUBNAN,2026-09-04,2026,9,4,102239.24,3426.0
Hiệu quả kết nối nội tỉnh,7,BNH,HUBBNH,2026-09-03,2026,9,3,125028.84,1692.9
Hiệu quả kết nối nội tỉnh,7,CTO,HUBSTG,2026-09-08,2026,9,8,4863.09,100.0
Hiệu quả kết nối nội tỉnh,7,DTP,HUBTGG,2026-09-06,2026,9,6,77891.36,992.7
Hiệu quả kết nối nội tỉnh,7,KHA,HUBKHA,2026-09-06,2026,9,6,63993.8,1645.0
Hiệu quả kết nối nội tỉnh,7,DTP,HUBDTP,2026-09-02,2026,9,2,63611.229999999996,1174.5
Hiệu quả kết nối nội tỉnh,7,PHO,HUBPHO,2026-09-07,2026,9,7,57480.94,1422.0
Hiệu quả kết nối nội tỉnh,7,HPG,HUBHPG,2026-09-01,2026,9,1,43158.89,779.0
Hiệu quả kết nối nội tỉnh,7,DNI,HUBBPC,2026-09-01,2026,9,1,47168.38,1940.8
Hiệu quả kết nối nội tỉnh,7,HCM,HUBTTO,2026-09-05,2026,9,5,177098.86000000002,2268.0
Hiệu quả kết nối nội tỉnh,7,QNI,HUBKTM,2026-09-02,2026,9,2,16491.92,998.0
Hiệu quả kết nối nội tỉnh,7,LDG,HUBLDG03,2026-09-08,2026,9,8,37442.53,803.0
Hiệu quả kết nối nội tỉnh,7,QNH,HUBQNH,2026-09-03,2026,9,3,71105.97,1678.9
Hiệu quả kết nối nội tỉnh,7,CMU,HUBBLU,2026-09-04,2026,9,4,17805.82,389.0
Hiệu quả kết nối nội tỉnh,7,QNI,HUBKTM,2026-09-08,2026,9,8,21506.14,1071.0
Hiệu quả kết nối nội tỉnh,7,DTP,HUBDTP,2026-09-01,2026,9,1,61259.03,1017.5
Hiệu quả kết nối nội tỉnh,7,DLK,HUBPYN,2026-09-01,2026,9,1,23943.83,931.0
Hiệu quả kết nối nội tỉnh,7,NBH,HUBNDH,2026-09-02,2026,9,2,49901.87,1555.1
Hiệu quả kết nối nội tỉnh,7,THA,HUBTHA,2026-08-31,2026,8,31,16874.64,426.0
Hiệu quả kết nối nội tỉnh,7,LSN,HUBLSN,2026-09-06,2026,9,6,22784.32,430.0
Hiệu quả kết nối nội tỉnh,7,PHO,HUBHBH,2026-09-06,2026,9,6,36704.22,792.0
Hiệu quả kết nối nội tỉnh,7,VLG,HUBVLG,2026-08-31,2026,8,31,3182.87,52.0
Hiệu quả kết nối nội tỉnh,7,KHA,HUBKHA,2026-09-05,2026,9,5,52983.38,1717.0
Hiệu quả kết nối nội tỉnh,7,CTO,HUBSTG,2026-09-03,2026,9,3,5972.54,100.0
Hiệu quả kết nối nội tỉnh,7,CTO,HUBCTO,2026-09-07,2026,9,7,116979.21,2289.0
Hiệu quả kết nối nội tỉnh,7,HNI,BBSDPG,2026-09-04,2026,9,4,331617.42,3717.3
Hiệu quả kết nối nội tỉnh,7,KHA,HUBNTN,2026-09-01,2026,9,1,22698.44,409.0
Hiệu quả kết nối nội tỉnh,7,TNN,HUBTNN,2026-09-01,2026,9,1,62291.15,1254.0
Hiệu quả kết nối nội tỉnh,7,HNI,HUBLBN,2026-09-04,2026,9,4,234904.83,2671.8
Hiệu quả kết nối nội tỉnh,7,AGG,HUBKGG01,2026-09-06,2026,9,6,41548.5,1156.0
Hiệu quả kết nối nội tỉnh,7,HCM,HUBBDG,2026-09-06,2026,9,6,72932.91,1047.0
Hiệu quả kết nối nội tỉnh,7,TQG,HUBTQG,2026-09-06,2026,9,6,13418.34,340.0
Hiệu quả kết nối nội tỉnh,7,NBH,HUBNDH,2026-09-04,2026,9,4,108472.52,1784.6
Hiệu quả kết nối nội tỉnh,7,DNG,HUBDNG,2026-09-03,2026,9,3,73014.54,1139.0
Hiệu quả kết nối nội tỉnh,7,CTO,HUBSTG,2026-09-04,2026,9,4,4009.59,100.0
Hiệu quả kết nối nội tỉnh,7,NBH,HUBNDH,2026-09-03,2026,9,3,95605.06,1855.6
Hiệu quả kết nối nội tỉnh,7,CTO,HUBSTG,2026-09-01,2026,9,1,3213.3,100.0
Hiệu quả kết nối nội tỉnh,7,HNI,HUBYAN,2026-09-03,2026,9,3,317180.43,4750.2
Hiệu quả kết nối nội tỉnh,7,DBN,HUBDBN,2026-09-02,2026,9,2,1290.98,92.0
Hiệu quả kết nối nội tỉnh,7,HCM,HUBTTO,2026-09-02,2026,9,2,70901.38,1279.0
Hiệu quả kết nối nội tỉnh,7,LSN,HUBLSN,2026-09-08,2026,9,8,22592.55,432.0
Hiệu quả kết nối nội tỉnh,7,DNG,HUBDNG,2026-09-01,2026,9,1,57437.49,823.0
Hiệu quả xe nội miền chiều đi,15,CNKT3,TTKT3,2026-09-03,2026,9,3,434811.98000000004,812200.0
Hiệu quả xe nội miền chiều đi,15,CNKT5,TTKT5,2026-09-05,2026,9,5,915396.1799999999,1305800.0
Hiệu quả xe nội miền chiều đi,15,CNKT1,TTKT1,2026-09-05,2026,9,5,14346.27,14700.0
Hiệu quả xe nội miền chiều đi,15,CNKT1,TTKT1,2026-09-07,2026,9,7,8187.07,14700.0
Hiệu quả xe nội miền chiều đi,15,CNKT1,TTKT1,2026-09-01,2026,9,1,12847.86,14700.0
Hiệu quả xe nội miền chiều đi,15,CNKT2,TTKT2,2026-09-06,2026,9,6,98828.44,126800.0
Hiệu quả xe nội miền chiều đi,15,CNKT3,TTKT3,2026-09-08,2026,9,8,540596.71,702800.0
Hiệu quả xe nội miền chiều đi,15,CNKT3,TTKT3,2026-09-04,2026,9,4,629203.3300000003,936300.0
Hiệu quả xe nội miền chiều đi,15,CNKT3,DCCNKT3,2026-09-03,2026,9,3,73199.78,121100.0
Hiệu quả xe nội miền chiều đi,15,CNKT3,TTKT3,2026-09-02,2026,9,2,388148.8999999999,617600.0
Hiệu quả xe nội miền chiều đi,15,CNKT5,TTKT5,2026-09-08,2026,9,8,629986.0700000001,966500.0
Hiệu quả xe nội miền chiều đi,15,CNKT3,DCCNKT3,2026-09-05,2026,9,5,110766.47,125900.0
Hiệu quả xe nội miền chiều đi,15,CNKT3,DCCNKT3,2026-09-01,2026,9,1,79601.13,112800.0
Hiệu quả xe nội miền chiều đi,15,CNKT2,TTKT2,2026-09-05,2026,9,5,100000.40999999999,155500.0
Hiệu quả xe nội miền chiều đi,15,CNKT3,DCCNKT3,2026-09-02,2026,9,2,56310.38,104800.0
Hiệu quả xe nội miền chiều đi,15,CNKT3,TTKT3,2026-09-01,2026,9,1,592802.23,739100.0
Hiệu quả xe nội miền chiều đi,15,CNKT4,TTKT4,2026-09-05,2026,9,5,225252.87,334600.0
Hiệu quả xe nội miền chiều đi,15,CNKT2,TTKT2,2026-08-31,2026,8,31,17904.14,37000.0
Hiệu quả xe nội miền chiều đi,15,CNKT3,TTKT3,2026-09-07,2026,9,7,589351.99,877400.0
Hiệu quả xe nội miền chiều đi,15,CNKT2,TTKT2,2026-09-03,2026,9,3,66040.22,155500.0
Hiệu quả xe nội miền chiều đi,15,CNKT3,TTKT3,2026-09-06,2026,9,6,579177.0599999999,729700.0
Hiệu quả xe nội miền chiều đi,15,CNKT4,TTKT4,2026-09-08,2026,9,8,198127.66000000003,232700.0
Hiệu quả xe nội miền chiều đi,15,CNKT4,TTKT4,2026-09-03,2026,9,3,173939.76,293500.0
Hiệu quả xe nội miền chiều đi,15,CNKT3,DCCNKT3,2026-09-06,2026,9,6,87487.15,112800.0
Hiệu quả xe nội miền chiều đi,15,CNKT5,TTKT5,2026-09-07,2026,9,7,803544.82,1316000.0
Hiệu quả xe nội miền chiều đi,15,CNKT2,TTKT2,2026-09-01,2026,9,1,60020.649999999994,126800.0
Hiệu quả xe nội miền chiều đi,15,CNKT5,TTKT5,2026-09-04,2026,9,4,915429.4900000002,1387300.0
Hiệu quả xe nội miền chiều đi,15,CNKT4,TTKT4,2026-09-02,2026,9,2,196282.85,301400.0
Hiệu quả xe nội miền chiều đi,15,CNKT5,TTKT5,2026-09-01,2026,9,1,671126.0699999998,1029100.0
Hiệu quả xe nội miền chiều đi,15,CNKT3,DCCNKT3,2026-09-08,2026,9,8,49467.45,65500.0
Hiệu quả xe nội miền chiều đi,15,CNKT2,TTKT2,2026-09-07,2026,9,7,123643.90999999999,176600.0
Hiệu quả xe nội miền chiều đi,15,CNKT2,TTKT2,2026-09-04,2026,9,4,83053.66,165700.0
Hiệu quả xe nội miền chiều đi,15,CNKT5,TTKT5,2026-09-06,2026,9,6,858958.46,1248800.0
Hiệu quả xe nội miền chiều đi,15,CNKT1,TTKT1,2026-09-08,2026,9,8,13350.42,14700.0
Hiệu quả xe nội miền chiều đi,15,CNKT1,TTKT1,2026-09-04,2026,9,4,13456.57,14700.0
Hiệu quả xe nội miền chiều đi,15,CNKT4,TTKT4,2026-09-01,2026,9,1,306094.23,355200.0
Hiệu quả xe nội miền chiều đi,15,CNKT5,TTKT5,2026-08-31,2026,8,31,276866.58,354600.0
Hiệu quả xe nội miền chiều đi,15,CNKT1,TTKT1,2026-09-06,2026,9,6,19753.059999999998,14700.0
Hiệu quả xe nội miền chiều đi,15,CNKT5,TTKT5,2026-09-02,2026,9,2,577847.72,1031600.0
Hiệu quả xe nội miền chiều đi,15,CNKT3,TTKT3,2026-09-05,2026,9,5,674458.6499999997,879800.0
Hiệu quả xe nội miền chiều đi,15,CNKT3,DCCNKT3,2026-09-04,2026,9,4,93885.08,126600.0
Hiệu quả xe nội miền chiều đi,15,CNKT4,TTKT4,2026-09-04,2026,9,4,229914.16,298200.0
Hiệu quả xe nội miền chiều đi,15,CNKT3,DCCNKT3,2026-09-07,2026,9,7,84896.42,120800.0
Hiệu quả xe nội miền chiều đi,15,CNKT2,TTKT2,2026-09-02,2026,9,2,69058.78,126800.0
Hiệu quả xe nội miền chiều đi,15,CNKT1,TTKT1,2026-09-02,2026,9,2,27410.809999999998,14700.0
Hiệu quả xe nội miền chiều đi,15,CNKT3,TTKT3,2026-08-31,2026,8,31,102980.07999999997,143300.0
Hiệu quả xe nội miền chiều đi,15,CNKT3,DCCNKT3,2026-08-31,2026,8,31,42089.94,52400.0
Hiệu quả xe nội miền chiều đi,15,CNKT5,TTKT5,2026-09-03,2026,9,3,593443.6599999999,1346300.0
Hiệu quả xe nội miền chiều đi,15,CNKT4,TTKT4,2026-09-06,2026,9,6,304527.13,373700.0
Hiệu quả xe nội miền chiều đi,15,CNKT1,TTKT1,2026-09-03,2026,9,3,4657.43,14700.0
Hiệu quả xe nội miền chiều đi,15,CNKT2,TTKT2,2026-09-08,2026,9,8,61788.469999999994,106300.0
Hiệu quả xe nội miền chiều đi,15,CNKT4,TTKT4,2026-09-07,2026,9,7,227047.58999999994,332400.0
Hiệu quả xe nội miền chiều đi,15,CNKT4,TTKT4,2026-08-31,2026,8,31,121554.08000000002,139000.0
Hiệu quả xe nội miền chiều về,16,CNKT1,TTKT1,2026-09-03,2026,9,3,12670.49,14700.0
Hiệu quả xe nội miền chiều về,16,CNKT3,TTKT3,2026-09-07,2026,9,7,564615.9900000002,856300.0
Hiệu quả xe nội miền chiều về,16,CNKT3,TTKT3,2026-09-03,2026,9,3,467517.9100000001,704300.0
Hiệu quả xe nội miền chiều về,16,CNKT2,TTKT2,2026-09-08,2026,9,8,66640.41,92600.0
Hiệu quả xe nội miền chiều về,16,CNKT5,TTKT5,2026-09-08,2026,9,8,439651.36000000004,650000.0
Hiệu quả xe nội miền chiều về,16,CNKT3,TTKT3,2026-09-06,2026,9,6,424762.00999999995,751400.0
Hiệu quả xe nội miền chiều về,16,CNKT3,TTKT3,2026-09-01,2026,9,1,452396.2600000001,681600.0
Hiệu quả xe nội miền chiều về,16,CNKT3,DCCNKT3,2026-09-03,2026,9,3,62294.77000000001,112800.0
Hiệu quả xe nội miền chiều về,16,CNKT2,TTKT2,2026-09-05,2026,9,5,100723.53,165700.0
Hiệu quả xe nội miền chiều về,16,CNKT3,DCCNKT3,2026-08-30,2026,8,30,1421.69,8000.0
Hiệu quả xe nội miền chiều về,16,CNKT5,TTKT5,2026-09-04,2026,9,4,999883.0500000003,1362700.0
Hiệu quả xe nội miền chiều về,16,CNKT3,DCCNKT3,2026-09-06,2026,9,6,55701.340000000004,120800.0
Hiệu quả xe nội miền chiều về,16,CNKT4,TTKT4,2026-09-03,2026,9,3,138500.88,245800.0
Hiệu quả xe nội miền chiều về,16,CNKT2,TTKT2,2026-09-02,2026,9,2,54067.54999999999,126800.0
Hiệu quả xe nội miền chiều về,16,CNKT3,DCCNKT3,2026-09-01,2026,9,1,61034.630000000005,99700.0
Hiệu quả xe nội miền chiều về,16,CNKT3,TTKT3,2026-08-30,2026,8,30,184.0,8000.0
Hiệu quả xe nội miền chiều về,16,CNKT1,TTKT1,2026-09-06,2026,9,6,4759.57,14700.0
Hiệu quả xe nội miền chiều về,16,CNKT5,TTKT5,2026-09-05,2026,9,5,958148.97,1353800.0
Hiệu quả xe nội miền chiều về,16,CNKT3,DCCNKT3,2026-09-04,2026,9,4,73856.84,116000.0
Hiệu quả xe nội miền chiều về,16,CNKT1,TTKT1,2026-09-07,2026,9,7,15443.23,14700.0
Hiệu quả xe nội miền chiều về,16,CNKT4,TTKT4,2026-09-01,2026,9,1,141678.31,308400.0
Hiệu quả xe nội miền chiều về,16,CNKT4,TTKT4,2026-08-30,2026,8,30,9568.58,10200.0
Hiệu quả xe nội miền chiều về,16,CNKT1,TTKT1,2026-09-05,2026,9,5,12504.29,14700.0
Hiệu quả xe nội miền chiều về,16,CNKT5,TTKT5,2026-08-31,2026,8,31,445145.4300000001,618500.0
Hiệu quả xe nội miền chiều về,16,CNKT3,DCCNKT3,2026-09-02,2026,9,2,49267.93,104800.0
Hiệu quả xe nội miền chiều về,16,CNKT3,TTKT3,2026-08-31,2026,8,31,296927.69,365600.0
Hiệu quả xe nội miền chiều về,16,CNKT3,DCCNKT3,2026-09-08,2026,9,8,21761.549999999996,47300.0
Hiệu quả xe nội miền chiều về,16,CNKT4,TTKT4,2026-08-31,2026,8,31,69866.61,77400.0
Hiệu quả xe nội miền chiều về,16,CNKT1,TTKT1,2026-09-04,2026,9,4,9895.16,14700.0
Hiệu quả xe nội miền chiều về,16,CNKT5,TTKT5,2026-09-07,2026,9,7,948344.5300000003,1279200.0
Hiệu quả xe nội miền chiều về,16,CNKT5,TTKT5,2026-09-02,2026,9,2,464959.19,990100.0
Hiệu quả xe nội miền chiều về,16,CNKT3,TTKT3,2026-09-05,2026,9,5,638161.4799999997,901300.0
Hiệu quả xe nội miền chiều về,16,CNKT4,TTKT4,2026-09-04,2026,9,4,159825.04999999996,314200.0
Hiệu quả xe nội miền chiều về,16,CNKT1,TTKT1,2026-09-01,2026,9,1,8282.189999999999,14700.0
Hiệu quả xe nội miền chiều về,16,CNKT3,DCCNKT3,2026-09-05,2026,9,5,65209.89,126600.0
Hiệu quả xe nội miền chiều về,16,CNKT4,TTKT4,2026-09-06,2026,9,6,138726.58999999997,330200.0
Hiệu quả xe nội miền chiều về,16,CNKT3,TTKT3,2026-09-04,2026,9,4,633954.5000000001,885300.0
Hiệu quả xe nội miền chiều về,16,CNKT5,TTKT5,2026-09-06,2026,9,6,784669.7799999998,1226000.0
Hiệu quả xe nội miền chiều về,16,CNKT4,TTKT4,2026-09-05,2026,9,5,184412.29000000004,295900.0
Hiệu quả xe nội miền chiều về,16,CNKT2,TTKT2,2026-09-07,2026,9,7,111004.11,160600.0
Hiệu quả xe nội miền chiều về,16,CNKT3,TTKT3,2026-09-08,2026,9,8,212436.13999999998,370200.0
Hiệu quả xe nội miền chiều về,16,CNKT3,DCCNKT3,2026-08-31,2026,8,31,44994.780000000006,57500.0
Hiệu quả xe nội miền chiều về,16,CNKT3,TTKT3,2026-09-02,2026,9,2,276660.41000000003,655000.0
Hiệu quả xe nội miền chiều về,16,CNKT4,TTKT4,2026-09-07,2026,9,7,152580.11,320000.0
Hiệu quả xe nội miền chiều về,16,CNKT5,TTKT5,2026-08-29,2026,8,29,2888.26,6500.0
Hiệu quả xe nội miền chiều về,16,CNKT4,TTKT4,2026-09-08,2026,9,8,103598.92999999996,221100.0
Hiệu quả xe nội miền chiều về,16,CNKT2,TTKT2,2026-09-01,2026,9,1,86031.60999999999,126800.0
Hiệu quả xe nội miền chiều về,16,CNKT2,TTKT2,2026-09-03,2026,9,3,110414.44999999998,168900.0
Hiệu quả xe nội miền chiều về,16,CNKT5,TTKT5,2026-09-03,2026,9,3,817262.1499999999,1295000.0
Hiệu quả xe nội miền chiều về,16,CNKT5,TTKT5,2026-09-01,2026,9,1,671156.25,1035000.0
Hiệu quả xe nội miền chiều về,16,CNKT2,TTKT2,2026-09-04,2026,9,4,110267.82999999999,160600.0
Hiệu quả xe nội miền chiều về,16,CNKT4,TTKT4,2026-09-02,2026,9,2,86637.01999999999,286100.0
Hiệu quả xe nội miền chiều về,16,CNKT2,TTKT2,2026-09-06,2026,9,6,79202.85999999999,131900.0
Hiệu quả xe nội miền chiều về,16,CNKT2,TTKT2,2026-08-31,2026,8,31,64309.520000000004,57800.0
Hiệu quả xe nội miền chiều về,16,CNKT3,TTKT3,2026-08-29,2026,8,29,7036.46,8000.0
Hiệu quả xe nội miền chiều về,16,CNKT3,DCCNKT3,2026-09-07,2026,9,7,66570.15,112800.0
Hiệu quả xe nội miền chiều về,16,CNKT1,TTKT1,2026-08-31,2026,8,31,11106.43,14700.0
Hiệu quả xe nội miền chiều về,16,CNKT1,TTKT1,2026-09-02,2026,9,2,7304.13,14700.0
Hiệu quả xe liên miền,18,CNKT5,TTKT5,2026-08-28,2026,8,28,25833.3,32000.0
Hiệu quả xe liên miền,18,CNKT2,TTKT2,2026-09-07,2026,9,7,157634.99000000002,193600.0
Hiệu quả xe liên miền,18,CNKT5,TTKT5,2026-09-07,2026,9,7,55847.42,93000.0
Hiệu quả xe liên miền,18,CNKT5,LOGBN,2026-08-31,2026,8,31,738484.53,1048500.0
Hiệu quả xe liên miền,18,CNKT5,LOGBN,2026-09-01,2026,9,1,897639.6699999999,1322100.0
Hiệu quả xe liên miền,18,CNKT3,TTKT3,2026-09-05,2026,9,5,331914.28,432400.0
Hiệu quả xe liên miền,18,CNKT5,TTKT5,2026-08-31,2026,8,31,236979.96999999997,315400.0
Hiệu quả xe liên miền,18,CNKT2,TTKT2,2026-08-31,2026,8,31,253037.87999999998,284400.0
Hiệu quả xe liên miền,18,CNKT3,TTKT3,2026-09-03,2026,9,3,124418.59000000001,200600.0
Hiệu quả xe liên miền,18,CNKT5,TTKT5,2026-08-30,2026,8,30,241098.27000000002,301000.0
Hiệu quả xe liên miền,18,CNKT3,TTKT3,2026-09-01,2026,9,1,238314.58,367200.0
Hiệu quả xe liên miền,18,CNKT5,LOGBN,2026-09-05,2026,9,5,824132.94,1212800.0
Hiệu quả xe liên miền,18,CNKT5,LOGBN,2026-09-03,2026,9,3,505100.80000000005,781500.0
Hiệu quả xe liên miền,18,CNKT5,TTKT5,2026-09-06,2026,9,6,240261.44999999998,356100.0
Hiệu quả xe liên miền,18,CNKT3,TTKT3,2026-09-06,2026,9,6,216491.3,272800.0
Hiệu quả xe liên miền,18,CNKT3,TTKT3,2026-08-30,2026,8,30,107321.86,155600.0
Hiệu quả xe liên miền,18,CNKT2,TTKT2,2026-08-30,2026,8,30,49560.12,58000.0
Hiệu quả xe liên miền,18,CNKT5,TTKT5,2026-09-03,2026,9,3,222282.72,322600.0
Hiệu quả xe liên miền,18,CNKT4,TTKT4,2026-09-06,2026,9,6,171431.68,221700.0
Hiệu quả xe liên miền,18,CNKT5,LOGBN,2026-09-04,2026,9,4,865240.5900000002,1357100.0
Hiệu quả xe liên miền,18,CNKT4,TTKT4,2026-09-07,2026,9,7,59048.450000000004,69700.0
Hiệu quả xe liên miền,18,CNKT4,TTKT4,2026-08-31,2026,8,31,130323.66,188000.0
Hiệu quả xe liên miền,18,CNKT5,TTKT5,2026-09-02,2026,9,2,268807.49,447700.0
Hiệu quả xe liên miền,18,CNKT5,LOGBN,2026-09-02,2026,9,2,612112.89,939300.0
Hiệu quả xe liên miền,18,CNKT5,TTKT5,2026-08-29,2026,8,29,57207.87999999999,55400.0
Hiệu quả xe liên miền,18,CNKT2,TTKT2,2026-09-01,2026,9,1,243943.57000000004,286900.0
Hiệu quả xe liên miền,18,CNKT4,TTKT4,2026-08-30,2026,8,30,141294.77000000002,189700.0
Hiệu quả xe liên miền,18,CNKT5,TTKT5,2026-09-04,2026,9,4,356142.62999999995,493200.0
Hiệu quả xe liên miền,18,CNKT5,TTKT5,2026-09-08,2026,9,8,21366.22,39400.0
Hiệu quả xe liên miền,18,CNKT2,TTKT2,2026-09-02,2026,9,2,245511.12,326000.0
Hiệu quả xe liên miền,18,CNKT5,TTKT5,2026-09-05,2026,9,5,381501.5,516600.0
Hiệu quả xe liên miền,18,CNKT5,LOGBN,2026-08-29,2026,8,29,116166.32,158000.0
Hiệu quả xe liên miền,18,CNKT2,TTKT2,2026-09-04,2026,9,4,280226.77999999997,352700.0
Hiệu quả xe liên miền,18,CNKT4,TTKT4,2026-09-03,2026,9,3,68942.23,101700.0
Hiệu quả xe liên miền,18,CNKT4,TTKT4,2026-09-02,2026,9,2,122397.54000000001,153700.0
Hiệu quả xe liên miền,18,CNKT4,TTKT4,2026-09-05,2026,9,5,139351.32,193300.0
Hiệu quả xe liên miền,18,CNKT5,LOGBN,2026-09-07,2026,9,7,192242.77999999997,297500.0
Hiệu quả xe liên miền,18,CNKT2,TTKT2,2026-09-03,2026,9,3,157625.34000000003,199000.0
Hiệu quả xe liên miền,18,CNKT2,TTKT2,2026-09-05,2026,9,5,365442.47,475100.0
Hiệu quả xe liên miền,18,CNKT3,TTKT3,2026-08-31,2026,8,31,175793.12,255800.0
Hiệu quả xe liên miền,18,CNKT5,LOGBN,2026-09-06,2026,9,6,905313.6999999997,1337100.0
Hiệu quả xe liên miền,18,CNKT2,TTKT2,2026-09-06,2026,9,6,275948.19,320900.0
Hiệu quả xe liên miền,18,CNKT4,TTKT4,2026-09-01,2026,9,1,165181.45,196500.0
Hiệu quả xe liên miền,18,CNKT3,TTKT3,2026-09-02,2026,9,2,140515.14,201200.0
Hiệu quả xe liên miền,18,CNKT3,TTKT3,2026-09-04,2026,9,4,303925.75,365100.0
Hiệu quả xe liên miền,18,CNKT3,TTKT3,2026-08-29,2026,8,29,14689.64,26000.0
Hiệu quả xe liên miền,18,CNKT5,TTKT5,2026-09-01,2026,9,1,314382.68000000005,415200.0
Hiệu quả xe liên miền,18,CNKT5,LOGBN,2026-08-30,2026,8,30,672922.98,978400.0
Hiệu quả xe liên miền,18,CNKT4,TTKT4,2026-09-04,2026,9,4,137436.21,169700.0
Hiệu quả kết nối nội miền,17,CNKT3,TTKT3,2026-09-04,2026,9,4,1263157.8300000003,29283.0
Hiệu quả kết nối nội miền,17,CNKT3,TTKT3,2026-08-31,2026,8,31,399907.76999999996,11357.0
Hiệu quả kết nối nội miền,17,CNKT3,TTKT3,2026-09-05,2026,9,5,1312620.13,28774.0
Hiệu quả kết nối nội miền,17,CNKT4,TTKT4,2026-09-02,2026,9,2,282919.87,11200.0
Hiệu quả kết nối nội miền,17,CNKT1,TTKT1,2026-09-02,2026,9,2,34714.94,450.0
Hiệu quả kết nối nội miền,17,CNKT3,TTKT3,2026-09-01,2026,9,1,1045198.4900000002,23063.0
Hiệu quả kết nối nội miền,17,CNKT3,DCCNKT3,2026-09-04,2026,9,4,167741.91999999998,7598.0
Hiệu quả kết nối nội miền,17,CNKT4,TTKT4,2026-09-01,2026,9,1,447772.54,12690.0
Hiệu quả kết nối nội miền,17,CNKT2,TTKT2,2026-09-08,2026,9,8,128428.88,5345.0
Hiệu quả kết nối nội miền,17,CNKT1,TTKT1,2026-09-03,2026,9,3,17327.92,450.0
Hiệu quả kết nối nội miền,17,CNKT4,TTKT4,2026-09-08,2026,9,8,301726.59,8689.0
Hiệu quả kết nối nội miền,17,CNKT3,TTKT3,2026-08-30,2026,8,30,184.0,347.0
Hiệu quả kết nối nội miền,17,CNKT3,TTKT3,2026-09-02,2026,9,2,664809.3099999999,22246.0
Hiệu quả kết nối nội miền,17,CNKT5,TTKT5,2026-09-08,2026,9,8,1069637.43,34986.0
Hiệu quả kết nối nội miền,17,CNKT5,TTKT5,2026-09-06,2026,9,6,1643628.2400000002,69374.0
Hiệu quả kết nối nội miền,17,CNKT1,TTKT1,2026-09-07,2026,9,7,23630.3,450.0
Hiệu quả kết nối nội miền,17,CNKT2,TTKT2,2026-09-07,2026,9,7,234648.02000000002,9966.0
Hiệu quả kết nối nội miền,17,CNKT2,TTKT2,2026-09-01,2026,9,1,146052.26,8578.0
Hiệu quả kết nối nội miền,17,CNKT1,TTKT1,2026-09-01,2026,9,1,21130.05,450.0
Hiệu quả kết nối nội miền,17,CNKT3,TTKT3,2026-09-07,2026,9,7,1153967.9800000002,27410.0
Hiệu quả kết nối nội miền,17,CNKT3,DCCNKT3,2026-09-02,2026,9,2,105578.30999999997,7078.0
Hiệu quả kết nối nội miền,17,CNKT2,TTKT2,2026-09-06,2026,9,6,178031.30000000002,8911.0
Hiệu quả kết nối nội miền,17,CNKT5,TTKT5,2026-08-29,2026,8,29,2888.26,381.0
Hiệu quả kết nối nội miền,17,CNKT3,DCCNKT3,2026-08-30,2026,8,30,1421.69,195.0
Hiệu quả kết nối nội miền,17,CNKT1,TTKT1,2026-09-04,2026,9,4,23351.73,450.0
Hiệu quả kết nối nội miền,17,CNKT1,TTKT1,2026-08-31,2026,8,31,11106.43,276.0
Hiệu quả kết nối nội miền,17,CNKT3,DCCNKT3,2026-09-03,2026,9,3,135494.55000000002,7704.0
Hiệu quả kết nối nội miền,17,CNKT3,TTKT3,2026-09-08,2026,9,8,753032.8500000002,13808.0
Hiệu quả kết nối nội miền,17,CNKT3,TTKT3,2026-08-29,2026,8,29,7036.46,338.0
Hiệu quả kết nối nội miền,17,CNKT3,DCCNKT3,2026-09-01,2026,9,1,140635.76,7105.0
Hiệu quả kết nối nội miền,17,CNKT3,TTKT3,2026-09-03,2026,9,3,902329.8900000002,25320.0
Hiệu quả kết nối nội miền,17,CNKT3,TTKT3,2026-09-06,2026,9,6,1003939.07,25099.0
Hiệu quả kết nối nội miền,17,CNKT1,TTKT1,2026-09-08,2026,9,8,13350.42,174.0
Hiệu quả kết nối nội miền,17,CNKT5,TTKT5,2026-08-31,2026,8,31,722012.01,36431.0
Hiệu quả kết nối nội miền,17,CNKT5,TTKT5,2026-09-04,2026,9,4,1915312.54,75619.0
Hiệu quả kết nối nội miền,17,CNKT2,TTKT2,2026-09-03,2026,9,3,176454.67,10264.0
Hiệu quả kết nối nội miền,17,CNKT2,TTKT2,2026-09-02,2026,9,2,123126.32999999999,8578.0
Hiệu quả kết nối nội miền,17,CNKT2,TTKT2,2026-09-05,2026,9,5,200723.94000000003,10264.0
Hiệu quả kết nối nội miền,17,CNKT3,DCCNKT3,2026-08-31,2026,8,31,87084.72000000002,3735.0
Hiệu quả kết nối nội miền,17,CNKT1,TTKT1,2026-09-06,2026,9,6,24512.629999999997,450.0
Hiệu quả kết nối nội miền,17,CNKT1,TTKT1,2026-09-05,2026,9,5,26850.56,450.0
Hiệu quả kết nối nội miền,17,CNKT3,DCCNKT3,2026-09-08,2026,9,8,71229.0,3750.0
Hiệu quả kết nối nội miền,17,CNKT5,TTKT5,2026-09-03,2026,9,3,1410705.8099999998,71952.0
Hiệu quả kết nối nội miền,17,CNKT3,DCCNKT3,2026-09-05,2026,9,5,175976.36000000002,8086.0
Hiệu quả kết nối nội miền,17,CNKT3,DCCNKT3,2026-09-07,2026,9,7,151466.57,7598.0
Hiệu quả kết nối nội miền,17,CNKT4,TTKT4,2026-08-31,2026,8,31,191420.69,5288.0
Hiệu quả kết nối nội miền,17,CNKT4,TTKT4,2026-09-03,2026,9,3,312440.64,10310.0
Hiệu quả kết nối nội miền,17,CNKT5,TTKT5,2026-09-01,2026,9,1,1342282.3199999998,60571.0
Hiệu quả kết nối nội miền,17,CNKT5,TTKT5,2026-09-02,2026,9,2,1042806.91,60495.0
Hiệu quả kết nối nội miền,17,CNKT4,TTKT4,2026-09-05,2026,9,5,409665.16000000003,12055.0
Hiệu quả kết nối nội miền,17,CNKT5,TTKT5,2026-09-05,2026,9,5,1873545.15,72219.0
Hiệu quả kết nối nội miền,17,CNKT3,DCCNKT3,2026-09-06,2026,9,6,143188.49,7606.0
Hiệu quả kết nối nội miền,17,CNKT4,TTKT4,2026-09-04,2026,9,4,389739.20999999996,12700.0
Hiệu quả kết nối nội miền,17,CNKT4,TTKT4,2026-09-06,2026,9,6,443253.72000000015,14258.0
Hiệu quả kết nối nội miền,17,CNKT4,TTKT4,2026-08-30,2026,8,30,9568.58,250.0
Hiệu quả kết nối nội miền,17,CNKT2,TTKT2,2026-09-04,2026,9,4,193321.49000000002,10115.0
Hiệu quả kết nối nội miền,17,CNKT2,TTKT2,2026-08-31,2026,8,31,82213.66000000003,4069.0
Hiệu quả kết nối nội miền,17,CNKT5,TTKT5,2026-09-07,2026,9,7,1751889.3499999996,71345.0
Hiệu quả kết nối nội miền,17,CNKT4,TTKT4,2026-09-07,2026,9,7,379627.69999999995,12515.0
Tỷ lệ nhập đúng tải kiện 12.5s,5,HTH,HUBHTH,2026-09-01,2026,9,1,3025.0,3027.0
Tỷ lệ nhập đúng tải kiện 12.5s,5,PHO,HUBPHO,2026-09-01,2026,9,1,4820.0,4825.0
Tỷ lệ nhập đúng tải kiện 12.5s,5,CTO,HUBCTO,2026-09-02,2026,9,2,45.0,45.0
Tỷ lệ nhập đúng tải kiện 12.5s,5,HNI,HUBYAN,2026-09-02,2026,9,2,4200.0,4416.0
Tỷ lệ nhập đúng tải kiện 12.5s,5,DNG,HUBQNM,2026-09-03,2026,9,3,4313.0,4332.0
Tỷ lệ nhập đúng tải kiện 12.5s,5,VLG,HUBTVH,2026-09-03,2026,9,3,2736.0,2736.0
Tỷ lệ nhập đúng tải kiện 12.5s,5,PHO,HUBVPC,2026-09-03,2026,9,3,6876.0,8440.0
Tỷ lệ nhập đúng tải kiện 12.5s,5,NBH,HUBHNM,2026-09-04,2026,9,4,3707.0,3898.0
Tỷ lệ nhập đúng tải kiện 12.5s,5,HUE,HUBHUE,2026-09-04,2026,9,4,4443.0,4998.0
Tỷ lệ nhập đúng tải kiện 12.5s,5,PHO,HUBVPC,2026-09-04,2026,9,4,12113.0,12832.0
Tỷ lệ nhập đúng tải kiện 12.5s,5,HNI,HUBYAN,2026-09-04,2026,9,4,10411.0,11413.0
Tỷ lệ nhập đúng tải kiện 12.5s,5,LDG,HUBBTN,2026-09-05,2026,9,5,8948.0,9022.0
Tỷ lệ nhập đúng tải kiện 12.5s,5,CBG,HUBCBG,2026-09-05,2026,9,5,1171.0,1171.0
Tỷ lệ nhập đúng tải kiện 12.5s,5,TNN,HUBTNN,2026-09-05,2026,9,5,5939.0,7170.0
Tỷ lệ nhập đúng tải kiện 12.5s,5,HNI,HUBTTI,2026-09-05,2026,9,5,16218.0,18174.0
Tỷ lệ nhập đúng tải kiện 12.5s,5,CNKT1,TTKT1,2026-09-05,2026,9,5,8086.0,8520.0
Tỷ lệ nhập đúng tải kiện 12.5s,5,HCM,HUBBDG,2026-09-06,2026,9,6,5468.0,6993.0
Tỷ lệ nhập đúng tải kiện 12.5s,5,TNN,HUBBKN,2026-09-06,2026,9,6,815.0,817.0
Tỷ lệ nhập đúng tải kiện 12.5s,5,KHA,HUBKHA,2026-09-06,2026,9,6,6219.0,8005.0
Tỷ lệ nhập đúng tải kiện 12.5s,5,LCU,HUBLCU,2026-09-06,2026,9,6,583.0,591.0
Tỷ lệ nhập đúng tải kiện 12.5s,5,NAN,HUBNAN,2026-09-06,2026,9,6,9984.0,10080.0
Tỷ lệ nhập đúng tải kiện 12.5s,5,CNKT3,TTKT3,2026-09-06,2026,9,6,29558.0,34505.0
Tỷ lệ nhập đúng tải kiện 12.5s,5,HCM,HUBBDG,2026-09-07,2026,9,7,7171.0,9305.0
Tỷ lệ nhập đúng tải kiện 12.5s,5,CBG,HUBCBG,2026-09-07,2026,9,7,972.0,972.0
Tỷ lệ nhập đúng tải kiện 12.5s,5,QNI,HUBKTM,2026-09-07,2026,9,7,1920.0,2104.0
Tỷ lệ nhập đúng tải kiện 12.5s,5,HCM,HUBTDC,2026-09-07,2026,9,7,10015.0,10261.0
Tỷ lệ nhập đúng tải kiện 12.5s,5,VLG,HUBBTE,2026-09-08,2026,9,8,10200.0,10249.0
Tỷ lệ nhập đúng tải kiện 12.5s,5,DBN,HUBDBN,2026-09-08,2026,9,8,483.0,483.0
Tỷ lệ nhập đúng tải kiện 12.5s,5,NBH,HUBNBH,2026-09-08,2026,9,8,5552.0,5552.0
Tỷ lệ nhập đúng tải kiện 12.5s,5,DNG,HUBQNM,2026-09-08,2026,9,8,4849.0,5035.0
Tỷ lệ nhập đúng tải kiện 12.5s,5,GLI,HUBGLI,2026-09-09,2026,9,9,6564.0,6576.0
Tỷ lệ nhập đúng tải kiện 12.5s,5,HCM,HUBHCM,2026-09-09,2026,9,9,10.0,15.0
Tỷ lệ nhập đúng tải kiện 12.5s,5,CTO,HUBSTG,2026-09-09,2026,9,9,5314.0,5314.0
Tỷ lệ nhập đúng tải kiện 12.5s,5,HPG,HUBHDG,2026-09-01,2026,9,1,4289.0,4331.0
Tỷ lệ nhập đúng tải kiện 12.5s,5,DTP,HUBTGG,2026-09-01,2026,9,1,6632.0,6632.0
Tỷ lệ nhập đúng tải kiện 12.5s,5,HNI,HUBYAN,2026-09-01,2026,9,1,6310.0,6862.0
Tỷ lệ nhập đúng tải kiện 12.5s,5,DTP,HUBDTP,2026-09-02,2026,9,2,4771.0,4793.0
Tỷ lệ nhập đúng tải kiện 12.5s,5,KHA,HUBKHA,2026-09-02,2026,9,2,3602.0,4656.0
Tỷ lệ nhập đúng tải kiện 12.5s,5,HYN,HUBTBH,2026-09-02,2026,9,2,3351.0,3457.0
Tỷ lệ nhập đúng tải kiện 12.5s,5,THA,HUBTHA,2026-09-02,2026,9,2,9426.0,9496.0
Tỷ lệ nhập đúng tải kiện 12.5s,5,HCM,HUBTTO,2026-09-02,2026,9,2,5779.0,5837.0
Tỷ lệ nhập đúng tải kiện 12.5s,5,LCI,HUBYBN,2026-09-02,2026,9,2,2634.0,2685.0
Tỷ lệ nhập đúng tải kiện 12.5s,5,HPG,HUBHDG,2026-09-03,2026,9,3,7999.0,8018.0
Tỷ lệ nhập đúng tải kiện 12.5s,5,KHA,HUBNTN,2026-09-03,2026,9,3,2614.0,2614.0
Tỷ lệ nhập đúng tải kiện 12.5s,5,GLI,HUBBHD,2026-09-04,2026,9,4,2323.0,2323.0
Tỷ lệ nhập đúng tải kiện 12.5s,5,DBN,HUBDBN,2026-09-05,2026,9,5,597.0,597.0
Tỷ lệ nhập đúng tải kiện 12.5s,5,PHO,HUBHBH,2026-09-05,2026,9,5,3529.0,3529.0
Tỷ lệ nhập đúng tải kiện 12.5s,5,VLG,HUBTVH,2026-09-05,2026,9,5,3655.0,3655.0
Tỷ lệ nhập đúng tải kiện 12.5s,5,GLI,HUBGLI,2026-09-06,2026,9,6,8305.0,8468.0
Tỷ lệ nhập đúng tải kiện 12.5s,5,HCM,HUBTDC,2026-09-06,2026,9,6,7078.0,7334.0
Tỷ lệ nhập đúng tải kiện 12.5s,5,LCI,HUBYBN,2026-09-06,2026,9,6,3379.0,3529.0
Tỷ lệ nhập đúng tải kiện 12.5s,5,DLK,HUBDLK,2026-09-08,2026,9,8,8182.0,10538.0
Tỷ lệ nhập đúng tải kiện 12.5s,5,DTP,HUBDTP,2026-09-08,2026,9,8,8516.0,8675.0
Tỷ lệ nhập đúng tải kiện 12.5s,5,LSN,HUBLSN,2026-09-08,2026,9,8,2250.0,2644.0
Tỷ lệ nhập đúng tải kiện 12.5s,5,HCM,HUBTTO,2026-09-08,2026,9,8,17066.0,18636.0
Tỷ lệ nhập đúng tải kiện 12.5s,5,GLI,HUBBHD,2026-09-09,2026,9,9,2322.0,2322.0
Tỷ lệ nhập đúng tải kiện 12.5s,5,LDG,HUBBTN,2026-09-09,2026,9,9,7027.0,7268.0
Tỷ lệ nhập đúng tải kiện 12.5s,5,TNH,HUBLAN,2026-09-01,2026,9,1,7457.0,7542.0
Tỷ lệ nhập đúng tải kiện 12.5s,5,HCM,HUBBDG,2026-09-02,2026,9,2,3369.0,3850.0
Tỷ lệ nhập đúng tải kiện 12.5s,5,LDG,HUBDKG,2026-09-02,2026,9,2,2670.0,3057.0
Tỷ lệ nhập đúng tải kiện 12.5s,5,TQG,HUBTQG,2026-09-02,2026,9,2,1363.0,1364.0
Tỷ lệ nhập đúng tải kiện 12.5s,5,PHO,HUBVPC,2026-09-02,2026,9,2,4818.0,5812.0
Tỷ lệ nhập đúng tải kiện 12.5s,5,HCM,HUBBDG,2026-09-03,2026,9,3,7188.0,7863.0
Tỷ lệ nhập đúng tải kiện 12.5s,5,VLG,HUBBTE,2026-09-03,2026,9,3,8544.0,8559.0
Tỷ lệ nhập đúng tải kiện 12.5s,5,PHO,HUBPHO,2026-09-03,2026,9,3,5003.0,5011.0
Tỷ lệ nhập đúng tải kiện 12.5s,5,DLK,HUBPYN,2026-09-03,2026,9,3,2662.0,2663.0
Tỷ lệ nhập đúng tải kiện 12.5s,5,QTI,HUBQBH,2026-09-03,2026,9,3,2802.0,3124.0
Tỷ lệ nhập đúng tải kiện 12.5s,5,HCM,HUBTDC,2026-09-03,2026,9,3,9115.0,9257.0
Tỷ lệ nhập đúng tải kiện 12.5s,5,HYN,HUBHYN,2026-09-04,2026,9,4,9404.0,9447.0
Tỷ lệ nhập đúng tải kiện 12.5s,5,TNH,HUBLAN,2026-09-04,2026,9,4,8885.0,10247.0
Tỷ lệ nhập đúng tải kiện 12.5s,5,LDG,HUBLDG01,2026-09-04,2026,9,4,4379.0,6516.0
Tỷ lệ nhập đúng tải kiện 12.5s,5,HNI,HUBTTI,2026-09-04,2026,9,4,17705.0,19264.0
Tỷ lệ nhập đúng tải kiện 12.5s,5,HUE,HUBHUE,2026-09-05,2026,9,5,5778.0,6196.0
Tỷ lệ nhập đúng tải kiện 12.5s,5,HYN,HUBHYN,2026-09-05,2026,9,5,9017.0,9169.0
Tỷ lệ nhập đúng tải kiện 12.5s,5,LDG,HUBBTN,2026-09-06,2026,9,6,6704.0,8062.0
Tỷ lệ nhập đúng tải kiện 12.5s,5,CMU,HUBCMU,2026-09-06,2026,9,6,5208.0,5579.0
Tỷ lệ nhập đúng tải kiện 12.5s,5,NBH,HUBHNM,2026-09-06,2026,9,6,3172.0,3526.0
Tỷ lệ nhập đúng tải kiện 12.5s,5,DLK,HUBPYN,2026-09-06,2026,9,6,3347.0,3355.0
Tỷ lệ nhập đúng tải kiện 12.5s,5,PHO,HUBVPC,2026-09-06,2026,9,6,9926.0,10949.0
Tỷ lệ nhập đúng tải kiện 12.5s,5,CMU,HUBCMU,2026-09-07,2026,9,7,5352.0,5677.0
Tỷ lệ nhập đúng tải kiện 12.5s,5,NBH,HUBNBH,2026-09-07,2026,9,7,3884.0,3884.0
Tỷ lệ nhập đúng tải kiện 12.5s,5,NBH,HUBNDH,2026-09-07,2026,9,7,8851.0,8864.0
Tỷ lệ nhập đúng tải kiện 12.5s,5,PHO,HUBPHO,2026-09-07,2026,9,7,6165.0,6214.0
Tỷ lệ nhập đúng tải kiện 12.5s,5,QTI,HUBQBH,2026-09-07,2026,9,7,3708.0,4050.0
Tỷ lệ nhập đúng tải kiện 12.5s,5,SLA,HUBSLA,2026-09-07,2026,9,7,103.0,188.0
Tỷ lệ nhập đúng tải kiện 12.5s,5,PHO,HUBVPC,2026-09-07,2026,9,7,9310.0,10203.0
Tỷ lệ nhập đúng tải kiện 12.5s,5,LCI,HUBYBN,2026-09-07,2026,9,7,3579.0,3581.0
Tỷ lệ nhập đúng tải kiện 12.5s,5,CNKT1,TTKT1,2026-09-07,2026,9,7,29547.0,31276.0
Tỷ lệ nhập đúng tải kiện 12.5s,5,CNKT2,TTKT2,2026-09-07,2026,9,7,20615.0,21006.0
Tỷ lệ nhập đúng tải kiện 12.5s,5,CNKT3,TTKT3,2026-09-07,2026,9,7,23753.0,27583.0
Tỷ lệ nhập đúng tải kiện 12.5s,5,CTO,HUBCTO,2026-09-08,2026,9,8,71.0,71.0
Tỷ lệ nhập đúng tải kiện 12.5s,5,HYN,HUBHYN,2026-09-08,2026,9,8,9464.0,9560.0
Tỷ lệ nhập đúng tải kiện 12.5s,5,HNI,HUBLBN,2026-09-09,2026,9,9,8469.0,9269.0
Tỷ lệ nhập đúng tải kiện 12.5s,5,LDG,HUBLDG03,2026-09-09,2026,9,9,3721.0,3793.0
Tỷ lệ nhập đúng tải kiện 12.5s,5,NBH,HUBNBH,2026-09-09,2026,9,9,5033.0,5091.0
Tỷ lệ nhập đúng tải kiện 12.5s,5,LDG,HUBDKG,2026-09-01,2026,9,1,3908.0,4007.0
Tỷ lệ nhập đúng tải kiện 12.5s,5,GLI,HUBGLI,2026-09-01,2026,9,1,5798.0,6004.0
Tỷ lệ nhập đúng tải kiện 12.5s,5,HCM,HUBHCM,2026-09-01,2026,9,1,328.0,415.0
Tỷ lệ nhập đúng tải kiện 12.5s,5,GLI,HUBBHD,2026-09-02,2026,9,2,1340.0,1340.0
Tỷ lệ nhập đúng tải kiện 12.5s,5,TNN,HUBBKN,2026-09-02,2026,9,2,497.0,497.0
Tỷ lệ nhập đúng tải kiện 12.5s,5,LDG,HUBBTN,2026-09-02,2026,9,2,4427.0,4497.0
Tỷ lệ nhập đúng tải kiện 12.5s,5,NBH,HUBHNM,2026-09-02,2026,9,2,1988.0,2361.0
Tỷ lệ nhập đúng tải kiện 12.5s,5,HTH,HUBHTH,2026-09-02,2026,9,2,2337.0,2348.0
Tỷ lệ nhập đúng tải kiện 12.5s,5,QNI,HUBKTM,2026-09-02,2026,9,2,2034.0,2076.0
Tỷ lệ nhập đúng tải kiện 12.5s,5,LCU,HUBLCU,2026-09-02,2026,9,2,478.0,479.0
Tỷ lệ nhập đúng tải kiện 12.5s,5,NBH,HUBNDH,2026-09-02,2026,9,2,4363.0,4364.0
Tỷ lệ nhập đúng tải kiện 12.5s,5,HCM,HUBTDC,2026-09-02,2026,9,2,4348.0,4426.0
Tỷ lệ nhập đúng tải kiện 12.5s,5,NBH,HUBNBH,2026-09-03,2026,9,3,3800.0,3800.0
Tỷ lệ nhập đúng tải kiện 12.5s,5,HCM,HUBTTO,2026-09-03,2026,9,3,13317.0,13909.0
Tỷ lệ nhập đúng tải kiện 12.5s,5,VLG,HUBVLG,2026-09-03,2026,9,3,3447.0,3455.0
Tỷ lệ nhập đúng tải kiện 12.5s,5,VLG,HUBBTE,2026-09-04,2026,9,4,10009.0,10263.0
Tỷ lệ nhập đúng tải kiện 12.5s,5,TQG,HUBHGG,2026-09-04,2026,9,4,1383.0,1383.0
Tỷ lệ nhập đúng tải kiện 12.5s,5,TQG,HUBHGG,2026-09-05,2026,9,5,1524.0,1525.0
Tỷ lệ nhập đúng tải kiện 12.5s,5,LDG,HUBLDG03,2026-09-05,2026,9,5,3312.0,3530.0
Tỷ lệ nhập đúng tải kiện 12.5s,5,PHO,HUBPHO,2026-09-05,2026,9,5,6710.0,6713.0
Tỷ lệ nhập đúng tải kiện 12.5s,5,HNI,BBSDPG,2026-09-06,2026,9,6,9076.0,10648.0
Tỷ lệ nhập đúng tải kiện 12.5s,5,CMU,HUBBLU,2026-09-06,2026,9,6,3169.0,3174.0
Tỷ lệ nhập đúng tải kiện 12.5s,5,HPG,HUBHDG,2026-09-06,2026,9,6,6513.0,6546.0
Tỷ lệ nhập đúng tải kiện 12.5s,5,LCI,HUBLCI01,2026-09-06,2026,9,6,2431.0,2860.0
Tỷ lệ nhập đúng tải kiện 12.5s,5,PHO,HUBPHO,2026-09-06,2026,9,6,6536.0,6792.0
Tỷ lệ nhập đúng tải kiện 12.5s,5,DNG,HUBDNG,2026-09-07,2026,9,7,28.0,29.0
Tỷ lệ nhập đúng tải kiện 12.5s,5,HCM,HUBHCM,2026-09-07,2026,9,7,28.0,28.0
Tỷ lệ nhập đúng tải kiện 12.5s,5,HCM,HUBVTU,2026-09-07,2026,9,7,5964.0,6791.0
Tỷ lệ nhập đúng tải kiện 12.5s,5,DNI,HUBDNI,2026-09-08,2026,9,8,14607.0,16242.0
Tỷ lệ nhập đúng tải kiện 12.5s,5,GLI,HUBGLI,2026-09-08,2026,9,8,5761.0,6540.0
Tỷ lệ nhập đúng tải kiện 12.5s,5,HUE,HUBHUE,2026-09-08,2026,9,8,4722.0,4760.0
Tỷ lệ nhập đúng tải kiện 12.5s,5,AGG,HUBAGG,2026-09-09,2026,9,9,9467.0,9507.0
Tỷ lệ nhập đúng tải kiện 12.5s,5,TQG,HUBHGG,2026-09-09,2026,9,9,1559.0,1559.0
Tỷ lệ nhập đúng tải kiện 12.5s,5,VLG,HUBTVH,2026-09-09,2026,9,9,3712.0,3744.0
Tỷ lệ nhập đúng tải kiện 12.5s,5,HNI,HUBYAN,2026-09-09,2026,9,9,13301.0,13991.0
Tỷ lệ nhập đúng tải kiện 12.5s,5,LDG,HUBBTN,2026-09-01,2026,9,1,5737.0,5889.0
Tỷ lệ nhập đúng tải kiện 12.5s,5,HUE,HUBHUE,2026-09-01,2026,9,1,3727.0,3733.0
Tỷ lệ nhập đúng tải kiện 12.5s,5,QNI,HUBKTM,2026-09-01,2026,9,1,1561.0,1848.0
Tỷ lệ nhập đúng tải kiện 12.5s,5,LCI,HUBLCI01,2026-09-01,2026,9,1,1906.0,2573.0
Tỷ lệ nhập đúng tải kiện 12.5s,5,SLA,HUBSLA,2026-09-01,2026,9,1,115.0,215.0
Tỷ lệ nhập đúng tải kiện 12.5s,5,CMU,HUBCMU,2026-09-02,2026,9,2,4475.0,4694.0
Tỷ lệ nhập đúng tải kiện 12.5s,5,PHO,HUBHBH,2026-09-02,2026,9,2,1930.0,1930.0
Tỷ lệ nhập đúng tải kiện 12.5s,5,DLK,HUBPYN,2026-09-02,2026,9,2,1790.0,1790.0
Tỷ lệ nhập đúng tải kiện 12.5s,5,DBN,HUBDBN,2026-09-03,2026,9,3,285.0,285.0
Tỷ lệ nhập đúng tải kiện 12.5s,5,DLK,HUBDLK,2026-09-03,2026,9,3,11053.0,11399.0
Tỷ lệ nhập đúng tải kiện 12.5s,5,HCM,HUBVTU,2026-09-03,2026,9,3,5916.0,6253.0
Tỷ lệ nhập đúng tải kiện 12.5s,5,HNI,HUBYAN,2026-09-03,2026,9,3,9901.0,11213.0
Tỷ lệ nhập đúng tải kiện 12.5s,5,KHA,HUBKHA,2026-09-04,2026,9,4,4033.0,4911.0
Tỷ lệ nhập đúng tải kiện 12.5s,5,SLA,HUBSLA,2026-09-04,2026,9,4,273.0,279.0
Tỷ lệ nhập đúng tải kiện 12.5s,5,HCM,HUBTDC,2026-09-04,2026,9,4,12543.0,13111.0
Tỷ lệ nhập đúng tải kiện 12.5s,5,BNH,HUBBGG,2026-09-05,2026,9,5,14507.0,15177.0
Tỷ lệ nhập đúng tải kiện 12.5s,5,DLK,HUBDLK,2026-09-05,2026,9,5,11873.0,12763.0
Tỷ lệ nhập đúng tải kiện 12.5s,5,CTO,HUBSTG,2026-09-05,2026,9,5,5346.0,5346.0
Tỷ lệ nhập đúng tải kiện 12.5s,5,TNH,HUBTNH,2026-09-05,2026,9,5,6810.0,7128.0
Tỷ lệ nhập đúng tải kiện 12.5s,5,CTO,HUBCTO,2026-09-06,2026,9,6,4.0,4.0
Tỷ lệ nhập đúng tải kiện 12.5s,5,DLK,HUBDLK,2026-09-06,2026,9,6,9012.0,10968.0
Tỷ lệ nhập đúng tải kiện 12.5s,5,TNH,HUBLAN,2026-09-06,2026,9,6,6442.0,7807.0
Tỷ lệ nhập đúng tải kiện 12.5s,5,QNI,HUBQNI,2026-09-06,2026,9,6,3196.0,3211.0
Tỷ lệ nhập đúng tải kiện 12.5s,5,TNN,HUBBKN,2026-09-07,2026,9,7,734.0,735.0
Tỷ lệ nhập đúng tải kiện 12.5s,5,LDG,HUBDKG,2026-09-07,2026,9,7,3909.0,3968.0
Tỷ lệ nhập đúng tải kiện 12.5s,5,DTP,HUBDTP,2026-09-07,2026,9,7,6732.0,7049.0
Tỷ lệ nhập đúng tải kiện 12.5s,5,HYN,HUBHYN,2026-09-07,2026,9,7,9600.0,9610.0
Tỷ lệ nhập đúng tải kiện 12.5s,5,LCU,HUBLCU,2026-09-07,2026,9,7,532.0,532.0
Tỷ lệ nhập đúng tải kiện 12.5s,5,LDG,HUBLDG01,2026-09-07,2026,9,7,6161.0,7138.0
Tỷ lệ nhập đúng tải kiện 12.5s,5,NAN,HUBNAN,2026-09-07,2026,9,7,10947.0,10989.0
Tỷ lệ nhập đúng tải kiện 12.5s,5,QNI,HUBKTM,2026-09-08,2026,9,8,1859.0,2260.0
Tỷ lệ nhập đúng tải kiện 12.5s,5,SLA,HUBSLA,2026-09-08,2026,9,8,315.0,331.0
Tỷ lệ nhập đúng tải kiện 12.5s,5,VLG,HUBTVH,2026-09-08,2026,9,8,4272.0,4272.0
Tỷ lệ nhập đúng tải kiện 12.5s,5,DTP,HUBDTP,2026-09-09,2026,9,9,8728.0,9435.0
Tỷ lệ nhập đúng tải kiện 12.5s,5,AGG,HUBKGG01,2026-09-09,2026,9,9,7337.0,7559.0
Tỷ lệ nhập đúng tải kiện 12.5s,5,DNG,HUBQNM,2026-09-09,2026,9,9,6197.0,6228.0
Tỷ lệ nhập đúng tải kiện 12.5s,5,SLA,HUBSLA,2026-09-09,2026,9,9,115.0,250.0
Tỷ lệ nhập đúng tải kiện 12.5s,5,HYN,HUBHYN,2026-09-01,2026,9,1,4300.0,4303.0
Tỷ lệ nhập đúng tải kiện 12.5s,5,DNI,HUBBPC,2026-09-02,2026,9,2,4280.0,4282.0
Tỷ lệ nhập đúng tải kiện 12.5s,5,NBH,HUBNBH,2026-09-02,2026,9,2,2032.0,2032.0
Tỷ lệ nhập đúng tải kiện 12.5s,5,KHA,HUBNTN,2026-09-02,2026,9,2,1198.0,1198.0
Tỷ lệ nhập đúng tải kiện 12.5s,5,CBG,HUBCBG,2026-09-03,2026,9,3,479.0,504.0
Tỷ lệ nhập đúng tải kiện 12.5s,5,HTH,HUBHTH,2026-09-03,2026,9,3,2967.0,2967.0
Tỷ lệ nhập đúng tải kiện 12.5s,5,DBN,HUBDBN,2026-09-04,2026,9,4,475.0,475.0
Tỷ lệ nhập đúng tải kiện 12.5s,5,DTP,HUBDTP,2026-09-04,2026,9,4,7214.0,7353.0
Tỷ lệ nhập đúng tải kiện 12.5s,5,HPG,HUBHPG,2026-09-04,2026,9,4,9959.0,10166.0
Tỷ lệ nhập đúng tải kiện 12.5s,5,LDG,HUBLDG03,2026-09-04,2026,9,4,3177.0,3366.0
Tỷ lệ nhập đúng tải kiện 12.5s,5,QTI,HUBQTI,2026-09-04,2026,9,4,3551.0,3551.0
Tỷ lệ nhập đúng tải kiện 12.5s,5,CNKT3,DCCNKT3,2026-09-05,2026,9,5,11978.0,12187.0
Tỷ lệ nhập đúng tải kiện 12.5s,5,NBH,HUBNBH,2026-09-05,2026,9,5,4464.0,4522.0
Tỷ lệ nhập đúng tải kiện 12.5s,5,HYN,HUBTBH,2026-09-05,2026,9,5,7348.0,7357.0
Tỷ lệ nhập đúng tải kiện 12.5s,5,HCM,HUBVTU,2026-09-05,2026,9,5,6413.0,7227.0
Tỷ lệ nhập đúng tải kiện 12.5s,5,HNI,HUBYAN,2026-09-05,2026,9,5,12530.0,13624.0
Tỷ lệ nhập đúng tải kiện 12.5s,5,DNG,HUBQNM,2026-09-06,2026,9,6,4095.0,4113.0
Tỷ lệ nhập đúng tải kiện 12.5s,5,SLA,HUBSLA,2026-09-06,2026,9,6,278.0,353.0
Tỷ lệ nhập đúng tải kiện 12.5s,5,HCM,HUBVTU,2026-09-06,2026,9,6,4708.0,5707.0
Tỷ lệ nhập đúng tải kiện 12.5s,5,DTP,HUBTGG,2026-09-07,2026,9,7,7674.0,7674.0
Tỷ lệ nhập đúng tải kiện 12.5s,5,HCM,HUBTTO,2026-09-07,2026,9,7,15035.0,16588.0
Tỷ lệ nhập đúng tải kiện 12.5s,5,CMU,HUBBLU,2026-09-08,2026,9,8,3999.0,3999.0
Tỷ lệ nhập đúng tải kiện 12.5s,5,CBG,HUBCBG,2026-09-08,2026,9,8,1135.0,1135.0
Tỷ lệ nhập đúng tải kiện 12.5s,5,DTP,HUBTGG,2026-09-08,2026,9,8,8371.0,8374.0
Tỷ lệ nhập đúng tải kiện 12.5s,5,THA,HUBTHA,2026-09-08,2026,9,8,12752.0,13377.0
Tỷ lệ nhập đúng tải kiện 12.5s,5,TQG,HUBTQG,2026-09-08,2026,9,8,2438.0,2438.0
Tỷ lệ nhập đúng tải kiện 12.5s,5,DNI,HUBDNI,2026-09-09,2026,9,9,16039.0,17141.0
Tỷ lệ nhập đúng tải kiện 12.5s,5,NBH,HUBNDH,2026-09-09,2026,9,9,9090.0,9092.0
Tỷ lệ nhập đúng tải kiện 12.5s,5,HCM,HUBTAN,2026-09-09,2026,9,9,6675.0,6911.0
Tỷ lệ nhập đúng tải kiện 12.5s,5,HCM,HUBVTU,2026-09-09,2026,9,9,6391.0,7524.0
Tỷ lệ nhập đúng tải kiện 12.5s,5,AGG,HUBAGG,2026-09-01,2026,9,1,8746.0,8885.0
Tỷ lệ nhập đúng tải kiện 12.5s,5,GLI,HUBBHD,2026-09-01,2026,9,1,1808.0,1808.0
Tỷ lệ nhập đúng tải kiện 12.5s,5,DLK,HUBDLK,2026-09-01,2026,9,1,8376.0,9615.0
Tỷ lệ nhập đúng tải kiện 12.5s,5,DTP,HUBDTP,2026-09-01,2026,9,1,6418.0,6483.0
Tỷ lệ nhập đúng tải kiện 12.5s,5,HNI,HUBLBN,2026-09-01,2026,9,1,3216.0,3553.0
Tỷ lệ nhập đúng tải kiện 12.5s,5,LDG,HUBLDG03,2026-09-01,2026,9,1,2977.0,2999.0
Tỷ lệ nhập đúng tải kiện 12.5s,5,TQG,HUBHGG,2026-09-02,2026,9,2,1061.0,1062.0
Tỷ lệ nhập đúng tải kiện 12.5s,5,LSN,HUBLSN,2026-09-02,2026,9,2,1279.0,1281.0
Tỷ lệ nhập đúng tải kiện 12.5s,5,PHO,HUBPHO,2026-09-02,2026,9,2,3667.0,3667.0
Tỷ lệ nhập đúng tải kiện 12.5s,5,SLA,HUBSLA,2026-09-02,2026,9,2,213.0,246.0
Tỷ lệ nhập đúng tải kiện 12.5s,5,GLI,HUBBHD,2026-09-03,2026,9,3,2165.0,2165.0
Tỷ lệ nhập đúng tải kiện 12.5s,5,HPG,HUBHPG,2026-09-03,2026,9,3,6390.0,6778.0
Tỷ lệ nhập đúng tải kiện 12.5s,5,QNI,HUBKTM,2026-09-03,2026,9,3,1814.0,1835.0
Tỷ lệ nhập đúng tải kiện 12.5s,5,DLK,HUBDLK,2026-09-04,2026,9,4,7523.0,8711.0
Tỷ lệ nhập đúng tải kiện 12.5s,5,CTO,HUBSTG,2026-09-04,2026,9,4,4378.0,4532.0
Tỷ lệ nhập đúng tải kiện 12.5s,5,THA,HUBTHA,2026-09-04,2026,9,4,13466.0,14150.0
Tỷ lệ nhập đúng tải kiện 12.5s,5,HCM,HUBVTU,2026-09-04,2026,9,4,7084.0,7457.0
Tỷ lệ nhập đúng tải kiện 12.5s,5,LCI,HUBYBN,2026-09-04,2026,9,4,3235.0,3236.0
Tỷ lệ nhập đúng tải kiện 12.5s,5,HNI,HUBLBN,2026-09-05,2026,9,5,9460.0,9916.0
Tỷ lệ nhập đúng tải kiện 12.5s,5,DNG,HUBQNM,2026-09-05,2026,9,5,6984.0,7032.0
Tỷ lệ nhập đúng tải kiện 12.5s,5,CNKT3,DCCNKT3,2026-09-06,2026,9,6,28437.0,29054.0
Tỷ lệ nhập đúng tải kiện 12.5s,5,DBN,HUBDBN,2026-09-06,2026,9,6,258.0,258.0
Tỷ lệ nhập đúng tải kiện 12.5s,5,HTH,HUBHTH,2026-09-06,2026,9,6,4079.0,4080.0
Tỷ lệ nhập đúng tải kiện 12.5s,5,HYN,HUBTBH,2026-09-06,2026,9,6,6338.0,6344.0
Tỷ lệ nhập đúng tải kiện 12.5s,5,VLG,HUBVLG,2026-09-06,2026,9,6,3805.0,4010.0
Tỷ lệ nhập đúng tải kiện 12.5s,5,AGG,HUBAGG,2026-09-07,2026,9,7,8432.0,8806.0
Tỷ lệ nhập đúng tải kiện 12.5s,5,HPG,HUBHPG,2026-09-07,2026,9,7,9153.0,9730.0
Tỷ lệ nhập đúng tải kiện 12.5s,5,HNI,HUBTTI,2026-09-07,2026,9,7,17020.0,18195.0
Tỷ lệ nhập đúng tải kiện 12.5s,5,TNN,HUBBKN,2026-09-08,2026,9,8,893.0,893.0
Tỷ lệ nhập đúng tải kiện 12.5s,5,BNH,HUBBNH,2026-09-08,2026,9,8,11899.0,12385.0
Tỷ lệ nhập đúng tải kiện 12.5s,5,HCM,HUBHCM,2026-09-08,2026,9,8,142.0,146.0
Tỷ lệ nhập đúng tải kiện 12.5s,5,AGG,HUBKGG01,2026-09-08,2026,9,8,7222.0,7400.0
Tỷ lệ nhập đúng tải kiện 12.5s,5,PHO,HUBPHO,2026-09-08,2026,9,8,7637.0,8012.0
Tỷ lệ nhập đúng tải kiện 12.5s,5,BNH,HUBBNH,2026-09-09,2026,9,9,10601.0,11487.0
Tỷ lệ nhập đúng tải kiện 12.5s,5,CBG,HUBCBG,2026-09-09,2026,9,9,993.0,993.0
Tỷ lệ nhập đúng tải kiện 12.5s,5,HPG,HUBHPG,2026-09-09,2026,9,9,11137.0,11341.0
Tỷ lệ nhập đúng tải kiện 12.5s,5,HCM,HUBTDC,2026-09-09,2026,9,9,13410.0,13870.0
Tỷ lệ nhập đúng tải kiện 12.5s,5,THA,HUBTHA,2026-09-09,2026,9,9,12833.0,13637.0
Tỷ lệ nhập đúng tải kiện 12.5s,5,HNI,BBSDPG,2026-09-01,2026,9,1,7482.0,7921.0
Tỷ lệ nhập đúng tải kiện 12.5s,5,NBH,HUBNBH,2026-09-01,2026,9,1,3615.0,3615.0
Tỷ lệ nhập đúng tải kiện 12.5s,5,CTO,HUBSTG,2026-09-01,2026,9,1,5023.0,5023.0
Tỷ lệ nhập đúng tải kiện 12.5s,5,DBN,HUBDBN,2026-09-02,2026,9,2,266.0,267.0
Tỷ lệ nhập đúng tải kiện 12.5s,5,VLG,HUBTVH,2026-09-02,2026,9,2,2708.0,2708.0
Tỷ lệ nhập đúng tải kiện 12.5s,5,AGG,HUBAGG,2026-09-03,2026,9,3,5159.0,5339.0
Tỷ lệ nhập đúng tải kiện 12.5s,5,BNH,HUBBGG,2026-09-03,2026,9,3,10695.0,11839.0
Tỷ lệ nhập đúng tải kiện 12.5s,5,AGG,HUBKGG01,2026-09-04,2026,9,4,5841.0,5873.0
Tỷ lệ nhập đúng tải kiện 12.5s,5,NBH,HUBNDH,2026-09-04,2026,9,4,8580.0,8581.0
Tỷ lệ nhập đúng tải kiện 12.5s,5,HCM,HUBTAN,2026-09-04,2026,9,4,6921.0,7069.0
Tỷ lệ nhập đúng tải kiện 12.5s,5,TQG,HUBTQG,2026-09-04,2026,9,4,2269.0,2269.0
Tỷ lệ nhập đúng tải kiện 12.5s,5,VLG,HUBTVH,2026-09-04,2026,9,4,3514.0,3514.0
Tỷ lệ nhập đúng tải kiện 12.5s,5,HNI,BBSDPG,2026-09-05,2026,9,5,13931.0,16232.0
Tỷ lệ nhập đúng tải kiện 12.5s,5,TNN,HUBBKN,2026-09-05,2026,9,5,811.0,838.0
Tỷ lệ nhập đúng tải kiện 12.5s,5,NBH,HUBNDH,2026-09-05,2026,9,5,8844.0,8850.0
Tỷ lệ nhập đúng tải kiện 12.5s,5,PHO,HUBVPC,2026-09-05,2026,9,5,11839.0,11938.0
Tỷ lệ nhập đúng tải kiện 12.5s,5,HYN,HUBHYN,2026-09-06,2026,9,6,5114.0,5364.0
Tỷ lệ nhập đúng tải kiện 12.5s,5,NBH,HUBNDH,2026-09-06,2026,9,6,6341.0,6342.0
Tỷ lệ nhập đúng tải kiện 12.5s,5,TQG,HUBTQG,2026-09-06,2026,9,6,2089.0,2090.0
Tỷ lệ nhập đúng tải kiện 12.5s,5,CNKT5,LOGBN,2026-09-06,2026,9,6,50643.0,53005.0
Tỷ lệ nhập đúng tải kiện 12.5s,5,DNI,HUBBPC,2026-09-07,2026,9,7,5610.0,5741.0
Tỷ lệ nhập đúng tải kiện 12.5s,5,CTO,HUBSTG,2026-09-07,2026,9,7,5171.0,5171.0
Tỷ lệ nhập đúng tải kiện 12.5s,5,TNN,HUBTNN,2026-09-07,2026,9,7,4626.0,6340.0
Tỷ lệ nhập đúng tải kiện 12.5s,5,KHA,HUBKHA,2026-09-08,2026,9,8,4399.0,5953.0
Tỷ lệ nhập đúng tải kiện 12.5s,5,NAN,HUBNAN,2026-09-08,2026,9,8,10467.0,10529.0
Tỷ lệ nhập đúng tải kiện 12.5s,5,LDG,HUBDKG,2026-09-09,2026,9,9,3444.0,3774.0
Tỷ lệ nhập đúng tải kiện 12.5s,5,NBH,HUBHNM,2026-09-09,2026,9,9,4045.0,4136.0
Tỷ lệ nhập đúng tải kiện 12.5s,5,TNN,HUBTNN,2026-09-09,2026,9,9,5205.0,7188.0
Tỷ lệ nhập đúng tải kiện 12.5s,5,VLG,HUBBTE,2026-09-01,2026,9,1,7507.0,7684.0
Tỷ lệ nhập đúng tải kiện 12.5s,5,KHA,HUBKHA,2026-09-01,2026,9,1,5297.0,6025.0
Tỷ lệ nhập đúng tải kiện 12.5s,5,DLK,HUBPYN,2026-09-01,2026,9,1,2222.0,2389.0
Tỷ lệ nhập đúng tải kiện 12.5s,5,QNI,HUBQNI,2026-09-01,2026,9,1,2729.0,2953.0
Tỷ lệ nhập đúng tải kiện 12.5s,5,DNG,HUBQNM,2026-09-01,2026,9,1,4611.0,4624.0
Tỷ lệ nhập đúng tải kiện 12.5s,5,HCM,HUBTAN,2026-09-01,2026,9,1,3664.0,4278.0
Tỷ lệ nhập đúng tải kiện 12.5s,5,VLG,HUBVLG,2026-09-01,2026,9,1,3946.0,4120.0
Tỷ lệ nhập đúng tải kiện 12.5s,5,CMU,HUBBLU,2026-09-02,2026,9,2,2792.0,2792.0
Tỷ lệ nhập đúng tải kiện 12.5s,5,HUE,HUBHUE,2026-09-02,2026,9,2,3101.0,3103.0
Tỷ lệ nhập đúng tải kiện 12.5s,5,AGG,HUBKGG01,2026-09-02,2026,9,2,4513.0,4638.0
Tỷ lệ nhập đúng tải kiện 12.5s,5,TNN,HUBTNN,2026-09-02,2026,9,2,3147.0,3970.0
Tỷ lệ nhập đúng tải kiện 12.5s,5,HNI,HUBTTI,2026-09-02,2026,9,2,5795.0,6050.0
Tỷ lệ nhập đúng tải kiện 12.5s,5,BNH,HUBBNH,2026-09-03,2026,9,3,8841.0,10095.0
Tỷ lệ nhập đúng tải kiện 12.5s,5,LDG,HUBBTN,2026-09-03,2026,9,3,4198.0,4981.0
Tỷ lệ nhập đúng tải kiện 12.5s,5,QTI,HUBQTI,2026-09-03,2026,9,3,2783.0,2783.0
Tỷ lệ nhập đúng tải kiện 12.5s,5,SLA,HUBSLA,2026-09-03,2026,9,3,58.0,70.0
Tỷ lệ nhập đúng tải kiện 12.5s,5,THA,HUBTHA,2026-09-03,2026,9,3,10121.0,11106.0
Tỷ lệ nhập đúng tải kiện 12.5s,5,TQG,HUBTQG,2026-09-03,2026,9,3,1418.0,1418.0
Tỷ lệ nhập đúng tải kiện 12.5s,5,CTO,HUBCTO,2026-09-04,2026,9,4,81.0,81.0
Tỷ lệ nhập đúng tải kiện 12.5s,5,HTH,HUBHTH,2026-09-04,2026,9,4,4466.0,4466.0
Tỷ lệ nhập đúng tải kiện 12.5s,5,QNI,HUBQNI,2026-09-04,2026,9,4,3321.0,3323.0
Tỷ lệ nhập đúng tải kiện 12.5s,5,GLI,HUBBHD,2026-09-05,2026,9,5,2198.0,2198.0
Tỷ lệ nhập đúng tải kiện 12.5s,5,NBH,HUBHNM,2026-09-05,2026,9,5,3645.0,4011.0
Tỷ lệ nhập đúng tải kiện 12.5s,5,LSN,HUBLSN,2026-09-05,2026,9,5,2063.0,2373.0
Tỷ lệ nhập đúng tải kiện 12.5s,5,QTI,HUBQBH,2026-09-05,2026,9,5,4185.0,4750.0
Tỷ lệ nhập đúng tải kiện 12.5s,5,QNH,HUBQNH,2026-09-05,2026,9,5,8038.0,8350.0
Tỷ lệ nhập đúng tải kiện 12.5s,5,CNKT3,TTKT3,2026-09-05,2026,9,5,6280.0,6956.0
Tỷ lệ nhập đúng tải kiện 12.5s,5,DNI,HUBDNI,2026-09-06,2026,9,6,9320.0,10048.0
Tỷ lệ nhập đúng tải kiện 12.5s,5,VLG,HUBTVH,2026-09-06,2026,9,6,3308.0,3308.0
Tỷ lệ nhập đúng tải kiện 12.5s,5,VLG,HUBBTE,2026-09-07,2026,9,7,9393.0,9987.0
Tỷ lệ nhập đúng tải kiện 12.5s,5,HUE,HUBHUE,2026-09-07,2026,9,7,4865.0,5250.0
Tỷ lệ nhập đúng tải kiện 12.5s,5,TNH,HUBLAN,2026-09-07,2026,9,7,7418.0,9195.0
Tỷ lệ nhập đúng tải kiện 12.5s,5,HNI,BBSDPG,2026-09-08,2026,9,8,13265.0,16499.0
Tỷ lệ nhập đúng tải kiện 12.5s,5,HCM,HUBBDG,2026-09-08,2026,9,8,9030.0,10978.0
Tỷ lệ nhập đúng tải kiện 12.5s,5,LDG,HUBBTN,2026-09-08,2026,9,8,7605.0,7791.0
Tỷ lệ nhập đúng tải kiện 12.5s,5,HNI,HUBLBN,2026-09-08,2026,9,8,9640.0,10514.0
Tỷ lệ nhập đúng tải kiện 12.5s,5,DBN,HUBDBN,2026-09-09,2026,9,9,754.0,755.0
Tỷ lệ nhập đúng tải kiện 12.5s,5,LCU,HUBLCU,2026-09-09,2026,9,9,775.0,776.0
Tỷ lệ nhập đúng tải kiện 12.5s,5,DLK,HUBDLK,2026-09-02,2026,9,2,7088.0,7394.0
Tỷ lệ nhập đúng tải kiện 12.5s,5,DNI,HUBDNI,2026-09-02,2026,9,2,7180.0,7865.0
Tỷ lệ nhập đúng tải kiện 12.5s,5,HYN,HUBHYN,2026-09-02,2026,9,2,3282.0,3338.0
Tỷ lệ nhập đúng tải kiện 12.5s,5,CMU,HUBCMU,2026-09-03,2026,9,3,4238.0,4272.0
Tỷ lệ nhập đúng tải kiện 12.5s,5,DNG,HUBDNG,2026-09-03,2026,9,3,12.0,12.0
Tỷ lệ nhập đúng tải kiện 12.5s,5,HCM,HUBHCM,2026-09-03,2026,9,3,5.0,10.0
Tỷ lệ nhập đúng tải kiện 12.5s,5,HNI,HUBLBN,2026-09-03,2026,9,3,7550.0,8170.0
Tỷ lệ nhập đúng tải kiện 12.5s,5,LSN,HUBLSN,2026-09-03,2026,9,3,1598.0,1598.0
Tỷ lệ nhập đúng tải kiện 12.5s,5,CTO,HUBSTG,2026-09-03,2026,9,3,3632.0,3683.0
Tỷ lệ nhập đúng tải kiện 12.5s,5,NBH,HUBNBH,2026-09-04,2026,9,4,5437.0,5582.0
Tỷ lệ nhập đúng tải kiện 12.5s,5,CMU,HUBCMU,2026-09-05,2026,9,5,5232.0,5334.0
Tỷ lệ nhập đúng tải kiện 12.5s,5,HPG,HUBHPG,2026-09-05,2026,9,5,10309.0,11262.0
Tỷ lệ nhập đúng tải kiện 12.5s,5,KHA,HUBKHA,2026-09-05,2026,9,5,5301.0,9183.0
Tỷ lệ nhập đúng tải kiện 12.5s,5,LCI,HUBLCI01,2026-09-05,2026,9,5,3615.0,4472.0
Tỷ lệ nhập đúng tải kiện 12.5s,5,AGG,HUBKGG01,2026-09-06,2026,9,6,6370.0,6375.0
Tỷ lệ nhập đúng tải kiện 12.5s,5,LDG,HUBBTN,2026-09-07,2026,9,7,6023.0,6640.0
Tỷ lệ nhập đúng tải kiện 12.5s,5,HNI,HUBHNI,2026-09-07,2026,9,7,4.0,7.0
Tỷ lệ nhập đúng tải kiện 12.5s,5,NBH,HUBHNM,2026-09-07,2026,9,7,3718.0,3780.0
Tỷ lệ nhập đúng tải kiện 12.5s,5,TQG,HUBTQG,2026-09-07,2026,9,7,1914.0,1920.0
Tỷ lệ nhập đúng tải kiện 12.5s,5,AGG,HUBAGG,2026-09-08,2026,9,8,9682.0,9847.0
Tỷ lệ nhập đúng tải kiện 12.5s,5,HPG,HUBHDG,2026-09-08,2026,9,8,9413.0,9482.0
Tỷ lệ nhập đúng tải kiện 12.5s,5,HTH,HUBHTH,2026-09-08,2026,9,8,4379.0,4379.0
Tỷ lệ nhập đúng tải kiện 12.5s,5,DTP,HUBTGG,2026-09-09,2026,9,9,9511.0,9512.0
Tỷ lệ nhập đúng tải kiện 12.5s,5,HCM,HUBBDG,2026-09-01,2026,9,1,4069.0,4675.0
Tỷ lệ nhập đúng tải kiện 12.5s,5,BNH,HUBBGG,2026-09-01,2026,9,1,11354.0,12122.0
Tỷ lệ nhập đúng tải kiện 12.5s,5,BNH,HUBBNH,2026-09-01,2026,9,1,5127.0,6673.0
Tỷ lệ nhập đúng tải kiện 12.5s,5,CTO,HUBCTO,2026-09-01,2026,9,1,40.0,40.0
Tỷ lệ nhập đúng tải kiện 12.5s,5,DBN,HUBDBN,2026-09-01,2026,9,1,376.0,376.0
Tỷ lệ nhập đúng tải kiện 12.5s,5,DNI,HUBDNI,2026-09-01,2026,9,1,10585.0,11725.0
Tỷ lệ nhập đúng tải kiện 12.5s,5,HPG,HUBHPG,2026-09-01,2026,9,1,5646.0,6047.0
Tỷ lệ nhập đúng tải kiện 12.5s,5,AGG,HUBKGG01,2026-09-01,2026,9,1,6789.0,6947.0
Tỷ lệ nhập đúng tải kiện 12.5s,5,LSN,HUBLSN,2026-09-01,2026,9,1,1530.0,2087.0
Tỷ lệ nhập đúng tải kiện 12.5s,5,LCI,HUBYBN,2026-09-01,2026,9,1,2457.0,2903.0
Tỷ lệ nhập đúng tải kiện 12.5s,5,LDG,HUBLDG01,2026-09-02,2026,9,2,3281.0,4067.0
Tỷ lệ nhập đúng tải kiện 12.5s,5,NAN,HUBNAN,2026-09-02,2026,9,2,7128.0,7172.0
Tỷ lệ nhập đúng tải kiện 12.5s,5,TNH,HUBTNH,2026-09-02,2026,9,2,3968.0,4025.0
Tỷ lệ nhập đúng tải kiện 12.5s,5,DNI,HUBDNI,2026-09-03,2026,9,3,15441.0,16035.0
Tỷ lệ nhập đúng tải kiện 12.5s,5,DTP,HUBTGG,2026-09-03,2026,9,3,5511.0,5511.0
Tỷ lệ nhập đúng tải kiện 12.5s,5,QTI,HUBQBH,2026-09-04,2026,9,4,3075.0,3283.0
Tỷ lệ nhập đúng tải kiện 12.5s,5,TNH,HUBTNH,2026-09-04,2026,9,4,6366.0,6955.0
Tỷ lệ nhập đúng tải kiện 12.5s,5,AGG,HUBAGG,2026-09-05,2026,9,5,9217.0,9311.0
Tỷ lệ nhập đúng tải kiện 12.5s,5,BNH,HUBBNH,2026-09-05,2026,9,5,9464.0,11576.0
Tỷ lệ nhập đúng tải kiện 12.5s,5,CNKT5,TTKT5,2026-09-05,2026,9,5,18914.0,19511.0
Tỷ lệ nhập đúng tải kiện 12.5s,5,LDG,HUBLDG01,2026-09-06,2026,9,6,3964.0,5320.0
Tỷ lệ nhập đúng tải kiện 12.5s,5,LDG,HUBLDG03,2026-09-06,2026,9,6,3074.0,3110.0
Tỷ lệ nhập đúng tải kiện 12.5s,5,LSN,HUBLSN,2026-09-06,2026,9,6,1996.0,2333.0
Tỷ lệ nhập đúng tải kiện 12.5s,5,CNKT4,TTKT4,2026-09-06,2026,9,6,28768.0,28800.0
Tỷ lệ nhập đúng tải kiện 12.5s,5,GLI,HUBGLI,2026-09-07,2026,9,7,7430.0,8698.0
Tỷ lệ nhập đúng tải kiện 12.5s,5,HYN,HUBTBH,2026-09-07,2026,9,7,6443.0,6617.0
Tỷ lệ nhập đúng tải kiện 12.5s,5,THA,HUBTHA,2026-09-07,2026,9,7,12199.0,12832.0
Tỷ lệ nhập đúng tải kiện 12.5s,5,LDG,HUBLDG01,2026-09-08,2026,9,8,5027.0,6259.0
Tỷ lệ nhập đúng tải kiện 12.5s,5,HNI,HUBYAN,2026-09-08,2026,9,8,10720.0,11729.0
Tỷ lệ nhập đúng tải kiện 12.5s,5,HNI,HUBHNI,2026-09-09,2026,9,9,10.0,10.0
Tỷ lệ nhập đúng tải kiện 12.5s,5,HYN,HUBHYN,2026-09-09,2026,9,9,9730.0,10504.0
Tỷ lệ nhập đúng tải kiện 12.5s,5,TNH,HUBLAN,2026-09-09,2026,9,9,10465.0,11517.0
Tỷ lệ nhập đúng tải kiện 12.5s,5,HYN,HUBTBH,2026-09-09,2026,9,9,7347.0,7381.0
Tỷ lệ nhập đúng tải kiện 12.5s,5,CMU,HUBBLU,2026-09-01,2026,9,1,3450.0,3450.0
Tỷ lệ nhập đúng tải kiện 12.5s,5,TQG,HUBHGG,2026-09-01,2026,9,1,1135.0,1135.0
Tỷ lệ nhập đúng tải kiện 12.5s,5,TQG,HUBTQG,2026-09-01,2026,9,1,1790.0,1791.0
Tỷ lệ nhập đúng tải kiện 12.5s,5,HNI,BBSDPG,2026-09-02,2026,9,2,4855.0,5060.0
Tỷ lệ nhập đúng tải kiện 12.5s,5,QNH,HUBQNH,2026-09-02,2026,9,2,3400.0,3565.0
Tỷ lệ nhập đúng tải kiện 12.5s,5,AGG,HUBKGG01,2026-09-03,2026,9,3,4333.0,4620.0
Tỷ lệ nhập đúng tải kiện 12.5s,5,KHA,HUBKHA,2026-09-03,2026,9,3,4933.0,5340.0
Tỷ lệ nhập đúng tải kiện 12.5s,5,QNH,HUBQNH,2026-09-03,2026,9,3,5219.0,5730.0
Tỷ lệ nhập đúng tải kiện 12.5s,5,TNN,HUBTNN,2026-09-03,2026,9,3,5106.0,5673.0
Tỷ lệ nhập đúng tải kiện 12.5s,5,CMU,HUBBLU,2026-09-04,2026,9,4,3371.0,3371.0
Tỷ lệ nhập đúng tải kiện 12.5s,5,BNH,HUBBNH,2026-09-04,2026,9,4,9590.0,12277.0
Tỷ lệ nhập đúng tải kiện 12.5s,5,PHO,HUBHBH,2026-09-04,2026,9,4,3316.0,3316.0
Tỷ lệ nhập đúng tải kiện 12.5s,5,VLG,HUBBTE,2026-09-05,2026,9,5,9198.0,9704.0
Tỷ lệ nhập đúng tải kiện 12.5s,5,GLI,HUBGLI,2026-09-05,2026,9,5,7211.0,7227.0
Tỷ lệ nhập đúng tải kiện 12.5s,5,CBG,HUBCBG,2026-09-06,2026,9,6,902.0,902.0
Tỷ lệ nhập đúng tải kiện 12.5s,5,KHA,HUBNTN,2026-09-06,2026,9,6,2094.0,2094.0
Tỷ lệ nhập đúng tải kiện 12.5s,5,LDG,HUBLDG03,2026-09-07,2026,9,7,3339.0,3716.0
Tỷ lệ nhập đúng tải kiện 12.5s,5,VLG,HUBTVH,2026-09-07,2026,9,7,3637.0,3637.0
Tỷ lệ nhập đúng tải kiện 12.5s,5,TNH,HUBLAN,2026-09-08,2026,9,8,10035.0,12099.0
Tỷ lệ nhập đúng tải kiện 12.5s,5,VLG,HUBBTE,2026-09-09,2026,9,9,9817.0,10123.0
Tỷ lệ nhập đúng tải kiện 12.5s,5,NAN,HUBNAN,2026-09-09,2026,9,9,10287.0,10840.0
Tỷ lệ nhập đúng tải kiện 12.5s,5,QNH,HUBQNH,2026-09-09,2026,9,9,5967.0,7694.0
Tỷ lệ nhập đúng tải kiện 12.5s,5,CBG,HUBCBG,2026-09-01,2026,9,1,792.0,792.0
Tỷ lệ nhập đúng tải kiện 12.5s,5,LDG,HUBLDG01,2026-09-01,2026,9,1,3020.0,5004.0
Tỷ lệ nhập đúng tải kiện 12.5s,5,NAN,HUBNAN,2026-09-01,2026,9,1,8769.0,9043.0
Tỷ lệ nhập đúng tải kiện 12.5s,5,TNH,HUBTNH,2026-09-01,2026,9,1,5374.0,5767.0
Tỷ lệ nhập đúng tải kiện 12.5s,5,HNI,HUBTTI,2026-09-01,2026,9,1,9349.0,10082.0
Tỷ lệ nhập đúng tải kiện 12.5s,5,HPG,HUBHDG,2026-09-02,2026,9,2,3388.0,4086.0
Tỷ lệ nhập đúng tải kiện 12.5s,5,QNI,HUBQNI,2026-09-02,2026,9,2,2702.0,2707.0
Tỷ lệ nhập đúng tải kiện 12.5s,5,HUE,HUBHUE,2026-09-03,2026,9,3,3901.0,3974.0
Tỷ lệ nhập đúng tải kiện 12.5s,5,LCU,HUBLCU,2026-09-03,2026,9,3,385.0,385.0
Tỷ lệ nhập đúng tải kiện 12.5s,5,LDG,HUBLDG03,2026-09-03,2026,9,3,2159.0,2159.0
Tỷ lệ nhập đúng tải kiện 12.5s,5,QNI,HUBKTM,2026-09-04,2026,9,4,2232.0,2244.0
Tỷ lệ nhập đúng tải kiện 12.5s,5,QNI,HUBKTM,2026-09-05,2026,9,5,2472.0,2501.0
Tỷ lệ nhập đúng tải kiện 12.5s,5,SLA,HUBSLA,2026-09-05,2026,9,5,268.0,308.0
Tỷ lệ nhập đúng tải kiện 12.5s,5,HUE,HUBHUE,2026-09-06,2026,9,6,5095.0,5262.0
Tỷ lệ nhập đúng tải kiện 12.5s,5,HCM,HUBTAN,2026-09-06,2026,9,6,2913.0,3174.0
Tỷ lệ nhập đúng tải kiện 12.5s,5,GLI,HUBBHD,2026-09-07,2026,9,7,1805.0,1805.0
Tỷ lệ nhập đúng tải kiện 12.5s,5,BNH,HUBBNH,2026-09-07,2026,9,7,10111.0,10852.0
Tỷ lệ nhập đúng tải kiện 12.5s,5,PHO,HUBHBH,2026-09-07,2026,9,7,2552.0,2838.0
Tỷ lệ nhập đúng tải kiện 12.5s,5,CMU,HUBCMU,2026-09-08,2026,9,8,5972.0,5974.0
Tỷ lệ nhập đúng tải kiện 12.5s,5,DLK,HUBPYN,2026-09-08,2026,9,8,2527.0,2531.0
Tỷ lệ nhập đúng tải kiện 12.5s,5,HYN,HUBTBH,2026-09-08,2026,9,8,7416.0,7464.0
Tỷ lệ nhập đúng tải kiện 12.5s,5,CMU,HUBBLU,2026-09-09,2026,9,9,3969.0,3969.0
Tỷ lệ nhập đúng tải kiện 12.5s,5,CTO,HUBCTO,2026-09-09,2026,9,9,55.0,55.0
Tỷ lệ nhập đúng tải kiện 12.5s,5,QTI,HUBQBH,2026-09-09,2026,9,9,3848.0,3994.0
Tỷ lệ nhập đúng tải kiện 12.5s,5,TNH,HUBTNH,2026-09-09,2026,9,9,7538.0,7689.0
Tỷ lệ nhập đúng tải kiện 12.5s,5,TQG,HUBTQG,2026-09-09,2026,9,9,2279.0,2280.0
Tỷ lệ nhập đúng tải kiện 12.5s,5,HCM,HUBTTO,2026-09-09,2026,9,9,15489.0,17206.0
Tỷ lệ nhập đúng tải kiện 12.5s,5,TNN,HUBBKN,2026-09-01,2026,9,1,579.0,580.0
Tỷ lệ nhập đúng tải kiện 12.5s,5,PHO,HUBHBH,2026-09-01,2026,9,1,2354.0,2354.0
Tỷ lệ nhập đúng tải kiện 12.5s,5,QTI,HUBQTI,2026-09-01,2026,9,1,2547.0,2547.0
Tỷ lệ nhập đúng tải kiện 12.5s,5,HCM,HUBTTO,2026-09-01,2026,9,1,10230.0,11405.0
Tỷ lệ nhập đúng tải kiện 12.5s,5,LCI,HUBLCI01,2026-09-02,2026,9,2,1922.0,2337.0
Tỷ lệ nhập đúng tải kiện 12.5s,5,DNG,HUBQNM,2026-09-02,2026,9,2,4420.0,4461.0
Tỷ lệ nhập đúng tải kiện 12.5s,5,QTI,HUBQTI,2026-09-02,2026,9,2,3061.0,3063.0
Tỷ lệ nhập đúng tải kiện 12.5s,5,LDG,HUBDKG,2026-09-03,2026,9,3,2670.0,2706.0
Tỷ lệ nhập đúng tải kiện 12.5s,5,DTP,HUBDTP,2026-09-03,2026,9,3,7067.0,7250.0
Tỷ lệ nhập đúng tải kiện 12.5s,5,NBH,HUBHNM,2026-09-03,2026,9,3,2179.0,2597.0
Tỷ lệ nhập đúng tải kiện 12.5s,5,LCI,HUBLCI01,2026-09-03,2026,9,3,2607.0,3222.0
Tỷ lệ nhập đúng tải kiện 12.5s,5,HNI,BBSDPG,2026-09-04,2026,9,4,16076.0,18060.0
Tỷ lệ nhập đúng tải kiện 12.5s,5,GLI,HUBGLI,2026-09-04,2026,9,4,4859.0,5294.0
Tỷ lệ nhập đúng tải kiện 12.5s,5,VLG,HUBVLG,2026-09-04,2026,9,4,4405.0,4694.0
Tỷ lệ nhập đúng tải kiện 12.5s,5,CMU,HUBBLU,2026-09-05,2026,9,5,3554.0,3554.0
Tỷ lệ nhập đúng tải kiện 12.5s,5,TQG,HUBTQG,2026-09-05,2026,9,5,2233.0,2237.0
Tỷ lệ nhập đúng tải kiện 12.5s,5,CNKT2,TTKT2,2026-09-05,2026,9,5,4170.0,4293.0
Tỷ lệ nhập đúng tải kiện 12.5s,5,BNH,HUBBNH,2026-09-06,2026,9,6,7889.0,8025.0
Tỷ lệ nhập đúng tải kiện 12.5s,5,CTO,HUBSTG,2026-09-06,2026,9,6,4759.0,4803.0
Tỷ lệ nhập đúng tải kiện 12.5s,5,HNI,HUBYAN,2026-09-06,2026,9,6,6984.0,7686.0
Tỷ lệ nhập đúng tải kiện 12.5s,5,DNG,HUBQNM,2026-09-07,2026,9,7,6159.0,6580.0
Tỷ lệ nhập đúng tải kiện 12.5s,5,CNKT5,TTKT5,2026-09-07,2026,9,7,77064.0,79043.0
Tỷ lệ nhập đúng tải kiện 12.5s,5,DNI,HUBBPC,2026-09-08,2026,9,8,6250.0,6517.0
Tỷ lệ nhập đúng tải kiện 12.5s,5,TQG,HUBHGG,2026-09-08,2026,9,8,1563.0,1564.0
Tỷ lệ nhập đúng tải kiện 12.5s,5,QNI,HUBQNI,2026-09-08,2026,9,8,3840.0,3842.0
Tỷ lệ nhập đúng tải kiện 12.5s,5,CTO,HUBSTG,2026-09-08,2026,9,8,5280.0,5280.0
Tỷ lệ nhập đúng tải kiện 12.5s,5,TNH,HUBTNH,2026-09-08,2026,9,8,6977.0,7676.0
Tỷ lệ nhập đúng tải kiện 12.5s,5,VLG,HUBVLG,2026-09-08,2026,9,8,5257.0,5260.0
Tỷ lệ nhập đúng tải kiện 12.5s,5,HNI,BBSDPG,2026-09-09,2026,9,9,11341.0,12942.0
Tỷ lệ nhập đúng tải kiện 12.5s,5,HCM,HUBBDG,2026-09-09,2026,9,9,9276.0,11303.0
Tỷ lệ nhập đúng tải kiện 12.5s,5,DNI,HUBBPC,2026-09-09,2026,9,9,5590.0,5605.0
Tỷ lệ nhập đúng tải kiện 12.5s,5,DLK,HUBDLK,2026-09-09,2026,9,9,10102.0,12056.0
Tỷ lệ nhập đúng tải kiện 12.5s,5,KHA,HUBKHA,2026-09-09,2026,9,9,4451.0,7718.0
Tỷ lệ nhập đúng tải kiện 12.5s,5,LCI,HUBLCI01,2026-09-09,2026,9,9,3223.0,4290.0
Tỷ lệ nhập đúng tải kiện 12.5s,5,PHO,HUBPHO,2026-09-09,2026,9,9,7077.0,7077.0
Tỷ lệ nhập đúng tải kiện 12.5s,5,CMU,HUBCMU,2026-09-01,2026,9,1,5986.0,6007.0
Tỷ lệ nhập đúng tải kiện 12.5s,5,NBH,HUBHNM,2026-09-01,2026,9,1,3066.0,3068.0
Tỷ lệ nhập đúng tải kiện 12.5s,5,THA,HUBTHA,2026-09-01,2026,9,1,10830.0,11135.0
Tỷ lệ nhập đúng tải kiện 12.5s,5,BNH,HUBBNH,2026-09-02,2026,9,2,3590.0,4884.0
Tỷ lệ nhập đúng tải kiện 12.5s,5,HPG,HUBHPG,2026-09-02,2026,9,2,4541.0,5080.0
Tỷ lệ nhập đúng tải kiện 12.5s,5,LDG,HUBLDG03,2026-09-02,2026,9,2,2151.0,2217.0
Tỷ lệ nhập đúng tải kiện 12.5s,5,HCM,HUBVTU,2026-09-02,2026,9,2,2612.0,3043.0
Tỷ lệ nhập đúng tải kiện 12.5s,5,TNN,HUBBKN,2026-09-03,2026,9,3,495.0,499.0
Tỷ lệ nhập đúng tải kiện 12.5s,5,TNH,HUBLAN,2026-09-03,2026,9,3,8736.0,9925.0
Tỷ lệ nhập đúng tải kiện 12.5s,5,HCM,HUBBDG,2026-09-04,2026,9,4,6882.0,8672.0
Tỷ lệ nhập đúng tải kiện 12.5s,5,LCI,HUBLCI01,2026-09-04,2026,9,4,2772.0,3994.0
Tỷ lệ nhập đúng tải kiện 12.5s,5,LCU,HUBLCU,2026-09-04,2026,9,4,377.0,378.0
Tỷ lệ nhập đúng tải kiện 12.5s,5,DTP,HUBTGG,2026-09-04,2026,9,4,7210.0,7211.0
Tỷ lệ nhập đúng tải kiện 12.5s,5,HCM,HUBHCM,2026-09-05,2026,9,5,350.0,510.0
Tỷ lệ nhập đúng tải kiện 12.5s,5,TNH,HUBLAN,2026-09-05,2026,9,5,10761.0,12831.0
Tỷ lệ nhập đúng tải kiện 12.5s,5,LDG,HUBLDG01,2026-09-05,2026,9,5,6118.0,7527.0
Tỷ lệ nhập đúng tải kiện 12.5s,5,NAN,HUBNAN,2026-09-05,2026,9,5,10602.0,10826.0
Tỷ lệ nhập đúng tải kiện 12.5s,5,KHA,HUBNTN,2026-09-05,2026,9,5,2396.0,2397.0
Tỷ lệ nhập đúng tải kiện 12.5s,5,QNI,HUBQNI,2026-09-05,2026,9,5,4515.0,4542.0
Tỷ lệ nhập đúng tải kiện 12.5s,5,GLI,HUBBHD,2026-09-06,2026,9,6,1705.0,1725.0
Tỷ lệ nhập đúng tải kiện 12.5s,5,TQG,HUBHGG,2026-09-06,2026,9,6,1592.0,1593.0
Tỷ lệ nhập đúng tải kiện 12.5s,5,HPG,HUBHPG,2026-09-06,2026,9,6,7067.0,7359.0
Tỷ lệ nhập đúng tải kiện 12.5s,5,QTI,HUBQBH,2026-09-06,2026,9,6,3722.0,4060.0
Tỷ lệ nhập đúng tải kiện 12.5s,5,QNH,HUBQNH,2026-09-06,2026,9,6,6669.0,6961.0
Tỷ lệ nhập đúng tải kiện 12.5s,5,CTO,HUBCTO,2026-09-07,2026,9,7,97.0,97.0
Tỷ lệ nhập đúng tải kiện 12.5s,5,DBN,HUBDBN,2026-09-07,2026,9,7,360.0,360.0
Tỷ lệ nhập đúng tải kiện 12.5s,5,TQG,HUBHGG,2026-09-07,2026,9,7,1323.0,1323.0
Tỷ lệ nhập đúng tải kiện 12.5s,5,HCM,HUBVTU,2026-09-08,2026,9,8,7300.0,8036.0
Tỷ lệ nhập đúng tải kiện 12.5s,5,QNI,HUBKTM,2026-09-09,2026,9,9,2018.0,2018.0
Tỷ lệ nhập đúng tải kiện 12.5s,5,VLG,HUBBTE,2026-09-02,2026,9,2,6110.0,6178.0
Tỷ lệ nhập đúng tải kiện 12.5s,5,CBG,HUBCBG,2026-09-02,2026,9,2,636.0,636.0
Tỷ lệ nhập đúng tải kiện 12.5s,5,TNH,HUBLAN,2026-09-02,2026,9,2,3684.0,3870.0
Tỷ lệ nhập đúng tải kiện 12.5s,5,HNI,HUBLBN,2026-09-02,2026,9,2,3003.0,3315.0
Tỷ lệ nhập đúng tải kiện 12.5s,5,VLG,HUBVLG,2026-09-02,2026,9,2,2527.0,2527.0
Tỷ lệ nhập đúng tải kiện 12.5s,5,TQG,HUBHGG,2026-09-03,2026,9,3,916.0,922.0
Tỷ lệ nhập đúng tải kiện 12.5s,5,HYN,HUBHYN,2026-09-03,2026,9,3,7720.0,7791.0
Tỷ lệ nhập đúng tải kiện 12.5s,5,HCM,HUBTAN,2026-09-03,2026,9,3,5070.0,5293.0
Tỷ lệ nhập đúng tải kiện 12.5s,5,BNH,HUBBGG,2026-09-04,2026,9,4,12801.0,14918.0
Tỷ lệ nhập đúng tải kiện 12.5s,5,LDG,HUBBTN,2026-09-04,2026,9,4,7027.0,7287.0
Tỷ lệ nhập đúng tải kiện 12.5s,5,CMU,HUBCMU,2026-09-04,2026,9,4,4762.0,5246.0
Tỷ lệ nhập đúng tải kiện 12.5s,5,LDG,HUBDKG,2026-09-04,2026,9,4,2765.0,2790.0
Tỷ lệ nhập đúng tải kiện 12.5s,5,PHO,HUBPHO,2026-09-04,2026,9,4,7125.0,7143.0
Tỷ lệ nhập đúng tải kiện 12.5s,5,DNG,HUBQNM,2026-09-04,2026,9,4,3722.0,3728.0
Tỷ lệ nhập đúng tải kiện 12.5s,5,HYN,HUBTBH,2026-09-04,2026,9,4,7284.0,7319.0
Tỷ lệ nhập đúng tải kiện 12.5s,5,TNN,HUBTNN,2026-09-04,2026,9,4,5501.0,6841.0
Tỷ lệ nhập đúng tải kiện 12.5s,5,DTP,HUBDTP,2026-09-05,2026,9,5,8929.0,9167.0
Tỷ lệ nhập đúng tải kiện 12.5s,5,HNI,HUBHNI,2026-09-05,2026,9,5,1.0,1.0
Tỷ lệ nhập đúng tải kiện 12.5s,5,DLK,HUBPYN,2026-09-05,2026,9,5,3896.0,3907.0
Tỷ lệ nhập đúng tải kiện 12.5s,5,QTI,HUBQTI,2026-09-05,2026,9,5,3641.0,3652.0
Tỷ lệ nhập đúng tải kiện 12.5s,5,THA,HUBTHA,2026-09-05,2026,9,5,15159.0,15787.0
Tỷ lệ nhập đúng tải kiện 12.5s,5,LCI,HUBYBN,2026-09-05,2026,9,5,3561.0,4105.0
Tỷ lệ nhập đúng tải kiện 12.5s,5,CNKT4,TTKT4,2026-09-05,2026,9,5,5153.0,5199.0
Tỷ lệ nhập đúng tải kiện 12.5s,5,AGG,HUBAGG,2026-09-06,2026,9,6,7353.0,7529.0
Tỷ lệ nhập đúng tải kiện 12.5s,5,DTP,HUBTGG,2026-09-06,2026,9,6,6704.0,6704.0
Tỷ lệ nhập đúng tải kiện 12.5s,5,HCM,HUBTTO,2026-09-06,2026,9,6,9648.0,10449.0
Tỷ lệ nhập đúng tải kiện 12.5s,5,BNH,HUBBGG,2026-09-07,2026,9,7,12522.0,12828.0
Tỷ lệ nhập đúng tải kiện 12.5s,5,DLK,HUBDLK,2026-09-07,2026,9,7,11713.0,14784.0
Tỷ lệ nhập đúng tải kiện 12.5s,5,LCI,HUBLCI01,2026-09-07,2026,9,7,2963.0,3687.0
Tỷ lệ nhập đúng tải kiện 12.5s,5,QTI,HUBQTI,2026-09-07,2026,9,7,3903.0,3903.0
Tỷ lệ nhập đúng tải kiện 12.5s,5,GLI,HUBBHD,2026-09-08,2026,9,8,1768.0,1774.0
Tỷ lệ nhập đúng tải kiện 12.5s,5,QNH,HUBQNH,2026-09-08,2026,9,8,6630.0,8429.0
Tỷ lệ nhập đúng tải kiện 12.5s,5,TNN,HUBTNN,2026-09-08,2026,9,8,5249.0,7444.0
Tỷ lệ nhập đúng tải kiện 12.5s,5,LCI,HUBYBN,2026-09-08,2026,9,8,3411.0,3965.0
Tỷ lệ nhập đúng tải kiện 12.5s,5,BNH,HUBBGG,2026-09-09,2026,9,9,13812.0,14961.0
Tỷ lệ nhập đúng tải kiện 12.5s,5,HPG,HUBHDG,2026-09-09,2026,9,9,9888.0,10104.0
Tỷ lệ nhập đúng tải kiện 12.5s,5,HTH,HUBHTH,2026-09-09,2026,9,9,3810.0,3810.0
Tỷ lệ nhập đúng tải kiện 12.5s,5,DLK,HUBPYN,2026-09-09,2026,9,9,3530.0,3697.0
Tỷ lệ nhập đúng tải kiện 12.5s,5,HNI,HUBTTI,2026-09-09,2026,9,9,18308.0,19197.0
Tỷ lệ nhập đúng tải kiện 12.5s,5,VLG,HUBVLG,2026-09-09,2026,9,9,4334.0,4645.0
Tỷ lệ nhập đúng tải kiện 12.5s,5,PHO,HUBVPC,2026-09-09,2026,9,9,10153.0,12190.0
Tỷ lệ nhập đúng tải kiện 12.5s,5,QTI,HUBQBH,2026-09-01,2026,9,1,3220.0,3462.0
Tỷ lệ nhập đúng tải kiện 12.5s,5,VLG,HUBTVH,2026-09-01,2026,9,1,4242.0,4242.0
Tỷ lệ nhập đúng tải kiện 12.5s,5,HCM,HUBVTU,2026-09-01,2026,9,1,5855.0,6148.0
Tỷ lệ nhập đúng tải kiện 12.5s,5,AGG,HUBAGG,2026-09-02,2026,9,2,7098.0,7422.0
Tỷ lệ nhập đúng tải kiện 12.5s,5,HCM,HUBTAN,2026-09-02,2026,9,2,3225.0,3334.0
Tỷ lệ nhập đúng tải kiện 12.5s,5,CMU,HUBBLU,2026-09-03,2026,9,3,2813.0,2813.0
Tỷ lệ nhập đúng tải kiện 12.5s,5,HYN,HUBTBH,2026-09-03,2026,9,3,4453.0,4501.0
Tỷ lệ nhập đúng tải kiện 12.5s,5,TNH,HUBTNH,2026-09-03,2026,9,3,5484.0,5484.0
Tỷ lệ nhập đúng tải kiện 12.5s,5,LCI,HUBYBN,2026-09-03,2026,9,3,2220.0,2290.0
Tỷ lệ nhập đúng tải kiện 12.5s,5,HTH,HUBHTH,2026-09-05,2026,9,5,4602.0,4603.0
Tỷ lệ nhập đúng tải kiện 12.5s,5,AGG,HUBKGG01,2026-09-05,2026,9,5,5674.0,5995.0
Tỷ lệ nhập đúng tải kiện 12.5s,5,DTP,HUBTGG,2026-09-05,2026,9,5,7865.0,7867.0
Tỷ lệ nhập đúng tải kiện 12.5s,5,CNKT5,LOGBN,2026-09-05,2026,9,5,13789.0,14023.0
Tỷ lệ nhập đúng tải kiện 12.5s,5,HNI,HUBTTI,2026-09-06,2026,9,6,11254.0,11944.0
Tỷ lệ nhập đúng tải kiện 12.5s,5,HNI,BBSDPG,2026-09-07,2026,9,7,12982.0,14859.0
Tỷ lệ nhập đúng tải kiện 12.5s,5,CNKT3,DCCNKT3,2026-09-07,2026,9,7,41820.0,43175.0
Tỷ lệ nhập đúng tải kiện 12.5s,5,HNI,HUBLBN,2026-09-07,2026,9,7,8849.0,9795.0
Tỷ lệ nhập đúng tải kiện 12.5s,5,KHA,HUBNTN,2026-09-07,2026,9,7,2914.0,2915.0
Tỷ lệ nhập đúng tải kiện 12.5s,5,DLK,HUBPYN,2026-09-07,2026,9,7,3286.0,3286.0
Tỷ lệ nhập đúng tải kiện 12.5s,5,QNH,HUBQNH,2026-09-07,2026,9,7,5848.0,6245.0
Tỷ lệ nhập đúng tải kiện 12.5s,5,HCM,HUBTAN,2026-09-07,2026,9,7,6006.0,6908.0
Tỷ lệ nhập đúng tải kiện 12.5s,5,HNI,HUBYAN,2026-09-07,2026,9,7,13713.0,14992.0
Tỷ lệ nhập đúng tải kiện 12.5s,5,KHA,HUBNTN,2026-09-08,2026,9,8,2210.0,2234.0
Tỷ lệ nhập đúng tải kiện 12.5s,5,TNN,HUBBKN,2026-09-09,2026,9,9,921.0,939.0
Tỷ lệ nhập đúng tải kiện 12.5s,5,LCI,HUBYBN,2026-09-09,2026,9,9,4059.0,4178.0
Tỷ lệ nhập đúng tải kiện 12.5s,5,DNI,HUBBPC,2026-09-01,2026,9,1,4578.0,4642.0
Tỷ lệ nhập đúng tải kiện 12.5s,5,LCU,HUBLCU,2026-09-01,2026,9,1,524.0,524.0
Tỷ lệ nhập đúng tải kiện 12.5s,5,NBH,HUBNDH,2026-09-01,2026,9,1,6881.0,6885.0
Tỷ lệ nhập đúng tải kiện 12.5s,5,KHA,HUBNTN,2026-09-01,2026,9,1,1833.0,1833.0
Tỷ lệ nhập đúng tải kiện 12.5s,5,HYN,HUBTBH,2026-09-01,2026,9,1,4290.0,4424.0
Tỷ lệ nhập đúng tải kiện 12.5s,5,BNH,HUBBGG,2026-09-02,2026,9,2,8042.0,8598.0
Tỷ lệ nhập đúng tải kiện 12.5s,5,HCM,HUBHCM,2026-09-02,2026,9,2,521.0,605.0
Tỷ lệ nhập đúng tải kiện 12.5s,5,HNI,BBSDPG,2026-09-03,2026,9,3,13268.0,15667.0
Tỷ lệ nhập đúng tải kiện 12.5s,5,DNI,HUBBPC,2026-09-03,2026,9,3,4555.0,4739.0
Tỷ lệ nhập đúng tải kiện 12.5s,5,HNI,HUBTTI,2026-09-03,2026,9,3,14739.0,15861.0
Tỷ lệ nhập đúng tải kiện 12.5s,5,CBG,HUBCBG,2026-09-04,2026,9,4,923.0,923.0
Tỷ lệ nhập đúng tải kiện 12.5s,5,HPG,HUBHDG,2026-09-04,2026,9,4,8939.0,8941.0
Tỷ lệ nhập đúng tải kiện 12.5s,5,HNI,HUBLBN,2026-09-04,2026,9,4,8575.0,9387.0
Tỷ lệ nhập đúng tải kiện 12.5s,5,LSN,HUBLSN,2026-09-04,2026,9,4,2241.0,2691.0
Tỷ lệ nhập đúng tải kiện 12.5s,5,NAN,HUBNAN,2026-09-04,2026,9,4,10452.0,10453.0
Tỷ lệ nhập đúng tải kiện 12.5s,5,DLK,HUBPYN,2026-09-04,2026,9,4,2169.0,2213.0
Tỷ lệ nhập đúng tải kiện 12.5s,5,HCM,HUBTTO,2026-09-04,2026,9,4,14138.0,15136.0
Tỷ lệ nhập đúng tải kiện 12.5s,5,HCM,HUBBDG,2026-09-05,2026,9,5,9223.0,11612.0
Tỷ lệ nhập đúng tải kiện 12.5s,5,CTO,HUBCTO,2026-09-05,2026,9,5,4.0,4.0
Tỷ lệ nhập đúng tải kiện 12.5s,5,DNI,HUBDNI,2026-09-05,2026,9,5,16515.0,16794.0
Tỷ lệ nhập đúng tải kiện 12.5s,5,VLG,HUBBTE,2026-09-06,2026,9,6,9079.0,9450.0
Tỷ lệ nhập đúng tải kiện 12.5s,5,LDG,HUBDKG,2026-09-06,2026,9,6,3218.0,3529.0
Tỷ lệ nhập đúng tải kiện 12.5s,5,DTP,HUBDTP,2026-09-06,2026,9,6,7438.0,7607.0
Tỷ lệ nhập đúng tải kiện 12.5s,5,QNI,HUBKTM,2026-09-06,2026,9,6,2821.0,2830.0
Tỷ lệ nhập đúng tải kiện 12.5s,5,QTI,HUBQTI,2026-09-06,2026,9,6,3697.0,3697.0
Tỷ lệ nhập đúng tải kiện 12.5s,5,CNKT2,TTKT2,2026-09-06,2026,9,6,19387.0,19538.0
Tỷ lệ nhập đúng tải kiện 12.5s,5,HPG,HUBHDG,2026-09-07,2026,9,7,9308.0,9854.0
Tỷ lệ nhập đúng tải kiện 12.5s,5,CNKT5,LOGBN,2026-09-07,2026,9,7,39949.0,40697.0
Tỷ lệ nhập đúng tải kiện 12.5s,5,LDG,HUBDKG,2026-09-08,2026,9,8,2902.0,3591.0
Tỷ lệ nhập đúng tải kiện 12.5s,5,PHO,HUBHBH,2026-09-08,2026,9,8,3334.0,3704.0
Tỷ lệ nhập đúng tải kiện 12.5s,5,NBH,HUBHNM,2026-09-08,2026,9,8,4755.0,4995.0
Tỷ lệ nhập đúng tải kiện 12.5s,5,LCU,HUBLCU,2026-09-08,2026,9,8,464.0,464.0
Tỷ lệ nhập đúng tải kiện 12.5s,5,PHO,HUBVPC,2026-09-08,2026,9,8,11537.0,12224.0
Tỷ lệ nhập đúng tải kiện 12.5s,5,CMU,HUBCMU,2026-09-09,2026,9,9,5666.0,6258.0
Tỷ lệ nhập đúng tải kiện 12.5s,5,PHO,HUBHBH,2026-09-09,2026,9,9,3490.0,3779.0
Tỷ lệ nhập đúng tải kiện 12.5s,5,LDG,HUBLDG01,2026-09-09,2026,9,9,6164.0,7195.0
Tỷ lệ nhập đúng tải kiện 12.5s,5,QNH,HUBQNH,2026-09-01,2026,9,1,5708.0,6219.0
Tỷ lệ nhập đúng tải kiện 12.5s,5,GLI,HUBGLI,2026-09-02,2026,9,2,4796.0,4877.0
Tỷ lệ nhập đúng tải kiện 12.5s,5,CTO,HUBSTG,2026-09-02,2026,9,2,3865.0,3981.0
Tỷ lệ nhập đúng tải kiện 12.5s,5,DTP,HUBTGG,2026-09-02,2026,9,2,4796.0,4796.0
Tỷ lệ nhập đúng tải kiện 12.5s,5,NAN,HUBNAN,2026-09-03,2026,9,3,7208.0,7265.0
Tỷ lệ nhập đúng tải kiện 12.5s,5,NBH,HUBNDH,2026-09-03,2026,9,3,6996.0,6996.0
Tỷ lệ nhập đúng tải kiện 12.5s,5,AGG,HUBAGG,2026-09-04,2026,9,4,9223.0,9431.0
Tỷ lệ nhập đúng tải kiện 12.5s,5,TNN,HUBBKN,2026-09-04,2026,9,4,768.0,769.0
Tỷ lệ nhập đúng tải kiện 12.5s,5,DNI,HUBDNI,2026-09-04,2026,9,4,14182.0,15693.0
Tỷ lệ nhập đúng tải kiện 12.5s,5,HNI,HUBHNI,2026-09-04,2026,9,4,1.0,1.0
Tỷ lệ nhập đúng tải kiện 12.5s,5,DNI,HUBBPC,2026-09-05,2026,9,5,5794.0,5802.0
Tỷ lệ nhập đúng tải kiện 12.5s,5,HCM,HUBTTO,2026-09-05,2026,9,5,15331.0,16069.0
Tỷ lệ nhập đúng tải kiện 12.5s,5,BNH,HUBBGG,2026-09-06,2026,9,6,13226.0,15127.0
Tỷ lệ nhập đúng tải kiện 12.5s,5,DNI,HUBBPC,2026-09-06,2026,9,6,4994.0,4995.0
Tỷ lệ nhập đúng tải kiện 12.5s,5,NBH,HUBNBH,2026-09-06,2026,9,6,4226.0,4226.0
Tỷ lệ nhập đúng tải kiện 12.5s,5,THA,HUBTHA,2026-09-06,2026,9,6,13549.0,14067.0
Tỷ lệ nhập đúng tải kiện 12.5s,5,TNH,HUBTNH,2026-09-06,2026,9,6,5560.0,5647.0
Tỷ lệ nhập đúng tải kiện 12.5s,5,TNN,HUBTNN,2026-09-06,2026,9,6,5348.0,6581.0
Tỷ lệ nhập đúng tải kiện 12.5s,5,CNKT1,TTKT1,2026-09-06,2026,9,6,27966.0,28729.0
Tỷ lệ nhập đúng tải kiện 12.5s,5,CNKT5,TTKT5,2026-09-06,2026,9,6,70737.0,72413.0
Tỷ lệ nhập đúng tải kiện 12.5s,5,CMU,HUBBLU,2026-09-07,2026,9,7,3618.0,3618.0
Tỷ lệ nhập đúng tải kiện 12.5s,5,DNI,HUBDNI,2026-09-07,2026,9,7,19190.0,19851.0
Tỷ lệ nhập đúng tải kiện 12.5s,5,HTH,HUBHTH,2026-09-07,2026,9,7,3451.0,3523.0
Tỷ lệ nhập đúng tải kiện 12.5s,5,AGG,HUBKGG01,2026-09-07,2026,9,7,6090.0,6319.0
Tỷ lệ nhập đúng tải kiện 12.5s,5,LSN,HUBLSN,2026-09-07,2026,9,7,2261.0,2261.0
Tỷ lệ nhập đúng tải kiện 12.5s,5,QNI,HUBQNI,2026-09-07,2026,9,7,5268.0,5297.0
Tỷ lệ nhập đúng tải kiện 12.5s,5,TNH,HUBTNH,2026-09-07,2026,9,7,6303.0,6709.0
Tỷ lệ nhập đúng tải kiện 12.5s,5,HPG,HUBHPG,2026-09-08,2026,9,8,11744.0,12135.0
Tỷ lệ nhập đúng tải kiện 12.5s,5,HCM,HUBTAN,2026-09-08,2026,9,8,6253.0,7091.0
Tỷ lệ nhập đúng tải kiện 12.5s,5,HCM,HUBTDC,2026-09-08,2026,9,8,13076.0,13231.0
Tỷ lệ nhập đúng tải kiện 12.5s,5,HNI,HUBTTI,2026-09-08,2026,9,8,18293.0,20606.0
Tỷ lệ nhập đúng tải kiện 12.5s,5,KHA,HUBNTN,2026-09-09,2026,9,9,2200.0,2200.0
Tỷ lệ nhập đúng tải kiện 12.5s,5,QNI,HUBQNI,2026-09-09,2026,9,9,3987.0,4458.0
Tỷ lệ nhập đúng tải kiện 12.5s,5,QTI,HUBQTI,2026-09-09,2026,9,9,3404.0,3404.0
Tỷ lệ nhập đúng tải kiện 12.5s,5,HCM,HUBTDC,2026-09-01,2026,9,1,5923.0,5947.0
Tỷ lệ nhập đúng tải kiện 12.5s,5,TNN,HUBTNN,2026-09-01,2026,9,1,5787.0,7139.0
Tỷ lệ nhập đúng tải kiện 12.5s,5,PHO,HUBVPC,2026-09-01,2026,9,1,6583.0,7502.0
Tỷ lệ nhập đúng tải kiện 12.5s,5,QTI,HUBQBH,2026-09-02,2026,9,2,2317.0,2393.0
Tỷ lệ nhập đúng tải kiện 12.5s,5,GLI,HUBGLI,2026-09-03,2026,9,3,6198.0,6981.0
Tỷ lệ nhập đúng tải kiện 12.5s,5,PHO,HUBHBH,2026-09-03,2026,9,3,2269.0,2269.0
Tỷ lệ nhập đúng tải kiện 12.5s,5,LDG,HUBLDG01,2026-09-03,2026,9,3,4788.0,5049.0
Tỷ lệ nhập đúng tải kiện 12.5s,5,QNI,HUBQNI,2026-09-03,2026,9,3,3609.0,3625.0
Tỷ lệ nhập đúng tải kiện 12.5s,5,DNI,HUBBPC,2026-09-04,2026,9,4,5930.0,5957.0
Tỷ lệ nhập đúng tải kiện 12.5s,5,DNG,HUBDNG,2026-09-04,2026,9,4,1.0,1.0
Tỷ lệ nhập đúng tải kiện 12.5s,5,KHA,HUBNTN,2026-09-04,2026,9,4,1977.0,1977.0
Tỷ lệ nhập đúng tải kiện 12.5s,5,QNH,HUBQNH,2026-09-04,2026,9,4,7033.0,8717.0
Tỷ lệ nhập đúng tải kiện 12.5s,5,LDG,HUBDKG,2026-09-05,2026,9,5,3844.0,3985.0
Tỷ lệ nhập đúng tải kiện 12.5s,5,HPG,HUBHDG,2026-09-05,2026,9,5,9402.0,9438.0
Tỷ lệ nhập đúng tải kiện 12.5s,5,HCM,HUBTAN,2026-09-05,2026,9,5,6853.0,7435.0
Tỷ lệ nhập đúng tải kiện 12.5s,5,HCM,HUBTDC,2026-09-05,2026,9,5,11235.0,11735.0
Tỷ lệ nhập đúng tải kiện 12.5s,5,VLG,HUBVLG,2026-09-05,2026,9,5,4552.0,4553.0
Tỷ lệ nhập đúng tải kiện 12.5s,5,PHO,HUBHBH,2026-09-06,2026,9,6,3160.0,3160.0
Tỷ lệ nhập đúng tải kiện 12.5s,5,HNI,HUBLBN,2026-09-06,2026,9,6,7413.0,7947.0
Tỷ lệ nhập đúng tải kiện 12.5s,5,KHA,HUBKHA,2026-09-07,2026,9,7,5267.0,6232.0
Tỷ lệ nhập đúng tải kiện 12.5s,5,VLG,HUBVLG,2026-09-07,2026,9,7,3477.0,3812.0
Tỷ lệ nhập đúng tải kiện 12.5s,5,CNKT4,TTKT4,2026-09-07,2026,9,7,22565.0,23118.0
Tỷ lệ nhập đúng tải kiện 12.5s,5,BNH,HUBBGG,2026-09-08,2026,9,8,14529.0,15499.0
Tỷ lệ nhập đúng tải kiện 12.5s,5,LCI,HUBLCI01,2026-09-08,2026,9,8,3035.0,4210.0
Tỷ lệ nhập đúng tải kiện 12.5s,5,LDG,HUBLDG03,2026-09-08,2026,9,8,3483.0,3515.0
Tỷ lệ nhập đúng tải kiện 12.5s,5,NBH,HUBNDH,2026-09-08,2026,9,8,9101.0,9120.0
Tỷ lệ nhập đúng tải kiện 12.5s,5,QTI,HUBQBH,2026-09-08,2026,9,8,3705.0,3938.0
Tỷ lệ nhập đúng tải kiện 12.5s,5,QTI,HUBQTI,2026-09-08,2026,9,8,3382.0,3382.0
Tỷ lệ nhập đúng tải kiện 12.5s,5,HUE,HUBHUE,2026-09-09,2026,9,9,5642.0,5981.0
Tỷ lệ nhập đúng tải kiện 12.5s,5,LSN,HUBLSN,2026-09-09,2026,9,9,2169.0,2707.0
Hiệu quả xe nội tỉnh chiều đi,8,VLG,VLGVC,2026-09-02,2026,9,2,70225.32,95950.0
Hiệu quả kết nối nội tỉnh,7,QNH,QNHVC,2026-09-06,2026,9,6,56475.99,1565.7
Tỷ lệ nhập đúng tải kiện 12.5s,5,HUE,HUEVC,2026-09-03,2026,9,3,3901.0,3974.0
Thời gian chờ nhập,4,NBH,NBHVC,2026-09-06,2026,9,6,459.1666666666667,49.0
Thời gian chờ nhập,4,QNH,QNHVC,2026-09-08,2026,9,8,645.5666666666666,26.0
Hiệu quả xe nội tỉnh chiều đi,8,HUE,HUEVC,2026-09-05,2026,9,5,24636.190000000002,31130.0
Thời gian chờ nhập,4,LSN,LSNVC,2026-09-07,2026,9,7,18.066666666666666,7.0
Tỷ lệ xuất sạch,3,VLG,VLGVC,2026-09-05,2026,9,5,45479.0,46673.0
Hiệu quả xe nội tỉnh chiều đi,8,HCM,HCMVC,2026-09-03,2026,9,3,177772.23,383990.0
Tỷ lệ kết nối đúng giờ,10,HTH,HTHVC,2026-09-08,2026,9,8,80.0,81.0
Hiệu quả kết nối nội tỉnh,7,DLK,DLKVC1,2026-09-03,2026,9,3,119030.58,2821.0
Tỷ lệ kết nối đúng giờ,10,TNN,TNNVC,2026-09-08,2026,9,8,151.0,152.0
Hiệu quả kết nối nội tỉnh,7,DNI,DNIVC,2026-09-02,2026,9,2,184230.94,4983.0
Tỷ lệ xuất sạch,3,TNH,TNHVC,2026-09-08,2026,9,8,57655.0,59992.0
Tỷ lệ nhập đúng tải kiện 12.5s,5,HUE,HUEVC,2026-09-09,2026,9,9,5642.0,5981.0
Tỷ lệ nhập đúng tải kiện 12.5s,5,LSN,LSNVC,2026-09-07,2026,9,7,2261.0,2261.0
Tỷ lệ nhập đúng tải kiện 12.5s,5,THA,THAVC,2026-09-02,2026,9,2,9426.0,9496.0
Thời gian chờ nhập,4,LCI,LCIVC,2026-09-07,2026,9,7,461.6,20.0
Thời gian chờ nhập,4,NBH,NBHVC,2026-09-08,2026,9,8,757.5333333333333,75.0
Tỷ lệ xuất sạch,3,TNN,TNNVC,2026-09-09,2026,9,9,37122.0,47958.0
Hiệu quả xe nội tỉnh chiều đi,8,GLI,GLIVC1,2026-09-06,2026,9,6,66652.65,83700.0
Hiệu quả xe nội tỉnh chiều đi,8,DLK,DLKVC1,2026-09-07,2026,9,7,103176.69999999998,126840.0
Thời gian chờ nhập,4,DNG,DNGVC,2026-09-01,2026,9,1,75.58333333333333,14.0
Thời gian chờ nhập,4,VLG,VLGVC,2026-09-02,2026,9,2,509.58333333333337,42.0
Hiệu quả xe nội tỉnh chiều về,9,TNH,TNHVC,2026-08-31,2026,8,31,26564.490000000005,41200.0
Tỷ lệ nhập đúng tải kiện 12.5s,5,HCM,HCMVC,2026-09-04,2026,9,4,47568.0,51445.0
Hiệu quả kết nối nội tỉnh,7,DLK,DLKVC1,2026-09-04,2026,9,4,106745.38,3266.0
Tỷ lệ kết nối đúng giờ,10,NAN,NANVC,2026-09-08,2026,9,8,173.0,174.0
Tỷ lệ kết nối đúng giờ,10,VLG,VLGVC,2026-09-06,2026,9,6,159.0,161.0
Thời gian chờ nhập,4,CTO,CTOVC,2026-09-07,2026,9,7,67.9,17.0
Tỷ lệ xuất sạch,3,HYN,HYNVC,2026-09-08,2026,9,8,59985.0,61820.0
Hiệu quả xe nội tỉnh chiều đi,8,LDG,LDGVC,2026-09-06,2026,9,6,56916.22,63600.0
Thời gian chờ nhập,4,VLG,VLGVC,2026-09-05,2026,9,5,572.15,55.0
Thời gian chờ nhập,4,HCM,HCMVC,2026-09-07,2026,9,7,1975.5833333333335,126.0
Tỷ lệ xuất sạch,3,CTO,CTOVC,2026-09-08,2026,9,8,13171.0,13953.0
Hiệu quả xe nội tỉnh chiều về,9,CTO,CTOVC,2026-09-07,2026,9,7,68512.69,129300.0
Tỷ lệ nhập đúng tải kiện 12.5s,5,AGG,AGGVC,2026-09-03,2026,9,3,9492.0,9959.0
Tỷ lệ xuất sạch,3,KHA,KHAVC,2026-09-05,2026,9,5,25260.0,25521.0
Hiệu quả xe nội tỉnh chiều đi,8,GLI,GLIVC1,2026-09-07,2026,9,7,82833.98000000001,83800.0
Hiệu quả kết nối nội tỉnh,7,TNH,TNHVC,2026-08-30,2026,8,30,805.92,9.0
Tỷ lệ kết nối đúng giờ,10,DLK,DLKVC1,2026-09-07,2026,9,7,248.0,251.0
Thời gian chờ nhập,4,DLK,DLKVC1,2026-09-01,2026,9,1,949.1166666666667,51.0
Tỷ lệ kết nối đúng giờ,10,DNI,DNIVC,2026-09-07,2026,9,7,499.0,512.0
Hiệu quả kết nối nội tỉnh,7,TNN,TNNVC,2026-09-06,2026,9,6,60489.11,1272.0
Tỷ lệ kết nối đúng giờ,10,NBH,NBHVC,2026-09-05,2026,9,5,411.0,412.0
Hiệu quả xe nội tỉnh chiều về,9,GLI,GLIVC1,2026-09-03,2026,9,3,46299.64,75630.0
Tỷ lệ xuất sạch,3,DBN,DBNVC,2026-09-03,2026,9,3,1763.0,2047.0
Thời gian chờ nhập,4,KHA,KHAVC,2026-09-05,2026,9,5,788.7166666666666,60.0
Thời gian chờ nhập,4,VLG,VLGVC,2026-09-08,2026,9,8,732.3333333333333,59.0
Hiệu quả xe nội tỉnh chiều đi,8,QTI,QTIVC,2026-09-04,2026,9,4,25179.120000000003,49090.0
Hiệu quả kết nối nội tỉnh,7,HPG,HPGVC,2026-09-01,2026,9,1,96327.09,1544.5
Tỷ lệ nhập đúng tải kiện 12.5s,5,TQG,TQGVC,2026-09-05,2026,9,5,3757.0,3762.0
Hiệu quả xe nội tỉnh chiều đi,8,TNH,TNHVC,2026-09-03,2026,9,3,67651.67000000001,145050.0
Hiệu quả xe nội tỉnh chiều về,9,QTI,QTIVC,2026-09-02,2026,9,2,16206.06,37040.0
Tỷ lệ kết nối đúng giờ,10,CMU,CMUVC,2026-09-07,2026,9,7,124.0,125.0
Thời gian chờ nhập,4,DLK,DLKVC1,2026-09-02,2026,9,2,547.25,42.0
Hiệu quả kết nối nội tỉnh,7,QNH,QNHVC,2026-09-02,2026,9,2,53223.89,1197.1
Thời gian chờ nhập,4,NAN,NANVC,2026-09-05,2026,9,5,506.15000000000003,33.0
Tỷ lệ nhập đúng tải kiện 12.5s,5,LCU,LCUVC,2026-09-07,2026,9,7,532.0,532.0
Tỷ lệ nhập đúng tải kiện 12.5s,5,CMU,CMUVC,2026-09-06,2026,9,6,8377.0,8753.0
Tỷ lệ kết nối đúng giờ,10,BNH,BNHVC,2026-09-07,2026,9,7,389.0,392.0
Tỷ lệ kết nối đúng giờ,10,AGG,AGGVC,2026-09-08,2026,9,8,205.0,216.0
Thời gian chờ nhập,4,HUE,HUEVC,2026-09-03,2026,9,3,203.1,19.0
Hiệu quả xe nội tỉnh chiều về,9,THA,THAVC,2026-09-04,2026,9,4,78894.87,139750.0
Hiệu quả xe nội tỉnh chiều đi,8,PHO,PHOVC,2026-09-05,2026,9,5,132452.82,183650.0
Tỷ lệ nhập đúng tải kiện 12.5s,5,BNH,BNHVC,2026-09-08,2026,9,8,26428.0,27884.0
Thời gian chờ nhập,4,LDG,LDGVC,2026-09-03,2026,9,3,1579.4166666666667,55.0
Thời gian chờ nhập,4,HPG,HPGVC,2026-09-01,2026,9,1,687.8833333333333,13.0
Tỷ lệ nhập đúng tải kiện 12.5s,5,VLG,VLGVC,2026-09-04,2026,9,4,17928.0,18471.0
Tỷ lệ xuất sạch,3,HUE,HUEVC,2026-09-08,2026,9,8,19050.0,19209.0
Tỷ lệ nhập đúng tải kiện 12.5s,5,HUE,HUEVC,2026-09-06,2026,9,6,5095.0,5262.0
Hiệu quả kết nối nội tỉnh,7,HYN,HYNVC,2026-09-01,2026,9,1,125178.16,1651.1
Hiệu quả xe nội tỉnh chiều đi,8,HPG,HPGVC,2026-09-04,2026,9,4,111738.20000000001,204690.0
Hiệu quả xe nội tỉnh chiều về,9,BNH,BNHVC,2026-09-07,2026,9,7,155281.31,211780.0
Hiệu quả kết nối nội tỉnh,7,TQG,TQGVC,2026-09-07,2026,9,7,24584.409999999996,1133.0
Hiệu quả kết nối nội tỉnh,7,BNH,BNHVC,2026-09-02,2026,9,2,144029.48,2532.5
Thời gian chờ nhập,4,THA,THAVC,2026-09-03,2026,9,3,865.1166666666667,39.0
Tỷ lệ nhập đúng tải kiện 12.5s,5,TNN,TNNVC,2026-09-06,2026,9,6,6163.0,7398.0
Tỷ lệ kết nối đúng giờ,10,QTI,QTIVC,2026-09-08,2026,9,8,150.0,158.0
Hiệu quả kết nối nội tỉnh,7,HCM,HCMVC,2026-09-08,2026,9,8,578660.37,6494.2
Hiệu quả xe nội tỉnh chiều đi,8,TNN,TNNVC,2026-09-08,2026,9,8,34098.56,59990.0
Tỷ lệ xuất sạch,3,VLG,VLGVC,2026-09-09,2026,9,9,96036.0,98536.0
Tỷ lệ xuất sạch,3,QNI,QNIVC,2026-09-03,2026,9,3,17042.0,17528.0
Hiệu quả xe nội tỉnh chiều đi,8,DBN,DBNVC,2026-09-07,2026,9,7,2350.48,3300.0
Hiệu quả kết nối nội tỉnh,7,HCM,HCMVC,2026-09-06,2026,9,6,397156.91000000003,5343.4
Tỷ lệ nhập đúng tải kiện 12.5s,5,GLI,GLIVC1,2026-09-08,2026,9,8,7529.0,8314.0
Tỷ lệ kết nối đúng giờ,10,LCI,LCIVC,2026-09-04,2026,9,4,96.0,97.0
Thời gian chờ nhập,4,BNH,BNHVC,2026-09-07,2026,9,7,1582.3833333333332,64.0
Thời gian chờ nhập,4,PHO,PHOVC,2026-09-02,2026,9,2,970.9333333333332,38.0
Tỷ lệ kết nối đúng giờ,10,CMU,CMUVC,2026-09-06,2026,9,6,67.0,67.0
Tỷ lệ xuất sạch,3,HPG,HPGVC,2026-09-09,2026,9,9,134082.0,135542.0
Tỷ lệ kết nối đúng giờ,10,NAN,NANVC,2026-09-03,2026,9,3,160.0,161.0
Hiệu quả kết nối nội tỉnh,7,BNH,BNHVC,2026-08-31,2026,8,31,33226.94,477.3
Tỷ lệ kết nối đúng giờ,10,HCM,HCMVC,2026-09-08,2026,9,8,3109.0,3154.0
Thời gian chờ nhập,4,TNN,TNNVC,2026-09-08,2026,9,8,331.33333333333337,25.0
Hiệu quả xe nội tỉnh chiều về,9,CMU,CMUVC,2026-09-03,2026,9,3,15673.820000000002,49000.0
Hiệu quả xe nội tỉnh chiều về,9,PHO,PHOVC,2026-09-08,2026,9,8,105113.6,154800.0
Tỷ lệ nhập đúng tải kiện 12.5s,5,QTI,QTIVC,2026-09-08,2026,9,8,7087.0,7320.0
Tỷ lệ nhập đúng tải kiện 12.5s,5,TNH,TNHVC,2026-09-07,2026,9,7,13721.0,15904.0
Hiệu quả xe nội tỉnh chiều đi,8,LDG,LDGVC,2026-09-01,2026,9,1,54810.990000000005,75900.0
Hiệu quả xe nội tỉnh chiều đi,8,QNH,QNHVC,2026-09-01,2026,9,1,37240.92999999999,32450.0
Hiệu quả xe nội tỉnh chiều đi,8,QNH,QNHVC,2026-09-08,2026,9,8,48382.53,53850.0
Hiệu quả xe nội tỉnh chiều đi,8,DNI,DNIVC,2026-09-03,2026,9,3,103792.19,191950.0
Hiệu quả xe nội tỉnh chiều về,9,LDG,LDGVC,2026-08-31,2026,8,31,7474.63,14700.0
Tỷ lệ kết nối đúng giờ,10,DLK,DLKVC1,2026-09-04,2026,9,4,235.0,235.0
Tỷ lệ nhập đúng tải kiện 12.5s,5,TNN,TNNVC,2026-09-07,2026,9,7,5360.0,7075.0
Hiệu quả kết nối nội tỉnh,7,LSN,LSNVC,2026-09-04,2026,9,4,22989.34,500.0
Hiệu quả xe nội tỉnh chiều đi,8,LDG,LDGVC,2026-09-08,2026,9,8,65913.62000000001,79400.0
Tỷ lệ kết nối đúng giờ,10,CMU,CMUVC,2026-09-02,2026,9,2,52.0,52.0
Thời gian chờ nhập,4,SLA,SLAVC,2026-09-02,2026,9,2,3.6500000000000004,2.0
Thời gian chờ nhập,4,TNH,TNHVC,2026-09-09,2026,9,9,1373.1333333333332,60.0
Tỷ lệ kết nối đúng giờ,10,DLK,DLKVC1,2026-09-06,2026,9,6,238.0,240.0
Hiệu quả kết nối nội tỉnh,7,DNG,DNGVC,2026-09-05,2026,9,5,170839.57,3394.0
Tỷ lệ nhập đúng tải kiện 12.5s,5,VLG,VLGVC,2026-09-07,2026,9,7,16507.0,17436.0
Hiệu quả xe nội tỉnh chiều về,9,DLK,DLKVC1,2026-09-06,2026,9,6,43647.340000000004,123640.0
Tỷ lệ kết nối đúng giờ,10,HUE,HUEVC,2026-09-04,2026,9,4,102.0,103.0
Tỷ lệ xuất sạch,3,NAN,NANVC,2026-09-04,2026,9,4,39974.0,40803.0
Tỷ lệ kết nối đúng giờ,10,DBN,DBNVC,2026-09-01,2026,9,1,10.0,10.0
Tỷ lệ nhập đúng tải kiện 12.5s,5,SLA,SLAVC,2026-09-04,2026,9,4,273.0,279.0
Hiệu quả xe nội tỉnh chiều về,9,HTH,HTHVC,2026-09-06,2026,9,6,6843.03,18250.0
Tỷ lệ nhập đúng tải kiện 12.5s,5,CTO,CTOVC,2026-09-03,2026,9,3,3632.0,3683.0
Tỷ lệ xuất sạch,3,LDG,LDGVC,2026-09-05,2026,9,5,46878.0,51091.0
Thời gian chờ nhập,4,LDG,LDGVC,2026-09-04,2026,9,4,2661.2333333333336,68.0
Tỷ lệ kết nối đúng giờ,10,TNN,TNNVC,2026-09-02,2026,9,2,80.0,83.0
Hiệu quả kết nối nội tỉnh,7,THA,THAVC,2026-09-05,2026,9,5,152841.22,3948.0
Hiệu quả xe nội tỉnh chiều đi,8,HUE,HUEVC,2026-09-04,2026,9,4,12986.859999999999,31130.0
Tỷ lệ kết nối đúng giờ,10,BNH,BNHVC,2026-09-01,2026,9,1,262.0,266.0
Tỷ lệ xuất sạch,3,DBN,DBNVC,2026-09-05,2026,9,5,2331.0,2337.0
Thời gian chờ nhập,4,LDG,LDGVC,2026-09-06,2026,9,6,1429.6333333333334,71.0
Hiệu quả xe nội tỉnh chiều đi,8,TNN,TNNVC,2026-09-02,2026,9,2,18854.39,32160.0
Tỷ lệ kết nối đúng giờ,10,TQG,TQGVC,2026-09-06,2026,9,6,46.0,49.0
Hiệu quả xe nội tỉnh chiều đi,8,SLA,SLAVC,2026-09-04,2026,9,4,751.49,900.0
Thời gian chờ nhập,4,HNI,HNVC,2026-09-01,2026,9,1,1036.7666666666667,84.0
Hiệu quả kết nối nội tỉnh,7,CTO,CTOVC,2026-09-01,2026,9,1,96867.52,2406.0
Hiệu quả xe nội tỉnh chiều đi,8,SLA,SLAVC,2026-09-06,2026,9,6,1085.41,900.0
Hiệu quả xe nội tỉnh chiều đi,8,PHO,PHOVC,2026-09-08,2026,9,8,120199.59999999999,185300.0
Tỷ lệ kết nối đúng giờ,10,PHO,PHOVC,2026-09-03,2026,9,3,339.0,345.0
Hiệu quả xe nội tỉnh chiều về,9,AGG,AGGVC,2026-09-06,2026,9,6,37747.21,79100.0
Thời gian chờ nhập,4,HNI,HNVC,2026-08-31,2026,8,31,43.06666666666666,1.0
Hiệu quả kết nối nội tỉnh,7,HTH,HTHVC,2026-09-06,2026,9,6,24035.13,554.6
Tỷ lệ nhập đúng tải kiện 12.5s,5,QNH,QNHVC,2026-09-07,2026,9,7,5848.0,6245.0
Hiệu quả xe nội tỉnh chiều đi,8,AGG,AGGVC,2026-09-04,2026,9,4,74391.89000000001,105450.0
Tỷ lệ kết nối đúng giờ,10,QTI,QTIVC,2026-09-03,2026,9,3,161.0,168.0
Tỷ lệ kết nối đúng giờ,10,DBN,DBNVC,2026-09-02,2026,9,2,10.0,10.0
Hiệu quả kết nối nội tỉnh,7,VLG,VLGVC,2026-09-08,2026,9,8,161643.25,3244.3999999999996
Hiệu quả xe nội tỉnh chiều đi,8,PHO,PHOVC,2026-09-06,2026,9,6,124671.48999999999,161000.0
Hiệu quả xe nội tỉnh chiều về,9,NAN,NANVC,2026-09-05,2026,9,5,42540.64,88760.0
Hiệu quả kết nối nội tỉnh,7,CTO,CTOVC,2026-09-08,2026,9,8,140508.52,2391.0
Hiệu quả xe nội tỉnh chiều về,9,CTO,CTOVC,2026-08-31,2026,8,31,1255.58,900.0
Hiệu quả xe nội tỉnh chiều về,9,DLK,DLKVC1,2026-08-31,2026,8,31,3892.75,9600.0
Thời gian chờ nhập,4,LCI,LCIVC,2026-09-05,2026,9,5,254.7166666666667,18.0
Tỷ lệ nhập đúng tải kiện 12.5s,5,HCM,HCMVC,2026-09-03,2026,9,3,40611.0,42585.0
Hiệu quả kết nối nội tỉnh,7,LSN,LSNVC,2026-09-05,2026,9,5,22714.79,432.0
Tỷ lệ nhập đúng tải kiện 12.5s,5,DTP,DTPVC,2026-09-07,2026,9,7,14406.0,14723.0
Hiệu quả xe nội tỉnh chiều về,9,QNH,QNHVC,2026-09-02,2026,9,2,18835.15,32450.0
Hiệu quả xe nội tỉnh chiều đi,8,NAN,NANVC,2026-09-02,2026,9,2,49346.75,77600.0
Tỷ lệ xuất sạch,3,DNG,DNGVC,2026-09-05,2026,9,5,37417.0,39425.0
Tỷ lệ xuất sạch,3,NBH,NBHVC,2026-09-09,2026,9,9,147804.0,153194.0
Tỷ lệ xuất sạch,3,TNN,TNNVC,2026-09-05,2026,9,5,16212.0,20949.0
Thời gian chờ nhập,4,TNN,TNNVC,2026-09-02,2026,9,2,232.26666666666668,15.0
Tỷ lệ nhập đúng tải kiện 12.5s,5,NBH,NBHVC,2026-09-03,2026,9,3,12975.0,13393.0
Tỷ lệ nhập đúng tải kiện 12.5s,5,LCU,LCUVC,2026-09-03,2026,9,3,385.0,385.0
Tỷ lệ nhập đúng tải kiện 12.5s,5,HNI,HNVC,2026-09-04,2026,9,4,52768.0,58125.0
Tỷ lệ kết nối đúng giờ,10,HCM,HCMVC,2026-09-05,2026,9,5,3078.0,3121.0
Hiệu quả xe nội tỉnh chiều đi,8,TNN,TNNVC,2026-09-01,2026,9,1,29631.74,57510.0
Hiệu quả xe nội tỉnh chiều về,9,NBH,NBHVC,2026-09-08,2026,9,8,117141.01999999999,200660.0
Tỷ lệ xuất sạch,3,LCU,LCUVC,2026-09-08,2026,9,8,1120.0,1142.0
Thời gian chờ nhập,4,HTH,HTHVC,2026-09-01,2026,9,1,181.28333333333333,9.0
Hiệu quả kết nối nội tỉnh,7,HNI,HNVC,2026-09-05,2026,9,5,1338781.17,17986.7
Hiệu quả xe nội tỉnh chiều về,9,NAN,NANVC,2026-09-02,2026,9,2,23742.08,68230.0
Tỷ lệ kết nối đúng giờ,10,CMU,CMUVC,2026-09-03,2026,9,3,92.0,92.0
Hiệu quả xe nội tỉnh chiều đi,8,DBN,DBNVC,2026-09-04,2026,9,4,1373.8899999999999,3300.0
Hiệu quả kết nối nội tỉnh,7,HPG,HPGVC,2026-09-08,2026,9,8,236812.96000000002,2570.0
Tỷ lệ kết nối đúng giờ,10,KHA,KHAVC,2026-09-01,2026,9,1,165.0,166.0
Hiệu quả xe nội tỉnh chiều về,9,HYN,HYNVC,2026-09-04,2026,9,4,130999.99999999999,156400.0
Tỷ lệ kết nối đúng giờ,10,TNN,TNNVC,2026-09-07,2026,9,7,149.0,151.0
Tỷ lệ nhập đúng tải kiện 12.5s,5,THA,THAVC,2026-09-08,2026,9,8,12752.0,13377.0
Thời gian chờ nhập,4,CMU,CMUVC,2026-09-08,2026,9,8,277.4,26.0
Thời gian chờ nhập,4,THA,THAVC,2026-09-08,2026,9,8,491.9,43.0
Tỷ lệ nhập đúng tải kiện 12.5s,5,GLI,GLIVC1,2026-09-01,2026,9,1,7606.0,7812.0
Hiệu quả xe nội tỉnh chiều về,9,DTP,DTPVC,2026-09-07,2026,9,7,67478.45000000001,141350.0
Hiệu quả xe nội tỉnh chiều về,9,CMU,CMUVC,2026-09-05,2026,9,5,4586.54,13500.0
Hiệu quả kết nối nội tỉnh,7,HNI,HNVC,2026-08-29,2026,8,29,14055.42,80.0
Thời gian chờ nhập,4,CMU,CMUVC,2026-09-06,2026,9,6,150.1,21.0
Hiệu quả kết nối nội tỉnh,7,AGG,AGGVC,2026-09-06,2026,9,6,111094.72,2410.0
Thời gian chờ nhập,4,THA,THAVC,2026-09-01,2026,9,1,380.16666666666663,38.0
Hiệu quả xe nội tỉnh chiều đi,8,CMU,CMUVC,2026-09-02,2026,9,2,50768.28999999999,32000.0
Hiệu quả kết nối nội tỉnh,7,CTO,CTOVC,2026-09-03,2026,9,3,111838.20999999999,2458.0
Tỷ lệ xuất sạch,3,HTH,HTHVC,2026-09-09,2026,9,9,25182.0,25358.0
Tỷ lệ nhập đúng tải kiện 12.5s,5,LCU,LCUVC,2026-09-09,2026,9,9,775.0,776.0
Thời gian chờ nhập,4,LCU,LCUVC,2026-09-03,2026,9,3,3.466666666666667,2.0
Hiệu quả kết nối nội tỉnh,7,HUE,HUEVC,2026-09-06,2026,9,6,37190.83,687.0
Hiệu quả xe nội tỉnh chiều đi,8,HCM,HCMVC,2026-09-07,2026,9,7,241289.52,401720.0
Thời gian chờ nhập,4,QTI,QTIVC,2026-09-08,2026,9,8,203.65,34.0
Tỷ lệ nhập đúng tải kiện 12.5s,5,DBN,DBNVC,2026-09-03,2026,9,3,285.0,285.0
Hiệu quả kết nối nội tỉnh,7,HPG,HPGVC,2026-09-04,2026,9,4,187545.14,2676.8
Tỷ lệ kết nối đúng giờ,10,KHA,KHAVC,2026-09-05,2026,9,5,197.0,197.0
Tỷ lệ nhập đúng tải kiện 12.5s,5,QNI,QNIVC,2026-09-07,2026,9,7,7188.0,7401.0
Thời gian chờ nhập,4,LCU,LCUVC,2026-09-09,2026,9,9,2.2,2.0
Hiệu quả kết nối nội tỉnh,7,CMU,CMUVC,2026-09-08,2026,9,8,19029.32,389.0
Hiệu quả kết nối nội tỉnh,7,DTP,DTPVC,2026-09-08,2026,9,8,167543.16999999998,2660.5
Hiệu quả kết nối nội tỉnh,7,LSN,LSNVC,2026-09-06,2026,9,6,22784.32,430.0
Hiệu quả xe nội tỉnh chiều đi,8,DNG,DNGVC,2026-09-02,2026,9,2,61256.090000000004,70400.0
Tỷ lệ xuất sạch,3,LDG,LDGVC,2026-09-09,2026,9,9,97114.0,105570.0
Thời gian chờ nhập,4,TNN,TNNVC,2026-08-31,2026,8,31,1.7666666666666666,1.0
Tỷ lệ xuất sạch,3,DTP,DTPVC,2026-09-03,2026,9,3,32073.0,34553.0
Hiệu quả xe nội tỉnh chiều về,9,LCI,LCIVC,2026-08-31,2026,8,31,10027.939999999999,10500.0
Hiệu quả xe nội tỉnh chiều đi,8,HPG,HPGVC,2026-09-02,2026,9,2,71212.06,117750.0
Hiệu quả xe nội tỉnh chiều về,9,QTI,QTIVC,2026-09-07,2026,9,7,32890.65000000001,48840.0
Hiệu quả xe nội tỉnh chiều về,9,HPG,HPGVC,2026-08-31,2026,8,31,10870.57,12430.0
Tỷ lệ nhập đúng tải kiện 12.5s,5,HNI,HNVC,2026-09-06,2026,9,6,34727.0,38225.0
Hiệu quả xe nội tỉnh chiều về,9,LCI,LCIVC,2026-09-08,2026,9,8,11440.02,11500.0
Tỷ lệ nhập đúng tải kiện 12.5s,5,QTI,QTIVC,2026-09-09,2026,9,9,7252.0,7398.0
Hiệu quả xe nội tỉnh chiều về,9,LDG,LDGVC,2026-09-03,2026,9,3,29949.23,54300.0
Hiệu quả xe nội tỉnh chiều về,9,TNN,TNNVC,2026-09-06,2026,9,6,30336.24,62660.0
Tỷ lệ nhập đúng tải kiện 12.5s,5,QNH,QNHVC,2026-09-03,2026,9,3,5219.0,5730.0
Tỷ lệ xuất sạch,3,SLA,SLAVC,2026-09-09,2026,9,9,1208.0,1208.0
Hiệu quả kết nối nội tỉnh,7,QNH,QNHVC,2026-09-05,2026,9,5,71352.77,1629.3999999999999
Tỷ lệ nhập đúng tải kiện 12.5s,5,AGG,AGGVC,2026-09-05,2026,9,5,14891.0,15306.0
Tỷ lệ nhập đúng tải kiện 12.5s,5,PHO,PHOVC,2026-09-07,2026,9,7,18027.0,19255.0
Tỷ lệ nhập đúng tải kiện 12.5s,5,HPG,HPGVC,2026-09-08,2026,9,8,21157.0,21617.0
Hiệu quả xe nội tỉnh chiều đi,8,HNI,HNVC,2026-09-08,2026,9,8,319707.73000000004,638250.0
Tỷ lệ kết nối đúng giờ,10,VLG,VLGVC,2026-09-03,2026,9,3,175.0,180.0
Tỷ lệ kết nối đúng giờ,10,DNG,DNGVC,2026-09-06,2026,9,6,231.0,242.0
Hiệu quả kết nối nội tỉnh,7,HNI,HNVC,2026-09-03,2026,9,3,1097547.1,17601.7
Hiệu quả xe nội tỉnh chiều về,9,HPG,HPGVC,2026-09-02,2026,9,2,13352.71,52000.0
Tỷ lệ kết nối đúng giờ,10,HCM,HCMVC,2026-09-07,2026,9,7,3243.0,3276.0
Tỷ lệ nhập đúng tải kiện 12.5s,5,SLA,SLAVC,2026-09-06,2026,9,6,278.0,353.0
Hiệu quả xe nội tỉnh chiều về,9,DNG,DNGVC,2026-09-06,2026,9,6,31630.410000000003,76250.0
Tỷ lệ nhập đúng tải kiện 12.5s,5,NAN,NANVC,2026-09-06,2026,9,6,9984.0,10080.0
Hiệu quả kết nối nội tỉnh,7,AGG,AGGVC,2026-09-01,2026,9,1,145657.51,3481.0
Tỷ lệ nhập đúng tải kiện 12.5s,5,CMU,CMUVC,2026-09-05,2026,9,5,8786.0,8888.0
Thời gian chờ nhập,4,LCI,LCIVC,2026-09-01,2026,9,1,289.5833333333333,18.0
Tỷ lệ nhập đúng tải kiện 12.5s,5,HYN,HYNVC,2026-09-02,2026,9,2,6633.0,6795.0
Thời gian chờ nhập,4,CMU,CMUVC,2026-09-04,2026,9,4,321.1166666666667,27.0
Tỷ lệ nhập đúng tải kiện 12.5s,5,KHA,KHAVC,2026-09-05,2026,9,5,7697.0,11580.0
Thời gian chờ nhập,4,HCM,HCMVC,2026-09-02,2026,9,2,1299.1,69.0
Hiệu quả xe nội tỉnh chiều đi,8,LSN,LSNVC,2026-09-04,2026,9,4,5362.19,15750.0
Tỷ lệ nhập đúng tải kiện 12.5s,5,NAN,NANVC,2026-09-07,2026,9,7,10947.0,10989.0
Tỷ lệ xuất sạch,3,HTH,HTHVC,2026-09-04,2026,9,4,9661.0,9742.0
Hiệu quả kết nối nội tỉnh,7,QNH,QNHVC,2026-09-03,2026,9,3,71105.97,1678.9
Hiệu quả xe nội tỉnh chiều về,9,HTH,HTHVC,2026-09-01,2026,9,1,5229.08,18250.0
Thời gian chờ nhập,4,DTP,DTPVC,2026-09-09,2026,9,9,634.7833333333333,46.0
Hiệu quả xe nội tỉnh chiều đi,8,LDG,LDGVC,2026-09-04,2026,9,4,47406.740000000005,77750.0
Tỷ lệ kết nối đúng giờ,10,SLA,SLAVC,2026-09-06,2026,9,6,4.0,4.0
Hiệu quả xe nội tỉnh chiều về,9,HPG,HPGVC,2026-09-08,2026,9,8,80262.17,149410.0
Thời gian chờ nhập,4,DLK,DLKVC1,2026-09-04,2026,9,4,921.4166666666667,49.0
Tỷ lệ xuất sạch,3,HCM,HCMVC,2026-09-03,2026,9,3,109761.0,110140.0
Tỷ lệ xuất sạch,3,HYN,HYNVC,2026-09-05,2026,9,5,50758.0,53304.0
Tỷ lệ kết nối đúng giờ,10,AGG,AGGVC,2026-09-06,2026,9,6,159.0,164.0
Hiệu quả xe nội tỉnh chiều về,9,DTP,DTPVC,2026-08-31,2026,8,31,10527.310000000001,14100.0
Thời gian chờ nhập,4,QNH,QNHVC,2026-09-07,2026,9,7,917.9166666666666,23.0
Hiệu quả kết nối nội tỉnh,7,HYN,HYNVC,2026-09-06,2026,9,6,201674.81,1710.1
Tỷ lệ xuất sạch,3,AGG,AGGVC,2026-09-04,2026,9,4,38524.0,41571.0
Hiệu quả kết nối nội tỉnh,7,BNH,BNHVC,2026-09-07,2026,9,7,275301.14,3525.9
Hiệu quả xe nội tỉnh chiều về,9,DTP,DTPVC,2026-09-01,2026,9,1,48668.56,95650.0
Thời gian chờ nhập,4,DLK,DLKVC1,2026-09-06,2026,9,6,1578.2,56.0
Thời gian chờ nhập,4,HPG,HPGVC,2026-09-09,2026,9,9,415.2833333333333,45.0
Hiệu quả xe nội tỉnh chiều đi,8,VLG,VLGVC,2026-09-08,2026,9,8,83993.16,146900.0
Tỷ lệ nhập đúng tải kiện 12.5s,5,LDG,LDGVC,2026-09-01,2026,9,1,15642.0,17899.0
Hiệu quả xe nội tỉnh chiều đi,8,HPG,HPGVC,2026-09-03,2026,9,3,98499.18,210910.0
Hiệu quả kết nối nội tỉnh,7,THA,THAVC,2026-09-02,2026,9,2,85178.59,3894.0
Hiệu quả xe nội tỉnh chiều về,9,HPG,HPGVC,2026-09-06,2026,9,6,21293.1,67600.0
Hiệu quả kết nối nội tỉnh,7,TNH,TNHVC,2026-09-07,2026,9,7,167521.35,3513.3
Thời gian chờ nhập,4,HUE,HUEVC,2026-09-01,2026,9,1,408.8333333333333,20.0
Tỷ lệ kết nối đúng giờ,10,THA,THAVC,2026-09-08,2026,9,8,233.0,237.0
Hiệu quả kết nối nội tỉnh,7,LCI,LCIVC,2026-09-01,2026,9,1,65216.92,1309.0
Hiệu quả xe nội tỉnh chiều về,9,DLK,DLKVC1,2026-09-04,2026,9,4,52234.92,123095.0
Hiệu quả xe nội tỉnh chiều về,9,KHA,KHAVC,2026-09-07,2026,9,7,41041.770000000004,80800.0
Tỷ lệ kết nối đúng giờ,10,VLG,VLGVC,2026-09-02,2026,9,2,179.0,180.0
Hiệu quả kết nối nội tỉnh,7,HPG,HPGVC,2026-09-03,2026,9,3,184585.72,2702.8
Hiệu quả kết nối nội tỉnh,7,DNG,DNGVC,2026-09-06,2026,9,6,113129.72,2620.0
Hiệu quả xe nội tỉnh chiều về,9,CMU,CMUVC,2026-09-01,2026,9,1,15696.21,24500.0
Hiệu quả xe nội tỉnh chiều đi,8,KHA,KHAVC,2026-09-05,2026,9,5,42060.44,70900.0
Tỷ lệ nhập đúng tải kiện 12.5s,5,HTH,HTHVC,2026-09-06,2026,9,6,4079.0,4080.0
Hiệu quả xe nội tỉnh chiều về,9,DNI,DNIVC,2026-09-07,2026,9,7,144989.62,209350.0
Hiệu quả kết nối nội tỉnh,7,HPG,HPGVC,2026-09-05,2026,9,5,219717.09,2742.8
Tỷ lệ nhập đúng tải kiện 12.5s,5,QNI,QNIVC,2026-09-04,2026,9,4,5553.0,5567.0
Hiệu quả xe nội tỉnh chiều về,9,TQG,TQGVC,2026-09-04,2026,9,4,7990.789999999999,8250.0
Tỷ lệ kết nối đúng giờ,10,BNH,BNHVC,2026-08-31,2026,8,31,2.0,2.0
Hiệu quả kết nối nội tỉnh,7,SLA,SLAVC,2026-09-05,2026,9,5,1199.6,82.0
Hiệu quả kết nối nội tỉnh,7,NBH,NBHVC,2026-09-03,2026,9,3,276037.02999999997,4051.3
Tỷ lệ nhập đúng tải kiện 12.5s,5,QTI,QTIVC,2026-09-05,2026,9,5,7826.0,8402.0
Thời gian chờ nhập,4,DBN,DBNVC,2026-09-06,2026,9,6,1.8,1.0
Hiệu quả xe nội tỉnh chiều về,9,NAN,NANVC,2026-09-07,2026,9,7,47063.67,83280.0
Hiệu quả kết nối nội tỉnh,7,HYN,HYNVC,2026-09-02,2026,9,2,122400.43,1570.1
Hiệu quả xe nội tỉnh chiều đi,8,CTO,CTOVC,2026-09-04,2026,9,4,61755.21000000001,120000.0
Hiệu quả xe nội tỉnh chiều đi,8,DLK,DLKVC1,2026-09-06,2026,9,6,86028.74000000002,118840.0
Thời gian chờ nhập,4,VLG,VLGVC,2026-09-04,2026,9,4,642.9000000000001,54.0
Hiệu quả kết nối nội tỉnh,7,QNI,QNIVC,2026-09-07,2026,9,7,67992.77,1948.0
Hiệu quả xe nội tỉnh chiều về,9,PHO,PHOVC,2026-09-02,2026,9,2,78701.27,145850.0
Hiệu quả kết nối nội tỉnh,7,THA,THAVC,2026-09-04,2026,9,4,151916.05,3935.0
Hiệu quả kết nối nội tỉnh,7,QNI,QNIVC,2026-09-05,2026,9,5,59791.61,1926.0
Hiệu quả xe nội tỉnh chiều về,9,TNN,TNNVC,2026-09-07,2026,9,7,37237.8,65140.0
Tỷ lệ nhập đúng tải kiện 12.5s,5,TNH,TNHVC,2026-09-09,2026,9,9,18003.0,19206.0
Thời gian chờ nhập,4,PHO,PHOVC,2026-09-04,2026,9,4,864.0333333333333,60.0
Tỷ lệ nhập đúng tải kiện 12.5s,5,DLK,DLKVC1,2026-09-05,2026,9,5,15769.0,16670.0
Hiệu quả kết nối nội tỉnh,7,GLI,GLIVC1,2026-09-02,2026,9,2,91548.37,3220.0
Tỷ lệ nhập đúng tải kiện 12.5s,5,CTO,CTOVC,2026-09-01,2026,9,1,5063.0,5063.0
Thời gian chờ nhập,4,HUE,HUEVC,2026-09-08,2026,9,8,475.01666666666665,18.0
Hiệu quả xe nội tỉnh chiều đi,8,HCM,HCMVC,2026-09-08,2026,9,8,304461.8,395740.0
Hiệu quả xe nội tỉnh chiều về,9,DNI,DNIVC,2026-09-01,2026,9,1,66906.12,165850.0
Tỷ lệ nhập đúng tải kiện 12.5s,5,DTP,DTPVC,2026-09-05,2026,9,5,16794.0,17034.0
Thời gian chờ nhập,4,HNI,HNVC,2026-09-06,2026,9,6,1828.45,111.0
Tỷ lệ nhập đúng tải kiện 12.5s,5,HTH,HTHVC,2026-09-02,2026,9,2,2337.0,2348.0
Hiệu quả xe nội tỉnh chiều đi,8,DLK,DLKVC1,2026-09-01,2026,9,1,74424.57,118095.0
Hiệu quả kết nối nội tỉnh,7,TQG,TQGVC,2026-09-04,2026,9,4,19872.59,988.0
Hiệu quả xe nội tỉnh chiều đi,8,QNH,QNHVC,2026-09-02,2026,9,2,34388.740000000005,32450.0
Tỷ lệ nhập đúng tải kiện 12.5s,5,KHA,KHAVC,2026-09-02,2026,9,2,4800.0,5854.0
Hiệu quả kết nối nội tỉnh,7,LSN,LSNVC,2026-09-01,2026,9,1,19886.25,399.0
Tỷ lệ xuất sạch,3,DNI,DNIVC,2026-09-05,2026,9,5,92460.0,93716.0
Tỷ lệ kết nối đúng giờ,10,PHO,PHOVC,2026-09-07,2026,9,7,358.0,362.0
Thời gian chờ nhập,4,CTO,CTOVC,2026-09-04,2026,9,4,147.63333333333335,16.0
Tỷ lệ kết nối đúng giờ,10,HYN,HYNVC,2026-08-31,2026,8,31,1.0,1.0
Thời gian chờ nhập,4,VLG,VLGVC,2026-09-03,2026,9,3,559.0,41.0
Hiệu quả xe nội tỉnh chiều đi,8,AGG,AGGVC,2026-09-06,2026,9,6,73347.51,80750.0
Hiệu quả kết nối nội tỉnh,7,GLI,GLIVC1,2026-09-07,2026,9,7,137194.02,3635.0
Tỷ lệ kết nối đúng giờ,10,PHO,PHOVC,2026-09-08,2026,9,8,354.0,370.0
Tỷ lệ kết nối đúng giờ,10,VLG,VLGVC,2026-09-04,2026,9,4,223.0,226.0
Tỷ lệ xuất sạch,3,LCI,LCIVC,2026-09-04,2026,9,4,16611.0,18133.0
Hiệu quả xe nội tỉnh chiều đi,8,TNH,TNHVC,2026-09-01,2026,9,1,79237.51000000001,120400.0
Hiệu quả kết nối nội tỉnh,7,BNH,BNHVC,2026-09-01,2026,9,1,203757.91999999998,2799.1
Tỷ lệ nhập đúng tải kiện 12.5s,5,CMU,CMUVC,2026-09-03,2026,9,3,7051.0,7085.0
Hiệu quả xe nội tỉnh chiều về,9,BNH,BNHVC,2026-09-04,2026,9,4,156894.5,210730.0
Tỷ lệ xuất sạch,3,CMU,CMUVC,2026-09-04,2026,9,4,23294.0,23322.0
Tỷ lệ xuất sạch,3,LCU,LCUVC,2026-09-05,2026,9,5,447.0,467.0
Hiệu quả xe nội tỉnh chiều về,9,BNH,BNHVC,2026-09-08,2026,9,8,87753.51999999999,124450.0
Thời gian chờ nhập,4,LCI,LCIVC,2026-09-03,2026,9,3,300.6166666666667,17.0
Tỷ lệ nhập đúng tải kiện 12.5s,5,GLI,GLIVC1,2026-09-04,2026,9,4,7182.0,7617.0
Tỷ lệ xuất sạch,3,CMU,CMUVC,2026-09-09,2026,9,9,53514.0,53892.0
Tỷ lệ xuất sạch,3,KHA,KHAVC,2026-09-08,2026,9,8,28494.0,29739.0
Hiệu quả xe nội tỉnh chiều về,9,DNI,DNIVC,2026-09-04,2026,9,4,127610.86999999998,208100.0
Hiệu quả xe nội tỉnh chiều về,9,SLA,SLAVC,2026-09-01,2026,9,1,917.08,900.0
Hiệu quả kết nối nội tỉnh,7,HYN,HYNVC,2026-09-04,2026,9,4,265741.93,2813.73
Tỷ lệ nhập đúng tải kiện 12.5s,5,HNI,HNVC,2026-09-09,2026,9,9,51429.0,55409.0
Hiệu quả kết nối nội tỉnh,7,HYN,HYNVC,2026-09-08,2026,9,8,314759.35,2791.59
Hiệu quả xe nội tỉnh chiều về,9,DLK,DLKVC1,2026-09-07,2026,9,7,63948.2,131640.0
Thời gian chờ nhập,4,HPG,HPGVC,2026-09-07,2026,9,7,371.7833333333333,43.0
Thời gian chờ nhập,4,THA,THAVC,2026-09-02,2026,9,2,800.5333333333333,40.0
Tỷ lệ nhập đúng tải kiện 12.5s,5,VLG,VLGVC,2026-09-05,2026,9,5,17405.0,17912.0
Hiệu quả kết nối nội tỉnh,7,THA,THAVC,2026-08-31,2026,8,31,16874.64,426.0
Hiệu quả xe nội tỉnh chiều về,9,HYN,HYNVC,2026-09-08,2026,9,8,140888.64,148100.0
Hiệu quả xe nội tỉnh chiều về,9,TNH,TNHVC,2026-09-03,2026,9,3,68513.66,130350.0
Tỷ lệ kết nối đúng giờ,10,HPG,HPGVC,2026-09-01,2026,9,1,183.0,184.0
Hiệu quả kết nối nội tỉnh,7,DTP,DTPVC,2026-09-07,2026,9,7,165781.53999999998,2893.4
Tỷ lệ kết nối đúng giờ,10,LDG,LDGVC,2026-09-08,2026,9,8,297.0,306.0
Hiệu quả xe nội tỉnh chiều đi,8,TNH,TNHVC,2026-08-30,2026,8,30,805.92,1650.0
Tỷ lệ xuất sạch,3,LDG,LDGVC,2026-09-03,2026,9,3,29799.0,32776.0
Hiệu quả kết nối nội tỉnh,7,KHA,KHAVC,2026-09-04,2026,9,4,86464.55,2006.0
Tỷ lệ kết nối đúng giờ,10,DBN,DBNVC,2026-09-07,2026,9,7,17.0,17.0
Tỷ lệ xuất sạch,3,AGG,AGGVC,2026-09-08,2026,9,8,46551.0,47787.0
Tỷ lệ kết nối đúng giờ,10,TQG,TQGVC,2026-09-08,2026,9,8,59.0,59.0
Tỷ lệ kết nối đúng giờ,10,KHA,KHAVC,2026-09-04,2026,9,4,187.0,189.0
Tỷ lệ xuất sạch,3,DTP,DTPVC,2026-09-08,2026,9,8,47862.0,48138.0
Tỷ lệ nhập đúng tải kiện 12.5s,5,DTP,DTPVC,2026-09-08,2026,9,8,16887.0,17049.0
Tỷ lệ nhập đúng tải kiện 12.5s,5,QTI,QTIVC,2026-09-03,2026,9,3,5585.0,5907.0
Hiệu quả xe nội tỉnh chiều về,9,LCI,LCIVC,2026-09-02,2026,9,2,22517.98,29000.0
Hiệu quả xe nội tỉnh chiều đi,8,DNG,DNGVC,2026-09-03,2026,9,3,53505.98,90150.0
Hiệu quả xe nội tỉnh chiều đi,8,NAN,NANVC,2026-09-06,2026,9,6,74270.94000000002,85430.0
Hiệu quả kết nối nội tỉnh,7,NBH,NBHVC,2026-09-08,2026,9,8,284969.27,3725.2000000000003
Hiệu quả xe nội tỉnh chiều về,9,CMU,CMUVC,2026-09-06,2026,9,6,2866.12,6750.0
Tỷ lệ nhập đúng tải kiện 12.5s,5,TQG,TQGVC,2026-09-09,2026,9,9,3838.0,3839.0
Tỷ lệ nhập đúng tải kiện 12.5s,5,LDG,LDGVC,2026-09-07,2026,9,7,19432.0,21462.0
Hiệu quả xe nội tỉnh chiều về,9,QNH,QNHVC,2026-09-06,2026,9,6,16969.589999999997,42850.0
Tỷ lệ kết nối đúng giờ,10,TNH,TNHVC,2026-09-08,2026,9,8,220.0,227.0
Thời gian chờ nhập,4,BNH,BNHVC,2026-09-09,2026,9,9,1480.5,58.0
Hiệu quả xe nội tỉnh chiều đi,8,BNH,BNHVC,2026-09-08,2026,9,8,147977.7,218300.0
Hiệu quả xe nội tỉnh chiều về,9,HTH,HTHVC,2026-09-02,2026,9,2,4842.45,18250.0
Tỷ lệ xuất sạch,3,HNI,HNVC,2026-09-08,2026,9,8,208884.0,213519.0
Hiệu quả xe nội tỉnh chiều về,9,NAN,NANVC,2026-09-04,2026,9,4,48059.63,84780.0
Hiệu quả xe nội tỉnh chiều về,9,THA,THAVC,2026-09-05,2026,9,5,76450.92000000001,143950.0
Tỷ lệ kết nối đúng giờ,10,HUE,HUEVC,2026-09-01,2026,9,1,100.0,100.0
Hiệu quả xe nội tỉnh chiều về,9,VLG,VLGVC,2026-09-05,2026,9,5,71081.01000000001,157550.0
Tỷ lệ nhập đúng tải kiện 12.5s,5,DBN,DBNVC,2026-09-08,2026,9,8,483.0,483.0
Hiệu quả kết nối nội tỉnh,7,TQG,TQGVC,2026-09-03,2026,9,3,20452.309999999998,1133.0
Thời gian chờ nhập,4,DTP,DTPVC,2026-09-08,2026,9,8,391.3833333333333,47.0
Hiệu quả kết nối nội tỉnh,7,AGG,AGGVC,2026-09-08,2026,9,8,137022.87,3282.0
Hiệu quả kết nối nội tỉnh,7,VLG,VLGVC,2026-09-02,2026,9,2,103843.20999999999,2084.2
Tỷ lệ xuất sạch,3,HCM,HCMVC,2026-09-04,2026,9,4,158202.0,161326.0
Thời gian chờ nhập,4,HUE,HUEVC,2026-09-06,2026,9,6,437.04999999999995,19.0
Tỷ lệ kết nối đúng giờ,10,KHA,KHAVC,2026-09-06,2026,9,6,186.0,188.0
Thời gian chờ nhập,4,DTP,DTPVC,2026-09-03,2026,9,3,307.81666666666666,39.0
Tỷ lệ nhập đúng tải kiện 12.5s,5,DNG,DNGVC,2026-09-08,2026,9,8,4849.0,5035.0
Hiệu quả kết nối nội tỉnh,7,LDG,LDGVC,2026-09-03,2026,9,3,68142.69,1615.7
Thời gian chờ nhập,4,QTI,QTIVC,2026-09-09,2026,9,9,351.45,33.0
Thời gian chờ nhập,4,AGG,AGGVC,2026-09-03,2026,9,3,310.68333333333334,40.0
Hiệu quả xe nội tỉnh chiều đi,8,HYN,HYNVC,2026-09-03,2026,9,3,146778.1,163750.0
Tỷ lệ kết nối đúng giờ,10,LSN,LSNVC,2026-09-04,2026,9,4,23.0,23.0
Thời gian chờ nhập,4,QTI,QTIVC,2026-09-04,2026,9,4,180.6,31.0
Hiệu quả xe nội tỉnh chiều đi,8,QNI,QNIVC,2026-09-05,2026,9,5,35065.07,34540.0
Hiệu quả xe nội tỉnh chiều về,9,VLG,VLGVC,2026-09-07,2026,9,7,78521.13,137750.0
Hiệu quả xe nội tỉnh chiều đi,8,NAN,NANVC,2026-09-04,2026,9,4,54179.61,89930.0
Hiệu quả xe nội tỉnh chiều đi,8,BNH,BNHVC,2026-09-03,2026,9,3,95438.37,233400.0
Hiệu quả xe nội tỉnh chiều đi,8,DLK,DLKVC1,2026-09-03,2026,9,3,67874.34999999998,111840.0
Tỷ lệ xuất sạch,3,NAN,NANVC,2026-09-09,2026,9,9,76766.0,79002.0
Hiệu quả xe nội tỉnh chiều đi,8,HYN,HYNVC,2026-09-06,2026,9,6,126457.41,99000.0
Tỷ lệ nhập đúng tải kiện 12.5s,5,TQG,TQGVC,2026-09-01,2026,9,1,2925.0,2926.0
Hiệu quả kết nối nội tỉnh,7,DLK,DLKVC1,2026-09-08,2026,9,8,150103.74,3454.0
Tỷ lệ nhập đúng tải kiện 12.5s,5,NBH,NBHVC,2026-09-07,2026,9,7,16453.0,16528.0
Tỷ lệ kết nối đúng giờ,10,NBH,NBHVC,2026-09-04,2026,9,4,443.0,448.0
Hiệu quả xe nội tỉnh chiều đi,8,QTI,QTIVC,2026-09-05,2026,9,5,40160.05,47190.0
Tỷ lệ nhập đúng tải kiện 12.5s,5,LCU,LCUVC,2026-09-02,2026,9,2,478.0,479.0
Hiệu quả xe nội tỉnh chiều đi,8,GLI,GLIVC1,2026-09-02,2026,9,2,62602.479999999996,80500.0
Tỷ lệ nhập đúng tải kiện 12.5s,5,CTO,CTOVC,2026-09-06,2026,9,6,4763.0,4807.0
Tỷ lệ nhập đúng tải kiện 12.5s,5,TNH,TNHVC,2026-09-05,2026,9,5,17571.0,19959.0
Hiệu quả kết nối nội tỉnh,7,CMU,CMUVC,2026-09-03,2026,9,3,73233.95,1994.0
Hiệu quả xe nội tỉnh chiều đi,8,LSN,LSNVC,2026-09-05,2026,9,5,8145.2699999999995,10650.0
Tỷ lệ nhập đúng tải kiện 12.5s,5,DBN,DBNVC,2026-09-05,2026,9,5,597.0,597.0
Tỷ lệ nhập đúng tải kiện 12.5s,5,LCI,LCIVC,2026-09-07,2026,9,7,6542.0,7268.0
Tỷ lệ kết nối đúng giờ,10,SLA,SLAVC,2026-09-07,2026,9,7,4.0,4.0
Hiệu quả kết nối nội tỉnh,7,HPG,HPGVC,2026-09-06,2026,9,6,145627.38,1584.5
Hiệu quả xe nội tỉnh chiều về,9,LSN,LSNVC,2026-09-03,2026,9,3,13131.84,15750.0
Hiệu quả kết nối nội tỉnh,7,HNI,HNVC,2026-09-07,2026,9,7,1321534.98,18281.6
Hiệu quả xe nội tỉnh chiều về,9,VLG,VLGVC,2026-09-06,2026,9,6,63691.95,94100.0
Tỷ lệ xuất sạch,3,QTI,QTIVC,2026-09-05,2026,9,5,18625.0,19790.0
Hiệu quả xe nội tỉnh chiều đi,8,GLI,GLIVC1,2026-09-04,2026,9,4,53778.09,86180.0
Hiệu quả xe nội tỉnh chiều về,9,LDG,LDGVC,2026-09-08,2026,9,8,29290.559999999998,52650.0
Hiệu quả xe nội tỉnh chiều về,9,AGG,AGGVC,2026-09-03,2026,9,3,37196.76,91750.0
Tỷ lệ kết nối đúng giờ,10,HYN,HYNVC,2026-09-08,2026,9,8,357.0,357.0
Thời gian chờ nhập,4,QNI,QNIVC,2026-09-06,2026,9,6,909.1500000000001,34.0
Hiệu quả kết nối nội tỉnh,7,DBN,DBNVC,2026-08-31,2026,8,31,975.92,6.0
Hiệu quả kết nối nội tỉnh,7,CTO,CTOVC,2026-09-07,2026,9,7,126713.06,2389.0
Tỷ lệ kết nối đúng giờ,10,THA,THAVC,2026-09-05,2026,9,5,230.0,232.0
Hiệu quả xe nội tỉnh chiều về,9,SLA,SLAVC,2026-08-31,2026,8,31,350.31,900.0
Thời gian chờ nhập,4,DTP,DTPVC,2026-09-05,2026,9,5,383.3,46.0
Tỷ lệ nhập đúng tải kiện 12.5s,5,LSN,LSNVC,2026-09-08,2026,9,8,2250.0,2644.0
Hiệu quả xe nội tỉnh chiều đi,8,DBN,DBNVC,2026-09-02,2026,9,2,1290.98,1650.0
Thời gian chờ nhập,4,CMU,CMUVC,2026-09-03,2026,9,3,223.13333333333333,25.0
Hiệu quả kết nối nội tỉnh,7,THA,THAVC,2026-09-03,2026,9,3,126885.73,3763.0
Hiệu quả xe nội tỉnh chiều về,9,LDG,LDGVC,2026-09-02,2026,9,2,18661.89,59650.0
Hiệu quả kết nối nội tỉnh,7,HNI,HNVC,2026-09-04,2026,9,4,1340195.43,18307.9
Tỷ lệ nhập đúng tải kiện 12.5s,5,GLI,GLIVC1,2026-09-09,2026,9,9,8886.0,8898.0
Thời gian chờ nhập,4,QNH,QNHVC,2026-09-02,2026,9,2,863.8333333333333,14.0
Thời gian chờ nhập,4,HNI,HNVC,2026-09-02,2026,9,2,893.5333333333333,68.0
Thời gian chờ nhập,4,TQG,TQGVC,2026-09-08,2026,9,8,416.1333333333334,15.0
Hiệu quả xe nội tỉnh chiều đi,8,TQG,TQGVC,2026-09-06,2026,9,6,13063.12,10750.0
Thời gian chờ nhập,4,VLG,VLGVC,2026-09-06,2026,9,6,745.35,44.0
Tỷ lệ nhập đúng tải kiện 12.5s,5,NAN,NANVC,2026-09-09,2026,9,9,10287.0,10840.0
Tỷ lệ kết nối đúng giờ,10,QNI,QNIVC,2026-09-02,2026,9,2,148.0,150.0
Tỷ lệ kết nối đúng giờ,10,LSN,LSNVC,2026-09-03,2026,9,3,24.0,24.0
Thời gian chờ nhập,4,LCI,LCIVC,2026-09-09,2026,9,9,592.8166666666666,20.0
Hiệu quả xe nội tỉnh chiều về,9,TQG,TQGVC,2026-09-05,2026,9,5,8739.9,12400.0
Hiệu quả kết nối nội tỉnh,7,TNH,TNHVC,2026-09-01,2026,9,1,127092.56,2994.9
Tỷ lệ nhập đúng tải kiện 12.5s,5,BNH,BNHVC,2026-09-04,2026,9,4,22391.0,27195.0
Hiệu quả xe nội tỉnh chiều đi,8,CMU,CMUVC,2026-09-05,2026,9,5,11710.880000000001,13500.0
Tỷ lệ xuất sạch,3,GLI,GLIVC1,2026-09-08,2026,9,8,32670.0,34634.0
Thời gian chờ nhập,4,DNG,DNGVC,2026-09-08,2026,9,8,439.9166666666667,23.0
Hiệu quả xe nội tỉnh chiều đi,8,AGG,AGGVC,2026-09-07,2026,9,7,94279.75,107100.0
Hiệu quả xe nội tỉnh chiều về,9,LDG,LDGVC,2026-09-06,2026,9,6,19182.270000000004,56800.0
Hiệu quả xe nội tỉnh chiều về,9,QNI,QNIVC,2026-09-03,2026,9,3,26529.41,37840.0
Tỷ lệ nhập đúng tải kiện 12.5s,5,DTP,DTPVC,2026-09-02,2026,9,2,9567.0,9589.0
Thời gian chờ nhập,4,AGG,AGGVC,2026-09-05,2026,9,5,361.0333333333333,44.0
Tỷ lệ kết nối đúng giờ,10,DBN,DBNVC,2026-09-08,2026,9,8,13.0,13.0
Thời gian chờ nhập,4,LDG,LDGVC,2026-09-09,2026,9,9,2491.583333333333,65.0
Hiệu quả xe nội tỉnh chiều về,9,AGG,AGGVC,2026-08-31,2026,8,31,9201.69,15300.0
Hiệu quả xe nội tỉnh chiều về,9,NAN,NANVC,2026-09-03,2026,9,3,39098.89000000001,71030.0
Hiệu quả xe nội tỉnh chiều về,9,SLA,SLAVC,2026-09-04,2026,9,4,171.06,900.0
Tỷ lệ nhập đúng tải kiện 12.5s,5,QTI,QTIVC,2026-09-07,2026,9,7,7611.0,7953.0
Hiệu quả xe nội tỉnh chiều về,9,QTI,QTIVC,2026-09-03,2026,9,3,29974.36,47440.0
Tỷ lệ nhập đúng tải kiện 12.5s,5,HTH,HTHVC,2026-09-05,2026,9,5,4602.0,4603.0
Tỷ lệ xuất sạch,3,CTO,CTOVC,2026-09-09,2026,9,9,24898.0,25278.0
Tỷ lệ kết nối đúng giờ,10,QNI,QNIVC,2026-09-01,2026,9,1,136.0,136.0
Tỷ lệ kết nối đúng giờ,10,CTO,CTOVC,2026-09-05,2026,9,5,268.0,269.0
Thời gian chờ nhập,4,PHO,PHOVC,2026-09-05,2026,9,5,1069.0166666666667,57.0
Hiệu quả xe nội tỉnh chiều về,9,HYN,HYNVC,2026-09-06,2026,9,6,75217.40000000001,97350.0
Hiệu quả xe nội tỉnh chiều về,9,SLA,SLAVC,2026-09-06,2026,9,6,194.91,900.0
Hiệu quả xe nội tỉnh chiều về,9,DNG,DNGVC,2026-09-05,2026,9,5,77888.59999999999,125900.0
Tỷ lệ xuất sạch,3,CMU,CMUVC,2026-09-03,2026,9,3,21739.0,25012.0
Hiệu quả xe nội tỉnh chiều đi,8,LSN,LSNVC,2026-09-08,2026,9,8,7729.169999999999,10650.0
Thời gian chờ nhập,4,GLI,GLIVC1,2026-09-08,2026,9,8,1545.6666666666665,40.0
Hiệu quả xe nội tỉnh chiều đi,8,NBH,NBHVC,2026-09-04,2026,9,4,154533.34999999998,225260.0
Hiệu quả kết nối nội tỉnh,7,GLI,GLIVC1,2026-09-06,2026,9,6,112561.03,3227.0
Tỷ lệ nhập đúng tải kiện 12.5s,5,NAN,NANVC,2026-09-01,2026,9,1,8769.0,9043.0
Hiệu quả xe nội tỉnh chiều về,9,DBN,DBNVC,2026-09-07,2026,9,7,237.22,1650.0
Hiệu quả kết nối nội tỉnh,7,VLG,VLGVC,2026-09-07,2026,9,7,169967.41,2875.8
Tỷ lệ kết nối đúng giờ,10,QTI,QTIVC,2026-09-07,2026,9,7,166.0,175.0
Hiệu quả xe nội tỉnh chiều đi,8,LDG,LDGVC,2026-09-02,2026,9,2,45445.05,67450.0
Thời gian chờ nhập,4,HCM,HCMVC,2026-09-05,2026,9,5,2239.2666666666664,139.0
Thời gian chờ nhập,4,DNI,DNIVC,2026-08-31,2026,8,31,8.15,2.0
Thời gian chờ nhập,4,SLA,SLAVC,2026-09-09,2026,9,9,196.71666666666667,2.0
Tỷ lệ nhập đúng tải kiện 12.5s,5,HNI,HNVC,2026-09-07,2026,9,7,52568.0,57848.0
Tỷ lệ kết nối đúng giờ,10,DNI,DNIVC,2026-09-02,2026,9,2,390.0,400.0
Tỷ lệ nhập đúng tải kiện 12.5s,5,DTP,DTPVC,2026-09-03,2026,9,3,12578.0,12761.0
Thời gian chờ nhập,4,HPG,HPGVC,2026-09-04,2026,9,4,351.23333333333335,42.0
Tỷ lệ xuất sạch,3,TQG,TQGVC,2026-09-04,2026,9,4,5714.0,6262.0
Hiệu quả xe nội tỉnh chiều về,9,QNI,QNIVC,2026-09-08,2026,9,8,30239.11,39490.0
Tỷ lệ kết nối đúng giờ,10,GLI,GLIVC1,2026-09-01,2026,9,1,235.0,239.0
Hiệu quả xe nội tỉnh chiều đi,8,HYN,HYNVC,2026-09-08,2026,9,8,173870.71000000005,167650.0
Tỷ lệ nhập đúng tải kiện 12.5s,5,NBH,NBHVC,2026-09-05,2026,9,5,16953.0,17383.0
Thời gian chờ nhập,4,SLA,SLAVC,2026-09-07,2026,9,7,125.51666666666667,2.0
Thời gian chờ nhập,4,KHA,KHAVC,2026-09-01,2026,9,1,747.8166666666666,44.0
Thời gian chờ nhập,4,TNN,TNNVC,2026-09-07,2026,9,7,236.13333333333333,21.0
Thời gian chờ nhập,4,NAN,NANVC,2026-09-02,2026,9,2,766.8166666666666,29.0
Tỷ lệ kết nối đúng giờ,10,SLA,SLAVC,2026-09-01,2026,9,1,4.0,5.0
Tỷ lệ kết nối đúng giờ,10,QNI,QNIVC,2026-09-03,2026,9,3,161.0,161.0
Hiệu quả xe nội tỉnh chiều về,9,HPG,HPGVC,2026-09-01,2026,9,1,20009.719999999998,72130.0
Tỷ lệ xuất sạch,3,NBH,NBHVC,2026-09-05,2026,9,5,61438.0,61914.0
Tỷ lệ nhập đúng tải kiện 12.5s,5,HNI,HNVC,2026-09-02,2026,9,2,17853.0,18841.0
Hiệu quả xe nội tỉnh chiều đi,8,QNH,QNHVC,2026-09-04,2026,9,4,52254.81,49850.0
Tỷ lệ xuất sạch,3,HPG,HPGVC,2026-09-05,2026,9,5,65326.0,66335.0
Tỷ lệ xuất sạch,3,VLG,VLGVC,2026-09-04,2026,9,4,45241.0,48593.0
Tỷ lệ nhập đúng tải kiện 12.5s,5,HUE,HUEVC,2026-09-01,2026,9,1,3727.0,3733.0
Tỷ lệ xuất sạch,3,BNH,BNHVC,2026-09-04,2026,9,4,69762.0,83109.0
Tỷ lệ kết nối đúng giờ,10,HTH,HTHVC,2026-09-07,2026,9,7,74.0,76.0
Hiệu quả xe nội tỉnh chiều đi,8,HPG,HPGVC,2026-09-07,2026,9,7,140793.41000000003,219810.0
Hiệu quả xe nội tỉnh chiều đi,8,QNI,QNIVC,2026-09-01,2026,9,1,25324.65,27595.0
Tỷ lệ kết nối đúng giờ,10,HCM,HCMVC,2026-09-03,2026,9,3,3138.0,3178.0
Thời gian chờ nhập,4,DTP,DTPVC,2026-09-06,2026,9,6,182.89999999999998,36.0
Hiệu quả kết nối nội tỉnh,7,NBH,NBHVC,2026-09-04,2026,9,4,304422.5,3987.9
Thời gian chờ nhập,4,LCI,LCIVC,2026-09-08,2026,9,8,455.85,20.0
Hiệu quả xe nội tỉnh chiều đi,8,DNI,DNIVC,2026-09-07,2026,9,7,164466.93,211350.0
Tỷ lệ xuất sạch,3,DNG,DNGVC,2026-09-03,2026,9,3,21520.0,22787.0
Tỷ lệ kết nối đúng giờ,10,QNH,QNHVC,2026-09-06,2026,9,6,100.0,102.0
Tỷ lệ kết nối đúng giờ,10,DTP,DTPVC,2026-09-06,2026,9,6,143.0,144.0
Tỷ lệ kết nối đúng giờ,10,HPG,HPGVC,2026-09-08,2026,9,8,298.0,302.0
Hiệu quả xe nội tỉnh chiều đi,8,TNN,TNNVC,2026-09-06,2026,9,6,30152.870000000003,61010.0
Tỷ lệ xuất sạch,3,HCM,HCMVC,2026-09-08,2026,9,8,169578.0,175027.0
Tỷ lệ nhập đúng tải kiện 12.5s,5,NAN,NANVC,2026-09-04,2026,9,4,10452.0,10453.0
Hiệu quả kết nối nội tỉnh,7,CTO,CTOVC,2026-08-31,2026,8,31,1255.58,25.0
Hiệu quả xe nội tỉnh chiều đi,8,CTO,CTOVC,2026-09-07,2026,9,7,58200.37,122000.0
Tỷ lệ kết nối đúng giờ,10,HNI,HNVC,2026-09-02,2026,9,2,1679.0,1829.0
Tỷ lệ kết nối đúng giờ,10,DNG,DNGVC,2026-09-05,2026,9,5,348.0,357.0
Hiệu quả kết nối nội tỉnh,7,QNI,QNIVC,2026-09-02,2026,9,2,40900.96,1724.0
Hiệu quả kết nối nội tỉnh,7,NBH,NBHVC,2026-09-02,2026,9,2,144595.24,2891.8
Hiệu quả xe nội tỉnh chiều về,9,NAN,NANVC,2026-09-08,2026,9,8,42856.909999999996,79080.0
Tỷ lệ nhập đúng tải kiện 12.5s,5,GLI,GLIVC1,2026-09-05,2026,9,5,9409.0,9425.0
Thời gian chờ nhập,4,QTI,QTIVC,2026-09-06,2026,9,6,169.66666666666669,29.0
Hiệu quả xe nội tỉnh chiều đi,8,AGG,AGGVC,2026-09-01,2026,9,1,103929.26000000001,105300.0
Thời gian chờ nhập,4,LCU,LCUVC,2026-09-02,2026,9,2,4.0,2.0
Tỷ lệ xuất sạch,3,HCM,HCMVC,2026-09-09,2026,9,9,353238.0,357160.0
Tỷ lệ kết nối đúng giờ,10,HTH,HTHVC,2026-09-06,2026,9,6,46.0,47.0
Hiệu quả xe nội tỉnh chiều đi,8,GLI,GLIVC1,2026-09-01,2026,9,1,57240.95,82150.0
Thời gian chờ nhập,4,QNI,QNIVC,2026-09-09,2026,9,9,89.41666666666666,28.0
Tỷ lệ kết nối đúng giờ,10,QTI,QTIVC,2026-09-02,2026,9,2,110.0,127.0
Thời gian chờ nhập,4,TQG,TQGVC,2026-09-07,2026,9,7,136.58333333333334,14.0
Hiệu quả kết nối nội tỉnh,7,KHA,KHAVC,2026-08-31,2026,8,31,2659.09,44.0
Thời gian chờ nhập,4,QTI,QTIVC,2026-09-01,2026,9,1,163.76666666666665,29.0
Hiệu quả kết nối nội tỉnh,7,TQG,TQGVC,2026-09-05,2026,9,5,21789.989999999998,1141.0
Thời gian chờ nhập,4,DTP,DTPVC,2026-09-01,2026,9,1,173.66666666666669,31.0
Tỷ lệ kết nối đúng giờ,10,HPG,HPGVC,2026-09-04,2026,9,4,312.0,315.0
Tỷ lệ nhập đúng tải kiện 12.5s,5,BNH,BNHVC,2026-09-09,2026,9,9,24413.0,26448.0
Hiệu quả kết nối nội tỉnh,7,QNH,QNHVC,2026-08-31,2026,8,31,4758.97,193.59999999999997
Tỷ lệ xuất sạch,3,DNG,DNGVC,2026-09-09,2026,9,9,72552.0,84916.0
Hiệu quả kết nối nội tỉnh,7,LDG,LDGVC,2026-09-01,2026,9,1,78309.32999999999,3279.7
Hiệu quả xe nội tỉnh chiều đi,8,TNH,TNHVC,2026-09-05,2026,9,5,101248.47999999998,148700.0
Hiệu quả kết nối nội tỉnh,7,HTH,HTHVC,2026-09-08,2026,9,8,36299.14,966.8
Hiệu quả xe nội tỉnh chiều đi,8,NAN,NANVC,2026-09-07,2026,9,7,70558.01999999999,88180.0
Hiệu quả xe nội tỉnh chiều đi,8,AGG,AGGVC,2026-09-05,2026,9,5,81444.26,104450.0
Hiệu quả xe nội tỉnh chiều về,9,QTI,QTIVC,2026-09-05,2026,9,5,27915.31,45540.0
Hiệu quả xe nội tỉnh chiều về,9,NAN,NANVC,2026-09-01,2026,9,1,33150.36,69130.0
Hiệu quả kết nối nội tỉnh,7,PHO,PHOVC,2026-09-07,2026,9,7,255799.8,4007.0
Tỷ lệ xuất sạch,3,HCM,HCMVC,2026-09-05,2026,9,5,157388.0,159986.0
Tỷ lệ kết nối đúng giờ,10,QTI,QTIVC,2026-09-04,2026,9,4,163.0,167.0
Thời gian chờ nhập,4,HNI,HNVC,2026-09-07,2026,9,7,2919.8,152.0
Tỷ lệ xuất sạch,3,TQG,TQGVC,2026-09-09,2026,9,9,13706.0,14948.0
Hiệu quả xe nội tỉnh chiều đi,8,LDG,LDGVC,2026-09-03,2026,9,3,38193.45999999999,56950.0
Tỷ lệ nhập đúng tải kiện 12.5s,5,QNI,QNIVC,2026-09-06,2026,9,6,6017.0,6041.0
Hiệu quả xe nội tỉnh chiều về,9,BNH,BNHVC,2026-08-31,2026,8,31,33226.94,48780.0
Hiệu quả xe nội tỉnh chiều đi,8,HNI,HNVC,2026-09-06,2026,9,6,301815.72,550950.0
Tỷ lệ kết nối đúng giờ,10,HYN,HYNVC,2026-09-07,2026,9,7,353.0,357.0
Tỷ lệ nhập đúng tải kiện 12.5s,5,LCI,LCIVC,2026-09-03,2026,9,3,4827.0,5512.0
Tỷ lệ kết nối đúng giờ,10,TNH,TNHVC,2026-09-06,2026,9,6,184.0,187.0
Tỷ lệ kết nối đúng giờ,10,NAN,NANVC,2026-09-05,2026,9,5,174.0,174.0
Tỷ lệ xuất sạch,3,TNN,TNNVC,2026-09-03,2026,9,3,15308.0,18820.0
Tỷ lệ nhập đúng tải kiện 12.5s,5,DTP,DTPVC,2026-09-01,2026,9,1,13050.0,13115.0
Thời gian chờ nhập,4,HNI,HNVC,2026-09-03,2026,9,3,2502.1,142.0
Hiệu quả kết nối nội tỉnh,7,DNI,DNIVC,2026-09-03,2026,9,3,211554.41999999998,5376.2
Hiệu quả xe nội tỉnh chiều về,9,THA,THAVC,2026-09-02,2026,9,2,36587.499999999985,142800.0
Thời gian chờ nhập,4,TNN,TNNVC,2026-09-09,2026,9,9,251.63333333333335,18.0
Hiệu quả xe nội tỉnh chiều về,9,SLA,SLAVC,2026-09-03,2026,9,3,238.41,900.0
Hiệu quả xe nội tỉnh chiều đi,8,QTI,QTIVC,2026-09-07,2026,9,7,50863.47,50740.0
Hiệu quả xe nội tỉnh chiều về,9,QNH,QNHVC,2026-08-31,2026,8,31,4758.97,6800.0
Thời gian chờ nhập,4,QNH,QNHVC,2026-09-04,2026,9,4,541.45,21.0
Tỷ lệ kết nối đúng giờ,10,LCI,LCIVC,2026-09-02,2026,9,2,89.0,89.0
Tỷ lệ nhập đúng tải kiện 12.5s,5,GLI,GLIVC1,2026-09-03,2026,9,3,8363.0,9146.0
Hiệu quả xe nội tỉnh chiều đi,8,NBH,NBHVC,2026-09-01,2026,9,1,111068.82,167660.0
Thời gian chờ nhập,4,CTO,CTOVC,2026-09-03,2026,9,3,94.96666666666667,14.0
Hiệu quả xe nội tỉnh chiều về,9,DTP,DTPVC,2026-09-06,2026,9,6,53082.97,105250.0
Tỷ lệ kết nối đúng giờ,10,HCM,HCMVC,2026-09-01,2026,9,1,1944.0,1969.0
Hiệu quả kết nối nội tỉnh,7,KHA,KHAVC,2026-09-05,2026,9,5,82849.9,2160.0
Tỷ lệ xuất sạch,3,TQG,TQGVC,2026-09-08,2026,9,8,7343.0,7466.0
Tỷ lệ xuất sạch,3,QNH,QNHVC,2026-09-03,2026,9,3,15830.0,17312.0
Hiệu quả xe nội tỉnh chiều đi,8,QNI,QNIVC,2026-09-02,2026,9,2,27642.34,27395.0
Thời gian chờ nhập,4,DNG,DNGVC,2026-09-09,2026,9,9,690.9166666666666,24.0
Hiệu quả xe nội tỉnh chiều về,9,VLG,VLGVC,2026-08-31,2026,8,31,16216.579999999998,19250.0
Hiệu quả kết nối nội tỉnh,7,LSN,LSNVC,2026-09-03,2026,9,3,19364.52,500.0
Hiệu quả xe nội tỉnh chiều đi,8,HTH,HTHVC,2026-09-07,2026,9,7,27838.789999999997,37900.0
Tỷ lệ kết nối đúng giờ,10,DTP,DTPVC,2026-08-31,2026,8,31,8.0,8.0
Tỷ lệ nhập đúng tải kiện 12.5s,5,KHA,KHAVC,2026-09-04,2026,9,4,6010.0,6888.0
Tỷ lệ kết nối đúng giờ,10,QNH,QNHVC,2026-08-31,2026,8,31,9.0,9.0
Tỷ lệ kết nối đúng giờ,10,CTO,CTOVC,2026-09-03,2026,9,3,258.0,261.0
Hiệu quả kết nối nội tỉnh,7,DTP,DTPVC,2026-09-05,2026,9,5,168297.31,2864.6
Hiệu quả xe nội tỉnh chiều về,9,LCI,LCIVC,2026-09-07,2026,9,7,44716.49,32500.0
Hiệu quả kết nối nội tỉnh,7,TNH,TNHVC,2026-09-03,2026,9,3,136165.33,3479.3
Thời gian chờ nhập,4,GLI,GLIVC1,2026-09-04,2026,9,4,431.98333333333335,35.0
Thời gian chờ nhập,4,BNH,BNHVC,2026-09-01,2026,9,1,1750.1166666666668,39.0
Thời gian chờ nhập,4,HNI,HNVC,2026-09-08,2026,9,8,2698.5333333333333,146.0
Tỷ lệ kết nối đúng giờ,10,QNI,QNIVC,2026-09-06,2026,9,6,174.0,174.0
Hiệu quả kết nối nội tỉnh,7,HNI,HNVC,2026-09-02,2026,9,2,409750.65,8011.300000000001
Hiệu quả xe nội tỉnh chiều đi,8,PHO,PHOVC,2026-09-01,2026,9,1,96134.12,178750.0
Hiệu quả xe nội tỉnh chiều về,9,QNH,QNHVC,2026-09-07,2026,9,7,21405.45,42250.0
Tỷ lệ nhập đúng tải kiện 12.5s,5,PHO,PHOVC,2026-09-02,2026,9,2,10415.0,11409.0
Thời gian chờ nhập,4,LDG,LDGVC,2026-09-02,2026,9,2,1566.8500000000001,67.0
Hiệu quả xe nội tỉnh chiều đi,8,HNI,HNVC,2026-08-31,2026,8,31,21038.03,37700.0
Hiệu quả xe nội tỉnh chiều về,9,DBN,DBNVC,2026-09-08,2026,9,8,72.78,1650.0
Tỷ lệ xuất sạch,3,GLI,GLIVC1,2026-09-05,2026,9,5,27365.0,27966.0
Tỷ lệ nhập đúng tải kiện 12.5s,5,QTI,QTIVC,2026-09-04,2026,9,4,6626.0,6834.0
Tỷ lệ nhập đúng tải kiện 12.5s,5,KHA,KHAVC,2026-09-06,2026,9,6,8313.0,10099.0
Tỷ lệ nhập đúng tải kiện 12.5s,5,LCI,LCIVC,2026-09-08,2026,9,8,6446.0,8175.0
Hiệu quả xe nội tỉnh chiều đi,8,HTH,HTHVC,2026-09-03,2026,9,3,22050.29,37900.0
Hiệu quả xe nội tỉnh chiều đi,8,VLG,VLGVC,2026-09-04,2026,9,4,76104.4,138600.0
Hiệu quả xe nội tỉnh chiều về,9,HNI,HNVC,2026-08-31,2026,8,31,208377.85,271050.0
Tỷ lệ nhập đúng tải kiện 12.5s,5,DNG,DNGVC,2026-09-02,2026,9,2,4420.0,4461.0
Hiệu quả xe nội tỉnh chiều về,9,KHA,KHAVC,2026-09-03,2026,9,3,40008.81999999999,75850.0
Tỷ lệ nhập đúng tải kiện 12.5s,5,QNH,QNHVC,2026-09-05,2026,9,5,8038.0,8350.0
Hiệu quả xe nội tỉnh chiều về,9,CTO,CTOVC,2026-09-05,2026,9,5,64602.860000000015,137600.0
Thời gian chờ nhập,4,BNH,BNHVC,2026-08-31,2026,8,31,3.5,2.0
Tỷ lệ kết nối đúng giờ,10,DTP,DTPVC,2026-09-02,2026,9,2,143.0,144.0
Hiệu quả kết nối nội tỉnh,7,NBH,NBHVC,2026-08-31,2026,8,31,21466.989999999998,293.4
Tỷ lệ nhập đúng tải kiện 12.5s,5,NAN,NANVC,2026-09-03,2026,9,3,7208.0,7265.0
Tỷ lệ kết nối đúng giờ,10,DNG,DNGVC,2026-09-02,2026,9,2,191.0,203.0
Thời gian chờ nhập,4,BNH,BNHVC,2026-09-05,2026,9,5,1297.9666666666667,67.0
Hiệu quả kết nối nội tỉnh,7,DBN,DBNVC,2026-09-04,2026,9,4,1484.79,185.0
Thời gian chờ nhập,4,LCI,LCIVC,2026-09-06,2026,9,6,391.9166666666667,19.0
Hiệu quả xe nội tỉnh chiều về,9,DTP,DTPVC,2026-09-08,2026,9,8,63610.549999999996,137650.0
Hiệu quả kết nối nội tỉnh,7,DBN,DBNVC,2026-09-01,2026,9,1,1177.11,179.0
Tỷ lệ nhập đúng tải kiện 12.5s,5,QNH,QNHVC,2026-09-04,2026,9,4,7033.0,8717.0
Hiệu quả xe nội tỉnh chiều đi,8,QNH,QNHVC,2026-09-03,2026,9,3,43517.32,49850.0
Tỷ lệ xuất sạch,3,QNI,QNIVC,2026-09-05,2026,9,5,21886.0,22103.0
Tỷ lệ kết nối đúng giờ,10,KHA,KHAVC,2026-09-08,2026,9,8,199.0,200.0
Tỷ lệ kết nối đúng giờ,10,DLK,DLKVC1,2026-09-03,2026,9,3,216.0,217.0
Hiệu quả xe nội tỉnh chiều đi,8,VLG,VLGVC,2026-09-05,2026,9,5,84032.53,142400.0
Thời gian chờ nhập,4,NBH,NBHVC,2026-09-01,2026,9,1,575.75,47.0
Hiệu quả xe nội tỉnh chiều về,9,KHA,KHAVC,2026-09-04,2026,9,4,44091.09999999999,74200.0
Hiệu quả kết nối nội tỉnh,7,SLA,SLAVC,2026-08-31,2026,8,31,350.31,41.0
Tỷ lệ nhập đúng tải kiện 12.5s,5,LSN,LSNVC,2026-09-03,2026,9,3,1598.0,1598.0
Thời gian chờ nhập,4,CTO,CTOVC,2026-09-02,2026,9,2,235.93333333333334,16.0
Hiệu quả xe nội tỉnh chiều về,9,DNI,DNIVC,2026-09-05,2026,9,5,111184.67,202950.0
Tỷ lệ kết nối đúng giờ,10,QNH,QNHVC,2026-09-04,2026,9,4,115.0,116.0
Thời gian chờ nhập,4,KHA,KHAVC,2026-09-03,2026,9,3,687.0,43.0
Hiệu quả xe nội tỉnh chiều đi,8,THA,THAVC,2026-09-07,2026,9,7,71680.98,147400.0
Tỷ lệ nhập đúng tải kiện 12.5s,5,GLI,GLIVC1,2026-09-07,2026,9,7,9235.0,10503.0
Hiệu quả kết nối nội tỉnh,7,AGG,AGGVC,2026-09-04,2026,9,4,124953.34,3396.0
Hiệu quả xe nội tỉnh chiều đi,8,NBH,NBHVC,2026-09-02,2026,9,2,78229.78,158760.0
Tỷ lệ nhập đúng tải kiện 12.5s,5,TNN,TNNVC,2026-09-01,2026,9,1,6366.0,7719.0
Hiệu quả kết nối nội tỉnh,7,LDG,LDGVC,2026-09-02,2026,9,2,64106.94,3040.7
Thời gian chờ nhập,4,LDG,LDGVC,2026-09-05,2026,9,5,1605.0666666666666,76.0
Hiệu quả xe nội tỉnh chiều về,9,GLI,GLIVC1,2026-09-02,2026,9,2,28945.890000000007,70780.0
Hiệu quả kết nối nội tỉnh,7,NBH,NBHVC,2026-09-05,2026,9,5,281697.93,3959.2
Hiệu quả xe nội tỉnh chiều đi,8,HTH,HTHVC,2026-09-02,2026,9,2,16102.13,23400.0
Tỷ lệ kết nối đúng giờ,10,HPG,HPGVC,2026-09-05,2026,9,5,317.0,317.0
Thời gian chờ nhập,4,THA,THAVC,2026-09-05,2026,9,5,285.1666666666667,36.0
Thời gian chờ nhập,4,DNG,DNGVC,2026-09-05,2026,9,5,622.6833333333334,25.0
Tỷ lệ xuất sạch,3,DTP,DTPVC,2026-09-09,2026,9,9,90140.0,92544.0
Hiệu quả kết nối nội tỉnh,7,LDG,LDGVC,2026-09-07,2026,9,7,107794.97,3465.7
Hiệu quả kết nối nội tỉnh,7,SLA,SLAVC,2026-09-06,2026,9,6,1280.3200000000002,82.0
Tỷ lệ nhập đúng tải kiện 12.5s,5,SLA,SLAVC,2026-09-07,2026,9,7,103.0,188.0
Thời gian chờ nhập,4,HTH,HTHVC,2026-09-08,2026,9,8,407.2,12.0
Hiệu quả xe nội tỉnh chiều đi,8,DNI,DNIVC,2026-09-04,2026,9,4,149815.88999999998,209150.0
Tỷ lệ nhập đúng tải kiện 12.5s,5,DNI,DNIVC,2026-09-08,2026,9,8,20857.0,22759.0
Thời gian chờ nhập,4,DTP,DTPVC,2026-09-02,2026,9,2,196.61666666666667,33.0
Tỷ lệ nhập đúng tải kiện 12.5s,5,TNN,TNNVC,2026-09-04,2026,9,4,6269.0,7610.0
Hiệu quả kết nối nội tỉnh,7,HUE,HUEVC,2026-09-03,2026,9,3,29829.39,720.0
Hiệu quả xe nội tỉnh chiều đi,8,VLG,VLGVC,2026-09-01,2026,9,1,72751.85,90850.0
Thời gian chờ nhập,4,LCU,LCUVC,2026-09-07,2026,9,7,2.6666666666666665,2.0
Tỷ lệ nhập đúng tải kiện 12.5s,5,AGG,AGGVC,2026-09-09,2026,9,9,16804.0,17066.0
Tỷ lệ kết nối đúng giờ,10,HYN,HYNVC,2026-09-02,2026,9,2,189.0,189.0
Tỷ lệ kết nối đúng giờ,10,TQG,TQGVC,2026-09-03,2026,9,3,57.0,59.0
Hiệu quả xe nội tỉnh chiều đi,8,THA,THAVC,2026-09-05,2026,9,5,76390.3,144800.0
Hiệu quả kết nối nội tỉnh,7,HNI,HNVC,2026-09-06,2026,9,6,816958.82,10660.3
Hiệu quả xe nội tỉnh chiều đi,8,AGG,AGGVC,2026-09-08,2026,9,8,94570.75,99400.0
Tỷ lệ kết nối đúng giờ,10,DBN,DBNVC,2026-09-05,2026,9,5,13.0,13.0
Tỷ lệ nhập đúng tải kiện 12.5s,5,HUE,HUEVC,2026-09-05,2026,9,5,5778.0,6196.0
Hiệu quả xe nội tỉnh chiều về,9,PHO,PHOVC,2026-09-06,2026,9,6,120205.13,165900.0
Tỷ lệ kết nối đúng giờ,10,TNN,TNNVC,2026-09-06,2026,9,6,133.0,134.0
Tỷ lệ xuất sạch,3,QTI,QTIVC,2026-09-03,2026,9,3,14630.0,16712.0
Thời gian chờ nhập,4,PHO,PHOVC,2026-09-08,2026,9,8,1544.5833333333335,54.0
Hiệu quả xe nội tỉnh chiều về,9,LCI,LCIVC,2026-09-01,2026,9,1,36505.59,34500.0
Tỷ lệ kết nối đúng giờ,10,NBH,NBHVC,2026-09-06,2026,9,6,344.0,356.0
Hiệu quả kết nối nội tỉnh,7,CTO,CTOVC,2026-09-06,2026,9,6,120586.86,2420.0
Tỷ lệ nhập đúng tải kiện 12.5s,5,HTH,HTHVC,2026-09-03,2026,9,3,2967.0,2967.0
Thời gian chờ nhập,4,TNH,TNHVC,2026-09-05,2026,9,5,629.0833333333334,62.0
Hiệu quả xe nội tỉnh chiều đi,8,LSN,LSNVC,2026-09-06,2026,9,6,12400.84,15150.0
Tỷ lệ xuất sạch,3,QNI,QNIVC,2026-09-08,2026,9,8,19030.0,19106.0
Hiệu quả kết nối nội tỉnh,7,BNH,BNHVC,2026-09-06,2026,9,6,211280.86000000002,2813.1
Tỷ lệ kết nối đúng giờ,10,LDG,LDGVC,2026-09-02,2026,9,2,265.0,267.0
Thời gian chờ nhập,4,DNI,DNIVC,2026-09-01,2026,9,1,442.45000000000005,49.0
Tỷ lệ kết nối đúng giờ,10,HNI,HNVC,2026-09-07,2026,9,7,3294.0,3550.0
Thời gian chờ nhập,4,TNH,TNHVC,2026-09-07,2026,9,7,674.0833333333334,56.0
Tỷ lệ xuất sạch,3,AGG,AGGVC,2026-09-03,2026,9,3,31759.0,32048.0
Hiệu quả xe nội tỉnh chiều về,9,TQG,TQGVC,2026-09-01,2026,9,1,7067.41,10750.0
Tỷ lệ kết nối đúng giờ,10,TNH,TNHVC,2026-09-04,2026,9,4,220.0,228.0
Tỷ lệ kết nối đúng giờ,10,DNI,DNIVC,2026-09-03,2026,9,3,477.0,495.0
Hiệu quả xe nội tỉnh chiều đi,8,CTO,CTOVC,2026-09-05,2026,9,5,61209.5,127700.0
Hiệu quả kết nối nội tỉnh,7,TNN,TNNVC,2026-09-05,2026,9,5,66089.14,1298.0
Thời gian chờ nhập,4,TNN,TNNVC,2026-09-04,2026,9,4,563.8333333333334,20.0
Hiệu quả kết nối nội tỉnh,7,TNH,TNHVC,2026-09-06,2026,9,6,142217.09999999998,3182.0
Tỷ lệ nhập đúng tải kiện 12.5s,5,NBH,NBHVC,2026-09-02,2026,9,2,8383.0,8757.0
Tỷ lệ kết nối đúng giờ,10,DTP,DTPVC,2026-09-04,2026,9,4,205.0,207.0
Tỷ lệ xuất sạch,3,LDG,LDGVC,2026-09-04,2026,9,4,43852.0,49178.0
Hiệu quả xe nội tỉnh chiều đi,8,CTO,CTOVC,2026-09-03,2026,9,3,47391.96999999999,124500.0
Hiệu quả xe nội tỉnh chiều về,9,TNN,TNNVC,2026-08-31,2026,8,31,5864.68,9600.0
Tỷ lệ kết nối đúng giờ,10,DLK,DLKVC1,2026-09-01,2026,9,1,243.0,245.0
Hiệu quả xe nội tỉnh chiều về,9,HNI,HNVC,2026-09-03,2026,9,3,909330.22,1289695.0
Thời gian chờ nhập,4,CMU,CMUVC,2026-08-31,2026,8,31,6.383333333333333,1.0
Tỷ lệ xuất sạch,3,HYN,HYNVC,2026-09-03,2026,9,3,45311.0,46169.0
Hiệu quả xe nội tỉnh chiều đi,8,LDG,LDGVC,2026-09-07,2026,9,7,71043.42,81050.0
Hiệu quả xe nội tỉnh chiều về,9,GLI,GLIVC1,2026-09-01,2026,9,1,41394.829999999994,82080.0
Hiệu quả xe nội tỉnh chiều về,9,LCI,LCIVC,2026-09-05,2026,9,5,44210.469999999994,33500.0
Tỷ lệ nhập đúng tải kiện 12.5s,5,DNI,DNIVC,2026-09-04,2026,9,4,20112.0,21650.0
Tỷ lệ xuất sạch,3,VLG,VLGVC,2026-09-08,2026,9,8,50080.0,52066.0
Hiệu quả kết nối nội tỉnh,7,TNN,TNNVC,2026-09-07,2026,9,7,66513.68,1354.0
Tỷ lệ xuất sạch,3,THA,THAVC,2026-09-04,2026,9,4,51805.0,60351.0
Hiệu quả xe nội tỉnh chiều về,9,HUE,HUEVC,2026-09-02,2026,9,2,9655.97,28030.0
Thời gian chờ nhập,4,DNG,DNGVC,2026-09-03,2026,9,3,342.31666666666666,20.0
Hiệu quả xe nội tỉnh chiều về,9,HNI,HNVC,2026-09-08,2026,9,8,700431.6900000001,996650.0
Hiệu quả kết nối nội tỉnh,7,HYN,HYNVC,2026-09-03,2026,9,3,281229.01,2799.12
Tỷ lệ xuất sạch,3,CTO,CTOVC,2026-09-03,2026,9,3,9495.0,9503.0
Thời gian chờ nhập,4,GLI,GLIVC1,2026-09-07,2026,9,7,1528.35,41.0
Tỷ lệ xuất sạch,3,LCI,LCIVC,2026-09-03,2026,9,3,14950.0,15788.0
Hiệu quả xe nội tỉnh chiều đi,8,BNH,BNHVC,2026-09-04,2026,9,4,130794.60999999999,220800.0
Tỷ lệ nhập đúng tải kiện 12.5s,5,PHO,PHOVC,2026-09-01,2026,9,1,13757.0,14681.0
Hiệu quả xe nội tỉnh chiều về,9,HYN,HYNVC,2026-09-07,2026,9,7,150286.95,157650.0
Hiệu quả xe nội tỉnh chiều đi,8,DNG,DNGVC,2026-09-01,2026,9,1,54768.03,79650.0
Tỷ lệ kết nối đúng giờ,10,LSN,LSNVC,2026-09-02,2026,9,2,21.0,21.0
Tỷ lệ kết nối đúng giờ,10,GLI,GLIVC1,2026-09-05,2026,9,5,212.0,221.0
Hiệu quả xe nội tỉnh chiều về,9,HUE,HUEVC,2026-09-03,2026,9,3,14842.3,25550.0
Hiệu quả xe nội tỉnh chiều về,9,KHA,KHAVC,2026-09-06,2026,9,6,23503.77,69250.0
Tỷ lệ xuất sạch,3,LSN,LSNVC,2026-09-08,2026,9,8,12600.0,12604.0
Tỷ lệ xuất sạch,3,BNH,BNHVC,2026-09-09,2026,9,9,133986.0,154002.0
Hiệu quả xe nội tỉnh chiều đi,8,HUE,HUEVC,2026-09-03,2026,9,3,14987.089999999997,33600.0
Tỷ lệ kết nối đúng giờ,10,THA,THAVC,2026-09-07,2026,9,7,227.0,242.0
Tỷ lệ nhập đúng tải kiện 12.5s,5,PHO,PHOVC,2026-09-06,2026,9,6,19622.0,20901.0
Tỷ lệ nhập đúng tải kiện 12.5s,5,VLG,VLGVC,2026-09-09,2026,9,9,17863.0,18512.0
Tỷ lệ nhập đúng tải kiện 12.5s,5,THA,THAVC,2026-09-06,2026,9,6,13549.0,14067.0
Tỷ lệ xuất sạch,3,HUE,HUEVC,2026-09-05,2026,9,5,21048.0,21135.0
Hiệu quả xe nội tỉnh chiều đi,8,HUE,HUEVC,2026-09-06,2026,9,6,24963.630000000005,31130.0
Tỷ lệ nhập đúng tải kiện 12.5s,5,DNG,DNGVC,2026-09-06,2026,9,6,4095.0,4113.0
Tỷ lệ nhập đúng tải kiện 12.5s,5,LSN,LSNVC,2026-09-06,2026,9,6,1996.0,2333.0
Hiệu quả xe nội tỉnh chiều về,9,LCI,LCIVC,2026-09-03,2026,9,3,39172.41,29650.0
Thời gian chờ nhập,4,NBH,NBHVC,2026-09-02,2026,9,2,378.8833333333333,40.0
Tỷ lệ kết nối đúng giờ,10,AGG,AGGVC,2026-09-03,2026,9,3,201.0,205.0
Hiệu quả xe nội tỉnh chiều đi,8,QTI,QTIVC,2026-09-01,2026,9,1,34078.91,43990.0
Thời gian chờ nhập,4,HYN,HYNVC,2026-09-01,2026,9,1,187.2,29.0
Thời gian chờ nhập,4,LCU,LCUVC,2026-09-04,2026,9,4,1.1333333333333333,1.0
Tỷ lệ xuất sạch,3,HUE,HUEVC,2026-09-03,2026,9,3,14941.0,14963.0
Tỷ lệ xuất sạch,3,KHA,KHAVC,2026-09-09,2026,9,9,58500.0,59430.0
Tỷ lệ nhập đúng tải kiện 12.5s,5,HPG,HPGVC,2026-09-09,2026,9,9,21025.0,21445.0
Tỷ lệ nhập đúng tải kiện 12.5s,5,QNI,QNIVC,2026-09-02,2026,9,2,4736.0,4783.0
Hiệu quả xe nội tỉnh chiều về,9,HYN,HYNVC,2026-09-05,2026,9,5,159113.32,147050.0
Tỷ lệ nhập đúng tải kiện 12.5s,5,TNH,TNHVC,2026-09-03,2026,9,3,14220.0,15409.0
Hiệu quả kết nối nội tỉnh,7,TNN,TNNVC,2026-08-31,2026,8,31,5864.68,89.0
Tỷ lệ xuất sạch,3,DNI,DNIVC,2026-09-08,2026,9,8,111424.0,115203.0
Hiệu quả xe nội tỉnh chiều về,9,QNH,QNHVC,2026-09-05,2026,9,5,25628.76,46750.0
Tỷ lệ xuất sạch,3,HTH,HTHVC,2026-09-03,2026,9,3,7904.0,8851.0
Hiệu quả xe nội tỉnh chiều đi,8,AGG,AGGVC,2026-09-03,2026,9,3,57576.87,100350.0
Hiệu quả xe nội tỉnh chiều đi,8,DTP,DTPVC,2026-09-04,2026,9,4,75039.43,149950.0
Hiệu quả kết nối nội tỉnh,7,HTH,HTHVC,2026-09-03,2026,9,3,32127.17,925.2
Hiệu quả xe nội tỉnh chiều về,9,HCM,HCMVC,2026-08-31,2026,8,31,30762.18,37100.0
Thời gian chờ nhập,4,DNI,DNIVC,2026-09-08,2026,9,8,899.6166666666666,74.0
Hiệu quả kết nối nội tỉnh,7,CTO,CTOVC,2026-09-02,2026,9,2,91385.49,2129.0
Hiệu quả kết nối nội tỉnh,7,DNI,DNIVC,2026-09-07,2026,9,7,309456.55,5954.9
Thời gian chờ nhập,4,BNH,BNHVC,2026-09-08,2026,9,8,1691.3333333333335,59.0
Tỷ lệ nhập đúng tải kiện 12.5s,5,NAN,NANVC,2026-09-02,2026,9,2,7128.0,7172.0
Tỷ lệ nhập đúng tải kiện 12.5s,5,DNG,DNGVC,2026-09-04,2026,9,4,3723.0,3729.0
Thời gian chờ nhập,4,CTO,CTOVC,2026-09-08,2026,9,8,94.31666666666666,17.0
Hiệu quả xe nội tỉnh chiều về,9,HCM,HCMVC,2026-09-01,2026,9,1,108977.32,279460.0
Tỷ lệ xuất sạch,3,LSN,LSNVC,2026-09-03,2026,9,3,9999.0,10174.0
Hiệu quả kết nối nội tỉnh,7,DBN,DBNVC,2026-09-02,2026,9,2,1290.98,92.0
Tỷ lệ kết nối đúng giờ,10,NBH,NBHVC,2026-09-07,2026,9,7,439.0,439.0
Hiệu quả xe nội tỉnh chiều về,9,HTH,HTHVC,2026-09-08,2026,9,8,11528.259999999998,31100.0
Hiệu quả xe nội tỉnh chiều đi,8,THA,THAVC,2026-09-01,2026,9,1,59537.57,145750.0
Tỷ lệ nhập đúng tải kiện 12.5s,5,VLG,VLGVC,2026-09-06,2026,9,6,16192.0,16768.0
Tỷ lệ nhập đúng tải kiện 12.5s,5,HCM,HCMVC,2026-09-07,2026,9,7,44219.0,49881.0
Thời gian chờ nhập,4,SLA,SLAVC,2026-09-03,2026,9,3,50.81666666666666,1.0
Hiệu quả kết nối nội tỉnh,7,HTH,HTHVC,2026-09-05,2026,9,5,34296.94,925.2
Tỷ lệ nhập đúng tải kiện 12.5s,5,TQG,TQGVC,2026-09-07,2026,9,7,3237.0,3243.0
Thời gian chờ nhập,4,BNH,BNHVC,2026-09-02,2026,9,2,1477.9333333333334,32.0
Tỷ lệ kết nối đúng giờ,10,HYN,HYNVC,2026-09-04,2026,9,4,348.0,352.0
Tỷ lệ kết nối đúng giờ,10,QNH,QNHVC,2026-09-07,2026,9,7,116.0,119.0
Tỷ lệ xuất sạch,3,HYN,HYNVC,2026-09-04,2026,9,4,52260.0,53602.0
Hiệu quả xe nội tỉnh chiều đi,8,DLK,DLKVC1,2026-09-08,2026,9,8,94571.78,128095.0
Hiệu quả xe nội tỉnh chiều đi,8,LSN,LSNVC,2026-09-03,2026,9,3,6232.68,15750.0
Tỷ lệ nhập đúng tải kiện 12.5s,5,TNN,TNNVC,2026-09-05,2026,9,5,6750.0,8008.0
Hiệu quả kết nối nội tỉnh,7,QTI,QTIVC,2026-09-03,2026,9,3,63711.850000000006,2412.5
Hiệu quả xe nội tỉnh chiều đi,8,SLA,SLAVC,2026-09-01,2026,9,1,799.01,900.0
Tỷ lệ kết nối đúng giờ,10,HNI,HNVC,2026-08-31,2026,8,31,126.0,126.0
Tỷ lệ kết nối đúng giờ,10,VLG,VLGVC,2026-09-01,2026,9,1,165.0,166.0
Thời gian chờ nhập,4,TNN,TNNVC,2026-09-01,2026,9,1,167.0,20.0
Hiệu quả xe nội tỉnh chiều về,9,HTH,HTHVC,2026-09-03,2026,9,3,10076.880000000001,31100.0
Hiệu quả xe nội tỉnh chiều về,9,TQG,TQGVC,2026-09-08,2026,9,8,6656.52,9100.0
Hiệu quả xe nội tỉnh chiều về,9,KHA,KHAVC,2026-09-01,2026,9,1,23756.66,65950.0
Hiệu quả xe nội tỉnh chiều đi,8,LCI,LCIVC,2026-09-03,2026,9,3,26507.15,29650.0
Hiệu quả xe nội tỉnh chiều về,9,HTH,HTHVC,2026-09-05,2026,9,5,8768.179999999998,31100.0
Tỷ lệ kết nối đúng giờ,10,THA,THAVC,2026-09-02,2026,9,2,220.0,225.0
Tỷ lệ nhập đúng tải kiện 12.5s,5,LCU,LCUVC,2026-09-04,2026,9,4,377.0,378.0
Tỷ lệ kết nối đúng giờ,10,BNH,BNHVC,2026-09-03,2026,9,3,408.0,412.0
Hiệu quả kết nối nội tỉnh,7,NAN,NANVC,2026-08-31,2026,8,31,5260.99,302.0
Thời gian chờ nhập,4,HNI,HNVC,2026-09-05,2026,9,5,2912.0833333333335,154.0
Thời gian chờ nhập,4,LSN,LSNVC,2026-09-09,2026,9,9,175.6,8.0
Hiệu quả xe nội tỉnh chiều đi,8,HTH,HTHVC,2026-09-04,2026,9,4,18756.71,37900.0
Tỷ lệ nhập đúng tải kiện 12.5s,5,CMU,CMUVC,2026-09-09,2026,9,9,9635.0,10227.0
Hiệu quả xe nội tỉnh chiều đi,8,HNI,HNVC,2026-09-07,2026,9,7,293833.83,678750.0
Thời gian chờ nhập,4,DBN,DBNVC,2026-09-02,2026,9,2,3.75,1.0
Hiệu quả xe nội tỉnh chiều đi,8,LSN,LSNVC,2026-09-02,2026,9,2,5363.87,10650.0
Tỷ lệ kết nối đúng giờ,10,PHO,PHOVC,2026-09-02,2026,9,2,288.0,294.0
Hiệu quả xe nội tỉnh chiều về,9,DBN,DBNVC,2026-09-05,2026,9,5,120.27,1650.0
Tỷ lệ xuất sạch,3,DNI,DNIVC,2026-09-03,2026,9,3,83116.0,84197.0
Tỷ lệ xuất sạch,3,CTO,CTOVC,2026-09-05,2026,9,5,11979.0,12539.0
Tỷ lệ nhập đúng tải kiện 12.5s,5,BNH,BNHVC,2026-09-05,2026,9,5,23971.0,26753.0
Tỷ lệ nhập đúng tải kiện 12.5s,5,PHO,PHOVC,2026-09-04,2026,9,4,22554.0,23291.0
Hiệu quả kết nối nội tỉnh,7,HCM,HCMVC,2026-09-03,2026,9,3,450916.68,6559.8
Tỷ lệ nhập đúng tải kiện 12.5s,5,BNH,BNHVC,2026-09-07,2026,9,7,22633.0,23680.0
Tỷ lệ nhập đúng tải kiện 12.5s,5,HPG,HPGVC,2026-09-02,2026,9,2,7929.0,9166.0
Hiệu quả xe nội tỉnh chiều về,9,NBH,NBHVC,2026-09-05,2026,9,5,124414.76000000001,227060.0
Tỷ lệ xuất sạch,3,CMU,CMUVC,2026-09-08,2026,9,8,28147.0,29186.0
Hiệu quả kết nối nội tỉnh,7,PHO,PHOVC,2026-09-06,2026,9,6,244876.62,3711.0
Hiệu quả xe nội tỉnh chiều về,9,LCI,LCIVC,2026-09-04,2026,9,4,40369.36,30650.0
Tỷ lệ nhập đúng tải kiện 12.5s,5,DTP,DTPVC,2026-09-06,2026,9,6,14142.0,14311.0
Tỷ lệ xuất sạch,3,DLK,DLKVC1,2026-09-09,2026,9,9,74820.0,82102.0
Thời gian chờ nhập,4,LCI,LCIVC,2026-09-02,2026,9,2,590.1333333333333,20.0
Tỷ lệ kết nối đúng giờ,10,HTH,HTHVC,2026-09-02,2026,9,2,47.0,47.0
Hiệu quả xe nội tỉnh chiều đi,8,TNH,TNHVC,2026-09-08,2026,9,8,104455.34,141850.0
Tỷ lệ nhập đúng tải kiện 12.5s,5,LCU,LCUVC,2026-09-08,2026,9,8,464.0,464.0
Tỷ lệ nhập đúng tải kiện 12.5s,5,DLK,DLKVC1,2026-09-09,2026,9,9,13632.0,15753.0
Tỷ lệ xuất sạch,3,HUE,HUEVC,2026-09-04,2026,9,4,17160.0,17191.0
Hiệu quả kết nối nội tỉnh,7,LDG,LDGVC,2026-09-05,2026,9,5,92722.37,3324.7
Hiệu quả xe nội tỉnh chiều về,9,CTO,CTOVC,2026-09-02,2026,9,2,33765.729999999996,103600.0
Hiệu quả xe nội tỉnh chiều đi,8,DTP,DTPVC,2026-09-02,2026,9,2,88579.88,110250.0
Hiệu quả xe nội tỉnh chiều đi,8,HPG,HPGVC,2026-09-06,2026,9,6,124334.28,147410.0
Hiệu quả xe nội tỉnh chiều đi,8,HTH,HTHVC,2026-09-01,2026,9,1,14862.279999999999,23400.0
Hiệu quả xe nội tỉnh chiều về,9,VLG,VLGVC,2026-09-04,2026,9,4,79966.18000000001,157250.0
Thời gian chờ nhập,4,VLG,VLGVC,2026-09-01,2026,9,1,378.01666666666665,43.0
Tỷ lệ kết nối đúng giờ,10,TNH,TNHVC,2026-09-07,2026,9,7,211.0,219.0
Hiệu quả kết nối nội tỉnh,7,KHA,KHAVC,2026-09-01,2026,9,1,75339.17,1891.0
Thời gian chờ nhập,4,DBN,DBNVC,2026-09-01,2026,9,1,3.5999999999999996,2.0
Hiệu quả kết nối nội tỉnh,7,HUE,HUEVC,2026-09-01,2026,9,1,31748.58,891.0
Thời gian chờ nhập,4,CMU,CMUVC,2026-09-09,2026,9,9,167.26666666666665,28.0
Tỷ lệ nhập đúng tải kiện 12.5s,5,HUE,HUEVC,2026-09-04,2026,9,4,4443.0,4998.0
Tỷ lệ kết nối đúng giờ,10,CTO,CTOVC,2026-09-07,2026,9,7,257.0,260.0
Thời gian chờ nhập,4,DNG,DNGVC,2026-09-02,2026,9,2,131.66666666666666,9.0
Thời gian chờ nhập,4,TNH,TNHVC,2026-09-03,2026,9,3,419.31666666666666,53.0
Thời gian chờ nhập,4,HTH,HTHVC,2026-09-04,2026,9,4,187.96666666666667,13.0
Tỷ lệ kết nối đúng giờ,10,LCI,LCIVC,2026-09-08,2026,9,8,98.0,99.0
Hiệu quả xe nội tỉnh chiều về,9,DTP,DTPVC,2026-09-02,2026,9,2,37445.869999999995,105850.0
Tỷ lệ kết nối đúng giờ,10,BNH,BNHVC,2026-09-06,2026,9,6,263.0,265.0
Hiệu quả xe nội tỉnh chiều đi,8,TNN,TNNVC,2026-09-05,2026,9,5,31089.14,61010.0
Hiệu quả kết nối nội tỉnh,7,HPG,HPGVC,2026-09-07,2026,9,7,243725.58000000002,2718.8
Hiệu quả xe nội tỉnh chiều đi,8,KHA,KHAVC,2026-09-06,2026,9,6,64958.20999999999,70900.0
Tỷ lệ kết nối đúng giờ,10,DTP,DTPVC,2026-09-05,2026,9,5,210.0,211.0
Tỷ lệ xuất sạch,3,DTP,DTPVC,2026-09-05,2026,9,5,40670.0,42146.0
Thời gian chờ nhập,4,DLK,DLKVC1,2026-08-31,2026,8,31,25.633333333333333,2.0
Hiệu quả xe nội tỉnh chiều về,9,LSN,LSNVC,2026-09-05,2026,9,5,14569.52,10650.0
Tỷ lệ nhập đúng tải kiện 12.5s,5,SLA,SLAVC,2026-09-08,2026,9,8,315.0,331.0
Hiệu quả xe nội tỉnh chiều đi,8,LCI,LCIVC,2026-09-02,2026,9,2,29752.83,29000.0
Hiệu quả kết nối nội tỉnh,7,NBH,NBHVC,2026-09-07,2026,9,7,301549.86,4060.4
Thời gian chờ nhập,4,TNH,TNHVC,2026-09-04,2026,9,4,817.9666666666667,58.0
Tỷ lệ kết nối đúng giờ,10,HTH,HTHVC,2026-09-04,2026,9,4,75.0,76.0
Hiệu quả xe nội tỉnh chiều về,9,KHA,KHAVC,2026-08-31,2026,8,31,2659.09,2500.0
Tỷ lệ nhập đúng tải kiện 12.5s,5,KHA,KHAVC,2026-09-09,2026,9,9,6651.0,9918.0
Thời gian chờ nhập,4,QTI,QTIVC,2026-09-03,2026,9,3,144.88333333333333,33.0
Hiệu quả xe nội tỉnh chiều đi,8,CTO,CTOVC,2026-09-06,2026,9,6,72887.95,127100.0
Thời gian chờ nhập,4,BNH,BNHVC,2026-09-06,2026,9,6,3454.183333333333,43.0
Tỷ lệ xuất sạch,3,LCU,LCUVC,2026-09-03,2026,9,3,858.0,859.0
Hiệu quả xe nội tỉnh chiều về,9,AGG,AGGVC,2026-09-07,2026,9,7,50800.55,103600.0
Thời gian chờ nhập,4,HPG,HPGVC,2026-08-31,2026,8,31,3.4833333333333334,1.0
Hiệu quả xe nội tỉnh chiều về,9,DBN,DBNVC,2026-09-01,2026,9,1,64.57,1650.0
Tỷ lệ kết nối đúng giờ,10,LSN,LSNVC,2026-09-01,2026,9,1,21.0,21.0
Tỷ lệ kết nối đúng giờ,10,CMU,CMUVC,2026-09-04,2026,9,4,123.0,125.0
Thời gian chờ nhập,4,QNI,QNIVC,2026-09-05,2026,9,5,421.5,34.0
Tỷ lệ nhập đúng tải kiện 12.5s,5,LCI,LCIVC,2026-09-09,2026,9,9,7282.0,8468.0
Hiệu quả xe nội tỉnh chiều đi,8,PHO,PHOVC,2026-09-02,2026,9,2,98570.29000000001,154250.0
Hiệu quả kết nối nội tỉnh,7,CMU,CMUVC,2026-09-07,2026,9,7,23521.43,389.0
Hiệu quả kết nối nội tỉnh,7,LCI,LCIVC,2026-09-08,2026,9,8,53142.17,856.0
Tỷ lệ xuất sạch,3,HPG,HPGVC,2026-09-03,2026,9,3,47706.0,48564.0
Hiệu quả xe nội tỉnh chiều đi,8,DNG,DNGVC,2026-09-06,2026,9,6,81499.30999999998,82000.0
Thời gian chờ nhập,4,DLK,DLKVC1,2026-09-07,2026,9,7,2461.75,58.0
Hiệu quả xe nội tỉnh chiều về,9,HCM,HCMVC,2026-09-08,2026,9,8,274198.57,404970.0
Tỷ lệ nhập đúng tải kiện 12.5s,5,HPG,HPGVC,2026-09-01,2026,9,1,9935.0,10378.0
Tỷ lệ kết nối đúng giờ,10,CTO,CTOVC,2026-09-02,2026,9,2,245.0,247.0
Hiệu quả xe nội tỉnh chiều về,9,HNI,HNVC,2026-09-07,2026,9,7,1027701.1499999999,1375395.0
Tỷ lệ xuất sạch,3,THA,THAVC,2026-09-05,2026,9,5,58393.0,61039.0
Hiệu quả xe nội tỉnh chiều về,9,VLG,VLGVC,2026-09-03,2026,9,3,76945.08,111350.0
Thời gian chờ nhập,4,HYN,HYNVC,2026-09-06,2026,9,6,209.08333333333331,32.0
Tỷ lệ kết nối đúng giờ,10,HTH,HTHVC,2026-09-03,2026,9,3,74.0,76.0
Thời gian chờ nhập,4,CTO,CTOVC,2026-09-06,2026,9,6,290.2833333333333,17.0
Thời gian chờ nhập,4,KHA,KHAVC,2026-09-04,2026,9,4,641.6166666666666,45.0
Hiệu quả kết nối nội tỉnh,7,AGG,AGGVC,2026-08-31,2026,8,31,9201.69,135.0
Hiệu quả xe nội tỉnh chiều đi,8,DTP,DTPVC,2026-09-07,2026,9,7,98303.09000000001,153450.0
Thời gian chờ nhập,4,AGG,AGGVC,2026-09-01,2026,9,1,671.8666666666666,48.0
Hiệu quả kết nối nội tỉnh,7,LSN,LSNVC,2026-09-02,2026,9,2,10189.33,399.0
Hiệu quả kết nối nội tỉnh,7,NAN,NANVC,2026-09-04,2026,9,4,102239.24,3426.0
Tỷ lệ nhập đúng tải kiện 12.5s,5,DNI,DNIVC,2026-09-03,2026,9,3,19996.0,20774.0
Tỷ lệ kết nối đúng giờ,10,LDG,LDGVC,2026-09-01,2026,9,1,285.0,287.0
Tỷ lệ nhập đúng tải kiện 12.5s,5,VLG,VLGVC,2026-09-02,2026,9,2,11345.0,11413.0
Hiệu quả kết nối nội tỉnh,7,LCI,LCIVC,2026-09-02,2026,9,2,52270.81,1185.0
Hiệu quả kết nối nội tỉnh,7,TQG,TQGVC,2026-09-06,2026,9,6,22048.53,956.0
Thời gian chờ nhập,4,THA,THAVC,2026-09-07,2026,9,7,529.5,35.0
Hiệu quả xe nội tỉnh chiều về,9,QNH,QNHVC,2026-09-08,2026,9,8,21909.34,42550.0
Thời gian chờ nhập,4,PHO,PHOVC,2026-09-01,2026,9,1,787.7,51.0
Tỷ lệ nhập đúng tải kiện 12.5s,5,LDG,LDGVC,2026-09-03,2026,9,3,13815.0,14895.0
Tỷ lệ nhập đúng tải kiện 12.5s,5,HPG,HPGVC,2026-09-05,2026,9,5,19711.0,20700.0
Tỷ lệ kết nối đúng giờ,10,TNH,TNHVC,2026-09-01,2026,9,1,180.0,186.0
Tỷ lệ kết nối đúng giờ,10,SLA,SLAVC,2026-09-04,2026,9,4,4.0,4.0
Hiệu quả xe nội tỉnh chiều về,9,THA,THAVC,2026-09-07,2026,9,7,88638.1,150250.0
Thời gian chờ nhập,4,DNG,DNGVC,2026-09-06,2026,9,6,232.98333333333332,12.0
Thời gian chờ nhập,4,AGG,AGGVC,2026-09-09,2026,9,9,405.1166666666667,44.0
Tỷ lệ nhập đúng tải kiện 12.5s,5,CMU,CMUVC,2026-09-04,2026,9,4,8133.0,8617.0
Tỷ lệ kết nối đúng giờ,10,BNH,BNHVC,2026-09-04,2026,9,4,395.0,397.0
Tỷ lệ xuất sạch,3,PHO,PHOVC,2026-09-05,2026,9,5,59507.0,62390.0
Tỷ lệ xuất sạch,3,DNI,DNIVC,2026-09-04,2026,9,4,105335.0,107557.0
Thời gian chờ nhập,4,LSN,LSNVC,2026-09-01,2026,9,1,21.166666666666664,4.0
Hiệu quả xe nội tỉnh chiều đi,8,DTP,DTPVC,2026-09-01,2026,9,1,82024.75000000001,95650.0
Thời gian chờ nhập,4,DNI,DNIVC,2026-09-03,2026,9,3,720.6,52.0
Tỷ lệ nhập đúng tải kiện 12.5s,5,SLA,SLAVC,2026-09-01,2026,9,1,115.0,215.0
Hiệu quả xe nội tỉnh chiều về,9,AGG,AGGVC,2026-09-05,2026,9,5,50494.229999999996,97650.0
Hiệu quả kết nối nội tỉnh,7,GLI,GLIVC1,2026-09-01,2026,9,1,98635.78,3429.0
Hiệu quả xe nội tỉnh chiều về,9,QNI,QNIVC,2026-09-04,2026,9,4,27093.85,34340.0
Tỷ lệ nhập đúng tải kiện 12.5s,5,HCM,HCMVC,2026-09-01,2026,9,1,30069.0,32868.0
Thời gian chờ nhập,4,GLI,GLIVC1,2026-09-02,2026,9,2,546.9666666666667,36.0
Hiệu quả xe nội tỉnh chiều đi,8,HYN,HYNVC,2026-09-05,2026,9,5,128151.80999999998,145500.0
Tỷ lệ xuất sạch,3,TNH,TNHVC,2026-09-03,2026,9,3,34445.0,34949.0
Tỷ lệ xuất sạch,3,LCI,LCIVC,2026-09-08,2026,9,8,17162.0,18902.0
Thời gian chờ nhập,4,HTH,HTHVC,2026-09-07,2026,9,7,257.8333333333333,13.0
Hiệu quả xe nội tỉnh chiều về,9,PHO,PHOVC,2026-09-07,2026,9,7,139638.46,188800.0
Tỷ lệ nhập đúng tải kiện 12.5s,5,AGG,AGGVC,2026-09-02,2026,9,2,11611.0,12060.0
Thời gian chờ nhập,4,LCI,LCIVC,2026-09-04,2026,9,4,543.0333333333333,18.0
Thời gian chờ nhập,4,HCM,HCMVC,2026-08-31,2026,8,31,55.06666666666666,3.0
Tỷ lệ nhập đúng tải kiện 12.5s,5,THA,THAVC,2026-09-09,2026,9,9,12833.0,13637.0
Hiệu quả kết nối nội tỉnh,7,LDG,LDGVC,2026-09-08,2026,9,8,95204.18,2550.0
Tỷ lệ kết nối đúng giờ,10,LCI,LCIVC,2026-09-06,2026,9,6,88.0,88.0
Hiệu quả xe nội tỉnh chiều đi,8,LCI,LCIVC,2026-09-05,2026,9,5,41063.100000000006,33500.0
Hiệu quả xe nội tỉnh chiều về,9,PHO,PHOVC,2026-09-03,2026,9,3,131362.29,175900.0
Thời gian chờ nhập,4,PHO,PHOVC,2026-09-06,2026,9,6,1215.1333333333334,44.0
Thời gian chờ nhập,4,QTI,QTIVC,2026-09-07,2026,9,7,169.01666666666668,33.0
Tỷ lệ kết nối đúng giờ,10,DNI,DNIVC,2026-09-06,2026,9,6,401.0,414.0
Hiệu quả kết nối nội tỉnh,7,TQG,TQGVC,2026-09-02,2026,9,2,14806.44,847.0
Hiệu quả xe nội tỉnh chiều đi,8,DBN,DBNVC,2026-09-08,2026,9,8,1209.42,1650.0
Tỷ lệ nhập đúng tải kiện 12.5s,5,LDG,LDGVC,2026-09-08,2026,9,8,19017.0,21156.0
Thời gian chờ nhập,4,VLG,VLGVC,2026-09-07,2026,9,7,895.3833333333333,55.0
Tỷ lệ nhập đúng tải kiện 12.5s,5,TNH,TNHVC,2026-09-08,2026,9,8,17012.0,19775.0
Hiệu quả xe nội tỉnh chiều về,9,HYN,HYNVC,2026-09-02,2026,9,2,48353.44,83650.0
Hiệu quả kết nối nội tỉnh,7,GLI,GLIVC1,2026-09-05,2026,9,5,117201.76000000001,3204.0
Hiệu quả xe nội tỉnh chiều về,9,BNH,BNHVC,2026-09-02,2026,9,2,59524.490000000005,134450.0
Tỷ lệ xuất sạch,3,HTH,HTHVC,2026-09-08,2026,9,8,9933.0,10020.0
Hiệu quả kết nối nội tỉnh,7,DLK,DLKVC1,2026-09-06,2026,9,6,129676.08,3164.0
Tỷ lệ kết nối đúng giờ,10,GLI,GLIVC1,2026-09-06,2026,9,6,209.0,226.0
Hiệu quả xe nội tỉnh chiều về,9,HCM,HCMVC,2026-09-06,2026,9,6,130692.68,308140.0
Hiệu quả kết nối nội tỉnh,7,HUE,HUEVC,2026-09-04,2026,9,4,26358.01,674.0
Hiệu quả xe nội tỉnh chiều đi,8,VLG,VLGVC,2026-09-03,2026,9,3,50580.310000000005,86350.0
Tỷ lệ xuất sạch,3,TNH,TNHVC,2026-09-05,2026,9,5,49638.0,50108.0
Hiệu quả kết nối nội tỉnh,7,QNH,QNHVC,2026-09-04,2026,9,4,77190.74,1668.8
Tỷ lệ kết nối đúng giờ,10,NBH,NBHVC,2026-09-08,2026,9,8,431.0,443.0
Tỷ lệ kết nối đúng giờ,10,DNI,DNIVC,2026-09-05,2026,9,5,491.0,525.0
Tỷ lệ kết nối đúng giờ,10,LSN,LSNVC,2026-09-07,2026,9,7,23.0,23.0
Hiệu quả xe nội tỉnh chiều đi,8,QNI,QNIVC,2026-09-08,2026,9,8,30351.08,34195.0
Hiệu quả xe nội tỉnh chiều về,9,AGG,AGGVC,2026-09-02,2026,9,2,33865.9,102150.0
Hiệu quả xe nội tỉnh chiều về,9,PHO,PHOVC,2026-09-04,2026,9,4,127460.11000000002,181000.0
Hiệu quả xe nội tỉnh chiều đi,8,HPG,HPGVC,2026-09-08,2026,9,8,156550.78999999998,209160.0
Tỷ lệ kết nối đúng giờ,10,PHO,PHOVC,2026-09-01,2026,9,1,330.0,339.0
Hiệu quả xe nội tỉnh chiều đi,8,HPG,HPGVC,2026-09-05,2026,9,5,141262.75,215310.0
Hiệu quả xe nội tỉnh chiều về,9,DNG,DNGVC,2026-09-04,2026,9,4,78093.8,117850.0
Thời gian chờ nhập,4,BNH,BNHVC,2026-09-03,2026,9,3,2226.4833333333336,67.0
Hiệu quả xe nội tỉnh chiều đi,8,HYN,HYNVC,2026-09-04,2026,9,4,134741.93,163150.0
Hiệu quả kết nối nội tỉnh,7,DNI,DNIVC,2026-08-31,2026,8,31,5733.880000000001,234.89999999999998
Tỷ lệ nhập đúng tải kiện 12.5s,5,TQG,TQGVC,2026-09-04,2026,9,4,3652.0,3652.0
Thời gian chờ nhập,4,HTH,HTHVC,2026-09-05,2026,9,5,361.8833333333333,14.0
Thời gian chờ nhập,4,HPG,HPGVC,2026-09-08,2026,9,8,452.6333333333333,46.0
Hiệu quả xe nội tỉnh chiều về,9,THA,THAVC,2026-09-08,2026,9,8,67713.52000000002,135450.0
Thời gian chờ nhập,4,LSN,LSNVC,2026-09-02,2026,9,2,59.2,7.0
Tỷ lệ nhập đúng tải kiện 12.5s,5,HCM,HCMVC,2026-09-08,2026,9,8,52867.0,58118.0
Hiệu quả xe nội tỉnh chiều về,9,THA,THAVC,2026-09-06,2026,9,6,70163.46,142500.0
Tỷ lệ nhập đúng tải kiện 12.5s,5,HTH,HTHVC,2026-09-04,2026,9,4,4466.0,4466.0
Tỷ lệ xuất sạch,3,DNG,DNGVC,2026-09-08,2026,9,8,30052.0,33760.0
Hiệu quả xe nội tỉnh chiều đi,8,DTP,DTPVC,2026-09-05,2026,9,5,99086.2,147050.0
Hiệu quả kết nối nội tỉnh,7,VLG,VLGVC,2026-09-03,2026,9,3,127525.39,2077.8
Tỷ lệ nhập đúng tải kiện 12.5s,5,DNI,DNIVC,2026-09-09,2026,9,9,21629.0,22746.0
Hiệu quả kết nối nội tỉnh,7,HUE,HUEVC,2026-09-02,2026,9,2,37706.6,865.0
Hiệu quả xe nội tỉnh chiều về,9,TNH,TNHVC,2026-09-07,2026,9,7,77235.46999999999,135950.0
Hiệu quả xe nội tỉnh chiều về,9,TQG,TQGVC,2026-09-03,2026,9,3,9603.84,10750.0
Tỷ lệ kết nối đúng giờ,10,PHO,PHOVC,2026-09-05,2026,9,5,349.0,357.0
Thời gian chờ nhập,4,NAN,NANVC,2026-09-03,2026,9,3,828.65,35.0
Tỷ lệ kết nối đúng giờ,10,LDG,LDGVC,2026-09-07,2026,9,7,305.0,313.0
Hiệu quả xe nội tỉnh chiều đi,8,KHA,KHAVC,2026-09-01,2026,9,1,51582.509999999995,64300.0
Hiệu quả xe nội tỉnh chiều đi,8,HYN,HYNVC,2026-09-01,2026,9,1,73049.51999999999,88800.0
Tỷ lệ xuất sạch,3,PHO,PHOVC,2026-09-08,2026,9,8,57638.0,61261.0
Hiệu quả kết nối nội tỉnh,7,DNG,DNGVC,2026-09-02,2026,9,2,79080.38,1981.0
Hiệu quả xe nội tỉnh chiều về,9,DNI,DNIVC,2026-09-02,2026,9,2,58690.79000000001,168350.0
Hiệu quả xe nội tỉnh chiều đi,8,HTH,HTHVC,2026-09-06,2026,9,6,17192.1,23400.0
Tỷ lệ nhập đúng tải kiện 12.5s,5,HNI,HNVC,2026-09-05,2026,9,5,52140.0,57947.0
Thời gian chờ nhập,4,HTH,HTHVC,2026-09-03,2026,9,3,321.65,13.0
Tỷ lệ kết nối đúng giờ,10,KHA,KHAVC,2026-09-02,2026,9,2,160.0,162.0
Hiệu quả kết nối nội tỉnh,7,THA,THAVC,2026-09-06,2026,9,6,146143.8,3842.0
Tỷ lệ kết nối đúng giờ,10,HUE,HUEVC,2026-09-08,2026,9,8,101.0,103.0
Hiệu quả xe nội tỉnh chiều về,9,HNI,HNVC,2026-08-29,2026,8,29,14055.42,8000.0
Hiệu quả xe nội tỉnh chiều về,9,QTI,QTIVC,2026-09-04,2026,9,4,26646.63,47440.0
Hiệu quả kết nối nội tỉnh,7,TQG,TQGVC,2026-09-01,2026,9,1,18139.059999999998,1161.0
Hiệu quả kết nối nội tỉnh,7,DNG,DNGVC,2026-09-04,2026,9,4,128462.79999999999,3092.0
Hiệu quả kết nối nội tỉnh,7,CMU,CMUVC,2026-09-04,2026,9,4,17805.82,389.0
Tỷ lệ nhập đúng tải kiện 12.5s,5,DBN,DBNVC,2026-09-07,2026,9,7,360.0,360.0
Tỷ lệ nhập đúng tải kiện 12.5s,5,LSN,LSNVC,2026-09-04,2026,9,4,2241.0,2691.0
Tỷ lệ xuất sạch,3,LCU,LCUVC,2026-09-09,2026,9,9,1114.0,1130.0
Hiệu quả xe nội tỉnh chiều đi,8,TNN,TNNVC,2026-09-03,2026,9,3,30397.290000000005,61840.0
Thời gian chờ nhập,4,LDG,LDGVC,2026-09-08,2026,9,8,1725.5499999999997,76.0
Thời gian chờ nhập,4,AGG,AGGVC,2026-09-08,2026,9,8,452.6333333333333,46.0
Hiệu quả kết nối nội tỉnh,7,DLK,DLKVC1,2026-09-07,2026,9,7,167124.9,3484.0
Hiệu quả xe nội tỉnh chiều về,9,KHA,KHAVC,2026-09-08,2026,9,8,40151.909999999996,72550.0
Hiệu quả xe nội tỉnh chiều đi,8,DTP,DTPVC,2026-09-06,2026,9,6,93094.37,105250.0
Hiệu quả xe nội tỉnh chiều về,9,HPG,HPGVC,2026-09-05,2026,9,5,78454.34,165820.0
Tỷ lệ kết nối đúng giờ,10,NAN,NANVC,2026-09-04,2026,9,4,172.0,174.0
Hiệu quả xe nội tỉnh chiều đi,8,QNH,QNHVC,2026-09-05,2026,9,5,45724.01,53750.0
Hiệu quả xe nội tỉnh chiều về,9,DBN,DBNVC,2026-09-04,2026,9,4,110.9,1650.0
Tỷ lệ kết nối đúng giờ,10,QNH,QNHVC,2026-09-01,2026,9,1,75.0,75.0
Hiệu quả kết nối nội tỉnh,7,PHO,PHOVC,2026-09-02,2026,9,2,177271.56,3290.0
Hiệu quả kết nối nội tỉnh,7,TNH,TNHVC,2026-09-04,2026,9,4,157717.08000000002,3774.1
Hiệu quả xe nội tỉnh chiều đi,8,LCI,LCIVC,2026-09-04,2026,9,4,30623.53,30650.0
Hiệu quả kết nối nội tỉnh,7,THA,THAVC,2026-09-08,2026,9,8,146680.18,3872.0
Tỷ lệ nhập đúng tải kiện 12.5s,5,DNG,DNGVC,2026-09-01,2026,9,1,4611.0,4624.0
Tỷ lệ kết nối đúng giờ,10,DLK,DLKVC1,2026-09-02,2026,9,2,211.0,214.0
Thời gian chờ nhập,4,HYN,HYNVC,2026-09-03,2026,9,3,254.63333333333333,52.0
Tỷ lệ xuất sạch,3,SLA,SLAVC,2026-09-08,2026,9,8,485.0,485.0
Hiệu quả kết nối nội tỉnh,7,LSN,LSNVC,2026-09-08,2026,9,8,22592.55,432.0
Thời gian chờ nhập,4,QNI,QNIVC,2026-09-02,2026,9,2,496.0666666666666,34.0
Tỷ lệ xuất sạch,3,GLI,GLIVC1,2026-09-03,2026,9,3,21631.0,22694.0
Tỷ lệ kết nối đúng giờ,10,THA,THAVC,2026-09-01,2026,9,1,235.0,237.0
Hiệu quả kết nối nội tỉnh,7,AGG,AGGVC,2026-09-07,2026,9,7,145080.3,3543.0
Hiệu quả kết nối nội tỉnh,7,TNN,TNNVC,2026-09-01,2026,9,1,62291.15,1254.0
Hiệu quả xe nội tỉnh chiều về,9,DNG,DNGVC,2026-08-31,2026,8,31,3418.68,5000.0
Hiệu quả xe nội tỉnh chiều đi,8,GLI,GLIVC1,2026-09-03,2026,9,3,48299.59,79200.0
Hiệu quả xe nội tỉnh chiều đi,8,SLA,SLAVC,2026-09-03,2026,9,3,497.95,900.0
Hiệu quả kết nối nội tỉnh,7,DTP,DTPVC,2026-09-03,2026,9,3,147377.94,2924.7
Thời gian chờ nhập,4,HYN,HYNVC,2026-09-02,2026,9,2,138.96666666666664,26.0
Hiệu quả xe nội tỉnh chiều về,9,QNH,QNHVC,2026-09-01,2026,9,1,23922.030000000002,32450.0
Hiệu quả xe nội tỉnh chiều đi,8,CTO,CTOVC,2026-09-02,2026,9,2,57619.75999999999,120000.0
Hiệu quả kết nối nội tỉnh,7,DNI,DNIVC,2026-09-01,2026,9,1,200932.89,4989.7
Tỷ lệ kết nối đúng giờ,10,DTP,DTPVC,2026-09-03,2026,9,3,207.0,207.0
Tỷ lệ kết nối đúng giờ,10,HTH,HTHVC,2026-09-01,2026,9,1,47.0,47.0
Hiệu quả kết nối nội tỉnh,7,PHO,PHOVC,2026-09-05,2026,9,5,258526.09999999998,3951.0
Tỷ lệ kết nối đúng giờ,10,TNH,TNHVC,2026-09-02,2026,9,2,178.0,182.0
Hiệu quả xe nội tỉnh chiều về,9,HPG,HPGVC,2026-09-03,2026,9,3,86086.54000000001,163340.0
Hiệu quả xe nội tỉnh chiều về,9,LDG,LDGVC,2026-09-05,2026,9,5,44016.520000000004,69950.0
Thời gian chờ nhập,4,LSN,LSNVC,2026-09-06,2026,9,6,47.083333333333336,8.0
Hiệu quả xe nội tỉnh chiều đi,8,NBH,NBHVC,2026-09-05,2026,9,5,157283.16999999998,224090.0
Hiệu quả kết nối nội tỉnh,7,CMU,CMUVC,2026-09-02,2026,9,2,63333.2,1085.0
Hiệu quả xe nội tỉnh chiều đi,8,BNH,BNHVC,2026-09-07,2026,9,7,120019.82999999999,203250.0
Thời gian chờ nhập,4,KHA,KHAVC,2026-09-07,2026,9,7,668.8333333333334,50.0
Hiệu quả xe nội tỉnh chiều đi,8,QNI,QNIVC,2026-09-06,2026,9,6,36964.98,36190.0
Hiệu quả xe nội tỉnh chiều về,9,KHA,KHAVC,2026-09-05,2026,9,5,40789.46,77500.0
Thời gian chờ nhập,4,NAN,NANVC,2026-09-08,2026,9,8,604.4833333333333,35.0
Thời gian chờ nhập,4,HCM,HCMVC,2026-09-04,2026,9,4,2195.366666666667,131.0
Hiệu quả xe nội tỉnh chiều về,9,NBH,NBHVC,2026-09-06,2026,9,6,115392.72,194260.0
Hiệu quả xe nội tỉnh chiều đi,8,THA,THAVC,2026-09-02,2026,9,2,48591.08999999999,143050.0
Tỷ lệ kết nối đúng giờ,10,KHA,KHAVC,2026-09-07,2026,9,7,197.0,198.0
Tỷ lệ kết nối đúng giờ,10,CMU,CMUVC,2026-09-08,2026,9,8,122.0,124.0
Tỷ lệ nhập đúng tải kiện 12.5s,5,QNI,QNIVC,2026-09-08,2026,9,8,5699.0,6102.0
Tỷ lệ kết nối đúng giờ,10,TNN,TNNVC,2026-09-01,2026,9,1,137.0,137.0
Tỷ lệ kết nối đúng giờ,10,TQG,TQGVC,2026-09-01,2026,9,1,50.0,50.0
Hiệu quả xe nội tỉnh chiều về,9,THA,THAVC,2026-08-31,2026,8,31,16874.64,23850.0
Tỷ lệ kết nối đúng giờ,10,DLK,DLKVC1,2026-09-05,2026,9,5,251.0,254.0
Tỷ lệ kết nối đúng giờ,10,TQG,TQGVC,2026-09-05,2026,9,5,49.0,64.0
Hiệu quả xe nội tỉnh chiều đi,8,QNI,QNIVC,2026-09-04,2026,9,4,22349.46,27740.0
Tỷ lệ kết nối đúng giờ,10,HPG,HPGVC,2026-09-06,2026,9,6,186.0,186.0
Hiệu quả xe nội tỉnh chiều đi,8,DLK,DLKVC1,2026-09-04,2026,9,4,54510.46,118695.0
Hiệu quả kết nối nội tỉnh,7,TNH,TNHVC,2026-09-02,2026,9,2,82109.7,2918.9
Tỷ lệ nhập đúng tải kiện 12.5s,5,QNH,QNHVC,2026-09-09,2026,9,9,5967.0,7694.0
Tỷ lệ kết nối đúng giờ,10,HCM,HCMVC,2026-08-31,2026,8,31,83.0,83.0
Tỷ lệ xuất sạch,3,BNH,BNHVC,2026-09-03,2026,9,3,53585.0,60485.0
Thời gian chờ nhập,4,KHA,KHAVC,2026-09-08,2026,9,8,510.08333333333337,49.0
Thời gian chờ nhập,4,AGG,AGGVC,2026-09-04,2026,9,4,355.8666666666667,45.0
Hiệu quả xe nội tỉnh chiều đi,8,DNG,DNGVC,2026-09-08,2026,9,8,80230.01,88150.0
Tỷ lệ kết nối đúng giờ,10,AGG,AGGVC,2026-09-07,2026,9,7,209.0,223.0
Tỷ lệ nhập đúng tải kiện 12.5s,5,QTI,QTIVC,2026-09-01,2026,9,1,5767.0,6009.0
Tỷ lệ nhập đúng tải kiện 12.5s,5,BNH,BNHVC,2026-09-02,2026,9,2,11632.0,13482.0
Tỷ lệ nhập đúng tải kiện 12.5s,5,NBH,NBHVC,2026-09-01,2026,9,1,13562.0,13568.0
Tỷ lệ xuất sạch,3,TNH,TNHVC,2026-09-04,2026,9,4,49623.0,50921.0
Tỷ lệ nhập đúng tải kiện 12.5s,5,KHA,KHAVC,2026-09-01,2026,9,1,7130.0,7858.0
Hiệu quả xe nội tỉnh chiều đi,8,CMU,CMUVC,2026-09-03,2026,9,3,57560.130000000005,51500.0
Tỷ lệ nhập đúng tải kiện 12.5s,5,DLK,DLKVC1,2026-09-04,2026,9,4,9692.0,10924.0
Tỷ lệ kết nối đúng giờ,10,QNI,QNIVC,2026-09-07,2026,9,7,172.0,172.0
Tỷ lệ nhập đúng tải kiện 12.5s,5,DNI,DNIVC,2026-09-07,2026,9,7,24800.0,25592.0
Hiệu quả xe nội tỉnh chiều về,9,NBH,NBHVC,2026-08-31,2026,8,31,21466.99,31500.0
Tỷ lệ xuất sạch,3,QNH,QNHVC,2026-09-09,2026,9,9,52092.0,54084.0
Tỷ lệ nhập đúng tải kiện 12.5s,5,VLG,VLGVC,2026-09-08,2026,9,8,19729.0,19781.0
Hiệu quả kết nối nội tỉnh,7,HYN,HYNVC,2026-08-31,2026,8,31,19062.72,168.1
Tỷ lệ xuất sạch,3,HNI,HNVC,2026-09-04,2026,9,4,219204.0,221085.0
Hiệu quả kết nối nội tỉnh,7,LCI,LCIVC,2026-09-05,2026,9,5,85273.57,1309.0
Tỷ lệ xuất sạch,3,HNI,HNVC,2026-09-09,2026,9,9,358674.0,368624.0
Tỷ lệ kết nối đúng giờ,10,HCM,HCMVC,2026-09-06,2026,9,6,1928.0,1962.0
Hiệu quả kết nối nội tỉnh,7,VLG,VLGVC,2026-09-04,2026,9,4,156070.58,3067.0
Thời gian chờ nhập,4,KHA,KHAVC,2026-09-09,2026,9,9,1418.9166666666665,50.0
Tỷ lệ nhập đúng tải kiện 12.5s,5,HCM,HCMVC,2026-09-09,2026,9,9,51251.0,56829.0
Hiệu quả xe nội tỉnh chiều đi,8,QNH,QNHVC,2026-09-06,2026,9,6,39506.4,46350.0
Hiệu quả kết nối nội tỉnh,7,AGG,AGGVC,2026-09-03,2026,9,3,94773.63,3203.0
Hiệu quả xe nội tỉnh chiều về,9,DLK,DLKVC1,2026-09-05,2026,9,5,57282.67,131640.0
Hiệu quả kết nối nội tỉnh,7,LSN,LSNVC,2026-09-07,2026,9,7,25282.37,432.0
Thời gian chờ nhập,4,TQG,TQGVC,2026-09-05,2026,9,5,108.78333333333333,16.0
Tỷ lệ xuất sạch,3,DBN,DBNVC,2026-09-09,2026,9,9,4442.0,4456.0
Hiệu quả kết nối nội tỉnh,7,VLG,VLGVC,2026-09-01,2026,9,1,130285.15999999999,2045.6
Thời gian chờ nhập,4,GLI,GLIVC1,2026-08-31,2026,8,31,71.75,1.0
Tỷ lệ xuất sạch,3,TQG,TQGVC,2026-09-05,2026,9,5,7309.0,7534.0
Hiệu quả xe nội tỉnh chiều đi,8,SLA,SLAVC,2026-09-08,2026,9,8,1695.6,900.0
Hiệu quả kết nối nội tỉnh,7,HCM,HCMVC,2026-09-04,2026,9,4,557150.08,7010.4
Tỷ lệ kết nối đúng giờ,10,HNI,HNVC,2026-09-06,2026,9,6,1975.0,2092.0
Hiệu quả xe nội tỉnh chiều về,9,HPG,HPGVC,2026-09-04,2026,9,4,75806.94000000002,160490.0
Hiệu quả xe nội tỉnh chiều đi,8,THA,THAVC,2026-09-06,2026,9,6,75980.34,144350.0
Thời gian chờ nhập,4,HCM,HCMVC,2026-09-01,2026,9,1,1537.8833333333332,95.0
Hiệu quả xe nội tỉnh chiều về,9,TNN,TNNVC,2026-09-08,2026,9,8,18326.74,37110.0
Tỷ lệ kết nối đúng giờ,10,HNI,HNVC,2026-09-05,2026,9,5,3235.0,3444.0
Tỷ lệ kết nối đúng giờ,10,QNH,QNHVC,2026-09-08,2026,9,8,105.0,108.0
Thời gian chờ nhập,4,DNI,DNIVC,2026-09-04,2026,9,4,338.66666666666663,72.0
Hiệu quả xe nội tỉnh chiều đi,8,NAN,NANVC,2026-09-05,2026,9,5,71056.67000000001,89830.0
Hiệu quả xe nội tỉnh chiều về,9,HUE,HUEVC,2026-09-05,2026,9,5,13235.17,24730.0
Tỷ lệ xuất sạch,3,HYN,HYNVC,2026-09-09,2026,9,9,106934.0,108180.0
Tỷ lệ kết nối đúng giờ,10,QNH,QNHVC,2026-09-02,2026,9,2,69.0,70.0
Hiệu quả xe nội tỉnh chiều đi,8,DNI,DNIVC,2026-09-02,2026,9,2,125540.14999999997,174750.0
Tỷ lệ kết nối đúng giờ,10,SLA,SLAVC,2026-09-03,2026,9,3,4.0,4.0
Thời gian chờ nhập,4,TQG,TQGVC,2026-09-06,2026,9,6,406.51666666666665,13.0
Hiệu quả kết nối nội tỉnh,7,KHA,KHAVC,2026-09-06,2026,9,6,88461.98000000001,2037.0
Tỷ lệ nhập đúng tải kiện 12.5s,5,TQG,TQGVC,2026-09-08,2026,9,8,4001.0,4002.0
Hiệu quả xe nội tỉnh chiều về,9,LSN,LSNVC,2026-09-06,2026,9,6,10383.48,6150.0
Hiệu quả xe nội tỉnh chiều về,9,DTP,DTPVC,2026-09-03,2026,9,3,72740.84,140950.0
Hiệu quả xe nội tỉnh chiều về,9,QNI,QNIVC,2026-09-05,2026,9,5,24726.54,39490.0
Hiệu quả xe nội tỉnh chiều về,9,QTI,QTIVC,2026-09-01,2026,9,1,23297.120000000003,42340.0
Thời gian chờ nhập,4,LCI,LCIVC,2026-08-31,2026,8,31,24.016666666666666,1.0
Tỷ lệ nhập đúng tải kiện 12.5s,5,TNN,TNNVC,2026-09-09,2026,9,9,6126.0,8127.0
Hiệu quả xe nội tỉnh chiều về,9,TNH,TNHVC,2026-09-08,2026,9,8,45922.350000000006,92150.0
Hiệu quả xe nội tỉnh chiều về,9,THA,THAVC,2026-09-01,2026,9,1,56878.310000000005,143250.0
Hiệu quả xe nội tỉnh chiều đi,8,LCI,LCIVC,2026-09-07,2026,9,7,35703.97,32500.0
Tỷ lệ kết nối đúng giờ,10,THA,THAVC,2026-09-04,2026,9,4,231.0,237.0
Hiệu quả xe nội tỉnh chiều về,9,BNH,BNHVC,2026-09-05,2026,9,5,162512.59000000003,209930.0
Hiệu quả xe nội tỉnh chiều về,9,NBH,NBHVC,2026-09-04,2026,9,4,149889.15,247560.0
Hiệu quả xe nội tỉnh chiều đi,8,DBN,DBNVC,2026-09-01,2026,9,1,1112.54,1650.0
Hiệu quả kết nối nội tỉnh,7,BNH,BNHVC,2026-09-04,2026,9,4,287689.11,3562.7
Hiệu quả xe nội tỉnh chiều đi,8,BNH,BNHVC,2026-09-02,2026,9,2,84504.98999999999,134600.0
Thời gian chờ nhập,4,NBH,NBHVC,2026-09-09,2026,9,9,422.26666666666665,65.0
Tỷ lệ nhập đúng tải kiện 12.5s,5,QNI,QNIVC,2026-09-03,2026,9,3,5423.0,5460.0
Tỷ lệ nhập đúng tải kiện 12.5s,5,SLA,SLAVC,2026-09-02,2026,9,2,213.0,246.0
Hiệu quả xe nội tỉnh chiều đi,8,DNG,DNGVC,2026-09-05,2026,9,5,92950.97,100700.0
Thời gian chờ nhập,4,DNI,DNIVC,2026-09-02,2026,9,2,390.75,44.0
Hiệu quả xe nội tỉnh chiều đi,8,GLI,GLIVC1,2026-09-05,2026,9,5,66252.59999999999,82050.0
Hiệu quả xe nội tỉnh chiều đi,8,QTI,QTIVC,2026-09-03,2026,9,3,33737.490000000005,49090.0
Hiệu quả kết nối nội tỉnh,7,HNI,HNVC,2026-09-08,2026,9,8,1020139.42,14114.2
Hiệu quả kết nối nội tỉnh,7,LCI,LCIVC,2026-08-31,2026,8,31,10027.939999999999,316.0
Tỷ lệ nhập đúng tải kiện 12.5s,5,LDG,LDGVC,2026-09-05,2026,9,5,22222.0,24064.0
Tỷ lệ xuất sạch,3,CTO,CTOVC,2026-09-04,2026,9,4,11772.0,12123.0
Hiệu quả kết nối nội tỉnh,7,AGG,AGGVC,2026-09-02,2026,9,2,121562.01000000001,3336.0
Hiệu quả xe nội tỉnh chiều đi,8,AGG,AGGVC,2026-09-02,2026,9,2,87696.10999999999,103800.0
Hiệu quả xe nội tỉnh chiều đi,8,HNI,HNVC,2026-09-02,2026,9,2,176117.78,513600.0
Tỷ lệ kết nối đúng giờ,10,QNI,QNIVC,2026-09-04,2026,9,4,156.0,157.0
Hiệu quả xe nội tỉnh chiều đi,8,DNI,DNIVC,2026-09-06,2026,9,6,138416.69999999998,174650.0
Hiệu quả kết nối nội tỉnh,7,NBH,NBHVC,2026-09-06,2026,9,6,246885.97999999998,3437.8
Tỷ lệ xuất sạch,3,TNN,TNNVC,2026-09-04,2026,9,4,17941.0,21876.0
Hiệu quả xe nội tỉnh chiều về,9,DNG,DNGVC,2026-09-07,2026,9,7,81292.2,128550.0
Hiệu quả xe nội tỉnh chiều về,9,TNH,TNHVC,2026-09-04,2026,9,4,80547.14000000001,145600.0
Thời gian chờ nhập,4,SLA,SLAVC,2026-09-04,2026,9,4,31.933333333333334,1.0
Hiệu quả xe nội tỉnh chiều về,9,TNH,TNHVC,2026-09-02,2026,9,2,21832.600000000002,111400.0
Hiệu quả kết nối nội tỉnh,7,CMU,CMUVC,2026-09-01,2026,9,1,56070.45999999999,954.0
Tỷ lệ kết nối đúng giờ,10,VLG,VLGVC,2026-09-07,2026,9,7,212.0,213.0
Tỷ lệ kết nối đúng giờ,10,AGG,AGGVC,2026-09-04,2026,9,4,213.0,218.0
Tỷ lệ xuất sạch,3,NBH,NBHVC,2026-09-04,2026,9,4,73679.0,74360.0
Thời gian chờ nhập,4,HPG,HPGVC,2026-09-05,2026,9,5,396.0833333333333,45.0
Hiệu quả kết nối nội tỉnh,7,HCM,HCMVC,2026-09-02,2026,9,2,237252.66,4508.8
Hiệu quả kết nối nội tỉnh,7,CTO,CTOVC,2026-09-05,2026,9,5,125812.36,2404.0
Tỷ lệ nhập đúng tải kiện 12.5s,5,CTO,CTOVC,2026-09-07,2026,9,7,5268.0,5268.0
Tỷ lệ kết nối đúng giờ,10,BNH,BNHVC,2026-09-08,2026,9,8,384.0,387.0
Thời gian chờ nhập,4,GLI,GLIVC1,2026-09-09,2026,9,9,858.1333333333333,36.0
Tỷ lệ nhập đúng tải kiện 12.5s,5,LCI,LCIVC,2026-09-06,2026,9,6,5810.0,6389.0
Thời gian chờ nhập,4,THA,THAVC,2026-09-06,2026,9,6,458.46666666666664,34.0
Thời gian chờ nhập,4,QNH,QNHVC,2026-09-03,2026,9,3,723.1333333333333,19.0
Hiệu quả xe nội tỉnh chiều về,9,TNN,TNNVC,2026-09-05,2026,9,5,35000.0,64310.0
Thời gian chờ nhập,4,HYN,HYNVC,2026-09-09,2026,9,9,262.2166666666667,54.0
Hiệu quả xe nội tỉnh chiều về,9,HCM,HCMVC,2026-09-03,2026,9,3,273144.45,387690.0
Tỷ lệ kết nối đúng giờ,10,VLG,VLGVC,2026-09-08,2026,9,8,231.0,236.0
Hiệu quả kết nối nội tỉnh,7,LCI,LCIVC,2026-09-07,2026,9,7,80420.45999999999,1309.0
Hiệu quả kết nối nội tỉnh,7,TNH,TNHVC,2026-09-08,2026,9,8,150377.69,2967.4
Hiệu quả xe nội tỉnh chiều về,9,CTO,CTOVC,2026-09-04,2026,9,4,59952.8,140100.0
Hiệu quả kết nối nội tỉnh,7,HYN,HYNVC,2026-09-05,2026,9,5,287265.13,2506.65
Thời gian chờ nhập,4,CTO,CTOVC,2026-09-09,2026,9,9,69.81666666666666,14.0
Hiệu quả kết nối nội tỉnh,7,QTI,QTIVC,2026-09-02,2026,9,2,47716.36,1646.9
Hiệu quả kết nối nội tỉnh,7,QTI,QTIVC,2026-09-05,2026,9,5,68075.36,2297.9
Hiệu quả xe nội tỉnh chiều đi,8,QNI,QNIVC,2026-09-07,2026,9,7,40523.44,36190.0
Hiệu quả xe nội tỉnh chiều đi,8,HNI,HNVC,2026-09-04,2026,9,4,313285.81,698580.0
Tỷ lệ xuất sạch,3,LCI,LCIVC,2026-09-09,2026,9,9,36486.0,37198.0
Thời gian chờ nhập,4,LDG,LDGVC,2026-09-07,2026,9,7,1173.4666666666667,66.0
Thời gian chờ nhập,4,HUE,HUEVC,2026-09-04,2026,9,4,582.8166666666666,19.0
Thời gian chờ nhập,4,HNI,HNVC,2026-09-04,2026,9,4,2320.0833333333335,146.0
Tỷ lệ kết nối đúng giờ,10,NAN,NANVC,2026-09-01,2026,9,1,146.0,147.0
Tỷ lệ xuất sạch,3,LDG,LDGVC,2026-09-08,2026,9,8,54382.0,58343.0
Hiệu quả kết nối nội tỉnh,7,DNG,DNGVC,2026-09-01,2026,9,1,99403.75,2368.0
Hiệu quả xe nội tỉnh chiều về,9,LSN,LSNVC,2026-09-08,2026,9,8,14863.380000000001,10650.0
Hiệu quả xe nội tỉnh chiều đi,8,QNI,QNIVC,2026-09-03,2026,9,3,28216.89,31240.0
Tỷ lệ nhập đúng tải kiện 12.5s,5,GLI,GLIVC1,2026-09-02,2026,9,2,6136.0,6217.0
Tỷ lệ kết nối đúng giờ,10,PHO,PHOVC,2026-09-06,2026,9,6,329.0,333.0
Tỷ lệ nhập đúng tải kiện 12.5s,5,THA,THAVC,2026-09-07,2026,9,7,12199.0,12832.0
Tỷ lệ nhập đúng tải kiện 12.5s,5,HTH,HTHVC,2026-09-08,2026,9,8,4379.0,4379.0
Hiệu quả xe nội tỉnh chiều về,9,NBH,NBHVC,2026-09-02,2026,9,2,66365.46,162360.0
Thời gian chờ nhập,4,TNH,TNHVC,2026-09-01,2026,9,1,960.7833333333333,49.0
Hiệu quả xe nội tỉnh chiều đi,8,CMU,CMUVC,2026-09-01,2026,9,1,40374.25,27000.0
Thời gian chờ nhập,4,HUE,HUEVC,2026-09-05,2026,9,5,734.8,23.0
Tỷ lệ nhập đúng tải kiện 12.5s,5,HYN,HYNVC,2026-09-01,2026,9,1,8590.0,8727.0
Hiệu quả xe nội tỉnh chiều đi,8,HNI,HNVC,2026-09-01,2026,9,1,239451.78,562850.0
Tỷ lệ xuất sạch,3,NAN,NANVC,2026-09-03,2026,9,3,28147.0,28876.0
Tỷ lệ nhập đúng tải kiện 12.5s,5,TQG,TQGVC,2026-09-02,2026,9,2,2424.0,2426.0
Hiệu quả kết nối nội tỉnh,7,DBN,DBNVC,2026-09-05,2026,9,5,2761.8199999999997,185.0
Tỷ lệ nhập đúng tải kiện 12.5s,5,LDG,LDGVC,2026-09-09,2026,9,9,20356.0,22030.0
Thời gian chờ nhập,4,LSN,LSNVC,2026-09-03,2026,9,3,58.0,9.0
Tỷ lệ kết nối đúng giờ,10,HYN,HYNVC,2026-09-05,2026,9,5,315.0,315.0
Tỷ lệ xuất sạch,3,TNN,TNNVC,2026-09-08,2026,9,8,15916.0,19155.0
Hiệu quả kết nối nội tỉnh,7,QNH,QNHVC,2026-09-01,2026,9,1,61162.96,1100.1
Hiệu quả xe nội tỉnh chiều về,9,CMU,CMUVC,2026-09-07,2026,9,7,4621.84,13500.0
Tỷ lệ kết nối đúng giờ,10,TQG,TQGVC,2026-09-04,2026,9,4,55.0,59.0
Tỷ lệ xuất sạch,3,HNI,HNVC,2026-09-05,2026,9,5,192559.0,203544.0
Tỷ lệ nhập đúng tải kiện 12.5s,5,DLK,DLKVC1,2026-09-03,2026,9,3,13715.0,14062.0
Tỷ lệ kết nối đúng giờ,10,QTI,QTIVC,2026-09-06,2026,9,6,115.0,130.0
Hiệu quả xe nội tỉnh chiều đi,8,TNN,TNNVC,2026-09-07,2026,9,7,29275.88000000001,63490.0
Thời gian chờ nhập,4,NAN,NANVC,2026-09-07,2026,9,7,729.9833333333333,37.0
Tỷ lệ nhập đúng tải kiện 12.5s,5,LCI,LCIVC,2026-09-02,2026,9,2,4556.0,5022.0
Hiệu quả xe nội tỉnh chiều về,9,DNI,DNIVC,2026-09-03,2026,9,3,107762.23,193600.0
Thời gian chờ nhập,4,CMU,CMUVC,2026-09-02,2026,9,2,137.23333333333335,18.0
Tỷ lệ xuất sạch,3,QNI,QNIVC,2026-09-09,2026,9,9,39988.0,40154.0
Tỷ lệ nhập đúng tải kiện 12.5s,5,THA,THAVC,2026-09-03,2026,9,3,10121.0,11106.0
Hiệu quả xe nội tỉnh chiều về,9,QNH,QNHVC,2026-09-03,2026,9,3,27588.65,49850.0
Thời gian chờ nhập,4,SLA,SLAVC,2026-09-08,2026,9,8,106.5,2.0
Hiệu quả kết nối nội tỉnh,7,QTI,QTIVC,2026-09-07,2026,9,7,83754.12,2600.3
Tỷ lệ xuất sạch,3,NAN,NANVC,2026-09-08,2026,9,8,38830.0,39554.0
Hiệu quả xe nội tỉnh chiều đi,8,THA,THAVC,2026-09-04,2026,9,4,73021.18000000005,144850.0
Hiệu quả xe nội tỉnh chiều về,9,VLG,VLGVC,2026-09-02,2026,9,2,33617.89,97100.0
Hiệu quả xe nội tỉnh chiều về,9,THA,THAVC,2026-09-03,2026,9,3,75802.18999999997,134950.0
Tỷ lệ nhập đúng tải kiện 12.5s,5,HNI,HNVC,2026-09-01,2026,9,1,26357.0,28418.0
Thời gian chờ nhập,4,AGG,AGGVC,2026-09-07,2026,9,7,346.9666666666667,45.0
Tỷ lệ kết nối đúng giờ,10,CMU,CMUVC,2026-09-01,2026,9,1,50.0,53.0
Hiệu quả xe nội tỉnh chiều về,9,TQG,TQGVC,2026-09-07,2026,9,7,8993.48,10750.0
Tỷ lệ xuất sạch,3,BNH,BNHVC,2026-09-08,2026,9,8,64575.0,80126.0
Hiệu quả xe nội tỉnh chiều về,9,LSN,LSNVC,2026-09-02,2026,9,2,4825.46,9000.0
Hiệu quả kết nối nội tỉnh,7,HPG,HPGVC,2026-08-31,2026,8,31,10870.57,96.0
Tỷ lệ nhập đúng tải kiện 12.5s,5,LCI,LCIVC,2026-09-01,2026,9,1,4363.0,5476.0
Hiệu quả xe nội tỉnh chiều đi,8,KHA,KHAVC,2026-09-03,2026,9,3,38429.95,67600.0
Tỷ lệ kết nối đúng giờ,10,CTO,CTOVC,2026-09-04,2026,9,4,254.0,262.0
Hiệu quả kết nối nội tỉnh,7,KHA,KHAVC,2026-09-02,2026,9,2,55787.91,1862.0
Hiệu quả xe nội tỉnh chiều đi,8,DTP,DTPVC,2026-09-03,2026,9,3,74637.1,155050.0
Hiệu quả xe nội tỉnh chiều về,9,HCM,HCMVC,2026-09-05,2026,9,5,285885.00999999995,444290.0
Tỷ lệ nhập đúng tải kiện 12.5s,5,BNH,BNHVC,2026-09-06,2026,9,6,21115.0,23152.0
Hiệu quả kết nối nội tỉnh,7,DNG,DNGVC,2026-09-07,2026,9,7,172311.1,3421.0
Hiệu quả xe nội tỉnh chiều đi,8,KHA,KHAVC,2026-09-04,2026,9,4,42373.450000000004,69250.0
Hiệu quả xe nội tỉnh chiều đi,8,BNH,BNHVC,2026-09-05,2026,9,5,123049.27,219900.0
Hiệu quả xe nội tỉnh chiều đi,8,HNI,HNVC,2026-09-03,2026,9,3,188216.88,642700.0
Thời gian chờ nhập,4,GLI,GLIVC1,2026-09-01,2026,9,1,1092.95,41.0
Tỷ lệ xuất sạch,3,THA,THAVC,2026-09-09,2026,9,9,97712.0,107000.0
Hiệu quả kết nối nội tỉnh,7,TNH,TNHVC,2026-09-05,2026,9,5,187761.91,3747.9
Tỷ lệ kết nối đúng giờ,10,CTO,CTOVC,2026-09-06,2026,9,6,243.0,248.0
Tỷ lệ xuất sạch,3,HPG,HPGVC,2026-09-08,2026,9,8,68398.0,70013.0
Hiệu quả xe nội tỉnh chiều đi,8,DTP,DTPVC,2026-09-08,2026,9,8,103932.62,149300.0
Tỷ lệ xuất sạch,3,NBH,NBHVC,2026-09-03,2026,9,3,50343.0,51063.0
Tỷ lệ nhập đúng tải kiện 12.5s,5,LSN,LSNVC,2026-09-02,2026,9,2,1279.0,1281.0
Hiệu quả kết nối nội tỉnh,7,HPG,HPGVC,2026-09-02,2026,9,2,84564.77,1148.7
Hiệu quả xe nội tỉnh chiều về,9,GLI,GLIVC1,2026-09-07,2026,9,7,54360.03999999999,81730.0
Tỷ lệ nhập đúng tải kiện 12.5s,5,DTP,DTPVC,2026-09-09,2026,9,9,18239.0,18947.0
Tỷ lệ nhập đúng tải kiện 12.5s,5,QTI,QTIVC,2026-09-06,2026,9,6,7419.0,7757.0
Hiệu quả xe nội tỉnh chiều về,9,GLI,GLIVC1,2026-09-04,2026,9,4,50487.49,77700.0
Tỷ lệ xuất sạch,3,TQG,TQGVC,2026-09-03,2026,9,3,5222.0,5977.0
Hiệu quả xe nội tỉnh chiều đi,8,LSN,LSNVC,2026-09-01,2026,9,1,5568.08,10650.0
Tỷ lệ nhập đúng tải kiện 12.5s,5,HCM,HCMVC,2026-09-02,2026,9,2,19854.0,21095.0
Hiệu quả kết nối nội tỉnh,7,HCM,HCMVC,2026-08-31,2026,8,31,30762.18,436.7
Hiệu quả xe nội tỉnh chiều đi,8,QNH,QNHVC,2026-09-07,2026,9,7,45775.780000000006,50250.0
Thời gian chờ nhập,4,LCU,LCUVC,2026-09-05,2026,9,5,3.6833333333333336,2.0
Hiệu quả xe nội tỉnh chiều đi,8,CTO,CTOVC,2026-09-01,2026,9,1,51431.94000000001,114900.0
Tỷ lệ xuất sạch,3,AGG,AGGVC,2026-09-05,2026,9,5,42049.0,44278.0
Hiệu quả kết nối nội tỉnh,7,SLA,SLAVC,2026-09-03,2026,9,3,736.36,82.0
Thời gian chờ nhập,4,LSN,LSNVC,2026-09-04,2026,9,4,11.166666666666666,5.0
Hiệu quả kết nối nội tỉnh,7,QNI,QNIVC,2026-09-08,2026,9,8,60590.19,1926.0
Hiệu quả kết nối nội tỉnh,7,QTI,QTIVC,2026-09-06,2026,9,6,70821.01,1821.1000000000001
Thời gian chờ nhập,4,AGG,AGGVC,2026-09-06,2026,9,6,365.23333333333335,38.0
Tỷ lệ nhập đúng tải kiện 12.5s,5,NAN,NANVC,2026-09-05,2026,9,5,10602.0,10826.0
Tỷ lệ nhập đúng tải kiện 12.5s,5,QNH,QNHVC,2026-09-08,2026,9,8,6630.0,8429.0
Tỷ lệ nhập đúng tải kiện 12.5s,5,DLK,DLKVC1,2026-09-08,2026,9,8,10709.0,13069.0
Tỷ lệ nhập đúng tải kiện 12.5s,5,DBN,DBNVC,2026-09-02,2026,9,2,266.0,267.0
Tỷ lệ xuất sạch,3,QNH,QNHVC,2026-09-04,2026,9,4,25519.0,27349.0
Hiệu quả xe nội tỉnh chiều đi,8,LSN,LSNVC,2026-09-07,2026,9,7,10492.01,10650.0
Hiệu quả kết nối nội tỉnh,7,BNH,BNHVC,2026-09-05,2026,9,5,285561.86,3535.0
Thời gian chờ nhập,4,TNH,TNHVC,2026-09-02,2026,9,2,586.0666666666666,43.0
Tỷ lệ xuất sạch,3,TNH,TNHVC,2026-09-09,2026,9,9,111046.0,117310.0
Hiệu quả xe nội tỉnh chiều về,9,DLK,DLKVC1,2026-09-08,2026,9,8,55531.96,127745.0
Thời gian chờ nhập,4,TNN,TNNVC,2026-09-05,2026,9,5,323.28333333333336,20.0
Hiệu quả xe nội tỉnh chiều đi,8,NBH,NBHVC,2026-09-07,2026,9,7,141482.3,236760.0
Thời gian chờ nhập,4,DNI,DNIVC,2026-09-05,2026,9,5,385.1166666666667,61.0
Thời gian chờ nhập,4,DLK,DLKVC1,2026-09-03,2026,9,3,1203.4333333333334,48.0
Tỷ lệ nhập đúng tải kiện 12.5s,5,CTO,CTOVC,2026-09-09,2026,9,9,5369.0,5369.0
Tỷ lệ nhập đúng tải kiện 12.5s,5,HPG,HPGVC,2026-09-03,2026,9,3,14389.0,14796.0
Hiệu quả xe nội tỉnh chiều về,9,SLA,SLAVC,2026-09-07,2026,9,7,189.95,900.0
Tỷ lệ kết nối đúng giờ,10,HPG,HPGVC,2026-09-07,2026,9,7,309.0,309.0
Hiệu quả xe nội tỉnh chiều về,9,TNH,TNHVC,2026-09-06,2026,9,6,52106.53,126850.0
Tỷ lệ nhập đúng tải kiện 12.5s,5,QNH,QNHVC,2026-09-06,2026,9,6,6669.0,6961.0
Tỷ lệ kết nối đúng giờ,10,LSN,LSNVC,2026-09-05,2026,9,5,23.0,23.0
Hiệu quả xe nội tỉnh chiều về,9,KHA,KHAVC,2026-09-02,2026,9,2,11583.75,57450.0
Hiệu quả kết nối nội tỉnh,7,VLG,VLGVC,2026-09-05,2026,9,5,155113.54,3216.3999999999996
Hiệu quả xe nội tỉnh chiều về,9,CTO,CTOVC,2026-09-06,2026,9,6,47698.909999999996,125400.0
Thời gian chờ nhập,4,NAN,NANVC,2026-09-04,2026,9,4,575.1833333333333,33.0
Hiệu quả xe nội tỉnh chiều về,9,VLG,VLGVC,2026-09-01,2026,9,1,57533.30999999999,102350.0
Thời gian chờ nhập,4,DBN,DBNVC,2026-09-05,2026,9,5,5.816666666666666,2.0
Hiệu quả kết nối nội tỉnh,7,DTP,DTPVC,2026-09-01,2026,9,1,130693.31,2010.2
Hiệu quả xe nội tỉnh chiều đi,8,DBN,DBNVC,2026-09-05,2026,9,5,2641.5499999999997,3300.0
Tỷ lệ kết nối đúng giờ,10,SLA,SLAVC,2026-09-08,2026,9,8,4.0,4.0
Hiệu quả kết nối nội tỉnh,7,NAN,NANVC,2026-09-06,2026,9,6,107992.14,3188.0
Hiệu quả kết nối nội tỉnh,7,DNG,DNGVC,2026-09-08,2026,9,8,165156.08,3326.0
Hiệu quả kết nối nội tỉnh,7,QNH,QNHVC,2026-09-07,2026,9,7,67181.23,1581.3999999999999
Hiệu quả kết nối nội tỉnh,7,THA,THAVC,2026-09-01,2026,9,1,116415.88,4046.0
Tỷ lệ xuất sạch,3,QTI,QTIVC,2026-09-09,2026,9,9,41654.0,43618.0
Tỷ lệ kết nối đúng giờ,10,DTP,DTPVC,2026-09-08,2026,9,8,194.0,197.0
Thời gian chờ nhập,4,NAN,NANVC,2026-09-09,2026,9,9,571.6333333333333,31.0
Hiệu quả kết nối nội tỉnh,7,PHO,PHOVC,2026-08-31,2026,8,31,18671.77,212.0
Tỷ lệ xuất sạch,3,NAN,NANVC,2026-09-05,2026,9,5,32167.0,32974.0
Hiệu quả xe nội tỉnh chiều đi,8,HUE,HUEVC,2026-09-01,2026,9,1,17839.589999999997,37730.0
Thời gian chờ nhập,4,DTP,DTPVC,2026-09-07,2026,9,7,255.05,47.0
Hiệu quả xe nội tỉnh chiều đi,8,TQG,TQGVC,2026-09-01,2026,9,1,11071.650000000001,12400.0
Tỷ lệ kết nối đúng giờ,10,LDG,LDGVC,2026-09-06,2026,9,6,267.0,274.0
Tỷ lệ nhập đúng tải kiện 12.5s,5,SLA,SLAVC,2026-09-09,2026,9,9,115.0,250.0
Thời gian chờ nhập,4,TNN,TNNVC,2026-09-06,2026,9,6,301.55,23.0
Hiệu quả xe nội tỉnh chiều đi,8,TNN,TNNVC,2026-09-04,2026,9,4,31082.9,63490.0
Tỷ lệ kết nối đúng giờ,10,CMU,CMUVC,2026-09-05,2026,9,5,125.0,125.0
Hiệu quả kết nối nội tỉnh,7,AGG,AGGVC,2026-09-05,2026,9,5,131938.49,3401.0
Tỷ lệ nhập đúng tải kiện 12.5s,5,HTH,HTHVC,2026-09-01,2026,9,1,3025.0,3027.0
Hiệu quả kết nối nội tỉnh,7,HNI,HNVC,2026-09-01,2026,9,1,662363.23,10065.6
Tỷ lệ kết nối đúng giờ,10,QTI,QTIVC,2026-09-01,2026,9,1,144.0,159.0
Tỷ lệ nhập đúng tải kiện 12.5s,5,THA,THAVC,2026-09-01,2026,9,1,10830.0,11135.0
Thời gian chờ nhập,4,HCM,HCMVC,2026-09-09,2026,9,9,2738.7,140.0
Hiệu quả kết nối nội tỉnh,7,NAN,NANVC,2026-09-03,2026,9,3,79546.09,3212.0
Tỷ lệ kết nối đúng giờ,10,LCI,LCIVC,2026-09-03,2026,9,3,98.0,98.0
Hiệu quả kết nối nội tỉnh,7,PHO,PHOVC,2026-09-01,2026,9,1,195152.93,3794.0
Hiệu quả xe nội tỉnh chiều về,9,HTH,HTHVC,2026-09-04,2026,9,4,11682.669999999998,31100.0
Thời gian chờ nhập,4,DBN,DBNVC,2026-09-04,2026,9,4,25.03333333333333,4.0
Tỷ lệ nhập đúng tải kiện 12.5s,5,DTP,DTPVC,2026-09-04,2026,9,4,14424.0,14564.0
Tỷ lệ xuất sạch,3,DLK,DLKVC1,2026-09-08,2026,9,8,40606.0,43837.0
Tỷ lệ nhập đúng tải kiện 12.5s,5,SLA,SLAVC,2026-09-05,2026,9,5,268.0,308.0
Tỷ lệ kết nối đúng giờ,10,LSN,LSNVC,2026-09-08,2026,9,8,23.0,23.0
Tỷ lệ nhập đúng tải kiện 12.5s,5,DNI,DNIVC,2026-09-02,2026,9,2,11460.0,12147.0
Tỷ lệ kết nối đúng giờ,10,QNH,QNHVC,2026-09-03,2026,9,3,109.0,118.0
Tỷ lệ nhập đúng tải kiện 12.5s,5,LDG,LDGVC,2026-09-02,2026,9,2,12529.0,13838.0
Hiệu quả kết nối nội tỉnh,7,DLK,DLKVC1,2026-09-02,2026,9,2,85115.79000000001,2865.0
Hiệu quả xe nội tỉnh chiều về,9,QNH,QNHVC,2026-09-04,2026,9,4,24935.93,46350.0
Hiệu quả xe nội tỉnh chiều đi,8,SLA,SLAVC,2026-09-05,2026,9,5,1006.8,900.0
Thời gian chờ nhập,4,TQG,TQGVC,2026-09-01,2026,9,1,163.13333333333333,14.0
Hiệu quả xe nội tỉnh chiều về,9,PHO,PHOVC,2026-09-05,2026,9,5,126073.28,185500.0
Hiệu quả kết nối nội tỉnh,7,DTP,DTPVC,2026-09-02,2026,9,2,126025.75,2191.5
Thời gian chờ nhập,4,LSN,LSNVC,2026-09-05,2026,9,5,18.216666666666665,6.0
Tỷ lệ kết nối đúng giờ,10,LDG,LDGVC,2026-09-05,2026,9,5,266.0,281.0
Tỷ lệ nhập đúng tải kiện 12.5s,5,DBN,DBNVC,2026-09-01,2026,9,1,376.0,376.0
Tỷ lệ nhập đúng tải kiện 12.5s,5,QNH,QNHVC,2026-09-02,2026,9,2,3400.0,3565.0
Thời gian chờ nhập,4,DNI,DNIVC,2026-09-06,2026,9,6,252.1,48.0
Tỷ lệ kết nối đúng giờ,10,VLG,VLGVC,2026-08-31,2026,8,31,1.0,1.0
Thời gian chờ nhập,4,PHO,PHOVC,2026-09-03,2026,9,3,711.9,56.0
Thời gian chờ nhập,4,LSN,LSNVC,2026-09-08,2026,9,8,14.616666666666667,6.0
Tỷ lệ nhập đúng tải kiện 12.5s,5,QNI,QNIVC,2026-09-05,2026,9,5,6987.0,7043.0
Tỷ lệ xuất sạch,3,SLA,SLAVC,2026-09-03,2026,9,3,431.0,431.0
Tỷ lệ kết nối đúng giờ,10,GLI,GLIVC1,2026-09-08,2026,9,8,228.0,246.0
Thời gian chờ nhập,4,DLK,DLKVC1,2026-09-05,2026,9,5,929.9333333333333,58.0
Tỷ lệ kết nối đúng giờ,10,DNG,DNGVC,2026-09-03,2026,9,3,340.0,350.0
Thời gian chờ nhập,4,HCM,HCMVC,2026-09-06,2026,9,6,1383.1333333333332,90.0
Thời gian chờ nhập,4,QNI,QNIVC,2026-09-08,2026,9,8,404.0,35.0
Hiệu quả kết nối nội tỉnh,7,QNH,QNHVC,2026-09-08,2026,9,8,70291.87,1540.9
Hiệu quả xe nội tỉnh chiều đi,8,VLG,VLGVC,2026-09-06,2026,9,6,54305.11,83450.0
Hiệu quả xe nội tỉnh chiều về,9,AGG,AGGVC,2026-09-04,2026,9,4,50561.45,97000.0
Hiệu quả xe nội tỉnh chiều đi,8,DLK,DLKVC1,2026-09-02,2026,9,2,56145.29,104945.0
Hiệu quả kết nối nội tỉnh,7,GLI,GLIVC1,2026-09-04,2026,9,4,104265.58,3277.0
Hiệu quả kết nối nội tỉnh,7,NAN,NANVC,2026-09-01,2026,9,1,85048.39,3076.0
Thời gian chờ nhập,4,VLG,VLGVC,2026-09-09,2026,9,9,1167.0166666666667,60.0
Tỷ lệ xuất sạch,3,QTI,QTIVC,2026-09-08,2026,9,8,17225.0,17569.0
Hiệu quả xe nội tỉnh chiều đi,8,TNH,TNHVC,2026-09-07,2026,9,7,90285.88,145200.0
Hiệu quả xe nội tỉnh chiều về,9,HUE,HUEVC,2026-09-01,2026,9,1,13908.990000000002,29680.0
Hiệu quả kết nối nội tỉnh,7,NAN,NANVC,2026-09-08,2026,9,8,109150.44,3329.0
Hiệu quả xe nội tỉnh chiều về,9,DNG,DNGVC,2026-09-01,2026,9,1,44635.72,79000.0
Hiệu quả kết nối nội tỉnh,7,VLG,VLGVC,2026-09-06,2026,9,6,117997.06,1864.8
Tỷ lệ kết nối đúng giờ,10,THA,THAVC,2026-09-06,2026,9,6,218.0,223.0
Tỷ lệ kết nối đúng giờ,10,HUE,HUEVC,2026-09-03,2026,9,3,99.0,102.0
Tỷ lệ kết nối đúng giờ,10,HUE,HUEVC,2026-09-07,2026,9,7,104.0,105.0
Hiệu quả kết nối nội tỉnh,7,LCI,LCIVC,2026-09-06,2026,9,6,65824.20999999999,1185.0
Tỷ lệ nhập đúng tải kiện 12.5s,5,PHO,PHOVC,2026-09-09,2026,9,9,20720.0,23046.0
Tỷ lệ kết nối đúng giờ,10,LCI,LCIVC,2026-09-01,2026,9,1,99.0,99.0
Hiệu quả kết nối nội tỉnh,7,HCM,HCMVC,2026-09-05,2026,9,5,538773.87,7222.7
Hiệu quả xe nội tỉnh chiều đi,8,NBH,NBHVC,2026-09-08,2026,9,8,167828.25,239260.0
Hiệu quả kết nối nội tỉnh,7,CTO,CTOVC,2026-09-04,2026,9,4,121708.01,2436.0
Thời gian chờ nhập,4,KHA,KHAVC,2026-09-06,2026,9,6,985.65,39.0
Tỷ lệ kết nối đúng giờ,10,HPG,HPGVC,2026-09-02,2026,9,2,141.0,141.0
Hiệu quả xe nội tỉnh chiều về,9,LSN,LSNVC,2026-09-01,2026,9,1,14318.17,9000.0
Tỷ lệ nhập đúng tải kiện 12.5s,5,DNI,DNIVC,2026-09-01,2026,9,1,15163.0,16367.0
Hiệu quả kết nối nội tỉnh,7,DNI,DNIVC,2026-09-08,2026,9,8,305685.62,5627.1
Hiệu quả xe nội tỉnh chiều đi,8,KHA,KHAVC,2026-09-07,2026,9,7,63136.05999999999,70400.0
Tỷ lệ xuất sạch,3,DTP,DTPVC,2026-09-04,2026,9,4,41817.0,42108.0
Hiệu quả kết nối nội tỉnh,7,TNN,TNNVC,2026-09-08,2026,9,8,52425.299999999996,1070.0
Tỷ lệ nhập đúng tải kiện 12.5s,5,HYN,HYNVC,2026-09-07,2026,9,7,16043.0,16227.0
Hiệu quả xe nội tỉnh chiều đi,8,KHA,KHAVC,2026-09-02,2026,9,2,44204.159999999996,65950.0
Tỷ lệ kết nối đúng giờ,10,LCI,LCIVC,2026-09-07,2026,9,7,97.0,99.0
Tỷ lệ kết nối đúng giờ,10,HYN,HYNVC,2026-09-03,2026,9,3,355.0,355.0
Tỷ lệ xuất sạch,3,DNI,DNIVC,2026-09-09,2026,9,9,223534.0,226622.0
Thời gian chờ nhập,4,THA,THAVC,2026-09-04,2026,9,4,493.48333333333335,43.0
Hiệu quả xe nội tỉnh chiều đi,8,LCI,LCIVC,2026-09-08,2026,9,8,41702.15,33500.0
Hiệu quả xe nội tỉnh chiều đi,8,HUE,HUEVC,2026-09-02,2026,9,2,28050.630000000005,34180.0
Tỷ lệ xuất sạch,3,BNH,BNHVC,2026-09-05,2026,9,5,66982.0,76767.0
Tỷ lệ kết nối đúng giờ,10,LDG,LDGVC,2026-08-31,2026,8,31,2.0,2.0
Tỷ lệ xuất sạch,3,CMU,CMUVC,2026-09-05,2026,9,5,23189.0,23599.0
Thời gian chờ nhập,4,PHO,PHOVC,2026-09-07,2026,9,7,833.4666666666667,48.0
Tỷ lệ nhập đúng tải kiện 12.5s,5,NBH,NBHVC,2026-09-04,2026,9,4,17724.0,18061.0
Tỷ lệ nhập đúng tải kiện 12.5s,5,HPG,HPGVC,2026-09-06,2026,9,6,13580.0,13905.0
Thời gian chờ nhập,4,DBN,DBNVC,2026-09-03,2026,9,3,50.71666666666667,3.0
Hiệu quả kết nối nội tỉnh,7,HTH,HTHVC,2026-09-07,2026,9,7,37218.28,925.2
Hiệu quả xe nội tỉnh chiều về,9,DNG,DNGVC,2026-09-08,2026,9,8,84926.07,128950.0
Hiệu quả xe nội tỉnh chiều về,9,LCI,LCIVC,2026-09-06,2026,9,6,35166.77,31000.0
Thời gian chờ nhập,4,HYN,HYNVC,2026-09-07,2026,9,7,512.9666666666667,59.0
Tỷ lệ nhập đúng tải kiện 12.5s,5,CMU,CMUVC,2026-09-01,2026,9,1,9436.0,9457.0
Hiệu quả xe nội tỉnh chiều đi,8,HCM,HCMVC,2026-09-04,2026,9,4,245890.91999999998,385840.0
Tỷ lệ xuất sạch,3,HTH,HTHVC,2026-09-05,2026,9,5,11868.0,11908.0
Tỷ lệ nhập đúng tải kiện 12.5s,5,KHA,KHAVC,2026-09-07,2026,9,7,8181.0,9147.0
Tỷ lệ kết nối đúng giờ,10,NAN,NANVC,2026-09-02,2026,9,2,143.0,143.0
Tỷ lệ nhập đúng tải kiện 12.5s,5,AGG,AGGVC,2026-09-08,2026,9,8,16904.0,17247.0
Hiệu quả kết nối nội tỉnh,7,LCI,LCIVC,2026-09-03,2026,9,3,65679.56,1309.0
Hiệu quả xe nội tỉnh chiều đi,8,QTI,QTIVC,2026-09-06,2026,9,6,42562.03,35940.0
Tỷ lệ xuất sạch,3,NBH,NBHVC,2026-09-08,2026,9,8,69796.0,73798.0
Hiệu quả kết nối nội tỉnh,7,DLK,DLKVC1,2026-08-31,2026,8,31,3892.75,164.0
Thời gian chờ nhập,4,THA,THAVC,2026-09-09,2026,9,9,671.8833333333333,38.0
Tỷ lệ xuất sạch,3,LSN,LSNVC,2026-09-05,2026,9,5,11869.0,11876.0
Hiệu quả xe nội tỉnh chiều về,9,TNN,TNNVC,2026-09-04,2026,9,4,34682.03999999999,66790.0
Tỷ lệ kết nối đúng giờ,10,HNI,HNVC,2026-09-03,2026,9,3,3212.0,3443.0
Hiệu quả xe nội tỉnh chiều đi,8,CMU,CMUVC,2026-09-06,2026,9,6,9011.21,6750.0
Tỷ lệ nhập đúng tải kiện 12.5s,5,CTO,CTOVC,2026-09-04,2026,9,4,4459.0,4613.0
Tỷ lệ xuất sạch,3,GLI,GLIVC1,2026-09-09,2026,9,9,65968.0,69116.0
Hiệu quả xe nội tỉnh chiều đi,8,SLA,SLAVC,2026-09-07,2026,9,7,638.97,900.0
Tỷ lệ xuất sạch,3,KHA,KHAVC,2026-09-03,2026,9,3,22789.0,23295.0
Tỷ lệ nhập đúng tải kiện 12.5s,5,SLA,SLAVC,2026-09-03,2026,9,3,58.0,70.0
Hiệu quả xe nội tỉnh chiều đi,8,QTI,QTIVC,2026-09-02,2026,9,2,31510.3,38690.0
Thời gian chờ nhập,4,KHA,KHAVC,2026-08-31,2026,8,31,30.533333333333335,2.0
Hiệu quả xe nội tỉnh chiều đi,8,HPG,HPGVC,2026-09-01,2026,9,1,76317.37,141060.0
Hiệu quả kết nối nội tỉnh,7,DTP,DTPVC,2026-09-04,2026,9,4,145297.91999999998,2882.6
Hiệu quả kết nối nội tỉnh,7,DTP,DTPVC,2026-09-06,2026,9,6,146177.34,2128.2
Tỷ lệ nhập đúng tải kiện 12.5s,5,BNH,BNHVC,2026-09-01,2026,9,1,16481.0,18795.0
Thời gian chờ nhập,4,TNN,TNNVC,2026-09-03,2026,9,3,411.05,24.0
Thời gian chờ nhập,4,HYN,HYNVC,2026-09-08,2026,9,8,234.39999999999998,54.0
Thời gian chờ nhập,4,QNI,QNIVC,2026-09-01,2026,9,1,250.14999999999998,30.0
Tỷ lệ kết nối đúng giờ,10,NBH,NBHVC,2026-09-03,2026,9,3,404.0,406.0
Tỷ lệ nhập đúng tải kiện 12.5s,5,NBH,NBHVC,2026-09-09,2026,9,9,18168.0,18319.0
Hiệu quả xe nội tỉnh chiều đi,8,TNH,TNHVC,2026-09-06,2026,9,6,90110.57,122800.0
Hiệu quả kết nối nội tỉnh,7,HNI,HNVC,2026-08-31,2026,8,31,229415.88,2669.7999999999997
Tỷ lệ xuất sạch,3,PHO,PHOVC,2026-09-03,2026,9,3,37574.0,40440.0
Hiệu quả xe nội tỉnh chiều đi,8,TNH,TNHVC,2026-09-04,2026,9,4,77169.94,145850.0
Hiệu quả kết nối nội tỉnh,7,VLG,VLGVC,2026-08-31,2026,8,31,16216.579999999998,229.0
Tỷ lệ nhập đúng tải kiện 12.5s,5,VLG,VLGVC,2026-09-03,2026,9,3,14727.0,14750.0
Tỷ lệ nhập đúng tải kiện 12.5s,5,DLK,DLKVC1,2026-09-02,2026,9,2,8878.0,9184.0
Tỷ lệ xuất sạch,3,DBN,DBNVC,2026-09-08,2026,9,8,1726.0,1731.0
Hiệu quả kết nối nội tỉnh,7,NAN,NANVC,2026-09-07,2026,9,7,117621.69,3400.0
Tỷ lệ kết nối đúng giờ,10,SLA,SLAVC,2026-09-05,2026,9,5,4.0,4.0
Thời gian chờ nhập,4,DNG,DNGVC,2026-09-04,2026,9,4,338.01666666666665,21.0
Thời gian chờ nhập,4,NBH,NBHVC,2026-09-05,2026,9,5,414.8833333333333,54.0
Hiệu quả xe nội tỉnh chiều đi,8,PHO,PHOVC,2026-09-03,2026,9,3,111066.51000000001,175900.0
Hiệu quả xe nội tỉnh chiều đi,8,LCI,LCIVC,2026-09-01,2026,9,1,28711.33,34500.0
Tỷ lệ kết nối đúng giờ,10,QNI,QNIVC,2026-09-05,2026,9,5,174.0,176.0
Hiệu quả xe nội tỉnh chiều về,9,QNI,QNIVC,2026-09-07,2026,9,7,27469.329999999998,39490.0
Hiệu quả kết nối nội tỉnh,7,TNH,TNHVC,2026-08-31,2026,8,31,26564.489999999998,571.9
Tỷ lệ kết nối đúng giờ,10,LDG,LDGVC,2026-09-03,2026,9,3,223.0,226.0
Hiệu quả kết nối nội tỉnh,7,HTH,HTHVC,2026-09-02,2026,9,2,20944.58,557.4
Hiệu quả kết nối nội tỉnh,7,LDG,LDGVC,2026-09-06,2026,9,6,76098.49,2995.7
Hiệu quả xe nội tỉnh chiều về,9,TQG,TQGVC,2026-09-02,2026,9,2,4644.4400000000005,9100.0
Tỷ lệ nhập đúng tải kiện 12.5s,5,NAN,NANVC,2026-09-08,2026,9,8,10467.0,10529.0
Tỷ lệ kết nối đúng giờ,10,KHA,KHAVC,2026-09-03,2026,9,3,186.0,188.0
Tỷ lệ kết nối đúng giờ,10,BNH,BNHVC,2026-09-02,2026,9,2,231.0,238.0
Tỷ lệ nhập đúng tải kiện 12.5s,5,DLK,DLKVC1,2026-09-06,2026,9,6,12359.0,14323.0
Hiệu quả kết nối nội tỉnh,7,SLA,SLAVC,2026-09-04,2026,9,4,922.55,82.0
Tỷ lệ kết nối đúng giờ,10,VLG,VLGVC,2026-09-05,2026,9,5,238.0,238.0
Tỷ lệ nhập đúng tải kiện 12.5s,5,GLI,GLIVC1,2026-09-06,2026,9,6,10010.0,10193.0
Hiệu quả xe nội tỉnh chiều về,9,BNH,BNHVC,2026-09-03,2026,9,3,150830.25000000003,207230.0
Hiệu quả kết nối nội tỉnh,7,KHA,KHAVC,2026-09-07,2026,9,7,104177.83,2135.0
Hiệu quả xe nội tỉnh chiều về,9,HYN,HYNVC,2026-09-01,2026,9,1,52128.64,88800.0
Hiệu quả xe nội tỉnh chiều về,9,HPG,HPGVC,2026-09-07,2026,9,7,102932.16999999998,164160.0
Hiệu quả xe nội tỉnh chiều đi,8,PHO,PHOVC,2026-09-04,2026,9,4,121708.67000000004,175900.0
Hiệu quả xe nội tỉnh chiều đi,8,PHO,PHOVC,2026-09-07,2026,9,7,116161.34000000001,182250.0
Tỷ lệ nhập đúng tải kiện 12.5s,5,LCI,LCIVC,2026-09-04,2026,9,4,6007.0,7230.0
Tỷ lệ nhập đúng tải kiện 12.5s,5,HYN,HYNVC,2026-09-06,2026,9,6,11452.0,11708.0
Hiệu quả xe nội tỉnh chiều đi,8,HCM,HCMVC,2026-09-01,2026,9,1,235505.32,321110.0
Hiệu quả kết nối nội tỉnh,7,HYN,HYNVC,2026-09-07,2026,9,7,304072.3,2821.16
Tỷ lệ xuất sạch,3,SLA,SLAVC,2026-09-05,2026,9,5,141.0,436.0
Thời gian chờ nhập,4,TNH,TNHVC,2026-08-31,2026,8,31,12.8,2.0
Hiệu quả xe nội tỉnh chiều về,9,AGG,AGGVC,2026-09-08,2026,9,8,42452.12,86800.0
Thời gian chờ nhập,4,TQG,TQGVC,2026-09-04,2026,9,4,460.2166666666667,15.0
Hiệu quả xe nội tỉnh chiều về,9,TNN,TNNVC,2026-09-03,2026,9,3,40461.96,61840.0
Tỷ lệ xuất sạch,3,AGG,AGGVC,2026-09-09,2026,9,9,99700.0,102886.0
Hiệu quả kết nối nội tỉnh,7,SLA,SLAVC,2026-09-07,2026,9,7,828.9200000000001,82.0
Hiệu quả kết nối nội tỉnh,7,GLI,GLIVC1,2026-09-08,2026,9,8,135410.24,3688.0
Tỷ lệ kết nối đúng giờ,10,QNH,QNHVC,2026-09-05,2026,9,5,114.0,116.0
Thời gian chờ nhập,4,QNH,QNHVC,2026-09-05,2026,9,5,839.0,21.0
Tỷ lệ kết nối đúng giờ,10,TQG,TQGVC,2026-09-07,2026,9,7,54.0,58.0
Hiệu quả kết nối nội tỉnh,7,QNI,QNIVC,2026-09-01,2026,9,1,47931.57,1677.0
Hiệu quả kết nối nội tỉnh,7,DBN,DBNVC,2026-09-08,2026,9,8,1282.2,179.0
Hiệu quả xe nội tỉnh chiều về,9,PHO,PHOVC,2026-08-31,2026,8,31,18671.77,23300.0
Tỷ lệ nhập đúng tải kiện 12.5s,5,LCU,LCUVC,2026-09-01,2026,9,1,524.0,524.0
Thời gian chờ nhập,4,CTO,CTOVC,2026-09-05,2026,9,5,134.8,17.0
Tỷ lệ xuất sạch,3,THA,THAVC,2026-09-03,2026,9,3,30412.0,31251.0
Hiệu quả xe nội tỉnh chiều về,9,HNI,HNVC,2026-09-01,2026,9,1,422911.44999999995,720750.0
Hiệu quả kết nối nội tỉnh,7,KHA,KHAVC,2026-09-03,2026,9,3,78438.77,2073.0
Tỷ lệ kết nối đúng giờ,10,DNG,DNGVC,2026-09-04,2026,9,4,336.0,341.0
Tỷ lệ nhập đúng tải kiện 12.5s,5,DNI,DNIVC,2026-09-06,2026,9,6,14314.0,15043.0
Hiệu quả kết nối nội tỉnh,7,HTH,HTHVC,2026-09-04,2026,9,4,30439.379999999997,925.2
Hiệu quả xe nội tỉnh chiều về,9,TNN,TNNVC,2026-09-01,2026,9,1,32659.409999999996,62660.0
Thời gian chờ nhập,4,GLI,GLIVC1,2026-09-03,2026,9,3,2423.5666666666666,35.0
Hiệu quả kết nối nội tỉnh,7,LCI,LCIVC,2026-09-04,2026,9,4,70992.89,1309.0
Hiệu quả xe nội tỉnh chiều đi,8,DBN,DBNVC,2026-09-03,2026,9,3,2245.7400000000002,3300.0
Hiệu quả xe nội tỉnh chiều về,9,LSN,LSNVC,2026-09-04,2026,9,4,17627.15,15750.0
Tỷ lệ kết nối đúng giờ,10,CTO,CTOVC,2026-09-08,2026,9,8,253.0,260.0
Thời gian chờ nhập,4,HTH,HTHVC,2026-09-09,2026,9,9,327.75,11.0
Tỷ lệ kết nối đúng giờ,10,LSN,LSNVC,2026-09-06,2026,9,6,22.0,22.0
Tỷ lệ xuất sạch,3,DNG,DNGVC,2026-09-04,2026,9,4,23069.0,23401.0
Tỷ lệ nhập đúng tải kiện 12.5s,5,HTH,HTHVC,2026-09-09,2026,9,9,3810.0,3810.0
Hiệu quả xe nội tỉnh chiều về,9,QNI,QNIVC,2026-09-02,2026,9,2,13258.619999999999,32690.0
Tỷ lệ xuất sạch,3,QNH,QNHVC,2026-09-08,2026,9,8,25095.0,27375.0
Hiệu quả xe nội tỉnh chiều đi,8,DNI,DNIVC,2026-09-05,2026,9,5,130054.69999999998,210400.0
Hiệu quả xe nội tỉnh chiều về,9,DNI,DNIVC,2026-09-06,2026,9,6,66757.32,170400.0
Hiệu quả kết nối nội tỉnh,7,QNI,QNIVC,2026-09-04,2026,9,4,49443.31,1763.0
Tỷ lệ nhập đúng tải kiện 12.5s,5,DNG,DNGVC,2026-09-05,2026,9,5,6984.0,7032.0
Tỷ lệ nhập đúng tải kiện 12.5s,5,LSN,LSNVC,2026-09-01,2026,9,1,1530.0,2087.0
Hiệu quả xe nội tỉnh chiều về,9,LDG,LDGVC,2026-09-04,2026,9,4,40923.16,65450.0
Thời gian chờ nhập,4,DNI,DNIVC,2026-09-09,2026,9,9,476.93333333333334,63.0
Tỷ lệ nhập đúng tải kiện 12.5s,5,PHO,PHOVC,2026-09-08,2026,9,8,22508.0,23940.0
Thời gian chờ nhập,4,HTH,HTHVC,2026-09-06,2026,9,6,277.81666666666666,12.0
Tỷ lệ xuất sạch,3,DLK,DLKVC1,2026-09-05,2026,9,5,40099.0,40558.0
Tỷ lệ kết nối đúng giờ,10,HUE,HUEVC,2026-09-06,2026,9,6,93.0,95.0
Hiệu quả kết nối nội tỉnh,7,DBN,DBNVC,2026-09-03,2026,9,3,2245.7400000000002,98.0
Thời gian chờ nhập,4,DNG,DNGVC,2026-09-07,2026,9,7,663.6,22.0
Hiệu quả xe nội tỉnh chiều về,9,CMU,CMUVC,2026-09-04,2026,9,4,4248.5199999999995,13500.0
Hiệu quả xe nội tỉnh chiều đi,8,LCI,LCIVC,2026-09-06,2026,9,6,30657.440000000002,31000.0
Hiệu quả kết nối nội tỉnh,7,NAN,NANVC,2026-09-05,2026,9,5,113597.31,3507.0
Tỷ lệ nhập đúng tải kiện 12.5s,5,HUE,HUEVC,2026-09-08,2026,9,8,4722.0,4760.0
Thời gian chờ nhập,4,NBH,NBHVC,2026-09-07,2026,9,7,443.8333333333333,68.0
Hiệu quả kết nối nội tỉnh,7,QNI,QNIVC,2026-09-06,2026,9,6,55223.87,1973.0
Hiệu quả xe nội tỉnh chiều đi,8,BNH,BNHVC,2026-09-01,2026,9,1,93573.59,159050.0
Tỷ lệ nhập đúng tải kiện 12.5s,5,TNN,TNNVC,2026-09-02,2026,9,2,3644.0,4467.0
Tỷ lệ kết nối đúng giờ,10,AGG,AGGVC,2026-09-05,2026,9,5,197.0,222.0
Tỷ lệ xuất sạch,3,LCU,LCUVC,2026-09-04,2026,9,4,905.0,928.0
Tỷ lệ kết nối đúng giờ,10,DNG,DNGVC,2026-09-01,2026,9,1,229.0,240.0
Tỷ lệ xuất sạch,3,GLI,GLIVC1,2026-09-04,2026,9,4,31424.0,32201.0
Hiệu quả xe nội tỉnh chiều về,9,CTO,CTOVC,2026-09-03,2026,9,3,64446.23999999999,137900.0
Thời gian chờ nhập,4,DTP,DTPVC,2026-09-04,2026,9,4,401.5,44.0
Hiệu quả xe nội tỉnh chiều về,9,DTP,DTPVC,2026-09-04,2026,9,4,70258.49,142000.0
Thời gian chờ nhập,4,QTI,QTIVC,2026-09-02,2026,9,2,164.91666666666666,26.0
Tỷ lệ xuất sạch,3,HPG,HPGVC,2026-09-04,2026,9,4,66862.0,68678.0
Hiệu quả kết nối nội tỉnh,7,HCM,HCMVC,2026-09-07,2026,9,7,533819.52,7013.9
Hiệu quả xe nội tỉnh chiều đi,8,DNG,DNGVC,2026-09-07,2026,9,7,91018.9,102350.0
Tỷ lệ nhập đúng tải kiện 12.5s,5,TNN,TNNVC,2026-09-03,2026,9,3,5601.0,6172.0
Hiệu quả xe nội tỉnh chiều về,9,CTO,CTOVC,2026-09-08,2026,9,8,69546.59000000001,130800.0
Tỷ lệ xuất sạch,3,PHO,PHOVC,2026-09-09,2026,9,9,113068.0,118810.0
Tỷ lệ nhập đúng tải kiện 12.5s,5,TNN,TNNVC,2026-09-08,2026,9,8,6142.0,8337.0
Tỷ lệ kết nối đúng giờ,10,NBH,NBHVC,2026-09-02,2026,9,2,293.0,296.0
Hiệu quả xe nội tỉnh chiều về,9,GLI,GLIVC1,2026-09-05,2026,9,5,50949.16,81980.0
Hiệu quả kết nối nội tỉnh,7,PHO,PHOVC,2026-09-04,2026,9,4,249168.77999999997,3815.0
Tỷ lệ nhập đúng tải kiện 12.5s,5,QNH,QNHVC,2026-09-01,2026,9,1,5708.0,6219.0
Tỷ lệ nhập đúng tải kiện 12.5s,5,DBN,DBNVC,2026-09-04,2026,9,4,475.0,475.0
Tỷ lệ nhập đúng tải kiện 12.5s,5,HPG,HPGVC,2026-09-04,2026,9,4,18898.0,19107.0
Tỷ lệ kết nối đúng giờ,10,AGG,AGGVC,2026-09-02,2026,9,2,206.0,214.0
Thời gian chờ nhập,4,HPG,HPGVC,2026-09-03,2026,9,3,366.0666666666667,40.0
Tỷ lệ nhập đúng tải kiện 12.5s,5,PHO,PHOVC,2026-09-05,2026,9,5,22078.0,22180.0
Tỷ lệ kết nối đúng giờ,10,TNN,TNNVC,2026-09-05,2026,9,5,139.0,139.0
Tỷ lệ nhập đúng tải kiện 12.5s,5,NBH,NBHVC,2026-09-06,2026,9,6,13739.0,14094.0
Tỷ lệ nhập đúng tải kiện 12.5s,5,CMU,CMUVC,2026-09-02,2026,9,2,7267.0,7486.0
Tỷ lệ xuất sạch,3,HNI,HNVC,2026-09-03,2026,9,3,180633.0,190221.0
Hiệu quả xe nội tỉnh chiều đi,8,NAN,NANVC,2026-09-01,2026,9,1,51898.03,78430.0
Hiệu quả xe nội tỉnh chiều về,9,HCM,HCMVC,2026-09-02,2026,9,2,63190.88,253960.0
Tỷ lệ nhập đúng tải kiện 12.5s,5,LSN,LSNVC,2026-09-05,2026,9,5,2063.0,2373.0
Hiệu quả xe nội tỉnh chiều về,9,TNH,TNHVC,2026-09-01,2026,9,1,47855.05,117550.0
Tỷ lệ nhập đúng tải kiện 12.5s,5,HUE,HUEVC,2026-09-07,2026,9,7,4865.0,5250.0
Hiệu quả kết nối nội tỉnh,7,DBN,DBNVC,2026-09-07,2026,9,7,2587.7000000000003,185.0
Hiệu quả xe nội tỉnh chiều về,9,LDG,LDGVC,2026-09-01,2026,9,1,23498.339999999997,58450.0
Tỷ lệ kết nối đúng giờ,10,TNH,TNHVC,2026-09-03,2026,9,3,212.0,219.0
Hiệu quả xe nội tỉnh chiều về,9,NBH,NBHVC,2026-09-03,2026,9,3,144053.91999999998,237460.0
Tỷ lệ nhập đúng tải kiện 12.5s,5,CTO,CTOVC,2026-09-02,2026,9,2,3910.0,4026.0
Thời gian chờ nhập,4,DLK,DLKVC1,2026-09-08,2026,9,8,1001.1,53.0
Tỷ lệ kết nối đúng giờ,10,DNG,DNGVC,2026-09-08,2026,9,8,347.0,357.0
Tỷ lệ nhập đúng tải kiện 12.5s,5,HNI,HNVC,2026-09-03,2026,9,3,45458.0,50911.0
Thời gian chờ nhập,4,DLK,DLKVC1,2026-09-09,2026,9,9,1224.0333333333333,50.0
Hiệu quả xe nội tỉnh chiều đi,8,NAN,NANVC,2026-09-03,2026,9,3,40447.2,81930.0
Hiệu quả xe nội tỉnh chiều về,9,AGG,AGGVC,2026-09-01,2026,9,1,41728.25,101150.0
Thời gian chờ nhập,4,LCU,LCUVC,2026-09-06,2026,9,6,2.9,2.0
Hiệu quả xe nội tỉnh chiều về,9,HNI,HNVC,2026-09-05,2026,9,5,1033943.13,1397595.0
Thời gian chờ nhập,4,SLA,SLAVC,2026-09-06,2026,9,6,107.28333333333333,2.0
Tỷ lệ nhập đúng tải kiện 12.5s,5,PHO,PHOVC,2026-09-03,2026,9,3,14148.0,15720.0
Hiệu quả kết nối nội tỉnh,7,TQG,TQGVC,2026-09-08,2026,9,8,19723.620000000003,1081.0
Tỷ lệ nhập đúng tải kiện 12.5s,5,DBN,DBNVC,2026-09-06,2026,9,6,258.0,258.0
Tỷ lệ nhập đúng tải kiện 12.5s,5,AGG,AGGVC,2026-09-04,2026,9,4,15064.0,15304.0
Hiệu quả kết nối nội tỉnh,7,CMU,CMUVC,2026-09-05,2026,9,5,16297.42,389.0
Hiệu quả kết nối nội tỉnh,7,NBH,NBHVC,2026-09-01,2026,9,1,211068.3,3047.5
Hiệu quả xe nội tỉnh chiều đi,8,HYN,HYNVC,2026-09-07,2026,9,7,153785.35,167650.0
Hiệu quả kết nối nội tỉnh,7,DNI,DNIVC,2026-09-04,2026,9,4,277426.76,5894.3
Hiệu quả xe nội tỉnh chiều về,9,HCM,HCMVC,2026-09-04,2026,9,4,311259.16000000003,430990.0
Tỷ lệ nhập đúng tải kiện 12.5s,5,HYN,HYNVC,2026-09-04,2026,9,4,16688.0,16766.0
Hiệu quả kết nối nội tỉnh,7,HTH,HTHVC,2026-09-01,2026,9,1,20091.36,581.2
Tỷ lệ kết nối đúng giờ,10,TQG,TQGVC,2026-09-02,2026,9,2,48.0,48.0
Hiệu quả xe nội tỉnh chiều đi,8,TQG,TQGVC,2026-09-04,2026,9,4,11881.8,12400.0
Tỷ lệ nhập đúng tải kiện 12.5s,5,DNI,DNIVC,2026-09-05,2026,9,5,22309.0,22596.0
Tỷ lệ kết nối đúng giờ,10,HYN,HYNVC,2026-09-06,2026,9,6,207.0,207.0
Tỷ lệ nhập đúng tải kiện 12.5s,5,HNI,HNVC,2026-09-08,2026,9,8,51918.0,59348.0
Tỷ lệ nhập đúng tải kiện 12.5s,5,HPG,HPGVC,2026-09-07,2026,9,7,18461.0,19584.0
Hiệu quả xe nội tỉnh chiều đi,8,TNH,TNHVC,2026-09-02,2026,9,2,60277.100000000006,120400.0
Tỷ lệ nhập đúng tải kiện 12.5s,5,HYN,HYNVC,2026-09-05,2026,9,5,16365.0,16526.0
Tỷ lệ nhập đúng tải kiện 12.5s,5,DNG,DNGVC,2026-09-03,2026,9,3,4325.0,4344.0
Thời gian chờ nhập,4,TNH,TNHVC,2026-09-08,2026,9,8,1056.6666666666665,61.0
Hiệu quả xe nội tỉnh chiều về,9,NBH,NBHVC,2026-09-07,2026,9,7,160067.56,244360.0
Tỷ lệ kết nối đúng giờ,10,NAN,NANVC,2026-09-06,2026,9,6,157.0,158.0
Hiệu quả xe nội tỉnh chiều về,9,CMU,CMUVC,2026-09-02,2026,9,2,12564.91,24500.0
Hiệu quả kết nối nội tỉnh,7,DNG,DNGVC,2026-09-03,2026,9,3,121324.59,3190.0
Tỷ lệ kết nối đúng giờ,10,DTP,DTPVC,2026-09-01,2026,9,1,129.0,134.0
Tỷ lệ nhập đúng tải kiện 12.5s,5,DLK,DLKVC1,2026-09-07,2026,9,7,14999.0,18070.0
Thời gian chờ nhập,4,DNI,DNIVC,2026-09-07,2026,9,7,278.35,55.0
Tỷ lệ nhập đúng tải kiện 12.5s,5,DNG,DNGVC,2026-09-07,2026,9,7,6187.0,6609.0
Thời gian chờ nhập,4,HPG,HPGVC,2026-09-06,2026,9,6,71.9,16.0
Thời gian chờ nhập,4,CMU,CMUVC,2026-09-07,2026,9,7,271.29999999999995,28.0
Thời gian chờ nhập,4,CMU,CMUVC,2026-09-05,2026,9,5,160.83333333333331,26.0
Thời gian chờ nhập,4,HNI,HNVC,2026-09-09,2026,9,9,2686.7,157.0
Hiệu quả xe nội tỉnh chiều đi,8,HCM,HCMVC,2026-09-02,2026,9,2,174061.78,310310.0
Thời gian chờ nhập,4,DBN,DBNVC,2026-09-09,2026,9,9,16.65,2.0
Tỷ lệ kết nối đúng giờ,10,GLI,GLIVC1,2026-09-02,2026,9,2,217.0,228.0
Thời gian chờ nhập,4,NBH,NBHVC,2026-09-03,2026,9,3,385.41666666666663,51.0
Tỷ lệ nhập đúng tải kiện 12.5s,5,KHA,KHAVC,2026-09-03,2026,9,3,7547.0,7954.0
Hiệu quả kết nối nội tỉnh,7,DLK,DLKVC1,2026-09-05,2026,9,5,144169.58000000002,3484.0
Tỷ lệ xuất sạch,3,LSN,LSNVC,2026-09-04,2026,9,4,7947.0,7959.0
Tỷ lệ kết nối đúng giờ,10,HNI,HNVC,2026-09-01,2026,9,1,1882.0,2046.0
Tỷ lệ kết nối đúng giờ,10,TNN,TNNVC,2026-09-03,2026,9,3,142.0,143.0
Tỷ lệ kết nối đúng giờ,10,LDG,LDGVC,2026-09-04,2026,9,4,277.0,287.0
Hiệu quả xe nội tỉnh chiều đi,8,HYN,HYNVC,2026-09-02,2026,9,2,74046.98999999999,88800.0
Hiệu quả xe nội tỉnh chiều về,9,DNG,DNGVC,2026-09-02,2026,9,2,17824.29,58350.0
Tỷ lệ xuất sạch,3,VLG,VLGVC,2026-09-03,2026,9,3,39830.0,42573.0
Thời gian chờ nhập,4,HUE,HUEVC,2026-09-02,2026,9,2,326.71666666666664,16.0
Tỷ lệ nhập đúng tải kiện 12.5s,5,LDG,LDGVC,2026-09-04,2026,9,4,17348.0,19959.0
Thời gian chờ nhập,4,SLA,SLAVC,2026-09-05,2026,9,5,24.6,3.0
Hiệu quả xe nội tỉnh chiều đi,8,BNH,BNHVC,2026-09-06,2026,9,6,93767.25,156100.0
Tỷ lệ nhập đúng tải kiện 12.5s,5,LSN,LSNVC,2026-09-09,2026,9,9,2169.0,2707.0
Hiệu quả kết nối nội tỉnh,7,DLK,DLKVC1,2026-09-01,2026,9,1,119163.36,3369.0
Thời gian chờ nhập,4,NBH,NBHVC,2026-09-04,2026,9,4,740.6666666666667,71.0
Hiệu quả xe nội tỉnh chiều đi,8,DNI,DNIVC,2026-09-08,2026,9,8,195137.63999999996,222250.0
Thời gian chờ nhập,4,HYN,HYNVC,2026-09-04,2026,9,4,294.05,58.0
Tỷ lệ nhập đúng tải kiện 12.5s,5,AGG,AGGVC,2026-09-07,2026,9,7,14522.0,15125.0
Thời gian chờ nhập,4,GLI,GLIVC1,2026-09-06,2026,9,6,1760.0666666666666,41.0
Tỷ lệ kết nối đúng giờ,10,DBN,DBNVC,2026-09-04,2026,9,4,13.0,13.0
Tỷ lệ kết nối đúng giờ,10,TNH,TNHVC,2026-08-31,2026,8,31,1.0,1.0
Hiệu quả xe nội tỉnh chiều đi,8,NAN,NANVC,2026-09-08,2026,9,8,66293.53,89830.0
Hiệu quả xe nội tỉnh chiều đi,8,TQG,TQGVC,2026-09-02,2026,9,2,10162.0,9100.0
Tỷ lệ nhập đúng tải kiện 12.5s,5,HCM,HCMVC,2026-09-05,2026,9,5,49405.0,54588.0
Hiệu quả xe nội tỉnh chiều về,9,HYN,HYNVC,2026-08-31,2026,8,31,19062.72,25000.0
Hiệu quả xe nội tỉnh chiều về,9,VLG,VLGVC,2026-09-08,2026,9,8,77650.09,151050.0
Tỷ lệ nhập đúng tải kiện 12.5s,5,VLG,VLGVC,2026-09-01,2026,9,1,15695.0,16046.0
Hiệu quả kết nối nội tỉnh,7,SLA,SLAVC,2026-09-08,2026,9,8,1695.6,41.0
Hiệu quả xe nội tỉnh chiều đi,8,NBH,NBHVC,2026-09-03,2026,9,3,131983.11,224360.0
Hiệu quả xe nội tỉnh chiều đi,8,CMU,CMUVC,2026-09-04,2026,9,4,13557.3,13500.0
Hiệu quả xe nội tỉnh chiều đi,8,QTI,QTIVC,2026-09-08,2026,9,8,38592.03,37470.0
Tỷ lệ xuất sạch,3,DLK,DLKVC1,2026-09-03,2026,9,3,30379.0,32419.0
Tỷ lệ nhập đúng tải kiện 12.5s,5,HUE,HUEVC,2026-09-02,2026,9,2,3101.0,3103.0
Hiệu quả xe nội tỉnh chiều về,9,HUE,HUEVC,2026-09-04,2026,9,4,13371.15,23900.0
Tỷ lệ xuất sạch,3,HUE,HUEVC,2026-09-09,2026,9,9,42540.0,42666.0
Hiệu quả kết nối nội tỉnh,7,HUE,HUEVC,2026-09-05,2026,9,5,37871.36,687.0
Tỷ lệ kết nối đúng giờ,10,DBN,DBNVC,2026-09-03,2026,9,3,13.0,13.0
Hiệu quả xe nội tỉnh chiều về,9,BNH,BNHVC,2026-09-01,2026,9,1,110184.32999999999,145180.0
Tỷ lệ kết nối đúng giờ,10,HYN,HYNVC,2026-09-01,2026,9,1,194.0,198.0
Hiệu quả kết nối nội tỉnh,7,DNI,DNIVC,2026-09-06,2026,9,6,205174.02,5103.4
Thời gian chờ nhập,4,DBN,DBNVC,2026-09-07,2026,9,7,7.0,3.0
Hiệu quả kết nối nội tỉnh,7,LDG,LDGVC,2026-08-31,2026,8,31,7474.629999999999,800.7
Thời gian chờ nhập,4,TQG,TQGVC,2026-09-03,2026,9,3,108.63333333333333,12.0
Tỷ lệ kết nối đúng giờ,10,HCM,HCMVC,2026-09-04,2026,9,4,3206.0,3247.0
Tỷ lệ kết nối đúng giờ,10,HCM,HCMVC,2026-09-02,2026,9,2,1667.0,1696.0
Hiệu quả xe nội tỉnh chiều về,9,CMU,CMUVC,2026-09-08,2026,9,8,3971.2200000000003,13500.0
Hiệu quả xe nội tỉnh chiều về,9,TQG,TQGVC,2026-09-06,2026,9,6,8985.41,9100.0
Hiệu quả kết nối nội tỉnh,7,BNH,BNHVC,2026-09-08,2026,9,8,235731.22,2877.5
Hiệu quả xe nội tỉnh chiều đi,8,VLG,VLGVC,2026-09-07,2026,9,7,91446.28,123600.0
Hiệu quả xe nội tỉnh chiều về,9,TNN,TNNVC,2026-09-02,2026,9,2,15922.62,30510.0
Hiệu quả xe nội tỉnh chiều về,9,DTP,DTPVC,2026-09-05,2026,9,5,69211.11,137450.0
Hiệu quả xe nội tỉnh chiều về,9,HNI,HNVC,2026-09-02,2026,9,2,233632.87,551600.0
Hiệu quả kết nối nội tỉnh,7,TNN,TNNVC,2026-09-02,2026,9,2,34777.01,726.0
Thời gian chờ nhập,4,CMU,CMUVC,2026-09-01,2026,9,1,232.7,18.0
Thời gian chờ nhập,4,PHO,PHOVC,2026-09-09,2026,9,9,1306.85,48.0
Hiệu quả xe nội tỉnh chiều đi,8,HCM,HCMVC,2026-09-05,2026,9,5,252888.85999999996,392440.0
Hiệu quả kết nối nội tỉnh,7,CMU,CMUVC,2026-09-06,2026,9,6,11877.33,193.0
Hiệu quả xe nội tỉnh chiều đi,8,DNI,DNIVC,2026-09-01,2026,9,1,134026.77000000002,176650.0
Hiệu quả xe nội tỉnh chiều về,9,DNG,DNGVC,2026-09-03,2026,9,3,67818.61,115750.0
Tỷ lệ kết nối đúng giờ,10,BNH,BNHVC,2026-09-05,2026,9,5,390.0,391.0
Thời gian chờ nhập,4,HUE,HUEVC,2026-09-09,2026,9,9,601.1333333333333,20.0
Tỷ lệ xuất sạch,3,THA,THAVC,2026-09-08,2026,9,8,48408.0,54291.0
Tỷ lệ nhập đúng tải kiện 12.5s,5,CTO,CTOVC,2026-09-08,2026,9,8,5351.0,5351.0
Hiệu quả xe nội tỉnh chiều đi,8,HCM,HCMVC,2026-09-06,2026,9,6,266464.23,336460.0
Hiệu quả xe nội tỉnh chiều về,9,DLK,DLKVC1,2026-09-02,2026,9,2,28970.499999999993,114595.0
Hiệu quả xe nội tỉnh chiều về,9,SLA,SLAVC,2026-09-05,2026,9,5,192.8,900.0
Hiệu quả xe nội tỉnh chiều về,9,GLI,GLIVC1,2026-09-08,2026,9,8,57374.98999999999,91330.0
Tỷ lệ xuất sạch,3,DBN,DBNVC,2026-09-04,2026,9,4,1751.0,1753.0
Hiệu quả xe nội tỉnh chiều đi,8,CMU,CMUVC,2026-09-08,2026,9,8,15058.1,13500.0
Hiệu quả xe nội tỉnh chiều về,9,DLK,DLKVC1,2026-09-03,2026,9,3,51156.229999999996,114740.0
Hiệu quả kết nối nội tỉnh,7,DNI,DNIVC,2026-09-05,2026,9,5,241239.37,5940.0
Tỷ lệ kết nối đúng giờ,10,NBH,NBHVC,2026-09-01,2026,9,1,308.0,309.0
Tỷ lệ kết nối đúng giờ,10,AGG,AGGVC,2026-09-01,2026,9,1,202.0,217.0
Tỷ lệ xuất sạch,3,LCI,LCIVC,2026-09-05,2026,9,5,18955.0,19950.0
Hiệu quả xe nội tỉnh chiều về,9,DLK,DLKVC1,2026-09-01,2026,9,1,44738.78999999999,127995.0
Tỷ lệ kết nối đúng giờ,10,QNI,QNIVC,2026-09-08,2026,9,8,167.0,168.0
Tỷ lệ kết nối đúng giờ,10,GLI,GLIVC1,2026-09-03,2026,9,3,213.0,222.0
Hiệu quả kết nối nội tỉnh,7,BNH,BNHVC,2026-09-03,2026,9,3,246268.62,3683.9
Tỷ lệ xuất sạch,3,LSN,LSNVC,2026-09-09,2026,9,9,33114.0,33140.0
Hiệu quả xe nội tỉnh chiều đi,8,THA,THAVC,2026-09-08,2026,9,8,78966.65999999999,146250.0
Hiệu quả kết nối nội tỉnh,7,HCM,HCMVC,2026-09-01,2026,9,1,344482.64,4962.1
Tỷ lệ nhập đúng tải kiện 12.5s,5,QTI,QTIVC,2026-09-02,2026,9,2,5378.0,5456.0
Thời gian chờ nhập,4,SLA,SLAVC,2026-09-01,2026,9,1,132.63333333333333,4.0
Tỷ lệ nhập đúng tải kiện 12.5s,5,DBN,DBNVC,2026-09-09,2026,9,9,754.0,755.0
Hiệu quả xe nội tỉnh chiều về,9,NBH,NBHVC,2026-09-01,2026,9,1,99999.48000000001,171160.0
Tỷ lệ nhập đúng tải kiện 12.5s,5,CTO,CTOVC,2026-09-05,2026,9,5,5350.0,5350.0
Thời gian chờ nhập,4,HPG,HPGVC,2026-09-02,2026,9,2,45.666666666666664,10.0
Hiệu quả xe nội tỉnh chiều về,9,LSN,LSNVC,2026-09-07,2026,9,7,14790.359999999999,10650.0
Hiệu quả xe nội tỉnh chiều về,9,HYN,HYNVC,2026-09-03,2026,9,3,134450.91,152300.0
Tỷ lệ kết nối đúng giờ,10,NAN,NANVC,2026-09-07,2026,9,7,173.0,173.0
Hiệu quả xe nội tỉnh chiều về,9,TNH,TNHVC,2026-09-05,2026,9,5,86513.43,148700.0
Thời gian chờ nhập,4,HYN,HYNVC,2026-09-05,2026,9,5,240.61666666666667,52.0
Tỷ lệ kết nối đúng giờ,10,HUE,HUEVC,2026-09-02,2026,9,2,85.0,86.0
Tỷ lệ nhập đúng tải kiện 12.5s,5,THA,THAVC,2026-09-05,2026,9,5,15159.0,15787.0
Hiệu quả xe nội tỉnh chiều về,9,HCM,HCMVC,2026-09-07,2026,9,7,292530.0,431860.0
Hiệu quả xe nội tỉnh chiều đi,8,CTO,CTOVC,2026-09-08,2026,9,8,70961.92999999998,123500.0
Thời gian chờ nhập,4,QNH,QNHVC,2026-09-06,2026,9,6,1882.55,22.0
Thời gian chờ nhập,4,GLI,GLIVC1,2026-09-05,2026,9,5,1185.5333333333333,38.0
Tỷ lệ xuất sạch,3,PHO,PHOVC,2026-09-04,2026,9,4,57498.0,61659.0
Tỷ lệ kết nối đúng giờ,10,HNI,HNVC,2026-09-08,2026,9,8,3217.0,3431.0
Tỷ lệ kết nối đúng giờ,10,NBH,NBHVC,2026-08-31,2026,8,31,3.0,3.0
Tỷ lệ nhập đúng tải kiện 12.5s,5,HTH,HTHVC,2026-09-07,2026,9,7,3451.0,3523.0
Tỷ lệ kết nối đúng giờ,10,LCI,LCIVC,2026-09-05,2026,9,5,98.0,99.0
Hiệu quả kết nối nội tỉnh,7,QTI,QTIVC,2026-09-01,2026,9,1,57376.03,2250.8
Tỷ lệ kết nối đúng giờ,10,DNI,DNIVC,2026-09-08,2026,9,8,522.0,539.0
Tỷ lệ kết nối đúng giờ,10,TNN,TNNVC,2026-09-04,2026,9,4,151.0,151.0
Tỷ lệ xuất sạch,3,KHA,KHAVC,2026-09-04,2026,9,4,26770.0,27145.0
Hiệu quả xe nội tỉnh chiều về,9,DNI,DNIVC,2026-09-08,2026,9,8,110547.97999999998,193900.0
Thời gian chờ nhập,4,QNI,QNIVC,2026-09-03,2026,9,3,542.3333333333334,33.0
Thời gian chờ nhập,4,NAN,NANVC,2026-09-06,2026,9,6,1114.4166666666667,34.0
Tỷ lệ nhập đúng tải kiện 12.5s,5,CMU,CMUVC,2026-09-08,2026,9,8,9971.0,9973.0
Hiệu quả xe nội tỉnh chiều đi,8,TQG,TQGVC,2026-09-05,2026,9,5,13050.09,12400.0
Tỷ lệ kết nối đúng giờ,10,HNI,HNVC,2026-09-04,2026,9,4,3361.0,3587.0
Thời gian chờ nhập,4,NAN,NANVC,2026-09-01,2026,9,1,541.0,28.0
Hiệu quả kết nối nội tỉnh,7,QNI,QNIVC,2026-09-03,2026,9,3,54746.3,1836.0
Tỷ lệ xuất sạch,3,QNI,QNIVC,2026-09-04,2026,9,4,17869.0,17902.0
Tỷ lệ kết nối đúng giờ,10,DNI,DNIVC,2026-09-04,2026,9,4,513.0,536.0
Hiệu quả xe nội tỉnh chiều đi,8,DNG,DNGVC,2026-09-04,2026,9,4,50369.0,86100.0
Tỷ lệ nhập đúng tải kiện 12.5s,5,DLK,DLKVC1,2026-09-01,2026,9,1,10598.0,12004.0
Tỷ lệ nhập đúng tải kiện 12.5s,5,LCI,LCIVC,2026-09-05,2026,9,5,7176.0,8577.0
Thời gian chờ nhập,4,QNI,QNIVC,2026-09-07,2026,9,7,704.4833333333332,39.0
Tỷ lệ nhập đúng tải kiện 12.5s,5,DNG,DNGVC,2026-09-09,2026,9,9,6197.0,6228.0
Thời gian chờ nhập,4,VLG,VLGVC,2026-08-31,2026,8,31,6.166666666666667,1.0
Hiệu quả kết nối nội tỉnh,7,THA,THAVC,2026-09-07,2026,9,7,160319.08,4153.0
Hiệu quả xe nội tỉnh chiều đi,8,KHA,KHAVC,2026-09-08,2026,9,8,60560.37000000001,74200.0
Hiệu quả xe nội tỉnh chiều về,9,NAN,NANVC,2026-09-06,2026,9,6,33721.2,74480.0
Hiệu quả xe nội tỉnh chiều về,9,CTO,CTOVC,2026-09-01,2026,9,1,45435.58000000001,126800.0
Tỷ lệ nhập đúng tải kiện 12.5s,5,TQG,TQGVC,2026-09-06,2026,9,6,3681.0,3683.0
Thời gian chờ nhập,4,KHA,KHAVC,2026-09-02,2026,9,2,572.9666666666667,30.0
Hiệu quả kết nối nội tỉnh,7,DNG,DNGVC,2026-08-31,2026,8,31,3418.68,33.0
Hiệu quả xe nội tỉnh chiều về,9,QTI,QTIVC,2026-09-08,2026,9,8,30123.319999999996,35820.0
Thời gian chờ nhập,4,QNI,QNIVC,2026-09-04,2026,9,4,142.78333333333333,32.0
Hiệu quả kết nối nội tỉnh,7,PHO,PHOVC,2026-09-03,2026,9,3,242428.8,3842.0
Tỷ lệ nhập đúng tải kiện 12.5s,5,TNH,TNHVC,2026-09-04,2026,9,4,15251.0,17202.0
Tỷ lệ kết nối đúng giờ,10,HPG,HPGVC,2026-09-03,2026,9,3,310.0,310.0
Hiệu quả xe nội tỉnh chiều về,9,DNI,DNIVC,2026-08-31,2026,8,31,5733.880000000001,10300.0
Tỷ lệ kết nối đúng giờ,10,THA,THAVC,2026-09-03,2026,9,3,220.0,225.0
Hiệu quả xe nội tỉnh chiều về,9,QNI,QNIVC,2026-09-01,2026,9,1,22606.920000000002,32890.0
Hiệu quả xe nội tỉnh chiều đi,8,LDG,LDGVC,2026-09-05,2026,9,5,48705.84999999999,76100.0
Tỷ lệ kết nối đúng giờ,10,DLK,DLKVC1,2026-09-08,2026,9,8,239.0,243.0
Tỷ lệ kết nối đúng giờ,10,TNH,TNHVC,2026-09-05,2026,9,5,225.0,229.0
Tỷ lệ nhập đúng tải kiện 12.5s,5,TNH,TNHVC,2026-09-02,2026,9,2,7652.0,7895.0
Hiệu quả kết nối nội tỉnh,7,GLI,GLIVC1,2026-09-03,2026,9,3,94599.23,3188.0
Tỷ lệ xuất sạch,3,QTI,QTIVC,2026-09-04,2026,9,4,14820.0,15237.0
Tỷ lệ kết nối đúng giờ,10,CTO,CTOVC,2026-09-01,2026,9,1,244.0,244.0
Hiệu quả xe nội tỉnh chiều về,9,QTI,QTIVC,2026-09-06,2026,9,6,28258.98,34290.0
Hiệu quả xe nội tỉnh chiều đi,8,HTH,HTHVC,2026-09-05,2026,9,5,25528.76,37900.0
Tỷ lệ nhập đúng tải kiện 12.5s,5,QNI,QNIVC,2026-09-09,2026,9,9,6005.0,6476.0
Tỷ lệ nhập đúng tải kiện 12.5s,5,HYN,HYNVC,2026-09-08,2026,9,8,16880.0,17024.0
Hiệu quả kết nối nội tỉnh,7,QTI,QTIVC,2026-09-08,2026,9,8,68715.35,2250.8
Tỷ lệ kết nối đúng giờ,10,HUE,HUEVC,2026-09-05,2026,9,5,102.0,102.0
Tỷ lệ nhập đúng tải kiện 12.5s,5,HYN,HYNVC,2026-09-09,2026,9,9,17077.0,17885.0
Hiệu quả xe nội tỉnh chiều về,9,GLI,GLIVC1,2026-09-06,2026,9,6,45908.380000000005,77480.0
Tỷ lệ kết nối đúng giờ,10,QTI,QTIVC,2026-09-05,2026,9,5,156.0,163.0
Thời gian chờ nhập,4,HUE,HUEVC,2026-09-07,2026,9,7,547.9,21.0
Tỷ lệ nhập đúng tải kiện 12.5s,5,LDG,LDGVC,2026-09-06,2026,9,6,16960.0,20021.0
Hiệu quả kết nối nội tỉnh,7,SLA,SLAVC,2026-09-01,2026,9,1,1716.0900000000001,82.0
Tỷ lệ nhập đúng tải kiện 12.5s,5,HYN,HYNVC,2026-09-03,2026,9,3,12173.0,12292.0
Tỷ lệ nhập đúng tải kiện 12.5s,5,THA,THAVC,2026-09-04,2026,9,4,13466.0,14150.0
Hiệu quả xe nội tỉnh chiều đi,8,CMU,CMUVC,2026-09-07,2026,9,7,18899.59,13500.0
Tỷ lệ kết nối đúng giờ,10,DNG,DNGVC,2026-09-07,2026,9,7,374.0,385.0
Thời gian chờ nhập,4,LDG,LDGVC,2026-09-01,2026,9,1,1643.8666666666668,63.0
Tỷ lệ kết nối đúng giờ,10,GLI,GLIVC1,2026-09-04,2026,9,4,218.0,229.0
Hiệu quả xe nội tỉnh chiều về,9,QNI,QNIVC,2026-09-06,2026,9,6,18258.89,39490.0
Tỷ lệ kết nối đúng giờ,10,DTP,DTPVC,2026-09-07,2026,9,7,207.0,208.0
Hiệu quả xe nội tỉnh chiều về,9,LDG,LDGVC,2026-09-07,2026,9,7,36751.55,67100.0
Hiệu quả xe nội tỉnh chiều đi,8,TQG,TQGVC,2026-09-08,2026,9,8,13067.1,12400.0
Hiệu quả xe nội tỉnh chiều đi,8,TQG,TQGVC,2026-09-07,2026,9,7,15590.93,12400.0
Thời gian chờ nhập,4,TQG,TQGVC,2026-09-02,2026,9,2,406.24999999999994,14.0
Hiệu quả kết nối nội tỉnh,7,LDG,LDGVC,2026-09-04,2026,9,4,88329.9,3274.7
Hiệu quả kết nối nội tỉnh,7,PHO,PHOVC,2026-09-08,2026,9,8,225313.2,3717.0
Hiệu quả xe nội tỉnh chiều đi,8,GLI,GLIVC1,2026-09-08,2026,9,8,78035.25,88900.0
Tỷ lệ nhập đúng tải kiện 12.5s,5,AGG,AGGVC,2026-09-06,2026,9,6,13723.0,13904.0
Tỷ lệ xuất sạch,3,DLK,DLKVC1,2026-09-04,2026,9,4,32197.0,34049.0
Tỷ lệ nhập đúng tải kiện 12.5s,5,LCU,LCUVC,2026-09-06,2026,9,6,583.0,591.0
Hiệu quả kết nối nội tỉnh,7,KHA,KHAVC,2026-09-08,2026,9,8,100712.28,1951.0
Tỷ lệ nhập đúng tải kiện 12.5s,5,HCM,HCMVC,2026-09-06,2026,9,6,29815.0,33657.0
Thời gian chờ nhập,4,QNH,QNHVC,2026-09-09,2026,9,9,1031.1833333333334,22.0
Thời gian chờ nhập,4,CTO,CTOVC,2026-09-01,2026,9,1,236.08333333333331,18.0
Tỷ lệ kết nối đúng giờ,10,GLI,GLIVC1,2026-09-07,2026,9,7,214.0,236.0
Hiệu quả xe nội tỉnh chiều đi,8,HTH,HTHVC,2026-09-08,2026,9,8,24770.88,37900.0
Thời gian chờ nhập,4,HTH,HTHVC,2026-09-02,2026,9,2,182.38333333333333,10.0
Tỷ lệ kết nối đúng giờ,10,HTH,HTHVC,2026-09-05,2026,9,5,74.0,76.0
Thời gian chờ nhập,4,LCU,LCUVC,2026-09-01,2026,9,1,5.716666666666667,2.0
Hiệu quả kết nối nội tỉnh,7,QTI,QTIVC,2026-09-04,2026,9,4,51825.75,2412.5
Hiệu quả xe nội tỉnh chiều đi,8,NBH,NBHVC,2026-09-06,2026,9,6,131493.26,195330.0
Tỷ lệ nhập đúng tải kiện 12.5s,5,TNH,TNHVC,2026-09-01,2026,9,1,12831.0,13309.0
Tỷ lệ kết nối đúng giờ,10,PHO,PHOVC,2026-08-31,2026,8,31,2.0,2.0
Thời gian chờ nhập,4,QTI,QTIVC,2026-09-05,2026,9,5,322.8333333333333,33.0
Thời gian chờ nhập,4,TNH,TNHVC,2026-09-06,2026,9,6,814.7833333333333,48.0
Tỷ lệ kết nối đúng giờ,10,DNI,DNIVC,2026-09-01,2026,9,1,367.0,401.0
Tỷ lệ kết nối đúng giờ,10,LCI,LCIVC,2026-08-31,2026,8,31,1.0,1.0
Hiệu quả xe nội tỉnh chiều về,9,HNI,HNVC,2026-09-06,2026,9,6,515143.1,804450.0
Thời gian chờ nhập,4,QNH,QNHVC,2026-09-01,2026,9,1,809.0333333333333,20.0
Thời gian chờ nhập,4,DBN,DBNVC,2026-09-08,2026,9,8,11.966666666666667,4.0
Hiệu quả xe nội tỉnh chiều đi,8,DBN,DBNVC,2026-08-31,2026,8,31,975.92,1650.0
Hiệu quả xe nội tỉnh chiều về,9,HTH,HTHVC,2026-09-07,2026,9,7,9379.49,31100.0
Hiệu quả xe nội tỉnh chiều đi,8,TQG,TQGVC,2026-09-03,2026,9,3,10848.470000000001,12400.0
Thời gian chờ nhập,4,LCU,LCUVC,2026-09-08,2026,9,8,6.45,2.0
Tỷ lệ nhập đúng tải kiện 12.5s,5,CMU,CMUVC,2026-09-07,2026,9,7,8970.0,9295.0
Thời gian chờ nhập,4,AGG,AGGVC,2026-09-02,2026,9,2,321.4,42.0
Hiệu quả xe nội tỉnh chiều về,9,BNH,BNHVC,2026-09-06,2026,9,6,117513.61,141780.0
Hiệu quả xe nội tỉnh chiều về,9,PHO,PHOVC,2026-09-01,2026,9,1,99018.81,175500.0
Hiệu quả xe nội tỉnh chiều đi,8,HNI,HNVC,2026-09-05,2026,9,5,304838.04000000004,667950.0
Hiệu quả xe nội tỉnh chiều về,9,HUE,HUEVC,2026-09-06,2026,9,6,12227.2,24730.0
Hiệu quả xe nội tỉnh chiều đi,8,THA,THAVC,2026-09-03,2026,9,3,51083.54,139150.0
Tỷ lệ nhập đúng tải kiện 12.5s,5,BNH,BNHVC,2026-09-03,2026,9,3,19536.0,21934.0
Hiệu quả kết nối nội tỉnh,7,TNN,TNNVC,2026-09-03,2026,9,3,70859.25,1320.0
Thời gian chờ nhập,4,HCM,HCMVC,2026-09-08,2026,9,8,2647.133333333333,143.0
Hiệu quả xe nội tỉnh chiều về,9,HNI,HNVC,2026-09-04,2026,9,4,1026909.6200000001,1368845.0
Tỷ lệ nhập đúng tải kiện 12.5s,5,QNI,QNIVC,2026-09-01,2026,9,1,4290.0,4801.0
Thời gian chờ nhập,4,HCM,HCMVC,2026-09-03,2026,9,3,1779.25,107.0
Tỷ lệ kết nối đúng giờ,10,PHO,PHOVC,2026-09-04,2026,9,4,347.0,363.0
Hiệu quả kết nối nội tỉnh,7,TNN,TNNVC,2026-09-04,2026,9,4,65764.94,1380.0
Tỷ lệ nhập đúng tải kiện 12.5s,5,KHA,KHAVC,2026-09-08,2026,9,8,6609.0,8187.0
Tỷ lệ kết nối đúng giờ,10,KHA,KHAVC,2026-08-31,2026,8,31,1.0,1.0
Thời gian chờ nhập,4,BNH,BNHVC,2026-09-04,2026,9,4,1410.9333333333334,62.0
Tỷ lệ nhập đúng tải kiện 12.5s,5,AGG,AGGVC,2026-09-01,2026,9,1,15535.0,15832.0
Hiệu quả xe nội tỉnh chiều về,9,NAN,NANVC,2026-08-31,2026,8,31,5260.99,8600.0
Tỷ lệ xuất sạch,3,SLA,SLAVC,2026-09-04,2026,9,4,492.0,494.0
Hiệu quả kết nối nội tỉnh,7,NAN,NANVC,2026-09-02,2026,9,2,73088.83,3019.0
Tỷ lệ nhập đúng tải kiện 12.5s,5,TNH,TNHVC,2026-09-06,2026,9,6,12002.0,13454.0
Thời gian chờ nhập,4,TQG,TQGVC,2026-09-09,2026,9,9,170.23333333333335,15.0
Hiệu quả kết nối nội tỉnh,7,DTP,DTPVC,2026-08-31,2026,8,31,10527.310000000001,187.2
Tỷ lệ nhập đúng tải kiện 12.5s,5,TQG,TQGVC,2026-09-03,2026,9,3,2334.0,2340.0
Tỷ lệ nhập đúng tải kiện 12.5s,5,NBH,NBHVC,2026-09-08,2026,9,8,19408.0,19667.0
Hiệu quả xe nội tỉnh chiều đi,8,DLK,DLKVC1,2026-09-05,2026,9,5,86886.91,126840.0
Tỷ lệ xuất sạch,3,QNH,QNHVC,2026-09-05,2026,9,5,23032.0,23833.0
